{"type": "FeatureCollection", "coordinate_system": {"kind": "local_game_meters", "not_wgs84": true, "axes": {"geojson_x": "local_east_m", "geojson_y": "local_north_m"}, "projected_crs": "EPSG:32618", "local_origin": {"easting_m": 675122.746698341, "northing_m": 4828077.073251363, "longitude": -72.83080550732299, "latitude": 43.58508675768892}, "note": "OSM buildings in local meters matching terrain mesh CRS."}, "attribution": "\u00a9 OpenStreetMap contributors (ODbL)", "layer": "buildings", "features": [{"type": "Feature", "geometry": {"type": "Polygon", "coordinates": [[[3031.5185142575065, 4603.876454664394], [3032.0127003857633, 4604.723176095635], [3035.1206765174866, 4602.916428696364], [3036.085730616236, 4604.575908835046], [3038.291756925988, 4603.2897680988535], [3038.855303186807, 4604.26059294492], [3046.858734393143, 4599.616575187072], [3047.0593399207573, 4599.966456545517], [3049.7000626459485, 4598.4251415273175], [3048.372070788988, 4596.14471507445], [3050.414083976415, 4594.954243068583], [3051.433542679064, 4596.69297333248], [3053.2538803130155, 4595.6410901509225], [3053.663158909185, 4596.34106793534], [3055.6394474942936, 4595.193305976689], [3056.6896989772795, 4596.988428052515], [3061.2490574569674, 4594.342279503122], [3060.1988066808553, 4592.5471566952765], [3061.896354590892, 4591.558694395237], [3058.452611557441, 4585.654271614738], [3056.4025261664065, 4586.844526605681], [3054.00843938475, 4582.757441348396], [3053.221208879142, 4583.214410863817], [3052.6498901695013, 4582.2322637066245], [3045.9666504341876, 4586.1111702136695], [3044.653903963859, 4583.86449333746], [3033.4361129530007, 4590.3680028943345], [3034.01520604908, 4591.361469465308], [3030.98101851088, 4593.125723436475], [3030.4019251551945, 4592.132257135585], [3029.6141569756437, 4590.788695445284], [3025.7682438114425, 4593.020386590622], [3026.556012436631, 4594.363947817124], [3016.584378046682, 4600.155976874754], [3021.9899428461213, 4609.40240475256], [3031.5185142575065, 4603.876454664394]]]}, "properties": {"building": "yes", "name": ""}}, {"type": "Feature", "geometry": {"type": "Polygon", "coordinates": [[[2798.79080958385, 4670.932144191116], [2803.6291460822104, 4670.238243489526], [2802.034311904805, 4659.159369014204], [2791.215041592135, 4660.7057622866705], [2790.6900154048344, 4657.068551947363], [2776.9775398827624, 4659.02712857537], [2778.014420770807, 4666.190053530037], [2776.0292427708628, 4666.459628033452], [2779.0893089153105, 4688.636146611534], [2779.8066988507053, 4693.845582552254], [2774.643014739617, 4694.630884589627], [2723.6545470800484, 4691.753819887526], [2722.5583384801866, 4711.14137357194], [2773.65960708505, 4714.021434983239], [2775.322197923786, 4707.052483563311], [2777.5768149789656, 4714.570075805299], [2809.2550438116305, 4709.787923629396], [2809.975848919479, 4714.5639974642545], [2822.759249572875, 4712.62526163552], [2822.0300902312156, 4707.86007824447], [2823.4323115959996, 4707.652826386504], [2826.9613040075637, 4730.7087552230805], [2823.167585779098, 4731.285910940729], [2824.0823986390606, 4737.267487414181], [2824.9564768617274, 4742.959009796381], [2839.0043030430097, 4740.83162338566], [2838.0900944663445, 4734.827831527218], [2837.2237982575316, 4729.147628073581], [2834.191990023828, 4729.611654924229], [2830.663021358545, 4706.555721609853], [2830.8168997735484, 4706.537582367659], [2831.5730114429025, 4711.503540749662], [2844.1861172334757, 4709.593662334606], [2843.4300144892186, 4704.627702277154], [2845.4564096796094, 4704.3259007120505], [2877.045416269917, 4699.563920615241], [2878.0357361723436, 4692.377060811967], [2880.839857816929, 4697.441924765706], [2932.5490073709516, 4677.466101231985], [2925.6036217360524, 4659.631901110522], [2876.732671235339, 4678.527340430766], [2874.6888327886118, 4664.602358515374], [2870.378069612547, 4638.157985884696], [2845.692718694103, 4641.969828672707], [2849.8991834978806, 4669.000466377474], [2852.4203847325407, 4668.611788479611], [2854.47115415358, 4682.581402637996], [2825.0220293945167, 4687.0224716532975], [2801.498261068482, 4690.576362488791], [2798.79080958385, 4670.932144191116]]]}, "properties": {"building": "yes", "name": "Killington Grand Resort Hotel"}}, {"type": "Feature", "geometry": {"type": "Polygon", "coordinates": [[[2975.235869199736, 4694.99490577355], [2972.1670357873663, 4690.778760367073], [2973.8217513711425, 4689.57796655409], [2972.0457971565193, 4687.141154969111], [2970.391081350157, 4688.341949223541], [2967.3144691829802, 4684.114485228434], [2954.374291133485, 4693.462028449401], [2962.3037667899625, 4704.342648116872], [2975.235869199736, 4694.99490577355]]]}, "properties": {"building": "yes", "name": ""}}, {"type": "Feature", "geometry": {"type": "Polygon", "coordinates": [[[3209.746800852823, 4535.565965080634], [3207.8573884303914, 4532.236921146512], [3209.635950670694, 4531.239537352696], [3207.121716063819, 4526.815764203668], [3206.3511954501737, 4527.250932971947], [3204.669855383574, 4524.2942041270435], [3203.937109273509, 4523.00765751116], [3197.289242806495, 4526.765105370432], [3194.51999165921, 4521.912202223204], [3180.6835063431645, 4529.723925461993], [3179.1946893645218, 4527.116873957217], [3176.268569445703, 4528.761685532518], [3175.9447939157253, 4528.186234049499], [3162.5836816899246, 4535.732791546732], [3168.692630232079, 4546.454048642889], [3181.0537592462497, 4539.469937716611], [3182.4191030736547, 4541.862529946491], [3184.361976141925, 4540.758371481672], [3185.3802277530776, 4542.541548587382], [3190.3971045920625, 4539.696493129246], [3189.687378843897, 4538.455018395558], [3191.5725951268105, 4537.393783978187], [3193.1077426902484, 4540.079872688279], [3197.2390836509876, 4537.744730077684], [3196.3445990134496, 4536.164904750884], [3197.525025103707, 4535.496134805493], [3198.535501983948, 4537.26799267903], [3200.8222636209102, 4535.984052444808], [3201.670705247787, 4537.473737670109], [3204.2529438859783, 4536.00872324314], [3205.3943641344085, 4538.0174702247605], [3209.746800852823, 4535.565965080634]]]}, "properties": {"building": "yes", "name": ""}}, {"type": "Feature", "geometry": {"type": "Polygon", "coordinates": [[[3144.0720993085997, 4569.038647099398], [3142.901732823695, 4567.206969844177], [3148.33823304018, 4563.761767456308], [3147.9041664524702, 4563.083352264017], [3157.5615373185137, 4556.971941551194], [3155.430362701183, 4553.625362651423], [3163.1004065132, 4548.772542593069], [3159.728914089268, 4543.492390544154], [3157.8727244529873, 4544.676663930528], [3155.392973654438, 4540.776203180663], [3154.703010606696, 4539.701973559335], [3154.160425934824, 4538.853954119608], [3149.504260227317, 4541.797553125769], [3150.0934791904874, 4542.713499621488], [3146.209014881286, 4545.177499905229], [3148.4412372187944, 4548.67125171423], [3141.2142677487573, 4553.258024529554], [3140.6872273415793, 4552.432648643851], [3136.9590204081032, 4554.789670162834], [3137.478584365337, 4555.5926180696115], [3134.161170711508, 4557.682718076743], [3133.657446881174, 4556.891306417063], [3126.7098339061486, 4561.296586593613], [3127.198309099418, 4562.054248837754], [3124.447052547126, 4563.803765064105], [3121.7962991753593, 4559.654250388034], [3114.183662342839, 4564.475300385617], [3114.7956095555564, 4565.447420231998], [3113.350223285961, 4566.364781232551], [3114.187273197924, 4567.676322198473], [3111.706995292101, 4569.255226637237], [3115.543372246437, 4575.270158256404], [3117.4733398999088, 4574.043380427174], [3117.938498024014, 4574.767078401521], [3120.2377328503644, 4573.316729299724], [3120.8735865721246, 4574.3006004635245], [3126.7943569808267, 4570.557070442475], [3129.367674903595, 4574.582268754952], [3131.0676034513162, 4573.504971917719], [3132.3464886231814, 4575.506250598468], [3137.052214383264, 4572.519503203221], [3135.7888745585224, 4570.5408660573885], [3137.677620714414, 4569.346339448355], [3139.382799426443, 4572.014712794684], [3144.0720993085997, 4569.038647099398]]]}, "properties": {"building": "yes", "name": ""}}, {"type": "Feature", "geometry": {"type": "Polygon", "coordinates": [[[3073.183342471486, 4593.681786238216], [3067.9574718126096, 4596.799221348949], [3066.2029157102806, 4599.019854836166], [3061.7981777034, 4606.171414370649], [3063.3414254552918, 4608.857687241398], [3061.1892112846253, 4610.2452806942165], [3067.170188684133, 4619.407031273469], [3068.804961239104, 4618.350214618258], [3070.209482776583, 4620.788282830268], [3074.4969751707977, 4618.346081475727], [3076.23963589489, 4621.426665686071], [3084.0584882679395, 4617.044523764402], [3083.095516666188, 4615.307291083038], [3084.8910600516247, 4614.2769852709025], [3086.1855818632757, 4616.6009864853695], [3098.8891886890633, 4609.481363322586], [3099.698779950035, 4610.914429498836], [3101.9036352521507, 4609.672735233791], [3102.697976822499, 4611.072052964009], [3107.2466177087044, 4608.525678804144], [3105.6507542479085, 4605.693508239463], [3107.896247641067, 4604.441783072427], [3109.0912018589443, 4606.563081067987], [3110.8942285561934, 4605.555209705606], [3111.4263795755105, 4606.491862645373], [3113.9099824208533, 4605.09087648429], [3112.5452209127834, 4602.676085415296], [3114.9466679509496, 4601.3284844895825], [3115.4788188056555, 4602.265137750655], [3117.3392100513447, 4601.22545189783], [3117.825022372068, 4602.083071677946], [3119.5049632969312, 4601.1497265780345], [3120.6846656594425, 4603.237277852371], [3125.0203008806566, 4600.807502985932], [3123.840894967667, 4598.70884446986], [3125.5456326997373, 4597.753932186402], [3122.4693156045396, 4592.303826523945], [3121.2482719218824, 4592.982641948387], [3118.649989969097, 4588.378837057389], [3111.011531725875, 4592.654599707574], [3109.2228350832593, 4589.48386626225], [3094.076804670505, 4597.972217835486], [3093.513856700971, 4596.979175220244], [3089.8665788125945, 4599.027173539624], [3090.4217547535663, 4600.008894668892], [3081.447862960282, 4605.016037604772], [3078.3380610360764, 4599.609520117752], [3077.1570676376577, 4600.300523364916], [3073.183342471486, 4593.681786238216]]]}, "properties": {"building": "yes", "name": ""}}, {"type": "Feature", "geometry": {"type": "Polygon", "coordinates": [[[3107.5031641833484, 4547.014718233608], [3102.385081368615, 4550.023854750209], [3100.4690533308312, 4546.783049941063], [3098.6564673663815, 4547.846242000349], [3093.340965939453, 4538.857776546851], [3072.1062266015215, 4551.329787043855], [3070.653281138162, 4548.890430962667], [3057.013683151221, 4556.896581032313], [3054.3941827787785, 4552.48118341621], [3038.2038079962367, 4561.986619992182], [3044.6551159992814, 4572.894692550413], [3046.599137608544, 4571.746069180779], [3047.4102224276867, 4573.123596216552], [3051.8228913771454, 4570.529109381139], [3050.833631543559, 4568.8689830945805], [3053.6306134419283, 4567.22068336606], [3054.6192818542477, 4568.903022987768], [3056.2433362720767, 4567.945946490392], [3056.5213713980047, 4568.42014583759], [3059.342854442075, 4566.761386005208], [3061.142899620114, 4569.81014881283], [3070.025619232096, 4564.589379077777], [3070.7362498734146, 4565.7975212447345], [3071.8025234300876, 4565.17014983017], [3072.2120978215244, 4565.8590222634375], [3074.6646162971156, 4564.412736847065], [3074.3013810672564, 4563.80289761629], [3073.644566725241, 4562.6962160132825], [3075.498075520736, 4561.611877952702], [3076.2858387239976, 4562.9554451471195], [3078.3855250159977, 4561.722058322281], [3079.2202177239815, 4563.122446348891], [3082.8041490608593, 4561.028298420832], [3081.282144617988, 4558.453730019741], [3084.7845124929445, 4556.3907554401085], [3085.3561247315956, 4557.361798916012], [3086.268245230778, 4558.886505921371], [3087.736355097615, 4558.0253155576065], [3088.168950068997, 4558.7592589454725], [3090.7606995252427, 4557.238884116523], [3089.4859364685835, 4555.082123493776], [3091.5282651202288, 4553.880557057448], [3092.4164764228044, 4555.39351432398], [3094.5245317819063, 4554.149240671657], [3095.1888205710566, 4555.278352013789], [3096.312460883637, 4554.619168044999], [3098.128038327326, 4557.690583482385], [3098.858207972371, 4557.254328945652], [3105.2014994124183, 4567.970646582544], [3110.9427874026587, 4564.600212909281], [3109.482382094953, 4562.1384202148765], [3114.6497543441365, 4559.097258316353], [3107.5031641833484, 4547.014718233608]]]}, "properties": {"building": "yes", "name": ""}}, {"type": "Feature", "geometry": {"type": "Polygon", "coordinates": [[[3230.946470423951, 4546.855888796039], [3231.2317731772782, 4542.206580788828], [3232.918955235975, 4542.518260940909], [3234.1825831244932, 4535.694371194579], [3234.480097323307, 4530.889787805267], [3231.9651600454235, 4530.433803498745], [3232.3034417944727, 4525.007903138176], [3230.505750621902, 4524.9044525288045], [3230.818754712702, 4521.033885898069], [3229.341173128574, 4520.127614831552], [3228.1689719356364, 4521.396772635169], [3226.55285691435, 4518.719633394852], [3222.8563502497273, 4518.065469399095], [3221.816460997914, 4518.004431899637], [3221.214297082508, 4520.000089559704], [3220.0349105707137, 4526.692852478474], [3221.9443704624427, 4526.843734280206], [3221.677199245314, 4531.115637739189], [3219.549016675097, 4530.992273954675], [3219.27082106506, 4535.375027189963], [3221.406774463132, 4535.509712253697], [3221.067614014377, 4540.9689323483035], [3219.824549191748, 4540.958055631258], [3219.600704123848, 4560.580009449273], [3229.730165880872, 4560.694185305387], [3229.8823816555087, 4546.794205268845], [3230.946470423951, 4546.855888796039]]]}, "properties": {"building": "yes", "name": ""}}, {"type": "Feature", "geometry": {"type": "Polygon", "coordinates": [[[3154.699944587075, 4593.495244847611], [3160.22931663529, 4592.019761711359], [3159.781525822822, 4590.340690451674], [3161.1962891932344, 4589.967126231641], [3160.9542938360246, 4589.049308368936], [3164.824502822128, 4588.029800964519], [3164.596869564848, 4587.179051311687], [3176.4274103741627, 4584.0485967211425], [3173.769404719118, 4574.10829952918], [3170.4519477740396, 4574.986918579787], [3170.0259962357813, 4573.397342722863], [3156.2114820880815, 4577.052935379557], [3156.534242720343, 4578.2729900907725], [3141.0121718394803, 4582.383298029192], [3142.0552267561434, 4586.267736734822], [3139.9655021878425, 4586.823395082727], [3140.0022940317867, 4586.957746434957], [3133.1316598732956, 4588.775429580361], [3136.1127757926006, 4599.92465650849], [3144.2356189923594, 4597.773539274], [3143.8389783237362, 4596.295888856985], [3145.497847249848, 4595.851019502617], [3145.1086833111476, 4594.395796705037], [3147.426082489779, 4593.779515146278], [3148.0871491854778, 4596.242266234942], [3151.217551290756, 4595.414228676818], [3150.432340361527, 4592.459141761996], [3154.1564354287693, 4591.469081538729], [3154.699944587075, 4593.495244847611]]]}, "properties": {"building": "yes", "name": ""}}, {"type": "Feature", "geometry": {"type": "Polygon", "coordinates": [[[2684.50249295088, 5230.902100350708], [2676.1426808483666, 5220.732790265232], [2670.613802425796, 5225.253969880752], [2667.861166617018, 5221.902154535055], [2664.007384999306, 5225.0563064413145], [2666.53344691894, 5228.12424605526], [2662.399192513898, 5231.504350933246], [2664.283801222453, 5233.799484139308], [2637.374949096353, 5255.769254065119], [2646.9393569738604, 5267.393130504526], [2674.7974514322123, 5244.63726404123], [2671.943197872839, 5241.160490458831], [2684.50249295088, 5230.902100350708]]]}, "properties": {"building": "yes", "name": ""}}, {"type": "Feature", "geometry": {"type": "Polygon", "coordinates": [[[2635.2310121374903, 5296.990823779255], [2665.377027890412, 5316.663378709927], [2673.6380702062743, 5304.101316953078], [2644.53170177585, 5285.100961289369], [2646.1636608353583, 5282.6213484648615], [2641.6881339481333, 5279.701710750349], [2643.8671619293746, 5276.380822272971], [2639.7012336378684, 5273.658349738456], [2637.3287016907707, 5277.274187707342], [2631.345482623554, 5273.36981147062], [2624.111135278712, 5284.3587218262255], [2637.7041753825033, 5293.233171441592], [2635.2310121374903, 5296.990823779255]]]}, "properties": {"building": "yes", "name": ""}}, {"type": "Feature", "geometry": {"type": "Polygon", "coordinates": [[[2740.0620141852414, 4994.998613838106], [2731.9190293193096, 4987.902556440793], [2733.19288240734, 4986.447077756748], [2726.8727519345703, 4980.933221412823], [2729.045622310019, 4978.456877734512], [2722.9382872075075, 4973.137621187605], [2703.598760420573, 4995.185984424315], [2687.919738618075, 4981.54357770551], [2674.3662387150107, 4996.999300437979], [2690.7000960478326, 5011.214781478979], [2669.911930088536, 5034.9252467677], [2690.482902477612, 5052.832050454803], [2698.3170597783756, 5043.893042489886], [2725.602503978065, 5067.657696518116], [2742.1030172330793, 5048.846044366248], [2714.170473035658, 5024.519537096843], [2740.0620141852414, 4994.998613838106]]]}, "properties": {"building": "yes", "name": ""}}, {"type": "Feature", "geometry": {"type": "Polygon", "coordinates": [[[2608.2636867100373, 5135.673353075981], [2558.477027491317, 5142.6987473079935], [2556.967575662071, 5132.044546674937], [2548.442785182502, 5133.25206419453], [2549.449586976785, 5140.336352247745], [2536.986732366029, 5142.095123473555], [2539.4224222284975, 5159.22018111404], [2544.349113119417, 5158.528458439745], [2544.567476926022, 5160.034681443125], [2554.5182565841824, 5158.631603376009], [2555.7491162137594, 5167.311182169244], [2562.199222329422, 5166.404272922315], [2561.456364897429, 5161.238643672317], [2570.3943212917075, 5159.9754242496565], [2569.671838772716, 5154.9548203209415], [2610.196275005932, 5149.239632300101], [2608.2636867100373, 5135.673353075981]]]}, "properties": {"building": "yes", "name": "The Mountain Inn Hotel"}}, {"type": "Feature", "geometry": {"type": "Polygon", "coordinates": [[[3192.951350455405, 4582.943688918836], [3192.9685392195825, 4583.510977609083], [3197.0899990326725, 4583.365096769296], [3197.128812146024, 4584.333077325486], [3198.8341082148254, 4584.267344449647], [3198.902696134057, 4585.936320928857], [3204.6971788216615, 4585.723853012547], [3204.597848251695, 4583.08711065352], [3207.7577432283433, 4582.971201555803], [3207.87396427372, 4586.186339222826], [3211.8905398885254, 4586.037674423307], [3211.809582434478, 4583.923794827424], [3215.3008551084204, 4583.794485599734], [3215.1581994692096, 4580.056269882247], [3217.913810916827, 4579.962941777892], [3217.73196866957, 4574.967762469314], [3214.9760594029212, 4575.07219716534], [3214.837921589031, 4571.467473867349], [3209.2938286778517, 4571.675487430766], [3209.248641625745, 4570.340563961305], [3202.0721560622333, 4570.605141070671], [3202.1254125041887, 4571.940279297531], [3198.149464621092, 4572.0789179410785], [3198.0362782868324, 4569.052805272862], [3195.2642314112745, 4569.1568184560165], [3195.2931198234437, 4569.891133685596], [3193.9030626076274, 4569.943033276126], [3193.936174420174, 4570.8219472831115], [3182.726676085149, 4571.24589767959], [3182.830830745399, 4574.005025268532], [3181.448842586018, 4574.057142239995], [3181.693010623683, 4580.654442362487], [3180.076757322997, 4580.711436189711], [3180.1743232710287, 4583.414816639386], [3192.951350455405, 4582.943688918836]]]}, "properties": {"building": "yes", "name": ""}}, {"type": "Feature", "geometry": {"type": "Polygon", "coordinates": [[[2708.0347880722256, 4958.259852197021], [2699.736024635029, 4953.6826463053], [2696.912393876235, 4958.775804518722], [2705.211152456817, 4963.353007073514], [2708.0347880722256, 4958.259852197021]]]}, "properties": {"building": "yes", "name": ""}}, {"type": "Feature", "geometry": {"type": "Polygon", "coordinates": [[[2772.896097624325, 5028.702554598451], [2813.6800492574694, 5053.3597270175815], [2822.332541770884, 5039.152191949077], [2781.5485282997834, 5014.494968956336], [2772.896097624325, 5028.702554598451]]]}, "properties": {"building": "yes", "name": ""}}, {"type": "Feature", "geometry": {"type": "Polygon", "coordinates": [[[2689.4484714310383, 4968.058079089038], [2691.417235004599, 4962.931101443246], [2684.056690449477, 4960.112660966814], [2682.0876370380865, 4965.250747076236], [2689.4484714310383, 4968.058079089038]]]}, "properties": {"building": "yes", "name": ""}}, {"type": "Feature", "geometry": {"type": "Polygon", "coordinates": [[[2755.9569867282407, 5280.66947485134], [2754.019393866649, 5277.939447552897], [2750.9426913690986, 5280.102794410661], [2752.8103365929564, 5282.730933636427], [2747.4467232398456, 5286.500668507069], [2755.6559267124394, 5298.077594688162], [2768.6787262927974, 5288.909762633964], [2771.036291633034, 5292.240012245253], [2788.2300118525745, 5280.1377232270315], [2786.5725174165564, 5277.804129891098], [2804.6875301369, 5265.059503004886], [2797.186498599942, 5254.479393838905], [2794.734973956947, 5256.203649244271], [2792.937579302001, 5253.666279298253], [2789.2930053987075, 5256.236862822436], [2791.1525764858816, 5258.864798515104], [2787.0393257885007, 5261.756357760169], [2785.5220168904634, 5259.61543349456], [2781.671934352373, 5262.325045847334], [2783.259191656951, 5264.567856724374], [2779.195235999883, 5267.4273874098435], [2778.487099161255, 5266.43051150348], [2776.2658898570808, 5267.994178543799], [2775.20771755022, 5266.498972374015], [2771.217846283689, 5269.304904655553], [2772.2760189502733, 5270.800110188313], [2768.37636515114, 5273.5528696281835], [2767.543875409174, 5272.374861855991], [2763.0766755460063, 5275.523773576133], [2763.9013935993426, 5276.690459976904], [2761.268868425279, 5278.543289242312], [2760.5063262679614, 5277.467169616371], [2755.9569867282407, 5280.66947485134]]]}, "properties": {"building": "yes", "name": "Pinnacle Condominium C Building"}}, {"type": "Feature", "geometry": {"type": "Polygon", "coordinates": [[[3392.308477722574, 4486.5700108660385], [3387.4881324711023, 4485.974712734111], [3388.7290487873834, 4476.071563338861], [3383.8444470536197, 4475.46344106365], [3386.5493636955507, 4453.951478801668], [3373.0788567103446, 4452.258699133061], [3370.385307755205, 4473.648709559813], [3375.8571061185794, 4474.339159505442], [3374.596224165405, 4484.386264552362], [3379.5531364822527, 4485.007422231138], [3378.1804093501996, 4495.918464887887], [3390.92677354475, 4497.514155829325], [3392.308477722574, 4486.5700108660385]]]}, "properties": {"building": "yes", "name": ""}}, {"type": "Feature", "geometry": {"type": "Polygon", "coordinates": [[[3466.5806974944426, 4445.048727981746], [3460.780977148912, 4443.938229025342], [3463.0121821140638, 4432.327656407841], [3457.1162247365573, 4431.192366197705], [3459.2346144303447, 4420.178959469311], [3454.021181830438, 4419.184131233953], [3455.980493255658, 4408.988944021054], [3443.280383067322, 4406.56079517398], [3441.227378823911, 4417.242518302053], [3447.0029204074526, 4418.352354112081], [3444.7908385988558, 4429.852296849713], [3450.076284767478, 4430.871267297305], [3448.1074371199356, 4441.121773261577], [3453.2643760751234, 4442.11509138532], [3451.2579219617182, 4452.564652279951], [3464.648838156485, 4455.122387249023], [3466.5806974944426, 4445.048727981746]]]}, "properties": {"building": "yes", "name": ""}}, {"type": "Feature", "geometry": {"type": "Polygon", "coordinates": [[[2882.489860755508, 5112.460807005875], [2844.743473241804, 5088.05063369032], [2836.5204315221636, 5100.680208394304], [2874.2667714976706, 5125.090337029658], [2882.489860755508, 5112.460807005875]]]}, "properties": {"building": "yes", "name": ""}}, {"type": "Feature", "geometry": {"type": "Polygon", "coordinates": [[[2687.260409583454, 5128.8794014994055], [2682.734290806344, 5124.213453746401], [2697.4075758211548, 5110.0545275416225], [2698.421415232937, 5111.092855032533], [2700.7078715143725, 5108.897378696129], [2699.6943270545453, 5107.847944397479], [2702.909101953148, 5104.743523019366], [2703.9304187722737, 5105.80427853018], [2708.0149787866976, 5101.867159710266], [2706.9936619288055, 5100.806403581984], [2709.711424664827, 5098.177813606337], [2710.6624956538435, 5099.147789979354], [2714.854888780508, 5095.102396048605], [2713.9038177435286, 5094.132419086061], [2717.2264309506863, 5090.919725222513], [2718.019990581437, 5091.741032993421], [2720.1078286593547, 5089.729230085388], [2716.9488385390723, 5086.477746578865], [2718.7717378938105, 5084.714534933679], [2714.292536554043, 5080.105384399183], [2711.3513421849348, 5082.939210129902], [2699.8705565630225, 5071.119871322997], [2687.251862994628, 5083.299443474039], [2694.7878600020194, 5091.057303286158], [2687.935962362215, 5097.666167948395], [2686.7099057277665, 5096.411034772173], [2683.718851617188, 5099.299119006842], [2684.944613256841, 5100.565358105116], [2682.326618894469, 5103.085464061238], [2681.4936048646923, 5102.229770013131], [2677.218499463168, 5106.350787064992], [2678.0515134545276, 5107.206480584107], [2675.193083806429, 5109.964718612842], [2674.187013180577, 5108.937715440057], [2672.0080954028526, 5111.036027354188], [2673.013871069299, 5112.07413666416], [2672.18531604053, 5112.874592200853], [2666.8497725893976, 5107.37581875734], [2667.8605271131964, 5106.402372026816], [2662.210244873888, 5100.5951592242345], [2656.493396501057, 5106.111649691127], [2661.8370163723594, 5111.6106288144365], [2663.1957386472495, 5110.301878067665], [2666.653630571789, 5113.850244333968], [2660.638403571327, 5119.658893720247], [2662.8230116941268, 5121.90641879756], [2660.055693873903, 5124.578167650849], [2664.2126924634213, 5128.8564115976915], [2661.6192132503493, 5131.366061395034], [2668.550221153535, 5138.496542856097], [2665.0454556958284, 5141.88225031551], [2669.273275390384, 5146.229064680636], [2687.260409583454, 5128.8794014994055]]]}, "properties": {"building": "yes", "name": "Cascades Lodge"}}, {"type": "Feature", "geometry": {"type": "Polygon", "coordinates": [[[3410.8454655965324, 4430.258735779673], [3398.391352428589, 4427.992829513736], [3396.482392092352, 4438.42277225107], [3392.496879184968, 4437.705240529031], [3390.4184263383504, 4449.042042934336], [3402.591301743756, 4451.255981738679], [3404.614852333092, 4440.162234016694], [3408.8976995112607, 4440.9321572277695], [3410.8454655965324, 4430.258735779673]]]}, "properties": {"building": "yes", "name": ""}}, {"type": "Feature", "geometry": {"type": "Polygon", "coordinates": [[[3406.018009545747, 4644.94823076576], [3395.457972561824, 4634.641555543058], [3386.852035656455, 4643.403646434657], [3396.9715204548556, 4653.27621802967], [3393.909200283815, 4656.395512915216], [3406.9636438697344, 4669.136048196815], [3415.9262687948067, 4660.016719442792], [3403.312371867243, 4647.710257488303], [3406.018009545747, 4644.94823076576]]]}, "properties": {"building": "yes", "name": ""}}, {"type": "Feature", "geometry": {"type": "Polygon", "coordinates": [[[3473.982299134019, 4730.596172859892], [3469.976362512214, 4715.818372668698], [3471.4156205841573, 4715.434413217939], [3466.3584564198973, 4696.783010587096], [3452.3635410621064, 4700.544321428053], [3457.369300576742, 4719.005396593362], [3455.7672072254354, 4719.440588166006], [3459.824610878597, 4734.408695070073], [3473.982299134019, 4730.596172859892]]]}, "properties": {"building": "yes", "name": ""}}, {"type": "Feature", "geometry": {"type": "Polygon", "coordinates": [[[3374.3600668514846, 4607.438042141497], [3363.7915562316775, 4597.142311946489], [3355.185618929798, 4605.904443224892], [3365.313276708708, 4615.777178481221], [3362.2506603697548, 4618.907594192773], [3375.305831575999, 4631.625850278884], [3384.2603890531464, 4622.506264406256], [3371.646065103705, 4610.21097296197], [3374.3600668514846, 4607.438042141497]]]}, "properties": {"building": "yes", "name": ""}}, {"type": "Feature", "geometry": {"type": "Polygon", "coordinates": [[[4173.334896632121, 5360.223679953255], [4173.4921996862395, 5356.4600977553055], [4167.734698980697, 5356.216992110014], [4166.9725896205055, 5374.124172643758], [4169.633522261633, 5374.239891627803], [4169.794095397578, 5370.354138126597], [4174.9145850720815, 5370.569071647711], [4174.774866266409, 5373.977462790906], [4181.757946606143, 5374.275628279895], [4182.34192960849, 5360.609392707236], [4173.334896632121, 5360.223679953255]]]}, "properties": {"building": "yes", "name": ""}}, {"type": "Feature", "geometry": {"type": "Polygon", "coordinates": [[[4251.818761695642, 5299.97398801893], [4243.0665236549685, 5310.564969627187], [4247.627423739876, 5314.3056942578405], [4252.031955202576, 5306.317945900373], [4254.193110840279, 5301.920718039386], [4251.818761695642, 5299.97398801893]]]}, "properties": {"building": "yes", "name": ""}}, {"type": "Feature", "geometry": {"type": "Polygon", "coordinates": [[[2114.877932133735, 3615.238060384989], [2110.1067200558027, 3601.16348066926], [2115.9699703481747, 3595.328054870479], [2106.529917408596, 3574.2947056544945], [2085.129837348708, 3594.512115780264], [2089.5612052808283, 3599.764113736339], [2069.28444105119, 3620.8670802665874], [2087.8898195145885, 3641.5760187162086], [2114.877932133735, 3615.238060384989]]]}, "properties": {"building": "commercial", "name": "K-1 Lodge"}}, {"type": "Feature", "geometry": {"type": "Polygon", "coordinates": [[[2593.4664027757244, 4616.121268540621], [2599.7205284048105, 4617.143049898557], [2613.47802546795, 4604.971280883998], [2621.008946714108, 4611.728596516885], [2606.3368157856166, 4626.4212448252365], [2611.8895834233845, 4632.270249595866], [2609.240869768779, 4635.334174960852], [2623.157988556428, 4649.085167474113], [2651.3506817508023, 4620.502973122522], [2648.272715267376, 4618.14283251483], [2658.2655887943693, 4607.582811071537], [2640.727310686256, 4590.034563371912], [2626.947729995474, 4603.339351129718], [2619.7065513650887, 4596.311862708069], [2624.401234199642, 4591.601762577891], [2607.1609374416294, 4573.772548562847], [2592.5181278857635, 4587.054493966512], [2589.70747148979, 4585.2683045864105], [2585.7138449442573, 4585.162321733311], [2580.4160065184115, 4591.0012121731415], [2580.313463440514, 4605.513736431487], [2572.6944097534288, 4612.72477572877], [2580.7607490925584, 4620.907765590586], [2593.4664027757244, 4616.121268540621]]]}, "properties": {"building": "commercial", "name": "Snowshed Lodge"}}, {"type": "Feature", "geometry": {"type": "Polygon", "coordinates": [[[2499.193595136865, 4616.643097238615], [2482.977170378319, 4602.208997753449], [2479.5076927423943, 4606.084772935137], [2477.1495889461366, 4603.9772064695135], [2487.8492468579207, 4592.024178309366], [2481.87851041276, 4586.708798111416], [2486.7873479282716, 4581.2262878865], [2483.2613990143873, 4578.0985754085705], [2477.9367943607504, 4584.036860542372], [2475.491701863124, 4581.860302524641], [2466.0238055617083, 4592.423389876261], [2459.2564536792925, 4586.397820218466], [2450.4955678675324, 4596.1794499205425], [2456.7347368960036, 4601.724205125123], [2450.286843318143, 4608.921976848505], [2462.8043071638094, 4620.056989516132], [2459.152055149083, 4624.127983862534], [2466.487293147831, 4630.657644153573], [2463.1925658494, 4634.338004256599], [2474.4004452814115, 4644.315771889873], [2499.193595136865, 4616.643097238615]]]}, "properties": {"building": "commercial", "name": "Ramshead Lodge"}}, {"type": "Feature", "geometry": {"type": "Polygon", "coordinates": [[[3550.218363874126, 3492.801228380762], [3599.4119464462856, 3491.268251894042], [3598.5152721302584, 3471.30518774502], [3610.8346935542068, 3470.211238728836], [3609.9774793729885, 3459.3629910582677], [3561.0204602991, 3462.613822352141], [3545.9110277236905, 3450.540752273053], [3528.3869273081655, 3475.414079837501], [3550.218363874126, 3492.801228380762]]]}, "properties": {"building": "warehouse", "name": ""}}, {"type": "Feature", "geometry": {"type": "Polygon", "coordinates": [[[5877.899538295111, 3422.049764602445], [5877.975640252931, 3428.4982654796913], [5871.019780028728, 3428.3103268751875], [5870.859238969162, 3434.2522785225883], [5886.28506674245, 3434.1800345089287], [5886.576533182291, 3441.623551289551], [5912.41544181772, 3442.2995563615113], [5918.263979915879, 3434.755220124498], [5917.304515092401, 3427.8271463634446], [5910.259375793743, 3421.6793486475945], [5909.619331683614, 3396.9543798742816], [5901.479324651766, 3396.65660964977], [5901.753937951173, 3386.4942067889497], [5888.292687140638, 3387.375295003876], [5888.545411242754, 3396.551635798998], [5872.8558393286075, 3397.1169087523594], [5872.672001646017, 3422.1530431015417], [5877.899538295111, 3422.049764602445]]]}, "properties": {"building": "commercial", "name": "Skyeship Lodge"}}, {"type": "Feature", "geometry": {"type": "Polygon", "coordinates": [[[3780.357666316326, 2008.5869477428496], [3783.8253005066654, 1960.0765254115686], [3747.781928678858, 1957.513998790644], [3744.31455613405, 2006.0244319913909], [3780.357666316326, 2008.5869477428496]]]}, "properties": {"building": "commercial", "name": "Bear Mountain Lodge"}}, {"type": "Feature", "geometry": {"type": "Polygon", "coordinates": [[[4195.6625162792625, 1757.976023430936], [4192.505811601644, 1756.7134458888322], [4190.73202379141, 1761.1228525703773], [4193.888726613717, 1762.3854293366894], [4191.630850614165, 1767.9822363620624], [4205.264531411696, 1773.4373833602294], [4207.816457508015, 1767.1148995002732], [4204.779641393456, 1765.8999810339883], [4208.464698961703, 1756.7736506043002], [4197.860035657999, 1752.5220894757658], [4195.6625162792625, 1757.976023430936]]]}, "properties": {"building": "yes", "name": ""}}, {"type": "Feature", "geometry": {"type": "Polygon", "coordinates": [[[4126.450092315208, 1791.4683315139264], [4135.642736945534, 1795.0596112692729], [4134.446906118072, 1798.0951927490532], [4140.809612129582, 1800.5882713673636], [4146.181907659629, 1786.9612643513829], [4140.546554639121, 1784.7543799784034], [4141.7940859707305, 1781.5979241598397], [4137.34977597103, 1779.8563592098653], [4136.110020834603, 1783.0241380892694], [4130.618460967089, 1780.8766800761223], [4126.450092315208, 1791.4683315139264]]]}, "properties": {"building": "yes", "name": ""}}, {"type": "Feature", "geometry": {"type": "Polygon", "coordinates": [[[3747.4311170674628, 1478.8328049229458], [3745.8175236422103, 1478.1562299616635], [3743.9805892203003, 1482.5195977576077], [3745.586110010161, 1483.195956915617], [3744.680788018508, 1485.3390914220363], [3762.989667493617, 1493.0075362725183], [3766.430506261415, 1484.8414216842502], [3755.2471863091923, 1480.152813890949], [3759.481302820728, 1470.1073164194822], [3752.3637859873706, 1467.1276818010956], [3747.4311170674628, 1478.8328049229458]]]}, "properties": {"building": "yes", "name": ""}}, {"type": "Feature", "geometry": {"type": "Polygon", "coordinates": [[[4168.564532103483, 1797.4962162505835], [4169.963648073492, 1794.4105061544105], [4165.613782810629, 1792.4602750614285], [4164.214668557746, 1795.5459860088304], [4158.699457032722, 1793.0755545990542], [4152.67241972324, 1806.418294902891], [4154.188742936938, 1807.103487269953], [4158.905723349424, 1809.2191325118765], [4160.245065437281, 1806.254079848528], [4169.247923094896, 1810.2960202507675], [4173.94371227955, 1799.9185596928], [4168.564532103483, 1797.4962162505835]]]}, "properties": {"building": "yes", "name": ""}}, {"type": "Feature", "geometry": {"type": "Polygon", "coordinates": [[[4185.2385597632965, 1793.1630970984697], [4189.418654437992, 1784.2500604353845], [4192.378364990931, 1785.6296249711886], [4195.273778177332, 1779.4496992165223], [4181.958651132882, 1773.2584315761924], [4179.4057129326975, 1778.7139760376886], [4176.318043375271, 1777.2865369888023], [4174.296732375282, 1781.5892963437364], [4177.38410313963, 1783.0278409356251], [4174.891236657044, 1788.351621400565], [4185.2385597632965, 1793.1630970984697]]]}, "properties": {"building": "yes", "name": ""}}, {"type": "Feature", "geometry": {"type": "Polygon", "coordinates": [[[3845.371340634185, 1555.03505191952], [3849.5589032183634, 1554.6022600140423], [3848.7638266178546, 1546.86768373847], [3844.114989852649, 1547.3326176814735], [3832.757647486753, 1537.671118975617], [3831.8995910026133, 1527.7564558181912], [3822.8727080125827, 1528.5268658064306], [3824.282812952646, 1544.6914045009762], [3823.774135018117, 1545.2891124980524], [3838.511405860656, 1557.8416485683993], [3839.0108790899394, 1563.034262984991], [3846.072460538824, 1562.3558887364343], [3845.371340634185, 1555.03505191952]]]}, "properties": {"building": "yes", "name": ""}}, {"type": "Feature", "geometry": {"type": "Polygon", "coordinates": [[[4145.455988129717, 1882.347567209974], [4145.48910929414, 1880.203380279243], [4134.847047307761, 1880.0743384752423], [4134.726270136773, 1890.6297560120001], [4131.8355802259175, 1890.5968989878893], [4131.804050186882, 1893.2857322711498], [4130.019417098374, 1893.2713441047817], [4129.845881588059, 1908.2155251083896], [4145.453773918445, 1908.3995850980282], [4145.504569480079, 1904.6887449994683], [4147.046766134561, 1904.7077670777217], [4147.313265518984, 1882.3639024114236], [4145.455988129717, 1882.347567209974]]]}, "properties": {"building": "yes", "name": ""}}, {"type": "Feature", "geometry": {"type": "Polygon", "coordinates": [[[4190.275933362427, 1551.727095529437], [4188.44381783891, 1548.9550643153489], [4190.721260347054, 1547.4599784053862], [4189.07543553086, 1544.9707897985354], [4192.314792945748, 1542.8456895155832], [4189.954897823976, 1539.2704190704972], [4186.71553958999, 1541.3955205110833], [4183.7964671045775, 1536.9828309668228], [4171.537915877532, 1545.0240337541327], [4173.377813887666, 1547.8073824234307], [4170.360558821121, 1549.7828312544152], [4175.639531301102, 1557.7707794886082], [4177.4566375053255, 1556.5745777953416], [4179.10246326495, 1559.06376354862], [4190.275933362427, 1551.727095529437]]]}, "properties": {"building": "yes", "name": ""}}, {"type": "Feature", "geometry": {"type": "Polygon", "coordinates": [[[4101.012612475781, 1754.1106846835464], [4095.8929818907054, 1750.7395086064935], [4097.407902890118, 1748.4571154406294], [4094.3123229717603, 1746.418214631267], [4095.29706624744, 1744.9329928429797], [4090.439327730215, 1741.7355396877974], [4089.05889578606, 1743.8214718811214], [4087.3362054128665, 1742.6973176365718], [4081.1166474270867, 1752.0671418951824], [4084.942324423231, 1754.5923607004806], [4085.304242471, 1754.0463196132332], [4087.939401404583, 1755.7839321857318], [4086.079303943203, 1758.5905871819705], [4094.397652088548, 1764.0700996425003], [4101.012612475781, 1754.1106846835464]]]}, "properties": {"building": "yes", "name": ""}}, {"type": "Feature", "geometry": {"type": "Polygon", "coordinates": [[[4348.736762053915, 1466.1305427476764], [4344.127780564711, 1459.6719457535073], [4347.042575426167, 1457.6049118433148], [4343.772568580927, 1453.0271523045376], [4340.8574755800655, 1455.1052940646186], [4339.0669817127055, 1452.5899652466178], [4329.145150290686, 1459.6264798184857], [4331.247216969263, 1462.5724936109036], [4329.7074700385565, 1463.6649380857125], [4331.303603690816, 1465.897201616317], [4329.195905156201, 1467.385672901757], [4331.554821819416, 1470.694223326631], [4333.6628172877245, 1469.1946463752538], [4335.352240984677, 1471.5627811523154], [4336.883915456128, 1470.4701218819246], [4338.814938512631, 1473.1670428644866], [4348.736762053915, 1466.1305427476764]]]}, "properties": {"building": "yes", "name": ""}}, {"type": "Feature", "geometry": {"type": "Polygon", "coordinates": [[[4118.224121633102, 1499.8187105385587], [4119.568023748812, 1498.7987833777443], [4124.923150960822, 1505.7550865486264], [4123.043006054941, 1507.194132721983], [4125.525455977302, 1510.4169946890324], [4138.084181948914, 1500.8166110944003], [4136.085843580659, 1498.2179807703942], [4137.495807686821, 1497.144251943566], [4135.606610589777, 1494.69302731473], [4136.975325683015, 1493.6515382966027], [4134.945588734234, 1491.0187257146463], [4133.584945191396, 1492.0604310082272], [4131.492711786763, 1489.3481477499008], [4130.511386714294, 1490.0999098885804], [4128.504970289301, 1487.501066188328], [4116.061615508399, 1497.0156382815912], [4118.224121633102, 1499.8187105385587]]]}, "properties": {"building": "yes", "name": ""}}, {"type": "Feature", "geometry": {"type": "Polygon", "coordinates": [[[4259.274960320443, 1520.274636445567], [4257.4103252352215, 1517.8129175454378], [4261.094757375191, 1515.0551259359345], [4259.339261091198, 1512.740814147517], [4261.383544866694, 1511.2061679009348], [4258.85599691025, 1507.859787074849], [4256.8117127986625, 1509.3944340962917], [4254.947370714857, 1506.9216096205637], [4251.271008802694, 1509.6796206319705], [4249.749931253726, 1507.6605583857745], [4240.509865725297, 1514.582066597417], [4242.358958758065, 1517.0211357641965], [4240.652753128088, 1518.2980892201886], [4243.64048580185, 1522.2569531435147], [4244.539022831013, 1521.5807922575623], [4249.227232487057, 1527.7969226781279], [4259.274960320443, 1520.274636445567]]]}, "properties": {"building": "yes", "name": ""}}, {"type": "Feature", "geometry": {"type": "Polygon", "coordinates": [[[4098.431415851344, 1687.2221344709396], [4095.7835510496516, 1693.2086588609964], [4094.5383592805592, 1692.6529892114922], [4092.28613837203, 1697.738716321066], [4089.986798388534, 1696.732515823096], [4087.012332702754, 1703.4549724878743], [4089.0880456020823, 1704.3662778986618], [4086.9816585805966, 1709.1335893515497], [4084.802205906948, 1708.175053363666], [4082.7221159766195, 1712.8652685564011], [4084.3347307898803, 1713.5752467168495], [4082.7100454542087, 1717.2440028516576], [4093.304138033418, 1721.8952089501545], [4095.392898656428, 1717.1829998297617], [4098.155028598732, 1718.4016358079389], [4109.751736151869, 1692.2039850614965], [4098.431415851344, 1687.2221344709396]]]}, "properties": {"building": "yes", "name": ""}}, {"type": "Feature", "geometry": {"type": "Polygon", "coordinates": [[[4058.8243604876334, 1467.1104114372283], [4057.8103637853637, 1465.7606982616708], [4064.8571845665574, 1460.5030399207026], [4066.276660407195, 1462.3970824787393], [4069.5323984152637, 1459.961159287952], [4060.047588879359, 1447.3373372480273], [4057.4183657248504, 1449.300981069915], [4056.357716481085, 1447.8833351563662], [4053.877052078955, 1449.7286935495213], [4052.847501738346, 1448.356336914003], [4050.1773286679527, 1450.3411175264046], [4051.2149509525625, 1451.7136895069852], [4048.4622808544664, 1453.762951654382], [4049.2029729794012, 1454.7608129503205], [4046.5737559589325, 1456.724460865371], [4055.9727547488874, 1469.2348261047155], [4058.8243604876334, 1467.1104114372283]]]}, "properties": {"building": "yes", "name": ""}}, {"type": "Feature", "geometry": {"type": "Polygon", "coordinates": [[[4089.272723766626, 1447.918571125716], [4088.2587297062855, 1446.5688532926142], [4095.305595007376, 1441.311225800775], [4096.725364081445, 1443.1941684689373], [4099.988897511736, 1440.7695817640051], [4090.4960408984916, 1428.145500317216], [4087.8751698449487, 1430.0982420165092], [4086.8064516010927, 1428.680375425145], [4084.333546405076, 1430.5370451686904], [4083.2962238937616, 1429.1533615896478], [4080.6338088435587, 1431.1494527198374], [4081.663356677396, 1432.5218136738986], [4078.9187409891747, 1434.571279561147], [4079.6597280559363, 1435.5580378472805], [4077.0224226311548, 1437.5214584609494], [4086.4291717896704, 1450.0431891111657], [4089.272723766626, 1447.918571125716]]]}, "properties": {"building": "yes", "name": ""}}, {"type": "Feature", "geometry": {"type": "Polygon", "coordinates": [[[4134.180613065837, 1723.188374186866], [4131.875782631105, 1728.428283456713], [4130.294867552118, 1727.7413698909804], [4123.449425892439, 1743.296234158799], [4126.052191257244, 1744.4328200779855], [4122.027353060548, 1753.5834458759055], [4134.793315054383, 1759.1708403844386], [4136.865656262846, 1754.469318088144], [4139.444498020806, 1755.5941553786397], [4141.559873952181, 1750.7937560360879], [4138.98132764129, 1749.6578115625307], [4142.997228838503, 1740.5402986230329], [4145.951272851205, 1741.8307745000347], [4148.152421327541, 1736.8437267802656], [4145.190303988755, 1735.5530341127887], [4147.976849218365, 1729.214576820843], [4134.180613065837, 1723.188374186866]]]}, "properties": {"building": "yes", "name": ""}}, {"type": "Feature", "geometry": {"type": "Polygon", "coordinates": [[[4316.450116505148, 1551.2469675922766], [4313.325507231755, 1553.308395570144], [4312.704452921287, 1552.3692767350003], [4309.349676947575, 1554.5801461823285], [4307.967629278777, 1552.4981045387685], [4302.984641906456, 1555.7879431545734], [4304.095183138037, 1557.451483967714], [4300.797806008253, 1559.6305507747456], [4307.095353458892, 1569.090746069327], [4312.415216958383, 1565.5876415092498], [4313.41691379447, 1567.0926690809429], [4316.591136136907, 1564.9881121199578], [4318.089792864746, 1567.2399932593107], [4321.280159994843, 1565.1358706438914], [4320.581067640916, 1564.0946323610842], [4323.656352761085, 1562.0652305195108], [4316.450116505148, 1551.2469675922766]]]}, "properties": {"building": "yes", "name": ""}}, {"type": "Feature", "geometry": {"type": "Polygon", "coordinates": [[[3987.318560644635, 1481.7597179096192], [3975.963667046861, 1490.1477318732068], [3974.3961523196194, 1488.0496957795694], [3970.951550642494, 1490.602874133736], [3972.51906573819, 1492.7009094161913], [3967.2451594005106, 1496.6056202482432], [3965.4204763405723, 1494.1561706690118], [3958.2434383074287, 1499.454905710183], [3967.1407775590196, 1511.3960218811408], [3973.5517127661733, 1506.654772888869], [3974.775642062188, 1508.3101693429053], [3981.3928296716185, 1503.4077231204137], [3980.1841540518217, 1501.7860760428011], [3986.084275189438, 1497.4201912442222], [3987.2929503191262, 1499.0418393919244], [3995.6154269047547, 1492.895709306933], [3987.318560644635, 1481.7597179096192]]]}, "properties": {"building": "yes", "name": ""}}, {"type": "Feature", "geometry": {"type": "Polygon", "coordinates": [[[4227.901293653646, 1426.7190511692315], [4226.502937936806, 1427.6597007336095], [4221.55975283822, 1420.4031345248222], [4223.525761429337, 1419.0775545854121], [4221.240905485931, 1415.7154560973868], [4208.136487890617, 1424.5675512561575], [4209.978488417226, 1427.2731640469283], [4208.514075511601, 1428.2676217639819], [4210.24693247152, 1430.825828020461], [4208.823770605959, 1431.7880461569875], [4210.689092586166, 1434.527626327239], [4212.120325982454, 1433.5656245434657], [4214.047546092304, 1436.4068910619244], [4215.0758335277205, 1435.7119685094804], [4216.9178279350745, 1438.4175834227353], [4229.898778325762, 1429.6511174095795], [4227.901293653646, 1426.7190511692315]]]}, "properties": {"building": "yes", "name": ""}}, {"type": "Feature", "geometry": {"type": "Polygon", "coordinates": [[[4097.551926083979, 1371.7954348698258], [4096.153282417217, 1372.7472177473828], [4091.2099165274994, 1365.4907535249367], [4093.1759124116506, 1364.1651357654482], [4090.890972743393, 1360.8030844209716], [4077.786640183418, 1369.6554316626862], [4079.6287081100745, 1372.3610064489767], [4078.156232957728, 1373.3552765417844], [4079.8975223550806, 1375.9025564137846], [4078.4743697395315, 1376.8648019265383], [4080.339463053737, 1379.6154500264674], [4081.7706872571725, 1378.653420707211], [4083.698275019764, 1381.483541042544], [4084.7184839322, 1380.788382912986], [4086.568320661201, 1383.5052820323035], [4099.549186862889, 1374.7385663120076], [4097.551926083979, 1371.7954348698258]]]}, "properties": {"building": "yes", "name": ""}}, {"type": "Feature", "geometry": {"type": "Polygon", "coordinates": [[[4168.849162552855, 1393.085484649986], [4167.4505121276015, 1394.0372528564185], [4162.507534954115, 1386.7696267208084], [4164.473540207138, 1385.4440295882523], [4162.188345936127, 1382.0930590033531], [4149.083950764034, 1390.9452687501907], [4150.925984517438, 1393.650864219293], [4149.461871199892, 1394.6342283245176], [4151.194759540958, 1397.1924182819203], [4149.771600113134, 1398.1546488618478], [4151.6366587064695, 1400.9053179062903], [4153.067889695987, 1399.9433036046103], [4154.99544171046, 1402.7734455820173], [4156.015655562398, 1402.078298154287], [4157.865457974956, 1404.7952180430293], [4170.846683242475, 1396.017532106489], [4168.849162552855, 1393.085484649986]]]}, "properties": {"building": "yes", "name": ""}}, {"type": "Feature", "geometry": {"type": "Polygon", "coordinates": [[[4281.026779880165, 1574.9282122543082], [4278.108784960699, 1577.117443705909], [4277.001259369776, 1575.6429323656484], [4273.597528645885, 1578.1748249996454], [4271.6707215079805, 1575.6225217143074], [4268.588028117898, 1577.9296072181314], [4269.368139997823, 1578.9618937522173], [4264.1344695418375, 1582.8674548119307], [4271.427867015009, 1592.5432117749006], [4276.6534633608535, 1588.6374404104427], [4277.831252939883, 1590.2027474530041], [4280.600386349601, 1588.1429042909294], [4282.300838895026, 1590.4001783141866], [4285.267854048172, 1588.1900322139263], [4284.643826843705, 1587.3619801234454], [4288.319866348989, 1584.6150943525136], [4281.026779880165, 1574.9282122543082]]]}, "properties": {"building": "yes", "name": ""}}, {"type": "Feature", "geometry": {"type": "Polygon", "coordinates": [[[4135.647063093609, 1380.5163167808205], [4134.24841529422, 1381.4680918315426], [4129.305096189375, 1374.211598040536], [4131.263025953434, 1372.8857754338533], [4128.978107951232, 1369.5237104231492], [4115.881808909355, 1378.3762001655996], [4117.723859393969, 1381.0817859712988], [4116.251379936817, 1382.076047822833], [4117.9926529059885, 1384.6233381088823], [4116.569496120443, 1385.5855756569654], [4118.4345717096, 1388.3362349150702], [4119.857728234609, 1387.3739977665246], [4121.785297753871, 1390.204129628837], [4122.813581521856, 1389.5091930516064], [4124.66340073687, 1392.2261032359675], [4137.644304905552, 1383.459460171871], [4135.647063093609, 1380.5163167808205]]]}, "properties": {"building": "yes", "name": ""}}, {"type": "Feature", "geometry": {"type": "Polygon", "coordinates": [[[4340.8829034565715, 1542.8539858218282], [4337.758282351657, 1544.9154027244076], [4337.12945615442, 1543.9649590393528], [4333.782441789983, 1546.1871391190216], [4332.400399466511, 1544.1050922926515], [4327.417393219075, 1547.3949132487178], [4328.5198585363105, 1549.0582421282306], [4325.230540561024, 1551.2375133456662], [4331.528063745354, 1560.6977322474122], [4336.840173079749, 1557.1833240184933], [4337.841866058763, 1558.6883553434163], [4341.015803093091, 1556.594916043803], [4342.514454045682, 1558.8468027980998], [4345.705130624468, 1556.7315850704908], [4345.013815202867, 1555.7016667053103], [4348.081040320452, 1553.6720596402884], [4340.8829034565715, 1542.8539858218282]]]}, "properties": {"building": "yes", "name": ""}}, {"type": "Feature", "geometry": {"type": "Polygon", "coordinates": [[[4005.640641885693, 1640.050832817331], [4004.1120876068017, 1641.3325900863856], [3999.5709904673276, 1635.9541453439742], [3998.397823081934, 1636.9341994905844], [3997.317490125308, 1635.6494076149538], [3996.218450865126, 1636.5758713558316], [3994.5430822122144, 1634.5860889907926], [3990.097608404234, 1638.3239718796685], [3991.7732740830397, 1640.302646717988], [3989.8235773802735, 1641.9288121126592], [3991.99231490877, 1644.4986093295738], [3990.6535645045806, 1645.6298407102004], [3997.0581022966653, 1653.2142609218135], [3998.9501099690096, 1651.6310133952647], [4002.998125148355, 1656.4183348128572], [4006.187339881668, 1653.7472074739635], [4008.1135678009596, 1656.0215563289821], [4014.5664291608846, 1650.6146108387038], [4005.640641885693, 1640.050832817331]]]}, "properties": {"building": "yes", "name": ""}}, {"type": "Feature", "geometry": {"type": "Polygon", "coordinates": [[[3600.9604623883497, 1288.0498804245144], [3598.4553581479704, 1296.87453446351], [3602.4398644875037, 1298.0032838406041], [3599.1235229365993, 1309.6849135309458], [3603.9980813522125, 1311.0596805997193], [3603.525555658969, 1312.7253421414644], [3612.38490177074, 1315.2177617596462], [3612.8571334354347, 1313.5632071876898], [3619.238840429345, 1315.3671725662425], [3622.4476910058875, 1304.0827997000888], [3616.755124782212, 1302.4861503383145], [3616.1669993746327, 1304.5488438466564], [3613.409211184131, 1303.763995132409], [3613.74822318682, 1302.5615750420839], [3608.8096769141266, 1301.162866438739], [3608.4622977067484, 1302.3761779423803], [3606.1936379076215, 1301.7266312222928], [3609.4024708265206, 1290.442252792418], [3600.9604623883497, 1288.0498804245144]]]}, "properties": {"building": "yes", "name": ""}}, {"type": "Feature", "geometry": {"type": "Polygon", "coordinates": [[[4559.320792189916, 1437.4175544530153], [4549.282113157911, 1444.583998432383], [4547.631327034673, 1442.283528120257], [4542.525603942922, 1445.9255703920498], [4544.184462524834, 1448.2262557875365], [4530.8680608749855, 1457.738923878409], [4529.014550251421, 1455.1662794491276], [4523.521735051996, 1459.0869347685948], [4525.375246485462, 1461.6595776630566], [4515.9294152337825, 1468.4084953069687], [4523.888232922065, 1479.469441340305], [4528.5081626333995, 1476.1700273090973], [4529.450611974113, 1477.473441801034], [4537.14233346039, 1471.9779121130705], [4538.053090214031, 1473.258249626495], [4556.351731225266, 1460.189166626893], [4555.432904070476, 1458.9086102377623], [4561.938812765176, 1454.2593581490219], [4561.004437613883, 1452.956155420281], [4567.279880043236, 1448.4674460813403], [4559.320792189916, 1437.4175544530153]]]}, "properties": {"building": "yes", "name": ""}}, {"type": "Feature", "geometry": {"type": "Polygon", "coordinates": [[[3928.8567719676066, 1617.415470997803], [3933.915196012007, 1615.8278768472373], [3947.7867786760908, 1622.9782061558217], [3946.5517193482956, 1625.3681371463463], [3957.921744290623, 1631.2179659018293], [3962.750837753294, 1621.8886823188514], [3960.3605301351054, 1620.6578114842996], [3961.8505018766737, 1617.796776692383], [3959.922408141545, 1616.8005425306037], [3962.417644973728, 1611.9880130933598], [3956.5293169489596, 1608.9631892889738], [3953.7107473567594, 1614.3894855082035], [3945.049713104032, 1609.9346444364637], [3947.766373985214, 1604.6945661585778], [3938.9857330512023, 1600.1809667935595], [3938.023798906943, 1602.0224786493927], [3932.5181406415068, 1599.1857293536887], [3928.958494812716, 1606.0482168961316], [3935.7072911070427, 1609.5183473480865], [3934.685297699063, 1611.491627256386], [3927.6802627261495, 1613.6829669727013], [3928.8567719676066, 1617.415470997803]]]}, "properties": {"building": "yes", "name": ""}}, {"type": "Feature", "geometry": {"type": "Polygon", "coordinates": [[[4005.8128484684275, 1464.6488022562116], [4001.0755301857134, 1457.8424849482253], [4002.3674290061463, 1456.9545174157247], [3998.135474465671, 1450.8841399475932], [3996.8435751497746, 1451.7721083024517], [3992.4247156901984, 1445.441110573709], [3993.947373455274, 1444.3814780442044], [3991.6522674526786, 1441.0969899762422], [3990.129906151211, 1442.1455166190863], [3987.360522248782, 1438.170382110402], [3977.8470486860024, 1444.7515051104128], [3980.6941849807044, 1448.8398565221578], [3978.398244072334, 1450.4234331147745], [3982.3425414724043, 1456.074880251661], [3980.6471170699224, 1457.2521566972136], [3983.5953205458354, 1461.48769677151], [3985.5128364124103, 1460.1607546452433], [3989.6981455822242, 1466.1631914731115], [3988.2908717163373, 1467.1369930952787], [3991.3556900330586, 1471.5423683878034], [3992.763260289328, 1470.557461000979], [3994.2255447552307, 1472.663803811185], [4005.8128484684275, 1464.6488022562116]]]}, "properties": {"building": "yes", "name": ""}}, {"type": "Feature", "geometry": {"type": "Polygon", "coordinates": [[[4073.455405033659, 1748.5946857621893], [4066.139795259922, 1745.4871386662126], [4065.0978313118685, 1747.9044405734167], [4061.3282131743617, 1746.3032240113243], [4060.7422427363927, 1747.6768532171845], [4057.9867061891127, 1746.5139803113416], [4059.64093066426, 1742.645950436592], [4051.7022703062976, 1739.2772475341335], [4051.0732722120592, 1740.7497564461082], [4046.840552271111, 1738.9472245601937], [4045.8499920208706, 1741.254759658128], [4041.8570384746417, 1739.5475551821291], [4036.80863896152, 1751.3383097974584], [4045.50576045271, 1755.0384724875912], [4046.3499014260015, 1753.0715683475137], [4050.0393985863775, 1754.6484059905633], [4050.7637126295594, 1752.9339292421937], [4054.069938733708, 1754.3449223535135], [4052.8379396249074, 1757.2239486072212], [4060.2094473759644, 1760.3552047414705], [4060.829780812259, 1758.9046936947852], [4067.7698825404514, 1761.8577098259702], [4073.455405033659, 1748.5946857621893]]]}, "properties": {"building": "yes", "name": ""}}, {"type": "Feature", "geometry": {"type": "Polygon", "coordinates": [[[4167.974377108389, 1473.8079135352746], [4168.913864858798, 1473.110609272495], [4166.520208730246, 1469.890106095001], [4163.001982891816, 1472.4745643129572], [4162.588736788835, 1471.9189075883478], [4160.701690849615, 1473.3133020931855], [4158.814870870439, 1470.773219641298], [4155.073958958965, 1473.5295555479825], [4157.365953964065, 1476.625077424571], [4152.141835735645, 1480.4754095394164], [4154.238868409069, 1483.3100858200341], [4151.907042907202, 1485.0260173911229], [4151.135270395665, 1483.982854980044], [4148.87787370861, 1485.6340920133516], [4147.04577314714, 1483.1621624920517], [4144.112238429952, 1485.3288072561845], [4146.022383238771, 1487.9028524514288], [4143.467872616951, 1489.7906608926132], [4144.19270040025, 1490.776995102875], [4141.506667710724, 1492.750201615505], [4149.458812690456, 1503.4770621946082], [4162.428056639736, 1493.932158398442], [4161.14944912272, 1492.208576709032], [4174.3907429307, 1482.4597976384684], [4167.974377108389, 1473.8079135352746]]]}, "properties": {"building": "yes", "name": ""}}, {"type": "Feature", "geometry": {"type": "Polygon", "coordinates": [[[4005.242137457477, 1358.4471020549536], [4004.5232685562223, 1357.5387446573004], [4001.347634461825, 1359.999069585465], [4004.0425018870737, 1363.4387282105163], [4003.4898154491093, 1363.8685329034925], [4004.942805170547, 1365.7189982449636], [4002.44360948517, 1367.6527958139777], [4005.3101179440273, 1371.3193286983296], [4008.3542244866258, 1368.9444057503715], [4012.3531570851337, 1374.0638398909941], [4015.1413982799277, 1371.8932548379526], [4016.92212196521, 1374.1748265819624], [4015.891176562174, 1374.9697368415073], [4017.6174738561967, 1377.1720539238304], [4015.184040245018, 1379.063146837987], [4017.425863085431, 1381.9238729523495], [4019.966308106552, 1379.957840308547], [4021.9189687942853, 1382.4551811842248], [4022.8922236996004, 1381.7031874479726], [4024.946254793671, 1384.3366106087342], [4035.4966289225267, 1376.138337641023], [4025.5769332059426, 1363.4584958301857], [4023.8776198945707, 1364.7801454579458], [4013.7548423126573, 1351.8392662191764], [4005.242137457477, 1358.4471020549536]]]}, "properties": {"building": "yes", "name": ""}}, {"type": "Feature", "geometry": {"type": "Polygon", "coordinates": [[[4187.62782387482, 1647.6954857185483], [4180.186173561844, 1652.9202205603942], [4181.555955496733, 1654.8574203429744], [4179.119248660281, 1656.5705343410373], [4180.3176960133715, 1658.2697488712147], [4177.230862775585, 1660.4322752635926], [4175.137169045163, 1657.4754185508937], [4171.2680946047185, 1660.1949694203213], [4172.272182770306, 1661.6111242594197], [4166.056980924215, 1665.9795317435637], [4167.22433191177, 1667.6334546180442], [4162.828589673969, 1670.7168103391305], [4169.8174339920515, 1680.60659657605], [4174.674090188579, 1677.2021442074329], [4175.226666091592, 1677.9838171033189], [4178.14909008285, 1675.9280357696116], [4176.818481072667, 1674.0363417882472], [4185.799486551783, 1667.7302341070026], [4187.02932470059, 1669.4636329431087], [4190.7994630537, 1666.8192448085174], [4189.561850916361, 1665.0745229208842], [4192.434667357476, 1663.061877633445], [4191.508624484763, 1661.7478367574513], [4195.558548741159, 1658.9108774298802], [4187.62782387482, 1647.6954857185483]]]}, "properties": {"building": "yes", "name": ""}}, {"type": "Feature", "geometry": {"type": "Polygon", "coordinates": [[[4057.374348549056, 1389.6046324586496], [4058.3138349930523, 1388.9073127796873], [4055.9203915524995, 1385.6757455021143], [4052.401873255265, 1388.271367878653], [4051.9886126247, 1387.7157184584066], [4050.0934973630356, 1389.1099281739444], [4048.2146828296827, 1386.5700948322192], [4044.465703927097, 1389.326276384294], [4046.7577797562117, 1392.4217577371746], [4041.5336683163187, 1396.272175594233], [4043.6307749819243, 1399.1068147942424], [4041.2989524629666, 1400.822784639895], [4040.5274495745543, 1399.768529462628], [4038.2697587483563, 1401.43090996705], [4036.43759362353, 1398.9590128371492], [4033.504062797758, 1401.1257057469338], [4035.4223466811236, 1403.699932910502], [4032.859767650487, 1405.5875675361603], [4033.592989778728, 1406.5629982510582], [4030.8985918106046, 1408.5471395300701], [4038.851016982342, 1419.2738595148548], [4051.828613003483, 1409.7178521919996], [4050.549960454111, 1407.9942931067199], [4063.7912372718565, 1398.2452967176214], [4057.374348549056, 1389.6046324586496]]]}, "properties": {"building": "yes", "name": ""}}, {"type": "Feature", "geometry": {"type": "Polygon", "coordinates": [[[4203.888768605655, 1459.8531605992466], [4205.092943898053, 1461.6414454812184], [4218.482772165444, 1452.6858405983075], [4211.024778132793, 1441.6053428705782], [4208.244815891492, 1443.4648681040853], [4207.561241723015, 1442.4462874019518], [4204.920878042583, 1444.2206337600946], [4203.126420059125, 1441.5496371071786], [4200.099552977597, 1443.5803900398314], [4201.824633935699, 1446.127271846868], [4199.488871150301, 1447.6874817712232], [4200.219390898943, 1448.7628893423826], [4197.817569659441, 1450.376904384233], [4195.843996632262, 1447.4566020537168], [4190.448790871073, 1451.057813828811], [4188.29669476347, 1447.8659935444593], [4184.422994278721, 1450.452046789229], [4186.194429853465, 1453.0779648991302], [4184.237104592612, 1454.3815584294498], [4184.6255407050485, 1454.9587815655395], [4180.990382940508, 1457.3845021193847], [4183.235774863046, 1460.7121880892664], [4184.20606756967, 1460.0712816296145], [4190.219187701936, 1469.0013676686212], [4203.888768605655, 1459.8531605992466]]]}, "properties": {"building": "yes", "name": ""}}, {"type": "Feature", "geometry": {"type": "Polygon", "coordinates": [[[4379.743058944703, 1525.6780710499734], [4374.7597171867965, 1528.978964239359], [4373.602541922359, 1527.2474760189652], [4363.628097857931, 1533.8379523139447], [4364.777202651952, 1535.5692226504907], [4363.699888044037, 1536.2850383613259], [4363.070767070982, 1535.345698586665], [4359.724036730942, 1537.5567596526816], [4358.3339284785325, 1535.474491192028], [4353.350902391598, 1538.7642933977768], [4354.461434785742, 1540.4278427949175], [4351.164032021188, 1542.6068855086342], [4357.469600805314, 1552.0673456098884], [4362.781433920725, 1548.564063792117], [4363.783122751629, 1550.069099104032], [4366.957369821379, 1547.9645653348416], [4368.456014569965, 1550.2164580570534], [4371.646406472311, 1548.1123587545007], [4370.955391294672, 1547.0713312197477], [4373.191925401217, 1545.5974381649867], [4372.159140873235, 1544.047111148946], [4378.120844212011, 1540.105553790927], [4378.897375731845, 1541.2711303774267], [4382.918479991495, 1538.6113344458863], [4382.141651365557, 1537.4568638028577], [4385.92421913927, 1534.9573971871287], [4379.743058944703, 1525.6780710499734]]]}, "properties": {"building": "yes", "name": ""}}, {"type": "Feature", "geometry": {"type": "Polygon", "coordinates": [[[4223.942244662787, 1620.5699451481923], [4218.451781031792, 1624.113007908687], [4218.05588149128, 1623.51335349679], [4214.817740661907, 1625.5940150246024], [4215.213343180949, 1626.2047756602988], [4213.142166229431, 1627.5386555436999], [4211.761295385077, 1625.4122082665563], [4207.265626420383, 1628.303919523023], [4209.592894082074, 1631.8894403101876], [4207.3818293522345, 1633.3196084033698], [4206.435433001141, 1631.8605342693627], [4202.843389133457, 1634.1873630350456], [4201.865894350922, 1632.6830001054332], [4198.159068187466, 1635.0734465727583], [4199.128491833224, 1636.577593007125], [4196.309440197772, 1638.3916158666834], [4203.08192644536, 1648.8202527286485], [4209.903722858173, 1644.4236495755613], [4211.183820185834, 1646.3917993130162], [4217.5536666415865, 1642.2831993158907], [4216.281641766895, 1640.3152643060312], [4222.618616539636, 1636.2280178731307], [4223.580557534704, 1637.7097392054275], [4226.621709708474, 1635.7460691099986], [4225.659769042395, 1634.264347336255], [4230.714709854568, 1630.9986103763804], [4223.942244662787, 1620.5699451481923]]]}, "properties": {"building": "yes", "name": ""}}, {"type": "Feature", "geometry": {"type": "Polygon", "coordinates": [[[4529.940051670768, 1519.48785886541], [4528.728210309055, 1520.4001027448103], [4525.101976320264, 1515.5570671055466], [4485.095803176868, 1545.3385199997574], [4488.722344528884, 1550.1704274257645], [4487.5272529013455, 1551.0608982052654], [4492.144067615387, 1557.2197272386402], [4496.742989106337, 1553.7974735032767], [4498.497799918638, 1556.1340631302446], [4503.409698757459, 1552.4867985388264], [4501.655186153599, 1550.1391011988744], [4505.471237184131, 1547.2960508298129], [4507.108841426321, 1549.485014654696], [4512.185754886246, 1545.7088054651394], [4510.548151204013, 1543.5198403913528], [4512.682764497586, 1541.9321166519076], [4513.439225403825, 1542.9415707122535], [4515.60672158224, 1541.332500319928], [4516.971638619667, 1543.1473835520446], [4523.004522247007, 1538.6632522623986], [4521.639605759992, 1536.8483677925542], [4525.48855502042, 1533.9839808782563], [4526.736563425744, 1535.640131270513], [4532.044268490048, 1531.692291249521], [4530.796558199101, 1530.0250334441662], [4535.321087059681, 1526.6674966244027], [4529.940051670768, 1519.48785886541]]]}, "properties": {"building": "yes", "name": ""}}, {"type": "Feature", "geometry": {"type": "Polygon", "coordinates": [[[4208.181606859085, 1554.517914599739], [4209.916210245341, 1557.0094836978242], [4220.969488741714, 1549.3362179873511], [4219.623611447285, 1547.410765063949], [4232.265357101569, 1538.6352377887815], [4225.045875363983, 1528.3057608120143], [4226.617876673816, 1527.2141570309177], [4224.431754794088, 1524.088098176755], [4220.802311137784, 1526.6028640195727], [4219.674412310356, 1524.9833315648139], [4217.2878636114765, 1526.6310903290287], [4216.081921603647, 1524.9094411414117], [4213.028493511723, 1527.0283909458667], [4214.234435844584, 1528.7500395765528], [4211.773461921024, 1530.4624951034784], [4212.901361548458, 1532.0820262143388], [4210.020711206249, 1534.0833418024704], [4211.016740936437, 1535.4992859140038], [4208.868436287856, 1536.9978203857318], [4208.3708670989145, 1536.2731888489798], [4206.049789890414, 1537.8893598020077], [4204.67310495337, 1535.9075142294168], [4201.0517469770275, 1538.4225063463673], [4202.428729497711, 1540.3932447498664], [4200.2475475074025, 1541.9131309492514], [4200.745414201054, 1542.6266554603353], [4197.782569871284, 1544.681348754093], [4205.803142738529, 1556.1658930806443], [4208.181606859085, 1554.517914599739]]]}, "properties": {"building": "yes", "name": ""}}, {"type": "Feature", "geometry": {"type": "Polygon", "coordinates": [[[4292.946446097922, 1495.35713840276], [4289.960525582428, 1497.3667184524238], [4289.4707359523745, 1496.653403231874], [4287.266195966979, 1498.1392946355045], [4285.906262896722, 1496.1356512978673], [4282.253754032892, 1498.6053111068904], [4283.605913146865, 1500.5976312374696], [4281.269553124206, 1502.1800256371498], [4281.759343140409, 1502.8933402504772], [4279.5957599770045, 1504.3581014405936], [4278.61647689098, 1502.920366158709], [4275.712470241822, 1504.8876870339736], [4274.601317962981, 1503.2463643420488], [4272.116995227407, 1504.924831053242], [4270.935574718635, 1503.192713423632], [4267.859092461644, 1505.2665652558208], [4269.0324416233925, 1506.9984663100913], [4266.630324879545, 1508.6235631350428], [4267.741478032665, 1510.2648844867945], [4264.08091196348, 1512.7343378029764], [4266.225770089659, 1515.892649108544], [4267.8133302758215, 1514.823699596338], [4274.892871230957, 1525.249509131536], [4287.651350518456, 1516.6439199149609], [4288.972406366956, 1518.5909514836967], [4300.126909337356, 1511.0650041969493], [4298.4252061956795, 1508.5520627005026], [4300.818962302525, 1506.9378673909232], [4292.946446097922, 1495.35713840276]]]}, "properties": {"building": "yes", "name": ""}}, {"type": "Feature", "geometry": {"type": "Polygon", "coordinates": [[[4611.803417936317, 1405.3924773940817], [4609.968556434731, 1406.6436638273299], [4606.618241767865, 1401.7524115629494], [4585.160149309668, 1416.3593691112474], [4586.473668066785, 1418.2840317161754], [4566.842446737341, 1431.6396365268156], [4570.013969076448, 1436.2704443307593], [4569.034668168402, 1436.9443989982828], [4574.010063493275, 1444.1909920172766], [4578.963070281898, 1440.8227384909987], [4580.300205240841, 1442.7702620616183], [4585.203892397112, 1439.4340339014307], [4583.858686263207, 1437.4862929405645], [4588.0548048430355, 1434.6312451055273], [4589.32167460199, 1436.487971521914], [4594.266623262782, 1433.1195125356317], [4592.999754106044, 1431.2627851730213], [4596.661088686786, 1428.7712939977646], [4595.666310426546, 1427.3108652448282], [4598.422477639397, 1425.4397416329011], [4599.977283344138, 1427.7043085014448], [4604.6014874202665, 1424.549544823356], [4603.046682396904, 1422.2849768698215], [4607.432044111192, 1419.3016414288431], [4608.7847239820985, 1421.2718164222315], [4613.729693778907, 1417.9033712456003], [4612.377014542115, 1415.933195241727], [4616.9106556217885, 1412.842697424814], [4611.803417936317, 1405.3924773940817]]]}, "properties": {"building": "yes", "name": ""}}, {"type": "Feature", "geometry": {"type": "Polygon", "coordinates": [[[4330.310570239322, 1478.8522074446082], [4327.316261612461, 1480.8726616762578], [4326.8267717808485, 1480.1482372488827], [4324.622217727243, 1481.6341167390347], [4323.270066027064, 1479.6417881492525], [4319.617533815908, 1482.1114282160997], [4320.969685999793, 1484.1037560598925], [4318.6336083480855, 1485.6750314151868], [4319.1230985770235, 1486.3994552372023], [4316.959501571488, 1487.8642047327012], [4315.9802234779345, 1486.4264638647437], [4313.068126518629, 1488.3935529692098], [4311.956979956012, 1486.7522239396349], [4309.480713072466, 1488.4308932973072], [4308.299595878343, 1486.687662514858], [4305.214724958758, 1488.7723880661651], [4306.396139814053, 1490.5045118806884], [4303.985935989884, 1492.1293796580285], [4305.097380727879, 1493.7596009317786], [4301.44486300007, 1496.2292505251244], [4303.589412849513, 1499.398680482991], [4305.176983160549, 1498.3297395501286], [4312.248713474022, 1508.7442669775337], [4325.015345929773, 1500.1389627996832], [4326.3360976700205, 1502.097108320333], [4337.490671861917, 1494.5712213264778], [4335.780905751046, 1492.0580540187657], [4338.182748856954, 1490.4440877530724], [4330.310570239322, 1478.8522074446082]]]}, "properties": {"building": "yes", "name": ""}}, {"type": "Feature", "geometry": {"type": "Polygon", "coordinates": [[[4234.618379402091, 1602.8392243068665], [4234.9449037768645, 1603.3147652242333], [4238.0873913185205, 1601.1870954418555], [4236.998976872303, 1599.6019586045295], [4241.063019935624, 1596.8432022482157], [4240.138164794771, 1595.4847291056067], [4242.227877762751, 1594.0624378258362], [4243.1608043102315, 1595.4211272569373], [4246.221393348998, 1593.3357268432155], [4247.356453123502, 1594.9887997023761], [4250.844791706768, 1592.614760116674], [4249.686706382199, 1590.9166129808873], [4258.325065291137, 1585.0459985202178], [4253.373377224198, 1577.8113995911554], [4250.94647920772, 1579.4580661579967], [4246.717799055041, 1573.2764577101916], [4239.823607937084, 1577.9600646970794], [4241.898781184922, 1581.0053607178852], [4238.986449233256, 1582.9835868394002], [4239.724720781203, 1584.0703219510615], [4237.075437252875, 1585.8777578938752], [4234.891421767883, 1582.6739497389644], [4230.810635781032, 1585.4544908273965], [4231.580005961703, 1586.586514604278], [4230.444727342343, 1587.3563713338226], [4230.825376572902, 1587.9222752032802], [4225.987743810285, 1591.2160569680855], [4227.013966954895, 1592.710612738505], [4222.464491467341, 1595.8009341526777], [4229.61635130574, 1606.2397477300838], [4234.618379402091, 1602.8392243068665]]]}, "properties": {"building": "yes", "name": ""}}, {"type": "Feature", "geometry": {"type": "Polygon", "coordinates": [[[4389.9230546825565, 1873.9198982547969], [4386.578733453527, 1879.6653786730021], [4393.904373678961, 1883.896114175208], [4397.248699576827, 1878.1506372522563], [4389.9230546825565, 1873.9198982547969]]]}, "properties": {"building": "yes", "name": ""}}, {"type": "Feature", "geometry": {"type": "Polygon", "coordinates": [[[3652.771468273946, 1311.9490368608385], [3648.9519191064173, 1323.7172552039847], [3668.2852222194197, 1329.9456402938813], [3672.0970275743166, 1318.1661102585495], [3652.771468273946, 1311.9490368608385]]]}, "properties": {"building": "yes", "name": ""}}, {"type": "Feature", "geometry": {"type": "Polygon", "coordinates": [[[3684.261734958971, 1326.0483169090003], [3681.5775318216765, 1337.646746814251], [3698.645620797877, 1341.5808239448816], [3701.330149070942, 1329.9712935760617], [3684.261734958971, 1326.0483169090003]]]}, "properties": {"building": "yes", "name": ""}}, {"type": "Feature", "geometry": {"type": "Polygon", "coordinates": [[[3791.5580392645206, 2050.4202224928886], [3789.9250600367086, 2046.5421815812588], [3770.526000100537, 2054.6601685630158], [3772.1589879031526, 2058.5382045265287], [3791.5580392645206, 2050.4202224928886]]]}, "properties": {"building": "yes", "name": ""}}, {"type": "Feature", "geometry": {"type": "Polygon", "coordinates": [[[3808.0153598077595, 1263.2536215111613], [3797.53410577029, 1257.9724162239581], [3789.042066049762, 1274.7062183907256], [3799.5232988103526, 1279.9874111060053], [3808.0153598077595, 1263.2536215111613]]]}, "properties": {"building": "yes", "name": ""}}, {"type": "Feature", "geometry": {"type": "Polygon", "coordinates": [[[3790.350634277682, 1431.4753344934434], [3785.5337775453227, 1442.7722951928154], [3801.7639441093197, 1449.6406998485327], [3806.5727530652657, 1438.3435345739126], [3790.350634277682, 1431.4753344934434]]]}, "properties": {"building": "yes", "name": ""}}, {"type": "Feature", "geometry": {"type": "Polygon", "coordinates": [[[4404.484851671499, 1930.3487020013854], [4405.849950646865, 1936.3759262533858], [4414.544436694472, 1934.430410604924], [4413.179642401636, 1928.392077960074], [4404.484851671499, 1930.3487020013854]]]}, "properties": {"building": "yes", "name": ""}}, {"type": "Feature", "geometry": {"type": "Polygon", "coordinates": [[[3824.380400279537, 1447.5436549121514], [3816.371858027298, 1457.3660997925326], [3829.3307340068277, 1467.8594340560958], [3837.339581367327, 1458.025897894986], [3824.380400279537, 1447.5436549121514]]]}, "properties": {"building": "yes", "name": ""}}, {"type": "Feature", "geometry": {"type": "Polygon", "coordinates": [[[3757.2995556914248, 1419.5900695836172], [3750.672911265283, 1429.6939813513309], [3766.90937202482, 1440.2635354101658], [3773.5360326732043, 1430.1596391182393], [3757.2995556914248, 1419.5900695836172]]]}, "properties": {"building": "residential", "name": ""}}, {"type": "Feature", "geometry": {"type": "Polygon", "coordinates": [[[4095.159620826249, 1558.8527390621603], [4082.179792030365, 1561.5510358791798], [4084.8020263585495, 1574.04699261114], [4097.773761145654, 1571.3484856784344], [4095.159620826249, 1558.8527390621603]]]}, "properties": {"building": "yes", "name": ""}}, {"type": "Feature", "geometry": {"type": "Polygon", "coordinates": [[[4376.441155949142, 1878.7936873845756], [4367.133348167525, 1877.3996284008026], [4361.9470059566665, 1911.8153666704893], [4371.254766111728, 1913.2094198958948], [4376.441155949142, 1878.7936873845756]]]}, "properties": {"building": "commercial", "name": ""}}, {"type": "Feature", "geometry": {"type": "Polygon", "coordinates": [[[4103.097845457145, 1938.309201397933], [4111.274694903754, 1939.4059059889987], [4112.162874321919, 1932.7721540806815], [4103.986016790383, 1931.6754486504942], [4103.097845457145, 1938.309201397933]]]}, "properties": {"building": "yes", "name": ""}}, {"type": "Feature", "geometry": {"type": "Polygon", "coordinates": [[[4713.366145075299, 1430.5898184077814], [4707.19169986411, 1429.2015840178356], [4705.697815982276, 1435.8079239604995], [4711.880327037536, 1437.1963737113401], [4713.366145075299, 1430.5898184077814]]]}, "properties": {"building": "yes", "name": ""}}, {"type": "Feature", "geometry": {"type": "Polygon", "coordinates": [[[3810.1216223756783, 2069.9658073307946], [3817.0198960952694, 2069.9388178084046], [3816.979841682827, 2062.96905695647], [3810.0893352868734, 2063.0073686419055], [3810.1216223756783, 2069.9658073307946]]]}, "properties": {"building": "yes", "name": ""}}, {"type": "Feature", "geometry": {"type": "Polygon", "coordinates": [[[3741.3914192579687, 1298.6307725915685], [3741.281388092437, 1310.020012662746], [3759.9196763377404, 1310.206157646142], [3760.0297391490312, 1298.8169169519097], [3741.3914192579687, 1298.6307725915685]]]}, "properties": {"building": "yes", "name": ""}}, {"type": "Feature", "geometry": {"type": "Polygon", "coordinates": [[[3715.7903443678515, 1335.9809066671878], [3712.7282018965343, 1346.3022119859233], [3729.069702656707, 1351.1283583473414], [3732.1399409589358, 1340.807275117375], [3715.7903443678515, 1335.9809066671878]]]}, "properties": {"building": "yes", "name": ""}}, {"type": "Feature", "geometry": {"type": "Polygon", "coordinates": [[[3790.3879857215798, 1291.769282054156], [3781.6141605600715, 1282.7436872357503], [3767.559932316537, 1296.328201951459], [3776.334052470862, 1305.3426721198484], [3790.3879857215798, 1291.769282054156]]]}, "properties": {"building": "yes", "name": ""}}, {"type": "Feature", "geometry": {"type": "Polygon", "coordinates": [[[3940.124140908825, 1949.390784113668], [3929.8051634775475, 1945.336214045994], [3917.8360729347914, 1975.536455111578], [3928.1627830282087, 1979.6023301417008], [3940.124140908825, 1949.390784113668]]]}, "properties": {"building": "yes", "name": ""}}, {"type": "Feature", "geometry": {"type": "Polygon", "coordinates": [[[3727.7057713553077, 1307.7905869707465], [3724.9797637655865, 1314.8977043991908], [3732.66397339839, 1317.8368480689824], [3735.390284701134, 1310.7186271185055], [3727.7057713553077, 1307.7905869707465]]]}, "properties": {"building": "yes", "name": ""}}, {"type": "Feature", "geometry": {"type": "Polygon", "coordinates": [[[3908.091318983119, 1322.197492847219], [3895.3614924707217, 1321.2684611594304], [3893.778574461001, 1342.7324221180752], [3906.508360096137, 1343.6614520167932], [3908.091318983119, 1322.197492847219]]]}, "properties": {"building": "yes", "name": ""}}, {"type": "Feature", "geometry": {"type": "Polygon", "coordinates": [[[3824.0654086695286, 1322.5768636707217], [3814.1792120996397, 1317.40042570699], [3804.964482368552, 1334.8818047549576], [3814.8587303083623, 1340.0584452860057], [3824.0654086695286, 1322.5768636707217]]]}, "properties": {"building": "yes", "name": ""}}, {"type": "Feature", "geometry": {"type": "Polygon", "coordinates": [[[3849.654083249159, 1463.9118507476524], [3841.64835437038, 1473.023024708964], [3854.1600197971566, 1483.9268155768514], [3862.1573864336824, 1474.826547170058], [3849.654083249159, 1463.9118507476524]]]}, "properties": {"building": "yes", "name": ""}}, {"type": "Feature", "geometry": {"type": "Polygon", "coordinates": [[[3903.97908244899, 1293.4904865138233], [3892.1854002407053, 1294.7093028500676], [3894.219749627053, 1314.1136830085889], [3906.01339862647, 1312.8948712032288], [3903.97908244899, 1293.4904865138233]]]}, "properties": {"building": "yes", "name": ""}}, {"type": "Feature", "geometry": {"type": "Polygon", "coordinates": [[[3676.9821137815015, 1387.2829504562542], [3673.0958318836056, 1398.827090350911], [3690.116658724379, 1404.5270701581612], [3694.002967948909, 1392.9829392684624], [3676.9821137815015, 1387.2829504562542]]]}, "properties": {"building": "yes", "name": ""}}, {"type": "Feature", "geometry": {"type": "Polygon", "coordinates": [[[3880.427134511294, 1483.0499897431582], [3872.083725857432, 1491.4963653767481], [3884.7723123779288, 1503.938721075654], [3893.1157237245934, 1495.4923610594124], [3880.427134511294, 1483.0499897431582]]]}, "properties": {"building": "yes", "name": ""}}, {"type": "Feature", "geometry": {"type": "Polygon", "coordinates": [[[3807.6379896305734, 2062.2528308788314], [3805.060658040573, 2055.326472225599], [3773.181711940095, 2067.1235436480492], [3775.7671411855845, 2074.050104786642], [3807.6379896305734, 2062.2528308788314]]]}, "properties": {"building": "yes", "name": ""}}, {"type": "Feature", "geometry": {"type": "Polygon", "coordinates": [[[4713.277173829265, 1442.0352747235447], [4711.926736813388, 1448.1119703883305], [4719.209706377005, 1449.7300108987838], [4720.568519640714, 1443.6424266500399], [4713.277173829265, 1442.0352747235447]]]}, "properties": {"building": "yes", "name": ""}}, {"type": "Feature", "geometry": {"type": "Polygon", "coordinates": [[[3657.2702053457033, 1366.4846840286627], [3652.541071452899, 1377.5284393345937], [3667.6123611364746, 1383.9432514263317], [3672.3415167684434, 1372.8995060510933], [3657.2702053457033, 1366.4846840286627]]]}, "properties": {"building": "yes", "name": ""}}, {"type": "Feature", "geometry": {"type": "Polygon", "coordinates": [[[3810.236896469607, 1368.2543731555343], [3804.7818220111076, 1377.4336793925613], [3820.241033867467, 1386.5599782830104], [3825.6961237867363, 1377.3806840963662], [3810.236896469607, 1368.2543731555343]]]}, "properties": {"building": "yes", "name": ""}}, {"type": "Feature", "geometry": {"type": "Polygon", "coordinates": [[[4130.777885761927, 2230.901713174768], [4123.900827202131, 2249.7677996642888], [4148.721984943841, 2258.756420146674], [4155.599107576651, 2239.8903570873663], [4130.777885761927, 2230.901713174768]]]}, "properties": {"building": "yes", "name": ""}}, {"type": "Feature", "geometry": {"type": "Polygon", "coordinates": [[[3744.9212942356244, 1346.1608722517267], [3741.0662738275714, 1357.7391569595784], [3758.321243504877, 1363.44555424992], [3762.1682198906783, 1351.8670631824061], [3744.9212942356244, 1346.1608722517267]]]}, "properties": {"building": "yes", "name": ""}}, {"type": "Feature", "geometry": {"type": "Polygon", "coordinates": [[[3847.3354850745527, 1372.2567494772375], [3843.696094235638, 1383.6184554183856], [3860.339771858533, 1388.9198014410213], [3863.987261076458, 1377.5583192324266], [3847.3354850745527, 1372.2567494772375]]]}, "properties": {"building": "yes", "name": ""}}, {"type": "Feature", "geometry": {"type": "Polygon", "coordinates": [[[3829.4996247006347, 1312.0632940325886], [3838.8250499012647, 1295.8852755296975], [3828.4184600485023, 1289.928036971949], [3819.0933501282707, 1306.0949628995731], [3829.4996247006347, 1312.0632940325886]]]}, "properties": {"building": "yes", "name": ""}}, {"type": "Feature", "geometry": {"type": "Polygon", "coordinates": [[[3778.449252912309, 1356.5361183062196], [3774.5681152897887, 1367.8802890991792], [3790.8182041388936, 1373.4043540991843], [3794.6993673222605, 1362.06019190792], [3778.449252912309, 1356.5361183062196]]]}, "properties": {"building": "yes", "name": ""}}, {"type": "Feature", "geometry": {"type": "Polygon", "coordinates": [[[3896.074877498788, 1265.2157069351524], [3884.4091233784566, 1270.7169732144102], [3893.264706355636, 1289.381017926149], [3904.9385094067547, 1283.8799832137302], [3896.074877498788, 1265.2157069351524]]]}, "properties": {"building": "yes", "name": ""}}, {"type": "Feature", "geometry": {"type": "Polygon", "coordinates": [[[3646.513668770902, 1406.9651012215763], [3641.8321926206117, 1418.3435626300052], [3658.9316336831544, 1425.3348217308521], [3663.6128393557156, 1413.9674778487533], [3646.513668770902, 1406.9651012215763]]]}, "properties": {"building": "yes", "name": ""}}, {"type": "Feature", "geometry": {"type": "Polygon", "coordinates": [[[3847.5958258380415, 1261.4538487503305], [3835.8647011584835, 1261.8408622061834], [3836.5505891477223, 1282.4429051512852], [3848.2816780495923, 1282.0558939371258], [3847.5958258380415, 1261.4538487503305]]]}, "properties": {"building": "yes", "name": ""}}, {"type": "Feature", "geometry": {"type": "Polygon", "coordinates": [[[3623.7542869466124, 1355.6546847978607], [3619.191902071121, 1367.4142228970304], [3633.823584320722, 1373.0503465151414], [3638.3782166942256, 1361.2794959638268], [3623.7542869466124, 1355.6546847978607]]]}, "properties": {"building": "yes", "name": ""}}, {"type": "Feature", "geometry": {"type": "Polygon", "coordinates": [[[4377.7760297015775, 1861.8244240339845], [4368.791699322523, 1858.6051536351442], [4364.656878594891, 1870.0422689635307], [4373.640897435485, 1873.2726406883448], [4377.7760297015775, 1861.8244240339845]]]}, "properties": {"building": "yes", "name": ""}}, {"type": "Feature", "geometry": {"type": "Polygon", "coordinates": [[[3875.603684858186, 1379.9468861427158], [3870.765737292939, 1389.9095117589459], [3886.348562726169, 1397.42769212462], [3891.178754324792, 1387.4537551421672], [3875.603684858186, 1379.9468861427158]]]}, "properties": {"building": "yes", "name": ""}}, {"type": "Feature", "geometry": {"type": "Polygon", "coordinates": [[[3698.703874777071, 1457.1823787018657], [3707.0848233923316, 1461.551608087495], [3706.420856572804, 1462.8231551153585], [3713.7580275099026, 1466.653288201429], [3719.3999844683567, 1455.9117847438902], [3703.6818460995564, 1447.712410500273], [3698.703874777071, 1457.1823787018657]]]}, "properties": {"building": "yes", "name": ""}}, {"type": "Feature", "geometry": {"type": "Polygon", "coordinates": [[[3788.456033307244, 1486.4184485049918], [3777.3238826664165, 1501.6035820394754], [3791.245558032533, 1511.7335405535996], [3792.5031492606504, 1510.0110444510356], [3796.8768937106943, 1513.1953443102539], [3801.035200847429, 1507.5046629887074], [3788.8964593178825, 1498.6670771986246], [3794.5965830977075, 1490.8947088411078], [3788.456033307244, 1486.4184485049918]]]}, "properties": {"building": "yes", "name": ""}}, {"type": "Feature", "geometry": {"type": "Polygon", "coordinates": [[[4683.925139700528, 1418.7745276037604], [4688.931691847509, 1414.918753513135], [4690.2906061313115, 1403.7074251873419], [4679.476965088863, 1402.7171504003927], [4666.313396242447, 1412.84495687671], [4666.5402699988335, 1421.8537110239267], [4681.967333726934, 1441.7732934104279], [4693.545403009513, 1443.4731755731627], [4694.3557383931475, 1432.2360169757158], [4683.925139700528, 1418.7745276037604]]]}, "properties": {"building": "yes", "name": ""}}, {"type": "Feature", "geometry": {"type": "Polygon", "coordinates": [[[5593.684599007829, 2769.822923757136], [5589.274203789653, 2777.6397382700816], [5587.953718669014, 2776.892794773914], [5580.346305892686, 2790.358481928706], [5587.625998480013, 2794.433782624081], [5590.305886374437, 2789.6934740720317], [5594.562334967079, 2792.0756379812956], [5595.5039598182775, 2790.4005135186017], [5600.460398511146, 2793.179454998113], [5608.848356776289, 2778.3232983099297], [5593.684599007829, 2769.822923757136]]]}, "properties": {"building": "yes", "name": ""}}, {"type": "Feature", "geometry": {"type": "Polygon", "coordinates": [[[3480.373691713903, 4526.0734670115635], [3485.676637334167, 4524.31434721034], [3487.5093390154652, 4529.7648069188], [3492.2015529769706, 4528.200575855561], [3494.1909383271122, 4534.133134412579], [3507.7865334101953, 4529.616577212699], [3505.5127921121893, 4522.84285197407], [3500.2259753562976, 4524.602386664599], [3497.989602218964, 4517.9408049033955], [3491.70093513804, 4520.029283309355], [3489.9731879007304, 4514.881709558889], [3477.957885026699, 4518.873618181795], [3480.373691713903, 4526.0734670115635]]]}, "properties": {"building": "yes", "name": ""}}, {"type": "Feature", "geometry": {"type": "Polygon", "coordinates": [[[3547.3584522948368, 4562.815013293177], [3547.877717958181, 4558.48315100465], [3553.914196129772, 4559.188817437738], [3554.4459792874986, 4554.690573934466], [3562.0357324565994, 4555.582179009914], [3563.641242538695, 4542.009920229204], [3555.8100260710344, 4541.089642717503], [3555.1225492963567, 4546.8841126794], [3548.4824406640837, 4546.106768424623], [3548.075036291266, 4549.574694737792], [3540.799335047719, 4548.713713556528], [3539.245472021983, 4561.865007373504], [3547.3584522948368, 4562.815013293177]]]}, "properties": {"building": "yes", "name": ""}}, {"type": "Feature", "geometry": {"type": "Polygon", "coordinates": [[[4635.116812295164, 2863.940255217254], [4625.703125910717, 2862.631830376573], [4625.431899009505, 2864.6140372231603], [4615.229728238424, 2863.195558561012], [4613.7394757254515, 2873.892120860517], [4620.296915003913, 2874.801586182788], [4620.0573488827795, 2876.506781756878], [4623.565468035522, 2876.9898998532444], [4624.215164604015, 2872.3392683500424], [4630.6037290924, 2873.221984377131], [4630.193298764294, 2876.178526534699], [4633.347526750644, 2876.6076977029443], [4635.116812295164, 2863.940255217254]]]}, "properties": {"building": "yes", "name": ""}}, {"type": "Feature", "geometry": {"type": "Polygon", "coordinates": [[[3559.761580434395, 4573.637915281579], [3554.9900844880613, 4576.055789113045], [3552.38121461065, 4570.951371174306], [3546.5699733351357, 4573.908341301605], [3544.751798181911, 4570.33657698147], [3537.598447067896, 4573.969065708108], [3543.529778050375, 4585.575110660866], [3549.029683933477, 4582.7876614434645], [3551.8379460227443, 4588.286401288584], [3557.779747171211, 4585.277348078787], [3560.3733597302344, 4590.34801857546], [3566.6674204468727, 4587.148313913494], [3559.761580434395, 4573.637915281579]]]}, "properties": {"building": "yes", "name": ""}}, {"type": "Feature", "geometry": {"type": "Polygon", "coordinates": [[[3537.8765512406826, 4504.533939075656], [3534.3972451713635, 4510.265041329898], [3529.661572843208, 4507.404568364844], [3526.2252822071314, 4513.036792712286], [3520.663271117839, 4509.676364053972], [3517.3617073685164, 4515.101013671607], [3529.9871699545765, 4522.739960933104], [3533.0354400349315, 4517.730905386619], [3539.225035532727, 4521.474862670526], [3542.5266148546943, 4516.050223349594], [3547.476853442029, 4519.038688869216], [3551.3444849447114, 4512.673320768401], [3537.8765512406826, 4504.533939075656]]]}, "properties": {"building": "yes", "name": ""}}, {"type": "Feature", "geometry": {"type": "Polygon", "coordinates": [[[4660.095486233826, 2860.631488883868], [4650.612219482777, 2860.11028687004], [4650.502088767011, 2862.107929982245], [4640.220481963479, 2861.54309321288], [4639.632249026443, 2872.3305397508666], [4646.23686777777, 2872.6855746563524], [4646.142258194857, 2874.4057734077796], [4649.682633567718, 2874.589680937119], [4649.937510916614, 2869.906228545122], [4656.380730645615, 2870.256942776963], [4656.220162922284, 2873.231302810833], [4659.397385854507, 2873.405471239239], [4660.095486233826, 2860.631488883868]]]}, "properties": {"building": "yes", "name": ""}}, {"type": "Feature", "geometry": {"type": "Polygon", "coordinates": [[[4491.64183481026, 3140.7316405111924], [4487.503158030682, 3139.6759578101337], [4487.8099847781705, 3138.4727114196867], [4478.449760950985, 3136.0878066243604], [4476.645854398026, 3143.1304496927187], [4482.1322067725705, 3144.522344346158], [4480.0119143890915, 3152.82354913], [4482.089467843878, 3153.346051072702], [4481.277738937642, 3156.514129382558], [4481.87132531323, 3156.663415708579], [4480.311502818833, 3162.7345322305337], [4488.621106776292, 3164.846757574007], [4491.0389734447235, 3155.3865183172747], [4488.079409022699, 3154.629193053581], [4491.64183481026, 3140.7316405111924]]]}, "properties": {"building": "yes", "name": ""}}, {"type": "Feature", "geometry": {"type": "Polygon", "coordinates": [[[4711.632566440967, 3295.1889012381434], [4711.569798797951, 3295.1205296078697], [4711.462211205275, 3295.2176715480164], [4706.61723425251, 3295.8100533643737], [4697.583438225207, 3294.511689396575], [4696.274097419926, 3303.579276064411], [4701.961680890876, 3304.3876964366063], [4701.5507904185215, 3305.2547083580866], [4710.481056894525, 3309.5067426320165], [4711.139679758577, 3308.1351167419925], [4712.723217420862, 3309.911479628645], [4719.44804150844, 3303.9679455012083], [4713.388569163973, 3297.1588393775746], [4713.115259240731, 3295.006414026022], [4711.632566440967, 3295.1889012381434]]]}, "properties": {"building": "yes", "name": ""}}, {"type": "Feature", "geometry": {"type": "Polygon", "coordinates": [[[3522.6648990268586, 4477.620370074175], [3515.2730690076714, 4480.201775121503], [3516.6987553874496, 4484.263204909861], [3510.04853731615, 4486.586539349519], [3511.67636115232, 4491.242421122268], [3506.134667826467, 4493.172983441502], [3507.897941017174, 4498.199251207523], [3501.5575851836475, 4500.408600688912], [3506.262233804562, 4513.815753385425], [3513.9387759173987, 4511.1530204974115], [3512.2433836233104, 4506.306391102262], [3517.581292949617, 4504.448198653758], [3515.8859011381865, 4499.601568357088], [3521.8596445781877, 4497.515824439004], [3520.2617316170363, 4492.949652469717], [3527.19699708221, 4490.533903345466], [3522.6648990268586, 4477.620370074175]]]}, "properties": {"building": "yes", "name": ""}}, {"type": "Feature", "geometry": {"type": "Polygon", "coordinates": [[[3550.6111753804144, 4689.939014268108], [3547.4967529323185, 4687.444096289575], [3551.8799532366684, 4682.026095371693], [3547.3587874529185, 4678.393319714814], [3551.642215125845, 4673.083799956366], [3548.591142221703, 4670.635029762052], [3551.5634674766334, 4666.957682049833], [3541.232418615371, 4658.668572904542], [3537.592441757559, 4663.161689252593], [3540.651293560164, 4665.621775913984], [3535.7590631030034, 4671.659721930511], [3539.466141010518, 4674.63724964112], [3535.8924939268036, 4679.065450026654], [3539.623178302427, 4682.065836655907], [3536.2502747138496, 4686.232647916302], [3546.778831084608, 4694.682622887194], [3550.6111753804144, 4689.939014268108]]]}, "properties": {"building": "yes", "name": ""}}, {"type": "Feature", "geometry": {"type": "Polygon", "coordinates": [[[4513.839822733193, 3039.5964680435136], [4514.643359462032, 3034.9277257099748], [4518.011829207651, 3035.495964061469], [4519.467159075895, 3026.999107713811], [4512.6584750688635, 3025.8273648563772], [4513.270835269825, 3022.264938998036], [4510.545567020541, 3021.8028641976416], [4511.148665252258, 3018.284647579305], [4503.897616219707, 3017.045481472276], [4503.389513675356, 3020.03275311552], [4493.027329281089, 3018.2656107591465], [4492.107911894913, 3023.6425711717457], [4502.461720381281, 3025.4206024389714], [4502.069514624658, 3027.699658341706], [4505.365359867341, 3028.2659429693595], [4503.7111013428075, 3037.857795845717], [4513.839822733193, 3039.5964680435136]]]}, "properties": {"building": "yes", "name": ""}}, {"type": "Feature", "geometry": {"type": "Polygon", "coordinates": [[[4540.020659835427, 2987.8161700451747], [4539.626938429545, 2993.162765371613], [4547.726783575723, 2993.7689799834043], [4547.903203000431, 2991.4063381413], [4555.200497883721, 2991.524233679287], [4555.183194457204, 2991.8683168841526], [4555.133583504707, 2991.9114441154525], [4555.180811617174, 2991.9571684002876], [4555.114008583827, 2993.544739987701], [4556.614418012672, 2993.6072073383257], [4564.4337737109745, 3002.5639701224864], [4571.577458189917, 2996.364768633619], [4564.831513720914, 2988.6371441539377], [4565.241011132603, 2979.089718461968], [4555.746566354064, 2978.6906002499163], [4555.616236683447, 2981.7435725415125], [4547.535849672626, 2981.6157913487405], [4547.435461275396, 2988.370670602657], [4540.020659835427, 2987.8161700451747]]]}, "properties": {"building": "yes", "name": ""}}, {"type": "Feature", "geometry": {"type": "Polygon", "coordinates": [[[4995.369374279282, 2863.8455763738602], [4968.174636939424, 2862.458807280287], [4967.478366186144, 2876.0441956594586], [4994.673048243858, 2877.4309635721147], [4995.369374279282, 2863.8455763738602]]]}, "properties": {"building": "yes", "name": ""}}, {"type": "Feature", "geometry": {"type": "Polygon", "coordinates": [[[4858.57773089793, 3574.807195333764], [4846.816524752765, 3577.9589143088087], [4850.950987809338, 3593.28570009768], [4862.720239264774, 3590.1342058535665], [4858.57773089793, 3574.807195333764]]]}, "properties": {"building": "yes", "name": ""}}, {"type": "Feature", "geometry": {"type": "Polygon", "coordinates": [[[4820.67475082411, 2927.7610745951533], [4820.472342027933, 2937.7030720748007], [4831.756285843439, 2937.928337192163], [4831.958711390966, 2927.986339557916], [4820.67475082411, 2927.7610745951533]]]}, "properties": {"building": "yes", "name": ""}}, {"type": "Feature", "geometry": {"type": "Polygon", "coordinates": [[[4833.426447331323, 3682.3196811825037], [4831.04234082473, 3665.261611452326], [4811.484734935919, 3667.9705330347642], [4813.868889218196, 3685.0285944407806], [4833.426447331323, 3682.3196811825037]]]}, "properties": {"building": "yes", "name": ""}}, {"type": "Feature", "geometry": {"type": "Polygon", "coordinates": [[[4460.22758518788, 3055.486587082967], [4451.24080500158, 3050.0108147487044], [4444.679403626942, 3060.704852582887], [4453.666471317993, 3066.1695100292563], [4460.22758518788, 3055.486587082967]]]}, "properties": {"building": "yes", "name": ""}}, {"type": "Feature", "geometry": {"type": "Polygon", "coordinates": [[[4598.5059687882895, 3001.632867113687], [4583.935058054631, 3005.332131994888], [4587.223621477722, 3018.213050614111], [4601.794507061946, 3014.5137935793027], [4598.5059687882895, 3001.632867113687]]]}, "properties": {"building": "yes", "name": ""}}, {"type": "Feature", "geometry": {"type": "Polygon", "coordinates": [[[4851.696389699588, 3369.2714581238106], [4842.647209253046, 3368.8505207849666], [4841.882549072034, 3385.2904968429357], [4850.923637800268, 3385.7112170187756], [4851.696389699588, 3369.2714581238106]]]}, "properties": {"building": "yes", "name": ""}}, {"type": "Feature", "geometry": {"type": "Polygon", "coordinates": [[[4441.918792889803, 3081.448168227449], [4435.871957415831, 3082.586490090005], [4437.069060846465, 3088.8426482686773], [4443.115891038673, 3087.7043276336044], [4441.918792889803, 3081.448168227449]]]}, "properties": {"building": "yes", "name": ""}}, {"type": "Feature", "geometry": {"type": "Polygon", "coordinates": [[[5106.123942466569, 3190.4219592493027], [5096.527569341357, 3189.9192850077525], [5095.89376698737, 3202.0725930901244], [5105.490122658433, 3202.575266943313], [5106.123942466569, 3190.4219592493027]]]}, "properties": {"building": "yes", "name": ""}}, {"type": "Feature", "geometry": {"type": "Polygon", "coordinates": [[[3528.8355440502055, 4550.472916910425], [3521.0729788726894, 4555.756325534545], [3530.44594150153, 4569.399183565751], [3538.200431786943, 4564.1155706923455], [3528.8355440502055, 4550.472916910425]]]}, "properties": {"building": "yes", "name": ""}}, {"type": "Feature", "geometry": {"type": "Polygon", "coordinates": [[[4487.294380943524, 3070.3497018599883], [4480.56807011913, 3076.3489998988807], [4487.790159434429, 3084.3893947796896], [4494.5164696651045, 3078.3901039632037], [4487.294380943524, 3070.3497018599883]]]}, "properties": {"building": "yes", "name": ""}}, {"type": "Feature", "geometry": {"type": "Polygon", "coordinates": [[[4328.666851817514, 3141.132346894592], [4320.236250816844, 3142.329177033156], [4321.296708522481, 3149.7708915462717], [4329.727300551138, 3148.574062996544], [4328.666851817514, 3141.132346894592]]]}, "properties": {"building": "yes", "name": ""}}, {"type": "Feature", "geometry": {"type": "Polygon", "coordinates": [[[4313.078961586347, 3059.801948927343], [4310.514189945883, 3073.248375880532], [4336.635217032977, 3078.20482952334], [4339.200040494674, 3064.7584109855816], [4313.078961586347, 3059.801948927343]]]}, "properties": {"building": "yes", "name": ""}}, {"type": "Feature", "geometry": {"type": "Polygon", "coordinates": [[[5110.213676825748, 3258.4303648965433], [5098.236265551415, 3257.88585432712], [5097.771601344459, 3267.9541907049716], [5109.748695775983, 3268.5098074274138], [5110.213676825748, 3258.4303648965433]]]}, "properties": {"building": "yes", "name": ""}}, {"type": "Feature", "geometry": {"type": "Polygon", "coordinates": [[[4858.104463868891, 3475.809041807428], [4868.345840685535, 3473.0277315946296], [4866.309971166658, 3465.5485668126494], [4856.060813256889, 3468.3185571674258], [4858.104463868891, 3475.809041807428]]]}, "properties": {"building": "yes", "name": ""}}, {"type": "Feature", "geometry": {"type": "Polygon", "coordinates": [[[4807.641677589971, 3467.1289936369285], [4798.734268656233, 3466.2451088130474], [4797.2442858846625, 3481.131809525192], [4806.151376665919, 3482.0267994133756], [4807.641677589971, 3467.1289936369285]]]}, "properties": {"building": "yes", "name": ""}}, {"type": "Feature", "geometry": {"type": "Polygon", "coordinates": [[[4392.043393396074, 3079.3558092601597], [4385.3430541463895, 3086.800767177716], [4396.021366567351, 3096.3563088905066], [4402.721709610079, 3088.9113614736125], [4392.043393396074, 3079.3558092601597]]]}, "properties": {"building": "yes", "name": ""}}, {"type": "Feature", "geometry": {"type": "Polygon", "coordinates": [[[4548.865987336962, 3140.3988405130804], [4542.174550502561, 3142.086613437161], [4544.74643624539, 3152.1808011028916], [4551.437864021282, 3150.49303100165], [4548.865987336962, 3140.3988405130804]]]}, "properties": {"building": "yes", "name": ""}}, {"type": "Feature", "geometry": {"type": "Polygon", "coordinates": [[[4798.585333427414, 3482.0125270932913], [4791.910430430085, 3486.401294200681], [4796.3417243303265, 3493.088955895044], [4803.0169225013815, 3488.6890868209302], [4798.585333427414, 3482.0125270932913]]]}, "properties": {"building": "yes", "name": ""}}, {"type": "Feature", "geometry": {"type": "Polygon", "coordinates": [[[4374.377092030714, 3071.4024711642414], [4389.599204823724, 3074.7334089484066], [4391.373623088817, 3066.678545688279], [4376.151789915166, 3063.336497982964], [4374.377092030714, 3071.4024711642414]]]}, "properties": {"building": "yes", "name": ""}}, {"type": "Feature", "geometry": {"type": "Polygon", "coordinates": [[[4567.510914367624, 3207.596604107879], [4563.5226736612385, 3197.019837802276], [4551.033662512666, 3201.6974876858294], [4555.029988739057, 3212.2744625648484], [4567.510914367624, 3207.596604107879]]]}, "properties": {"building": "yes", "name": ""}}, {"type": "Feature", "geometry": {"type": "Polygon", "coordinates": [[[4859.5193506084615, 2844.1901120590046], [4859.246193765197, 2832.7126592304558], [4837.879848092911, 2833.216847071424], [4838.161111431895, 2844.694514718838], [4859.5193506084615, 2844.1901120590046]]]}, "properties": {"building": "yes", "name": ""}}, {"type": "Feature", "geometry": {"type": "Polygon", "coordinates": [[[4237.421507455525, 3115.193056408316], [4251.850920920842, 3107.410288998857], [4248.010249730549, 3100.349845067598], [4233.580826690304, 3108.1326209791005], [4237.421507455525, 3115.193056408316]]]}, "properties": {"building": "yes", "name": ""}}, {"type": "Feature", "geometry": {"type": "Polygon", "coordinates": [[[4752.777628082549, 2838.856220083311], [4754.803998453775, 2855.4266836782917], [4765.199377058423, 2854.160867216997], [4763.173031524639, 2837.590399767272], [4752.777628082549, 2838.856220083311]]]}, "properties": {"building": "yes", "name": ""}}, {"type": "Feature", "geometry": {"type": "Polygon", "coordinates": [[[5621.104502581526, 2965.8558393614367], [5610.003286203137, 2963.944764670916], [5607.601723415777, 2977.828711357899], [5618.702916961978, 2979.739782769233], [5621.104502581526, 2965.8558393614367]]]}, "properties": {"building": "yes", "name": ""}}, {"type": "Feature", "geometry": {"type": "Polygon", "coordinates": [[[5599.718571943231, 2982.0618770550936], [5594.868013018393, 2980.4528082720935], [5592.847453241586, 2986.5001813238487], [5597.698008075473, 2988.109248773195], [5599.718571943231, 2982.0618770550936]]]}, "properties": {"building": "yes", "name": ""}}, {"type": "Feature", "geometry": {"type": "Polygon", "coordinates": [[[4586.812201853958, 3347.8450199421495], [4601.722321897862, 3345.622007017955], [4600.571048877551, 3337.9666156442836], [4585.66121050471, 3340.1785251479596], [4586.812201853958, 3347.8450199421495]]]}, "properties": {"building": "yes", "name": ""}}, {"type": "Feature", "geometry": {"type": "Polygon", "coordinates": [[[4699.626238389057, 3237.3604669440538], [4694.392135696951, 3225.672067434527], [4672.16968847753, 3235.5565522797406], [4677.403819737607, 3247.2449336955324], [4699.626238389057, 3237.3604669440538]]]}, "properties": {"building": "yes", "name": ""}}, {"type": "Feature", "geometry": {"type": "Polygon", "coordinates": [[[4264.842667478137, 3170.2099746270105], [4250.440917496919, 3165.200771412812], [4247.467655215529, 3173.7014839313924], [4261.869388289168, 3178.7106812903658], [4264.842667478137, 3170.2099746270105]]]}, "properties": {"building": "yes", "name": ""}}, {"type": "Feature", "geometry": {"type": "Polygon", "coordinates": [[[4717.890103239799, 3190.836616564542], [4717.593888290343, 3199.4645899794996], [4738.611522787134, 3200.1733125038445], [4738.907466671197, 3191.5564456600696], [4717.890103239799, 3190.836616564542]]]}, "properties": {"building": "yes", "name": ""}}, {"type": "Feature", "geometry": {"type": "Polygon", "coordinates": [[[4676.793764558737, 2811.375814535655], [4669.249746579677, 2815.9303541881964], [4679.621454641572, 2833.002586465329], [4687.157093917835, 2828.458948591724], [4676.793764558737, 2811.375814535655]]]}, "properties": {"building": "yes", "name": ""}}, {"type": "Feature", "geometry": {"type": "Polygon", "coordinates": [[[5359.717435578932, 3224.412814226933], [5370.609182616929, 3222.0943396529183], [5368.3266900429735, 3211.4962921077386], [5357.442697594175, 3213.8260946804658], [5359.717435578932, 3224.412814226933]]]}, "properties": {"building": "yes", "name": ""}}, {"type": "Feature", "geometry": {"type": "Polygon", "coordinates": [[[4657.982234295108, 3047.4306873232126], [4650.712214422645, 3051.414635839872], [4660.308276843862, 3068.7883691284806], [4667.578583095106, 3064.793324862607], [4657.982234295108, 3047.4306873232126]]]}, "properties": {"building": "yes", "name": ""}}, {"type": "Feature", "geometry": {"type": "Polygon", "coordinates": [[[5543.948514088988, 3110.175311738625], [5531.650601245579, 3111.9221039619297], [5533.1241256557405, 3122.2649987833574], [5545.42202031333, 3120.5182097889483], [5543.948514088988, 3110.175311738625]]]}, "properties": {"building": "yes", "name": ""}}, {"type": "Feature", "geometry": {"type": "Polygon", "coordinates": [[[5006.697442460456, 2921.9120041690767], [4995.647083550575, 2917.802662282251], [4992.723865789943, 2925.6042341347784], [5003.774212974706, 2929.7135715764016], [5006.697442460456, 2921.9120041690767]]]}, "properties": {"building": "yes", "name": ""}}, {"type": "Feature", "geometry": {"type": "Polygon", "coordinates": [[[4889.139485786436, 3542.1405127914622], [4881.236509647337, 3545.3513996507972], [4887.117428218131, 3559.691494821571], [4895.020689723897, 3556.469508793205], [4889.139485786436, 3542.1405127914622]]]}, "properties": {"building": "yes", "name": ""}}, {"type": "Feature", "geometry": {"type": "Polygon", "coordinates": [[[5329.991345784045, 3216.3209382081404], [5330.118681149092, 3227.483330467716], [5342.340352237807, 3227.3568476708606], [5342.221406022669, 3216.183565513231], [5329.991345784045, 3216.3209382081404]]]}, "properties": {"building": "yes", "name": ""}}, {"type": "Feature", "geometry": {"type": "Polygon", "coordinates": [[[4690.842076677945, 2957.163005042821], [4685.04498561332, 2942.6697983033955], [4672.817257271381, 2947.5209795348346], [4678.614369073301, 2962.014175148681], [4690.842076677945, 2957.163005042821]]]}, "properties": {"building": "yes", "name": ""}}, {"type": "Feature", "geometry": {"type": "Polygon", "coordinates": [[[4604.263947640196, 3092.8478767378256], [4604.632764123962, 3103.483169852756], [4613.604830562719, 3103.1792580783367], [4613.244098011521, 3092.5441805506125], [4604.263947640196, 3092.8478767378256]]]}, "properties": {"building": "yes", "name": ""}}, {"type": "Feature", "geometry": {"type": "Polygon", "coordinates": [[[4359.812858554185, 3152.9366117073223], [4349.955557374167, 3155.239966643974], [4352.058343146578, 3164.1655991859734], [4361.907562661101, 3161.8620314802974], [4359.812858554185, 3152.9366117073223]]]}, "properties": {"building": "yes", "name": ""}}, {"type": "Feature", "geometry": {"type": "Polygon", "coordinates": [[[5025.018444951507, 2971.8862112509087], [5020.489062013687, 2982.6566071938723], [5035.478969189338, 2988.916992840357], [5040.00837336632, 2978.1466063447297], [5025.018444951507, 2971.8862112509087]]]}, "properties": {"building": "yes", "name": ""}}, {"type": "Feature", "geometry": {"type": "Polygon", "coordinates": [[[4354.911188105005, 3204.47619962506], [4346.992941983626, 3195.8949209619313], [4338.822000084212, 3203.3783226823434], [4346.748316130019, 3211.9598079174757], [4354.911188105005, 3204.47619962506]]]}, "properties": {"building": "yes", "name": ""}}, {"type": "Feature", "geometry": {"type": "Polygon", "coordinates": [[[5505.131950349663, 3188.8308862298727], [5508.042273305706, 3197.7009395128116], [5517.31394448597, 3194.6721459990367], [5514.403332440648, 3185.8131948523223], [5505.131950349663, 3188.8308862298727]]]}, "properties": {"building": "yes", "name": ""}}, {"type": "Feature", "geometry": {"type": "Polygon", "coordinates": [[[4639.546827295795, 2965.2115715239197], [4639.502651055343, 2954.818389833905], [4629.600524814101, 2954.8639223752543], [4629.645014351932, 2965.245997108519], [4639.546827295795, 2965.2115715239197]]]}, "properties": {"building": "yes", "name": ""}}, {"type": "Feature", "geometry": {"type": "Polygon", "coordinates": [[[4546.720918124076, 3078.8562918640673], [4538.134889106266, 3075.002736459486], [4533.936485924642, 3084.304071655497], [4538.173603509786, 3086.207117712125], [4534.833710380481, 3093.608678505756], [4548.678437936585, 3099.815028901212], [4552.499443328823, 3091.3371629389003], [4543.011672324268, 3087.081526145339], [4546.720918124076, 3078.8562918640673]]]}, "properties": {"building": "yes", "name": ""}}, {"type": "Feature", "geometry": {"type": "Polygon", "coordinates": [[[4426.866670588031, 3182.96397292614], [4421.506049825344, 3180.4973931871355], [4423.751276665484, 3175.667221017182], [4417.034575136378, 3172.575238082558], [4410.572622672073, 3186.4951481595635], [4417.632141506416, 3189.751914460212], [4419.046682250802, 3186.688900589943], [4424.0641719707055, 3189.0017951363698], [4426.866670588031, 3182.96397292614]]]}, "properties": {"building": "yes", "name": ""}}, {"type": "Feature", "geometry": {"type": "Polygon", "coordinates": [[[3550.2212341120467, 4613.172788309865], [3556.096794160898, 4612.040295358747], [3556.871290200739, 4615.995447110385], [3565.5713822314283, 4614.304810846224], [3562.9927261398407, 4601.109933719039], [3557.1007229246898, 4602.253096824512], [3556.113524848013, 4597.191947448999], [3547.4214820079505, 4598.88281179592], [3550.2212341120467, 4613.172788309865]]]}, "properties": {"building": "yes", "name": ""}}, {"type": "Feature", "geometry": {"type": "Polygon", "coordinates": [[[5390.096530397306, 3374.8993150060996], [5388.023575598025, 3382.9014793289825], [5398.585537391249, 3385.620166512206], [5398.982794337906, 3384.063725071959], [5410.571358342306, 3387.0435006804764], [5413.834624994197, 3374.427552732639], [5400.938793058274, 3371.112452956848], [5399.343488556799, 3377.2713622702286], [5390.096530397306, 3374.8993150060996]]]}, "properties": {"building": "yes", "name": ""}}, {"type": "Feature", "geometry": {"type": "Polygon", "coordinates": [[[3858.343771061511, 4838.876593254507], [3854.1962875268655, 4843.322636981495], [3857.182089991984, 4846.092130479403], [3854.081713496358, 4849.4213798251], [3867.789594181231, 4862.13589440193], [3870.0089719562093, 4859.750053528696], [3871.8681050689192, 4861.478026176803], [3876.9046601030277, 4856.088807468303], [3858.343771061511, 4838.876593254507]]]}, "properties": {"building": "yes", "name": ""}}, {"type": "Feature", "geometry": {"type": "Polygon", "coordinates": [[[1861.474463941413, 4532.5836763605475], [1871.148717498756, 4531.283376375213], [1869.0734205339104, 4516.0242862468585], [1859.399145786767, 4517.324589826167], [1861.474463941413, 4532.5836763605475]]]}, "properties": {"building": "yes", "name": ""}}, {"type": "Feature", "geometry": {"type": "Polygon", "coordinates": [[[1852.7520938885864, 4521.694631185383], [1853.2705966198118, 4525.59830702655], [1856.8516128995689, 4525.126122018322], [1856.3331121772062, 4521.22244584281], [1852.7520938885864, 4521.694631185383]]]}, "properties": {"building": "yes", "name": ""}}, {"type": "Feature", "geometry": {"type": "Polygon", "coordinates": [[[2099.1546676218277, 3754.472153007984], [2116.6896781063406, 3721.62681225501], [2099.3542343487497, 3712.4434712361544], [2081.819584769779, 3745.277748696506], [2099.1546676218277, 3754.472153007984]]]}, "properties": {"building": "yes", "name": "Gondola Maitenence Facility"}}, {"type": "Feature", "geometry": {"type": "Polygon", "coordinates": [[[1989.2340948324418, 3624.4404907030985], [1993.2573333802866, 3631.0820206953213], [2004.1539577939548, 3624.5238010948524], [1999.643518173718, 3617.0691589182243], [2012.1484385732329, 3609.5420851903036], [2005.9508864169475, 3599.319845404476], [1993.6428440246964, 3606.729880669154], [1987.8786310370779, 3597.219312056899], [1977.6383740592282, 3603.383687408641], [1982.721880763187, 3611.7648289604113], [1972.3421266888035, 3618.0144364172593], [1979.7159928757465, 3630.168273015879], [1989.2340948324418, 3624.4404907030985]]]}, "properties": {"building": "yes", "name": ""}}, {"type": "Feature", "geometry": {"type": "Polygon", "coordinates": [[[2111.683560781181, 3995.337587843649], [2125.9286024895264, 3980.921525449492], [2096.7468043825356, 3952.285971896723], [2082.4939982906217, 3966.6907757399604], [2111.683560781181, 3995.337587843649]]]}, "properties": {"building": "yes", "name": ""}}, {"type": "Feature", "geometry": {"type": "Polygon", "coordinates": [[[2138.41433803807, 3977.762093981728], [2153.7237881915644, 3963.707683004439], [2143.1190255820984, 3952.2349806800485], [2127.8098687190795, 3966.278309318237], [2138.41433803807, 3977.762093981728]]]}, "properties": {"building": "yes", "name": ""}}, {"type": "Feature", "geometry": {"type": "Polygon", "coordinates": [[[2150.1191004725406, 3940.9614858729765], [2189.6302252272144, 3901.1847996544093], [2181.4152017969172, 3893.0762287797406], [2141.9040846558055, 3932.852962931618], [2150.1191004725406, 3940.9614858729765]]]}, "properties": {"building": "yes", "name": ""}}, {"type": "Feature", "geometry": {"type": "Polygon", "coordinates": [[[2469.540209208266, 4562.119127584621], [2489.929542960017, 4555.902412482537], [2481.218541251612, 4527.574509170838], [2460.829133133171, 4533.791252790019], [2469.540209208266, 4562.119127584621]]]}, "properties": {"building": "yes", "name": ""}}, {"type": "Feature", "geometry": {"type": "Polygon", "coordinates": [[[980.6351862307638, 2247.1633986989036], [998.2526757394662, 2251.038412795402], [997.2474892593455, 2247.8000246062875], [1002.5263685422251, 2244.2266581067815], [1010.8893430869794, 2240.0786238489673], [1000.1766116108047, 2221.4699412677437], [984.2015768071869, 2218.0937659908086], [979.6237876898376, 2220.4963640291244], [970.280258297571, 2225.38554280065], [980.6351862307638, 2247.1633986989036]]]}, "properties": {"building": "yes", "name": "Peak Lodge"}}, {"type": "Feature", "geometry": {"type": "Polygon", "coordinates": [[[2603.6447511779843, 4176.299458950758], [2618.7110053970246, 4177.821830070578], [2620.238508261391, 4162.858101970516], [2605.164151875302, 4161.3355143023655], [2603.6447511779843, 4176.299458950758]]]}, "properties": {"building": "yes", "name": ""}}, {"type": "Feature", "geometry": {"type": "Polygon", "coordinates": [[[920.0227296660887, 2893.299666087143], [920.3662137378706, 2887.2959682391956], [912.3459710585885, 2887.6520588016137], [913.1965387089876, 2894.6207127450034], [920.0227296660887, 2893.299666087143]]]}, "properties": {"building": "yes", "name": ""}}, {"type": "Feature", "geometry": {"type": "Polygon", "coordinates": [[[2907.0848316671327, 1894.6623292937875], [2905.235262041446, 1891.0121812205762], [2898.0943101483863, 1894.0900906948373], [2897.2974799706135, 1896.1139477947727], [2897.075285123894, 1898.3975818036124], [2897.851238407311, 1899.8963880389929], [2899.380170863471, 1901.3262810437009], [2901.5916733965278, 1901.3850235883147], [2903.243103069719, 1900.939862688072], [2908.5123160128715, 1897.4788112398237], [2907.0848316671327, 1894.6623292937875]]]}, "properties": {"building": "yes", "name": "Motor Room Bar"}}, {"type": "Feature", "geometry": {"type": "Polygon", "coordinates": [[[3014.7719991606427, 4838.232053756714], [3019.8972239317372, 4827.965401059948], [3006.9009056217037, 4820.917717369273], [3003.591745671467, 4826.042302366346], [3008.149371115607, 4830.131358780898], [3006.4673344866605, 4834.787969787605], [3014.7719991606427, 4838.232053756714]]]}, "properties": {"building": "yes", "name": ""}}, {"type": "Feature", "geometry": {"type": "Polygon", "coordinates": [[[2181.4831930905348, 3606.2088165916502], [2192.859285500832, 3589.783039851114], [2161.1453233199427, 3572.8613482872024], [2152.721757109859, 3588.1760916672647], [2181.4831930905348, 3606.2088165916502]]]}, "properties": {"building": "yes", "name": "K1 Umbrella Bar"}}, {"type": "Feature", "geometry": {"type": "Polygon", "coordinates": [[[814.3655767712044, 3462.366325060837], [806.5180237862514, 3458.3258595988154], [806.0082769285655, 3468.20401362516], [814.2187428598991, 3471.031460594386], [814.3655767712044, 3462.366325060837]]]}, "properties": {"building": "yes", "name": ""}}, {"type": "Feature", "geometry": {"type": "Polygon", "coordinates": [[[3530.3509545949055, 3495.0277012418956], [3516.836590012419, 3485.520190081559], [3512.1413406921783, 3492.319215534255], [3525.8809002035996, 3501.2547776689753], [3530.3509545949055, 3495.0277012418956]]]}, "properties": {"building": "yes", "name": "Jerk - Jamican Chicken"}}, {"type": "Feature", "geometry": {"type": "Polygon", "coordinates": [[[613.3839230184676, 2342.0168432425708], [608.6992361125303, 2345.117064599879], [613.3668146501295, 2351.907900542952], [617.9707938295323, 2348.805565940216], [613.3839230184676, 2342.0168432425708]]]}, "properties": {"building": "yes", "name": "Cooper Lodge"}}, {"type": "Feature", "geometry": {"type": "Polygon", "coordinates": [[[3766.6315782839665, 2026.2702317526564], [3772.12618954177, 2026.4835848920047], [3772.3723288030596, 2020.288356056437], [3766.8696413923753, 2020.0747874286026], [3766.6315782839665, 2026.2702317526564]]]}, "properties": {"building": "yes", "name": "Waffle Cabin"}}, {"type": "Feature", "geometry": {"type": "Polygon", "coordinates": [[[1386.541078544571, 3541.0469118794426], [1388.8133085569134, 3523.45752172824], [1377.5910555912415, 3521.861466855742], [1375.6174135534093, 3539.458726476878], [1386.541078544571, 3541.0469118794426]]]}, "properties": {"building": "yes", "name": ""}}, {"type": "Feature", "geometry": {"type": "Polygon", "coordinates": [[[934.1108213955304, 2220.6119696637616], [937.8802596206078, 2217.621286273934], [924.550025740522, 2200.877821004018], [920.7728060964728, 2203.857193483971], [934.1108213955304, 2220.6119696637616]]]}, "properties": {"building": "roof", "name": ""}}, {"type": "Feature", "geometry": {"type": "Polygon", "coordinates": [[[2114.5518882265314, 3699.275127974339], [2118.5425022124546, 3696.1575981378555], [2113.897771060583, 3690.733216552995], [2104.317960465909, 3679.56558428891], [2101.421226394479, 3682.234153142199], [2114.5518882265314, 3699.275127974339]]]}, "properties": {"building": "roof", "name": ""}}, {"type": "Feature", "geometry": {"type": "Polygon", "coordinates": [[[5324.475572714582, 2840.6245301431045], [5340.2497960721375, 2836.3590575186536], [5335.046456502401, 2817.257580956444], [5319.272193282493, 2821.523066933267], [5324.475572714582, 2840.6245301431045]]]}, "properties": {"building": "barn", "name": ""}}, {"type": "Feature", "geometry": {"type": "Polygon", "coordinates": [[[3564.8235167263774, 4460.484251436777], [3571.7119064970175, 4458.011723086238], [3568.3203452286543, 4448.651843701489], [3561.4319475824013, 4451.124375748448], [3564.8235167263774, 4460.484251436777]]]}, "properties": {"building": "yes", "name": ""}}, {"type": "Feature", "geometry": {"type": "Polygon", "coordinates": [[[3568.565032160259, 4437.666265823878], [3574.196495881304, 4436.004891886376], [3571.1070994090987, 4425.608324544504], [3565.475628088345, 4427.269701283425], [3568.565032160259, 4437.666265823878]]]}, "properties": {"building": "yes", "name": ""}}]}