{
  "type": "FeatureCollection",
  "coordinate_system": {
    "kind": "local_game_meters",
    "not_wgs84": true,
    "axes": {
      "geojson_x": "local_east_m",
      "geojson_y": "local_north_m"
    },
    "game_axes": {
      "x": "east_m",
      "y": "elevation_m",
      "z": "negative_north_m"
    },
    "local_origin": {
      "easting_m": 282532.3521487523,
      "northing_m": 5369445.26554299,
      "longitude": -71.61745777629636,
      "latitude": -41.797045545464776
    },
    "projected_crs": "EPSG:32719",
    "note": "This is not RFC 7946 WGS84 GeoJSON. Convert X,Y to game X,Z via game_axes."
  },
  "attribution": "\u00a9 OpenStreetMap contributors (ODbL)",
  "layer": "piste-trails",
  "features": [
    {
      "type": "Feature",
      "geometry": {
        "type": "LineString",
        "coordinates": [
          [
            3362.577130874037,
            1371.0776376705617
          ],
          [
            3378.3325628104503,
            1356.8854722375982
          ],
          [
            3394.087994746864,
            1342.6933068046346
          ],
          [
            3407.8132227720926,
            1324.772691229824
          ],
          [
            3421.5384507973213,
            1306.8520756550133
          ],
          [
            3431.997297628346,
            1292.0342592378147
          ],
          [
            3442.456144459371,
            1277.216442820616
          ]
        ]
      },
      "properties": {
        "id": "pistes:nan:331814070",
        "piste_type": "downhill",
        "tags": {
          "z_order": "0.0",
          "other_tags": "\"piste:type\"=>\"sled\"",
          "State": "R\u00edo Negro",
          "Country": "Argentina",
          "Ski Area": "Cerro Perito Moreno",
          "region": "south-america"
        }
      }
    },
    {
      "type": "Feature",
      "geometry": {
        "type": "LineString",
        "coordinates": [
          [
            3452.282861897722,
            1289.3137621693313
          ],
          [
            3459.3696220650163,
            1308.463945912663
          ],
          [
            3466.4563822323107,
            1327.6141296559945
          ],
          [
            3475.1256202206423,
            1349.4734522500075
          ],
          [
            3483.794858208974,
            1371.3327748440206
          ],
          [
            3497.990594862262,
            1389.473441503942
          ],
          [
            3514.842522489722,
            1391.7010329300538
          ],
          [
            3532.907083048951,
            1367.6143092764542
          ],
          [
            3539.3072003984707,
            1349.4462119839154
          ],
          [
            3545.7073177479906,
            1331.2781146913767
          ],
          [
            3561.880119552312,
            1327.017079164274
          ],
          [
            3568.467435293598,
            1353.131582329981
          ],
          [
            3572.5311361029744,
            1376.5809851381928
          ],
          [
            3583.4638479496352,
            1388.1444299761206
          ],
          [
            3600.1023566769436,
            1368.338066813536
          ],
          [
            3607.705532612017,
            1346.0994398561306
          ],
          [
            3615.3087085470906,
            1323.8608128987253
          ],
          [
            3617.0963182657724,
            1307.4994132546708
          ],
          [
            3610.021457387833,
            1290.4391366560012
          ],
          [
            3602.9465965098934,
            1273.3788600573316
          ],
          [
            3612.9657423650497,
            1257.2584477020428
          ],
          [
            3622.984888220206,
            1241.138035346754
          ],
          [
            3628.188823732082,
            1212.3538077566773
          ],
          [
            3634.9072564007947,
            1205.2088607680053
          ],
          [
            3642.12781507615,
            1210.181767665781
          ],
          [
            3651.1685536596924,
            1226.8674468006939
          ],
          [
            3663.837095078663,
            1223.7904492542148
          ],
          [
            3669.4186946726404,
            1210.9990115910769
          ],
          [
            3669.516548983287,
            1193.286704693921
          ],
          [
            3662.512698238803,
            1173.855828219559
          ],
          [
            3655.5088474943186,
            1154.4249517451972
          ],
          [
            3649.58769201464,
            1134.9505325381954
          ],
          [
            3643.666536534962,
            1115.4761133311938
          ],
          [
            3637.7453810552834,
            1096.001694124192
          ],
          [
            3628.188788977859,
            1082.1067336080596
          ],
          [
            3618.632196900435,
            1068.2117730919272
          ],
          [
            3620.735513101623,
            1055.7496234290302
          ],
          [
            3643.4395690779784,
            1036.1248803930357
          ],
          [
            3650.7948266931344,
            1017.3370137509579
          ],
          [
            3658.1500843082904,
            998.5491471088802
          ],
          [
            3665.5053419234464,
            979.7612804668024
          ],
          [
            3667.19688485557,
            952.1610389640555
          ],
          [
            3662.4554003832745,
            936.9044068483636
          ],
          [
            3642.9032985484228,
            923.7825842387974
          ],
          [
            3645.445863138768,
            896.6523768026382
          ],
          [
            3648.010030610778,
            869.0782670592889
          ],
          [
            3640.59419570092,
            846.4786987472326
          ],
          [
            3633.178360791062,
            823.8791304351762
          ],
          [
            3633.117981092364,
            807.8457931517623
          ],
          [
            3633.057601393666,
            791.8124558683485
          ],
          [
            3633.011307415145,
            778.3634778121486
          ],
          [
            3616.625456188165,
            762.2912274030969
          ],
          [
            3598.2924540389795,
            750.139311783947
          ],
          [
            3595.3574758548057,
            735.3923925049603
          ],
          [
            3599.7310137133463,
            722.3870034012944
          ],
          [
            3608.760430890834,
            717.767467290163
          ],
          [
            3626.1631931019947,
            720.4337260238826
          ],
          [
            3648.3966977350647,
            725.3728705020621
          ],
          [
            3670.6302023681346,
            730.3120149802417
          ],
          [
            3700.4377764443634,
            727.8482949212193
          ],
          [
            3729.440296910354,
            721.9928968520835
          ],
          [
            3751.5307620179374,
            721.4317438211292
          ],
          [
            3764.7933420696063,
            749.3240637928247
          ],
          [
            3777.515875359997,
            764.9751189192757
          ],
          [
            3799.2957283129217,
            774.7958170520142
          ],
          [
            3807.868457555829,
            785.432581178844
          ],
          [
            3809.4826660768595,
            803.1961187981069
          ],
          [
            3808.1369856024394,
            827.5948560265824
          ],
          [
            3814.800222834456,
            840.6194705814123
          ],
          [
            3839.7714066161425,
            856.6480598440394
          ],
          [
            3844.188675578451,
            864.1263855900615
          ],
          [
            3854.654341269983,
            881.8324577501044
          ],
          [
            3860.9785230673383,
            897.9675811046734
          ],
          [
            3867.3027048646936,
            914.1027044592425
          ],
          [
            3873.6268866620494,
            930.2378278138116
          ],
          [
            3879.9510684594047,
            946.3729511683807
          ],
          [
            3886.27525025676,
            962.5080745229498
          ],
          [
            3885.7447007712326,
            985.2474654652178
          ],
          [
            3885.214151285705,
            1007.9868564074859
          ],
          [
            3881.489718704601,
            1030.1694816146046
          ],
          [
            3874.284538949869,
            1045.535307975486
          ],
          [
            3867.079359195137,
            1060.9011343363672
          ],
          [
            3873.036661232589,
            1076.9608097011223
          ],
          [
            3894.8906900202855,
            1084.3383485078812
          ],
          [
            3912.1737771626795,
            1101.0479501252994
          ],
          [
            3920.3331837413425,
            1120.3797307615168
          ],
          [
            3928.4925903200055,
            1139.7115113977343
          ],
          [
            3932.115332205518,
            1157.0793927847408
          ],
          [
            3935.7380740910303,
            1174.4472741717473
          ],
          [
            3936.1135692333337,
            1192.4848801139742
          ],
          [
            3941.3941293123644,
            1200.5890767741948
          ],
          [
            3950.3508183275117,
            1198.4119206499308
          ],
          [
            3955.12268781272,
            1182.362002656795
          ],
          [
            3955.0262831941727,
            1166.3596004354768
          ],
          [
            3954.9298785756255,
            1150.3571982141584
          ],
          [
            3954.8334739570782,
            1134.35479599284
          ],
          [
            3954.737069338531,
            1118.3523937715217
          ],
          [
            3954.6406647199838,
            1102.3499915502034
          ],
          [
            3954.5442601014365,
            1086.347589328885
          ],
          [
            3954.4478554828893,
            1070.3451871075667
          ],
          [
            3954.351450864342,
            1054.3427848862484
          ],
          [
            3963.1827786716167,
            1046.060469779186
          ],
          [
            3977.173380418506,
            1060.2264443011954
          ],
          [
            3984.067162751273,
            1074.844943631017
          ],
          [
            3990.9609450840403,
            1089.4634429608386
          ],
          [
            3997.8547274168072,
            1104.0819422906604
          ],
          [
            4004.748509749574,
            1118.700441620482
          ],
          [
            4011.6422920823416,
            1133.3189409503036
          ],
          [
            4018.5360744151085,
            1147.9374402801252
          ],
          [
            4025.429856747876,
            1162.5559396099468
          ],
          [
            4032.323639080643,
            1177.1744389397686
          ],
          [
            4039.2174214134097,
            1191.7929382695902
          ],
          [
            4046.111203746177,
            1206.4114375994118
          ],
          [
            4053.004986078944,
            1221.0299369292334
          ],
          [
            4065.1258744210936,
            1225.9710468258709
          ],
          [
            4073.8752881612163,
            1220.431217188947
          ],
          [
            4073.004375830118,
            1203.3735070838593
          ],
          [
            4072.13346349902,
            1186.3157969787717
          ],
          [
            4071.2625511679216,
            1169.258086873684
          ],
          [
            4070.3916388368234,
            1152.2003767685965
          ],
          [
            4079.5056756100385,
            1134.4575336370617
          ],
          [
            4094.8936334336177,
            1132.7724826904014
          ],
          [
            4102.3647752696415,
            1139.1082641649991
          ],
          [
            4105.232944295829,
            1155.9950398288202
          ],
          [
            4108.101113322016,
            1172.8818154926412
          ],
          [
            4110.969282348204,
            1189.7685911564622
          ],
          [
            4113.837451374391,
            1206.6553668202832
          ],
          [
            4133.48162548081,
            1226.4911824511364
          ],
          [
            4146.616885002528,
            1228.1061358852312
          ],
          [
            4162.994469796773,
            1213.6253438740969
          ],
          [
            4164.933889137465,
            1199.9357008915395
          ],
          [
            4157.099666159425,
            1179.9971473468468
          ],
          [
            4149.265443181386,
            1160.058593802154
          ],
          [
            4155.086656201282,
            1139.7722828565165
          ],
          [
            4165.517520679859,
            1139.47266191151
          ],
          [
            4193.259755011881,
            1154.960306524299
          ],
          [
            4211.452768560615,
            1151.5361555926502
          ],
          [
            4214.143679453817,
            1133.2901296680793
          ],
          [
            4205.987167500774,
            1118.9877431122586
          ],
          [
            4181.909167807025,
            1103.9096705950797
          ],
          [
            4182.975007862512,
            1085.3076266013086
          ],
          [
            4184.040847918,
            1066.7055826075375
          ],
          [
            4185.106687973486,
            1048.1035386137664
          ],
          [
            4191.822950560425,
            1028.7552637541667
          ],
          [
            4209.616971012612,
            1028.3754721414298
          ],
          [
            4230.807472530374,
            1035.2764612133615
          ],
          [
            4251.997974048136,
            1042.1774502852932
          ],
          [
            4264.3368665742455,
            1035.6332415500656
          ],
          [
            4269.439624183055,
            1009.8686091909185
          ],
          [
            4276.163235924119,
            988.0365901109762
          ],
          [
            4282.886847665184,
            966.204571031034
          ],
          [
            4270.973503602319,
            958.5027088718489
          ],
          [
            4246.361952555948,
            955.1782381581143
          ],
          [
            4234.042083288718,
            946.6084186881781
          ],
          [
            4233.628054203262,
            924.1298165344633
          ],
          [
            4233.214025117806,
            901.6512143807486
          ],
          [
            4241.460688893392,
            879.64799587382
          ],
          [
            4249.707352668978,
            857.6447773668915
          ],
          [
            4265.673006813624,
            837.1501405229792
          ],
          [
            4278.698192202253,
            820.4240995412692
          ],
          [
            4299.122172347299,
            808.9645327893086
          ],
          [
            4319.546152492345,
            797.5049660373479
          ],
          [
            4339.282230529294,
            798.2885990485083
          ],
          [
            4359.018308566243,
            799.0722320596687
          ],
          [
            4378.754386603192,
            799.8558650708292
          ],
          [
            4398.490464640141,
            800.6394980819896
          ]
        ]
      },
      "properties": {
        "id": "pistes:nan:331814072",
        "name": "Club Andino",
        "piste_type": "downhill",
        "tags": {
          "highway": "track",
          "name": "Club Andino",
          "z_order": "0.0",
          "other_tags": "\"piste:difficulty\"=>\"novice\",\"piste:type\"=>\"downhill\"",
          "State": "R\u00edo Negro",
          "Country": "Argentina",
          "Ski Area": "Cerro Perito Moreno",
          "region": "south-america"
        }
      }
    },
    {
      "type": "Feature",
      "geometry": {
        "type": "LineString",
        "coordinates": [
          [
            2258.2419822850497,
            1410.173981464468
          ],
          [
            2252.6652225416037,
            1403.6710083074868
          ],
          [
            2251.079259511549,
            1396.9549004044384
          ],
          [
            2250.852992304426,
            1389.8352202512324
          ],
          [
            2252.3516294998117,
            1384.545744662173
          ],
          [
            2255.188257524045,
            1379.296596144326
          ],
          [
            2259.314403390512,
            1375.4199735997245
          ],
          [
            2264.786846505245,
            1371.5839248877019
          ],
          [
            2269.7703591043246,
            1369.0667980518192
          ],
          [
            2275.6380163077265,
            1367.0208674902096
          ],
          [
            2281.035207440029,
            1365.405307771638
          ],
          [
            2287.7519264090224,
            1364.7186164120212
          ],
          [
            2296.247089390643,
            1364.085511554964
          ],
          [
            2304.301794063649,
            1363.4391242424026
          ],
          [
            2312.3214196928893,
            1363.6807780331
          ],
          [
            2318.5625997980824,
            1363.8688360368833
          ],
          [
            2325.674548259238,
            1364.9722321610898
          ],
          [
            2330.95128537633,
            1367.3539874758571
          ],
          [
            2337.1255596932024,
            1369.762780347839
          ],
          [
            2355.869705482386,
            1384.5531996320933
          ],
          [
            2368.560033725458,
            1392.9374555358663
          ],
          [
            2376.7207391937263,
            1403.4080091770738
          ],
          [
            2380.9961941717193,
            1409.760541766882
          ],
          [
            2384.854712374741,
            1414.7668528612703
          ],
          [
            2389.116803792771,
            1421.5635301554576
          ],
          [
            2392.4947407785803,
            1427.889020097442
          ],
          [
            2394.099289203994,
            1433.7165403692052
          ],
          [
            2395.725529000687,
            1439.1001602560282
          ],
          [
            2398.1339835867984,
            1448.0637643560767
          ],
          [
            2398.862686576438,
            1453.4203496566042
          ],
          [
            2399.5997016458423,
            1458.7771851085126
          ],
          [
            2399.385663174675,
            1465.88358789403
          ],
          [
            2399.1850023525767,
            1472.5458404477686
          ],
          [
            2398.9977191323414,
            1478.7639427827671
          ],
          [
            2398.783681418863,
            1485.8703453894705
          ],
          [
            2398.596398640715,
            1492.0884476182982
          ],
          [
            2399.3117324345512,
            1497.8891825042665
          ],
          [
            2400.9029304670985,
            1504.1608500080183
          ],
          [
            2402.8977101604687,
            1512.2228841874748
          ],
          [
            2406.7419609347708,
            1519.3626025114208
          ],
          [
            2406.5422777736094,
            1524.3355822628364
          ],
          [
            2409.8884683224605,
            1531.9937613122165
          ],
          [
            2413.253108483914,
            1538.7633879045025
          ],
          [
            2415.741886675358,
            1545.06208200939
          ],
          [
            2417.8086433528224,
            1550.4589595431462
          ],
          [
            2420.3375576611143,
            1555.4252013200894
          ],
          [
            2422.417697036639,
            1560.3779270937666
          ],
          [
            2425.3870869152015,
            1565.3574314108118
          ],
          [
            2427.435418359353,
            1571.6428559720516
          ],
          [
            2429.475443166797,
            1577.9280294869095
          ],
          [
            2431.0800667894073,
            1583.7555377986282
          ],
          [
            2432.2308488596464,
            1590.0139316990972
          ],
          [
            2432.9411632756237,
            1596.2590613523498
          ],
          [
            2433.6699180719443,
            1601.6156404139474
          ],
          [
            2433.958203501301,
            1606.9589554751292
          ],
          [
            2435.1006830044207,
            1613.217098207213
          ],
          [
            2436.2648502695374,
            1619.0313408188522
          ],
          [
            2437.8778026147047,
            1624.8590969620273
          ],
          [
            2438.125970955356,
            1631.5348617015406
          ],
          [
            2437.9253567979904,
            1638.197112571448
          ],
          [
            2438.1384676076123,
            1645.7609270103276
          ],
          [
            2438.4133871981176,
            1651.5483914073557
          ],
          [
            2439.115407527075,
            1657.793269207701
          ],
          [
            2438.901421867078,
            1664.8996698865667
          ],
          [
            2437.811550059938,
            1671.5351433306932
          ],
          [
            2437.6183798070997,
            1692.8678585272282
          ],
          [
            2440.955530395382,
            1715.1959803905338
          ],
          [
            2443.4310353527544,
            1721.9388100281358
          ],
          [
            2445.0440248523955,
            1727.7665625987574
          ],
          [
            2447.097496056347,
            1733.6075774207711
          ],
          [
            2449.177717325161,
            1738.5602914933115
          ],
          [
            2451.693358967721,
            1743.9706674953923
          ],
          [
            2454.5775587533135,
            1752.0594548238441
          ],
          [
            2456.195628038491,
            1757.4428038205951
          ],
          [
            2457.7818935756804,
            1764.1588524729013
          ],
          [
            2459.848760632216,
            1769.5557125741616
          ],
          [
            2462.310934609035,
            1776.7426837310195
          ],
          [
            2464.3510655303835,
            1783.0278420858085
          ],
          [
            2465.977462286013,
            1788.4114383067936
          ],
          [
            2468.0443441606476,
            1793.8082953533158
          ],
          [
            2469.608949445421,
            1800.9682400384918
          ],
          [
            2471.657406630926,
            1807.2536457981914
          ],
          [
            2474.1460171394283,
            1813.5634154332802
          ],
          [
            2476.1728007753845,
            1820.2927192244679
          ],
          [
            2476.9016269270796,
            1825.6492900727317
          ],
          [
            2477.590341615374,
            1832.338310547173
          ],
          [
            2477.878685948672,
            1837.6816204776987
          ],
          [
            2476.775469156448,
            1844.7612477634102
          ],
          [
            2474.8013991735643,
            1850.9255531709641
          ],
          [
            2471.5242991482955,
            1856.1615253202617
          ],
          [
            2468.212140664109,
            1862.2855457253754
          ],
          [
            2465.3621464989264,
            1867.9789263810962
          ],
          [
            2462.987689920643,
            1872.7975178752095
          ],
          [
            2461.013602456427,
            1878.9618199598044
          ],
          [
            2458.1451642040047,
            1885.5437481040135
          ],
          [
            2456.197814166895,
            1890.8197492230684
          ],
          [
            2447.129144848697,
            1907.4396899988874
          ],
          [
            2438.0604755304985,
            1924.0596307747066
          ],
          [
            2428.9918062123006,
            1940.6795715505257
          ],
          [
            2419.9231368941023,
            1957.299512326345
          ],
          [
            2410.854467575904,
            1973.919453102164
          ],
          [
            2399.457034726433,
            1991.8065859278042
          ],
          [
            2388.0596018769625,
            2009.6937187534447
          ],
          [
            2376.6621690274915,
            2027.580851579085
          ],
          [
            2366.902377097169,
            2040.6234926721081
          ],
          [
            2362.286055380595,
            2060.489330276847
          ],
          [
            2360.747276944574,
            2067.111275569536
          ],
          [
            2359.235250876285,
            2072.8449208866805
          ],
          [
            2356.358344846638,
            2079.4265624461696
          ],
          [
            2355.295125441975,
            2085.173724903725
          ],
          [
            2354.659028148395,
            2091.3783046891913
          ],
          [
            2353.5958065319574,
            2097.1254669148475
          ],
          [
            2352.057015396771,
            2103.747410584241
          ],
          [
            2350.0560308026616,
            2110.799985613674
          ],
          [
            2348.0496420169948,
            2118.308064066805
          ],
          [
            2338.2084367775824,
            2148.68578232266
          ],
          [
            2335.0237831009435,
            2165.4828620981425
          ],
          [
            2333.933783444809,
            2172.118321392685
          ],
          [
            2332.3815860200557,
            2179.1844111997634
          ],
          [
            2331.77222550672,
            2184.500689579174
          ],
          [
            2330.2066458185436,
            2192.010928761214
          ],
          [
            2328.200555944233,
            2199.50789865572
          ],
          [
            2326.212908734393,
            2206.1163181392476
          ],
          [
            2323.78474993736,
            2212.7114679142833
          ],
          [
            2321.3298291122774,
            2220.194916526787
          ],
          [
            2319.3685953806853,
            2225.926138549112
          ],
          [
            2317.407693408488,
            2231.6462563602254
          ],
          [
            2314.512251094624,
            2239.116433332674
          ],
          [
            2312.1025205655023,
            2244.8230297341943
          ],
          [
            2309.687718474539,
            2250.974025566131
          ],
          [
            2306.824089905247,
            2257.1115001309663
          ],
          [
            2304.8848630223656,
            2262.3877155622467
          ],
          [
            2302.007846563123,
            2268.969338188879
          ],
          [
            2298.748902475112,
            2273.3166899839416
          ],
          [
            2295.925398321706,
            2278.121711390093
          ],
          [
            2293.070060584054,
            2284.2594314506277
          ],
          [
            2290.2197875038255,
            2289.952750345692
          ],
          [
            2287.845097148849,
            2294.7712904121727
          ],
          [
            2285.8841559733264,
            2300.491400660947
          ],
          [
            2284.8208639496006,
            2306.2385541647673
          ],
          [
            2283.7224970801035,
            2312.873756607063
          ],
          [
            2284.010417419602,
            2318.22817910742
          ],
          [
            2287.442288889375,
            2322.7770991986617
          ],
          [
            2290.874164891022,
            2327.3260174486786
          ],
          [
            2295.190320277645,
            2332.346125876531
          ],
          [
            2300.8631018555025,
            2336.517993601039
          ],
          [
            2306.0953735572402,
            2340.6765865273774
          ],
          [
            2312.692582692718,
            2343.9871856747195
          ],
          [
            2318.0102059656056,
            2345.036471120082
          ],
          [
            2324.225487244432,
            2346.1127911256626
          ],
          [
            2330.8762205255916,
            2347.646774208173
          ],
          [
            2336.2155375338625,
            2348.2521465634927
          ],
          [
            2343.755620089709,
            2349.81290408317
          ],
          [
            2350.424801566929,
            2350.4583189943805
          ],
          [
            2358.0050172118936,
            2350.686612257734
          ],
          [
            2365.1447158822557,
            2350.901631110348
          ],
          [
            2371.400132781244,
            2350.6454606261104
          ],
          [
            2378.558269144036,
            2349.971916437149
          ],
          [
            2389.295470262994,
            2348.961586809717
          ],
          [
            2395.5642570654163,
            2348.2612456129864
          ],
          [
            2401.8330422751023,
            2347.5608989642933
          ],
          [
            2410.804917704547,
            2346.052830427885
          ],
          [
            2417.5091541466536,
            2345.8101336127147
          ],
          [
            2422.888589312148,
            2345.082992054522
          ],
          [
            2431.8604554599733,
            2343.5748973684385
          ],
          [
            2438.5697471488966,
            2342.887781040743
          ],
          [
            2443.949176934955,
            2342.1606237906963
          ],
          [
            2450.204578727833,
            2341.904384731315
          ],
          [
            2457.81152138958,
            2341.244273113087
          ],
          [
            2463.177577300463,
            2340.961251143366
          ],
          [
            2474.403679161158,
            2338.631856280379
          ],
          [
            2491.440486302221,
            2336.032765008509
          ],
          [
            2508.477293443284,
            2333.4336737366393
          ],
          [
            2514.7326815010165,
            2333.1773785743862
          ],
          [
            2521.441950315144,
            2332.490185114555
          ],
          [
            2527.724067814299,
            2331.3455794155598
          ],
          [
            2533.9928175862296,
            2330.645117887296
          ],
          [
            2541.172584323329,
            2329.527512671426
          ],
          [
            2547.005868235836,
            2328.3693845598027
          ],
          [
            2552.3986349420156,
            2327.1979969013482
          ],
          [
            2557.804763530963,
            2325.582455629483
          ],
          [
            2563.1892142639263,
            2324.410809884779
          ],
          [
            2570.382665510988,
            2322.8379223933443
          ],
          [
            2575.753748721676,
            2322.1104169255123
          ],
          [
            2581.1999545409344,
            2319.1624095160514
          ],
          [
            2585.4282499139663,
            2312.176793111488
          ],
          [
            2587.8428242877126,
            2306.0257127974182
          ],
          [
            2590.2707569748163,
            2299.4304821612313
          ],
          [
            2593.120786401909,
            2293.737052523531
          ],
          [
            2597.322333876742,
            2287.6397290360183
          ],
          [
            2600.158992283512,
            2282.3904464887455
          ],
          [
            2602.5468234806904,
            2277.127661020495
          ],
          [
            2605.832297526533,
            2271.891878368333
          ],
          [
            2609.0827335819486,
            2267.544143556617
          ],
          [
            2614.173586809775,
            2261.4735640455037
          ],
          [
            2617.859475035453,
            2257.5834763878956
          ],
          [
            2622.4964437718154,
            2251.9437899990007
          ],
          [
            2626.1956827728427,
            2247.609548728913
          ],
          [
            2631.668530892115,
            2243.7732062349096
          ],
          [
            2638.444494356052,
            2240.8651583949104
          ],
          [
            2643.8238180163316,
            2240.137854255736
          ],
          [
            2650.9684423208237,
            2239.9081918718293
          ],
          [
            2658.1480932492414,
            2238.790473113768
          ],
          [
            2666.670938148629,
            2237.2685917895287
          ],
          [
            2672.9662988635246,
            2235.6797126978636
          ],
          [
            2680.586449685041,
            2234.5752193117514
          ],
          [
            2687.3172683041194,
            2233.4439744809642
          ],
          [
            2693.585908207053,
            2232.7433766918257
          ],
          [
            2698.9435504193534,
            2232.4599311556667
          ],
          [
            2705.6613417756744,
            2231.7617150731385
          ],
          [
            2711.040648429771,
            2231.0343608492985
          ],
          [
            2716.4116422420484,
            2230.306752713397
          ],
          [
            2723.1424489663914,
            2229.175474501215
          ],
          [
            2730.313761636615,
            2228.0574341658503
          ],
          [
            2736.15523492411,
            2226.899405663833
          ],
          [
            2741.5128689384437,
            2226.6159284431487
          ],
          [
            2748.243666683964,
            2225.4846268678084
          ],
          [
            2754.0768225453794,
            2224.32633403223
          ],
          [
            2761.269786665449,
            2222.7643632953987
          ],
          [
            2769.4238703391165,
            2218.5639715204015
          ],
          [
            2777.124085788266,
            2214.794479095377
          ],
          [
            2783.4727975689457,
            2211.4289060505107
          ],
          [
            2788.029501710669,
            2208.4540152866393
          ],
          [
            2810.7746814447455,
            2194.0229200171307
          ],
          [
            2825.792926149443,
            2184.2496054777876
          ],
          [
            2832.1282389902626,
            2181.3281404944137
          ],
          [
            2838.036388342036,
            2177.949282934889
          ],
          [
            2845.2743581102695,
            2174.6103820297867
          ],
          [
            2850.2715167036513,
            2171.6486904183403
          ],
          [
            2856.1312994627515,
            2169.6020173719153
          ],
          [
            2863.8180672600865,
            2166.2765845162794
          ],
          [
            2869.290717859287,
            2162.440066738054
          ],
          [
            2874.7767074248986,
            2158.1593954106793
          ],
          [
            2882.5034867930226,
            2153.5014945594594
          ],
          [
            2888.838747119182,
            2150.579981070012
          ],
          [
            2899.65558848856,
            2146.904001235962
          ],
          [
            2905.977492182923,
            2144.4266225481406
          ],
          [
            2912.312733856961,
            2141.505088874139
          ],
          [
            2919.5856245239847,
            2137.278065829538
          ],
          [
            2924.6094081611373,
            2133.4280251357704
          ],
          [
            2930.4958184682764,
            2130.492993902415
          ],
          [
            2937.2668424280128,
            2128.0179663356394
          ],
          [
            2944.478029496502,
            2125.5672674234957
          ],
          [
            2949.9105825499864,
            2123.0631390819326
          ],
          [
            2956.2591256262967,
            2119.6974182128906
          ],
          [
            2963.0214843535796,
            2117.233221033588
          ],
          [
            2968.440684658184,
            2115.1732285879552
          ],
          [
            2974.735855718609,
            2113.584089966491
          ],
          [
            2980.1150337191066,
            2112.8565374678
          ],
          [
            2988.2247968687443,
            2114.278140376322
          ],
          [
            2994.492001909879,
            2113.066012448631
          ],
          [
            3001.6367580209044,
            2109.5018882835284
          ],
          [
            3010.1593509762897,
            2107.979605606757
          ],
          [
            3015.5385194169357,
            2107.2520267348737
          ],
          [
            3023.171793833608,
            2105.7030255133286
          ],
          [
            3029.4536058399826,
            2104.5579889500514
          ],
          [
            3037.0602033149917,
            2103.8972721127793
          ],
          [
            3042.87986467639,
            2103.1828983481973
          ],
          [
            3049.148335877224,
            2102.4819941706955
          ],
          [
            3054.904192868271,
            2101.3989416565746
          ],
          [
            3062.587918055011,
            2100.66271735169
          ],
          [
            3070.221172007732,
            2099.1136665102094
          ],
          [
            3076.9651115782326,
            2097.5379121266305
          ],
          [
            3100.6062331303256,
            2092.5795308975503
          ],
          [
            3103.181545107509,
            2086.3219963870943
          ],
          [
            3106.5065561799565,
            2079.7535507092252
          ],
          [
            3109.382752309786,
            2073.1716331150383
          ],
          [
            3111.7568125021644,
            2068.3528421083465
          ],
          [
            3114.579678476206,
            2063.5475206561387
          ],
          [
            3116.518254405237,
            2058.271108479239
          ],
          [
            3120.305380379781,
            2051.271977700293
          ],
          [
            3122.692757138051,
            2046.0090339500457
          ],
          [
            3125.0801307124784,
            2040.7460894947872
          ],
          [
            3130.5592220004764,
            2025.4596464296337
          ],
          [
            3136.0383132884745,
            2010.1732033644803
          ],
          [
            3141.5174045764725,
            1994.8867602993269
          ],
          [
            3146.9964958644705,
            1979.6003172341734
          ],
          [
            3156.4874749969167,
            1960.769498176407
          ],
          [
            3165.978454129363,
            1941.9386791186407
          ],
          [
            3175.020564652339,
            1923.0943764271215
          ],
          [
            3178.3321193940355,
            1916.9700506459922
          ],
          [
            3180.2706180894747,
            1911.693623307161
          ],
          [
            3183.1200384316617,
            1905.999978623353
          ],
          [
            3185.9961079299683,
            1899.4180338019505
          ],
          [
            3188.8188666219357,
            1894.6126862168312
          ],
          [
            3191.6682744699647,
            1888.9190384950489
          ],
          [
            3196.785020151292,
            1881.9597702128813
          ],
          [
            3201.4662854546914,
            1874.5428837835789
          ],
          [
            3203.85355454596,
            1869.2799160229042
          ],
          [
            3206.716267454438,
            1863.1421133484691
          ],
          [
            3208.7296722143656,
            1855.6451806910336
          ],
          [
            3210.7347624726244,
            1848.1479981960729
          ],
          [
            3212.694859291776,
            1842.4276628969237
          ],
          [
            3214.681603684672,
            1835.8190279565752
          ],
          [
            3216.1849232063396,
            1830.0738742426038
          ],
          [
            3217.7095436194213,
            1823.8959237392992
          ],
          [
            3219.2208369618165,
            1818.1621225504205
          ],
          [
            3219.829529017501,
            1812.8457916313782
          ],
          [
            3220.8920268318616,
            1807.0985258994624
          ],
          [
            3221.9894840268535,
            1800.4632101533934
          ],
          [
            3224.3900429269997,
            1794.7560868579894
          ],
          [
            3227.266038711183,
            1788.17412746232
          ],
          [
            3229.679914568027,
            1782.0228529963642
          ],
          [
            3232.515928509878,
            1776.7733405651525
          ],
          [
            3235.8457141682156,
            1769.76044267416
          ],
          [
            3239.6376072840067,
            1762.3168568992987
          ],
          [
            3244.3004238497233,
            1755.7884942600504
          ],
          [
            3249.3637399620493,
            1750.6057909177616
          ],
          [
            3271.3771268162527,
            1730.816838919185
          ],
          [
            3285.2197003614274,
            1715.6727950535715
          ],
          [
            3299.062273906602,
            1700.5287511879578
          ],
          [
            3321.555803472991,
            1679.4204156277701
          ],
          [
            3339.234055032197,
            1655.500335550867
          ],
          [
            3343.9723416427732,
            1631.192221316509
          ],
          [
            3344.993795082002,
            1612.1072429800406
          ],
          [
            3346.015248521231,
            1593.0222646435723
          ],
          [
            3346.7047016549623,
            1573.7050551676657
          ],
          [
            3347.3941547886934,
            1554.3878456917591
          ],
          [
            3348.0836079224246,
            1535.0706362158526
          ],
          [
            3348.7730610561557,
            1515.753426739946
          ],
          [
            3349.714606524736,
            1499.3333441754803
          ],
          [
            3351.771792433574,
            1475.3893801840022
          ],
          [
            3356.0428816239582,
            1451.9563495488837
          ],
          [
            3366.701644207875,
            1423.8248088518158
          ],
          [
            3372.712281019776,
            1413.6692646946758
          ],
          [
            3383.0515217127977,
            1399.5203059408814
          ],
          [
            3390.491591713275,
            1387.7405479531735
          ],
          [
            3399.323111742735,
            1376.7137777879834
          ],
          [
            3408.251817297132,
            1362.1668614996597
          ],
          [
            3413.911038046237,
            1350.6893346207216
          ],
          [
            3419.686134232441,
            1333.9584869919345
          ],
          [
            3422.7972110896953,
            1325.9053900623694
          ],
          [
            3430.6494256488513,
            1312.0263460539281
          ],
          [
            3438.0573847088963,
            1301.312502847053
          ],
          [
            3445.002137936768,
            1294.118932262063
          ],
          [
            3452.282861897722,
            1289.3137621693313
          ]
        ]
      },
      "properties": {
        "id": "pistes:nan:1362378991",
        "name": "Camino Panoramico",
        "piste_type": "downhill",
        "tags": {
          "name": "Camino Panoramico",
          "z_order": "0.0",
          "other_tags": "\"piste:difficulty\"=>\"easy\",\"piste:type\"=>\"downhill\"",
          "State": "R\u00edo Negro",
          "Country": "Argentina",
          "Ski Area": "Cerro Perito Moreno",
          "region": "south-america"
        }
      }
    },
    {
      "type": "Feature",
      "geometry": {
        "type": "LineString",
        "coordinates": [
          [
            3452.282861897722,
            1289.3137621693313
          ],
          [
            3446.8696975791827,
            1283.7057857904583
          ],
          [
            3442.456144459371,
            1277.216442820616
          ],
          [
            3440.7490597789874,
            1263.4064850537106
          ],
          [
            3445.3207043433213,
            1237.9819593979046
          ],
          [
            3447.1264132305514,
            1227.9670528173447
          ],
          [
            3448.61927107838,
            1219.2319601420313
          ],
          [
            3450.5543284636806,
            1207.953965820372
          ],
          [
            3451.5034386484185,
            1188.2222163854167
          ],
          [
            3451.041819851962,
            1168.1036549601704
          ],
          [
            3450.8373667951673,
            1151.3380315783434
          ],
          [
            3450.6329137383727,
            1134.5724081965163
          ],
          [
            3448.005976345972,
            1115.794822646305
          ],
          [
            3445.3790389535716,
            1097.0172370960936
          ],
          [
            3437.773826998193,
            1067.1489498727024
          ],
          [
            3430.8833122440847,
            1049.6049615557615
          ],
          [
            3423.9927974899765,
            1032.060973238821
          ],
          [
            3417.1022827358684,
            1014.5169849218801
          ]
        ]
      },
      "properties": {
        "id": "pistes:nan:1362378992",
        "name": "Camino al T-bar",
        "piste_type": "downhill",
        "tags": {
          "name": "Camino al T-bar",
          "z_order": "0.0",
          "other_tags": "\"piste:difficulty\"=>\"easy\",\"piste:type\"=>\"downhill\"",
          "State": "R\u00edo Negro",
          "Country": "Argentina",
          "Ski Area": "Cerro Perito Moreno",
          "region": "south-america"
        }
      }
    },
    {
      "type": "Feature",
      "geometry": {
        "type": "LineString",
        "coordinates": [
          [
            3250.3167623109766,
            1005.4581301519647
          ],
          [
            3271.1122843262274,
            1008.7271276647225
          ],
          [
            3285.5689789083553,
            1010.9168059499934
          ],
          [
            3297.8281785823056,
            1021.34248872241
          ],
          [
            3310.0873782562558,
            1031.7681714948267
          ],
          [
            3327.4940891867736,
            1053.4619495989755
          ],
          [
            3349.473076062801,
            1076.3486055107787
          ],
          [
            3360.3780685623933,
            1090.6122487382963
          ],
          [
            3371.283061061986,
            1104.875891965814
          ],
          [
            3386.429484237451,
            1119.438927183859
          ],
          [
            3401.5759074129164,
            1134.0019624019042
          ],
          [
            3413.4930210197344,
            1149.8851284431294
          ],
          [
            3423.934207243321,
            1167.8356325309724
          ],
          [
            3432.7212036955752,
            1181.868953416124
          ],
          [
            3443.056980271009,
            1203.3393125478178
          ],
          [
            3448.61927107838,
            1219.2319601420313
          ]
        ]
      },
      "properties": {
        "id": "pistes:nan:1362378993",
        "name": "La Lenga",
        "piste_type": "downhill",
        "tags": {
          "name": "La Lenga",
          "z_order": "0.0",
          "other_tags": "\"piste:difficulty\"=>\"intermediate\",\"piste:type\"=>\"downhill\"",
          "State": "R\u00edo Negro",
          "Country": "Argentina",
          "Ski Area": "Cerro Perito Moreno",
          "region": "south-america"
        }
      }
    },
    {
      "type": "Feature",
      "geometry": {
        "type": "LineString",
        "coordinates": [
          [
            3384.8292391088326,
            957.1360232699662
          ],
          [
            3387.9459925675183,
            960.2635309249163
          ],
          [
            3390.543452472717,
            965.1758907930925
          ],
          [
            3398.9666206841066,
            979.5428895778023
          ],
          [
            3407.389788895496,
            993.909888362512
          ],
          [
            3408.2655792532023,
            995.7699123183265
          ],
          [
            3417.1022827358684,
            1014.5169849218801
          ]
        ]
      },
      "properties": {
        "id": "pistes:nan:1362378994",
        "name": "Camino al T-bar",
        "piste_type": "downhill",
        "tags": {
          "name": "Camino al T-bar",
          "z_order": "0.0",
          "other_tags": "\"piste:difficulty\"=>\"easy\",\"piste:type\"=>\"downhill\"",
          "State": "R\u00edo Negro",
          "Country": "Argentina",
          "Ski Area": "Cerro Perito Moreno",
          "region": "south-america"
        }
      }
    },
    {
      "type": "Feature",
      "geometry": {
        "type": "LineString",
        "coordinates": [
          [
            3247.4955493775196,
            1275.5263924719766
          ],
          [
            3249.3434543715557,
            1280.4718798873946
          ],
          [
            3255.9908770620823,
            1283.7498183706775
          ],
          [
            3259.9130155169405,
            1284.1564423749223
          ],
          [
            3264.126367340912,
            1284.28284329921
          ],
          [
            3280.338165260772,
            1283.6404432557015
          ],
          [
            3296.549963180632,
            1282.998043212193
          ],
          [
            3312.7617611004916,
            1282.3556431686845
          ],
          [
            3328.973559020352,
            1281.713243125176
          ],
          [
            3345.1853569402115,
            1281.0708430816674
          ],
          [
            3361.3971548600716,
            1280.4284430381588
          ],
          [
            3377.6089527799313,
            1279.7860429946502
          ],
          [
            3393.8207506997915,
            1279.1436429511416
          ],
          [
            3410.032548619651,
            1278.5012429076332
          ],
          [
            3426.2443465395113,
            1277.8588428641247
          ],
          [
            3442.456144459371,
            1277.216442820616
          ],
          [
            3448.162687189877,
            1277.476403368637
          ],
          [
            3451.8362218486145,
            1276.7418705485761
          ],
          [
            3455.559667664231,
            1274.619616838172
          ],
          [
            3459.2130268416367,
            1270.950453562662
          ]
        ]
      },
      "properties": {
        "id": "pistes:nan:1362378995",
        "name": "Fundadores",
        "piste_type": "downhill",
        "tags": {
          "name": "Fundadores",
          "z_order": "0.0",
          "other_tags": "\"piste:difficulty\"=>\"intermediate\",\"piste:type\"=>\"downhill\"",
          "State": "R\u00edo Negro",
          "Country": "Argentina",
          "Ski Area": "Cerro Perito Moreno",
          "region": "south-america"
        }
      }
    },
    {
      "type": "Feature",
      "geometry": {
        "type": "LineString",
        "coordinates": [
          [
            3247.4955493775196,
            1275.5263924719766
          ],
          [
            3247.950278648641,
            1270.627761311829
          ],
          [
            3248.6159890461713,
            1267.2913839165121
          ],
          [
            3252.0086319993134,
            1261.780729948543
          ],
          [
            3258.905910557485,
            1261.443083385937
          ],
          [
            3275.9189858312075,
            1260.7822828538376
          ],
          [
            3292.9320611049293,
            1260.1214823217385
          ],
          [
            3309.9451363786516,
            1259.4606817896392
          ],
          [
            3326.958211652374,
            1258.7998812575402
          ],
          [
            3343.9712869260957,
            1258.1390807254409
          ],
          [
            3360.984362199818,
            1257.4782801933418
          ],
          [
            3377.99743747354,
            1256.8174796612425
          ],
          [
            3395.010512747262,
            1256.1566791291434
          ],
          [
            3412.0235880209843,
            1255.495878597044
          ],
          [
            3429.036663294706,
            1254.835078064945
          ],
          [
            3446.0497385684284,
            1254.1742775328457
          ],
          [
            3452.7727634830517,
            1254.9314805204049
          ],
          [
            3456.2615742958733,
            1260.3595243254676
          ],
          [
            3457.789485969406,
            1265.7176788030192
          ],
          [
            3459.2130268416367,
            1270.950453562662
          ]
        ]
      },
      "properties": {
        "id": "pistes:nan:1362378996",
        "name": "El Bosque",
        "piste_type": "downhill",
        "tags": {
          "name": "El Bosque",
          "z_order": "0.0",
          "other_tags": "\"piste:difficulty\"=>\"intermediate\",\"piste:type\"=>\"downhill\"",
          "State": "R\u00edo Negro",
          "Country": "Argentina",
          "Ski Area": "Cerro Perito Moreno",
          "region": "south-america"
        }
      }
    },
    {
      "type": "Feature",
      "geometry": {
        "type": "LineString",
        "coordinates": [
          [
            3033.086496518925,
            1069.4760599434376
          ],
          [
            3053.0681357138674,
            1075.7552985390648
          ],
          [
            3061.886741452734,
            1077.075935088098
          ],
          [
            3069.8529707507696,
            1082.9609494917095
          ],
          [
            3086.2780923941173,
            1102.1475077588111
          ],
          [
            3100.544252190739,
            1110.688900575973
          ],
          [
            3119.246961694327,
            1124.6647192938253
          ],
          [
            3138.5294483848265,
            1142.8811154812574
          ],
          [
            3155.314258031023,
            1161.7337624542415
          ],
          [
            3176.2376953222556,
            1184.5892768735066
          ],
          [
            3191.1679789824993,
            1206.20905755274
          ],
          [
            3204.294256958936,
            1229.1861104555428
          ],
          [
            3210.879930298426,
            1239.786201853305
          ],
          [
            3219.11917991488,
            1248.5021120058373
          ],
          [
            3224.6199158431264,
            1253.9573099706322
          ],
          [
            3234.928306857706,
            1260.2458062479272
          ]
        ]
      },
      "properties": {
        "id": "pistes:nan:1362378997",
        "name": "El Puma",
        "piste_type": "downhill",
        "tags": {
          "name": "El Puma",
          "z_order": "0.0",
          "other_tags": "\"piste:difficulty\"=>\"intermediate\",\"piste:type\"=>\"downhill\"",
          "State": "R\u00edo Negro",
          "Country": "Argentina",
          "Ski Area": "Cerro Perito Moreno",
          "region": "south-america"
        }
      }
    },
    {
      "type": "Feature",
      "geometry": {
        "type": "LineString",
        "coordinates": [
          [
            2281.035207440029,
            1365.405307771638
          ],
          [
            2293.339688223903,
            1360.9193641180173
          ],
          [
            2322.5429816551623,
            1355.442228266038
          ],
          [
            2343.029180812271,
            1351.474980542902
          ],
          [
            2363.51537996938,
            1347.5077328197658
          ],
          [
            2382.5377814399544,
            1342.0819981754757
          ],
          [
            2401.560182910529,
            1336.6562635311857
          ],
          [
            2420.5825843811035,
            1331.2305288868956
          ],
          [
            2439.604985851678,
            1325.8047942426056
          ],
          [
            2455.147193158744,
            1321.2437734485138
          ],
          [
            2470.6894004658097,
            1316.682752654422
          ],
          [
            2486.2316077728756,
            1312.1217318603303
          ],
          [
            2501.7738150799414,
            1307.5607110662386
          ],
          [
            2516.8638885745313,
            1302.0674295108765
          ],
          [
            2531.953962069121,
            1296.5741479555145
          ],
          [
            2547.044035563711,
            1291.0808664001524
          ],
          [
            2562.134109058301,
            1285.5875848447904
          ],
          [
            2577.224182552891,
            1280.0943032894284
          ],
          [
            2592.3142560474807,
            1274.6010217340663
          ],
          [
            2607.4043295420706,
            1269.1077401787043
          ],
          [
            2623.3193385903724,
            1263.4284058927813
          ],
          [
            2639.234347638674,
            1257.7490716068583
          ],
          [
            2655.149356686976,
            1252.0697373209352
          ],
          [
            2671.0643657352775,
            1246.3904030350122
          ],
          [
            2686.9793747835793,
            1240.7110687490892
          ],
          [
            2702.894383831881,
            1235.031734463166
          ],
          [
            2718.8093928801827,
            1229.352400177243
          ],
          [
            2734.7244019284844,
            1223.67306589132
          ],
          [
            2750.639410976786,
            1217.993731605397
          ],
          [
            2766.554420025088,
            1212.314397319474
          ],
          [
            2782.4694290733896,
            1206.635063033551
          ],
          [
            2804.4484330770792,
            1199.8829944962636
          ],
          [
            2826.435701934097,
            1193.131109665148
          ],
          [
            2843.13634631191,
            1183.4010147508234
          ],
          [
            2859.836990689723,
            1173.6709198364988
          ],
          [
            2876.537635067536,
            1163.9408249221742
          ],
          [
            2889.9011627677683,
            1152.3478729391936
          ],
          [
            2903.2646904680005,
            1140.754920956213
          ],
          [
            2916.6282181682327,
            1129.1619689732324
          ],
          [
            2929.991745868465,
            1117.5690169902518
          ],
          [
            2949.0825914987945,
            1106.8510149405338
          ],
          [
            2968.173437129124,
            1096.1330128908157
          ],
          [
            2984.8393361776834,
            1089.5764224240556
          ],
          [
            3001.505235226243,
            1083.0198319572955
          ],
          [
            3017.295865872584,
            1076.2479459503666
          ],
          [
            3033.086496518925,
            1069.4760599434376
          ],
          [
            3055.314703708049,
            1059.9411931624636
          ],
          [
            3072.522741425666,
            1055.959592933068
          ],
          [
            3089.730779143283,
            1051.9779927036725
          ],
          [
            3106.9388168609003,
            1047.996392474277
          ],
          [
            3124.1468545785174,
            1044.0147922448814
          ],
          [
            3140.0652629926453,
            1039.9048437617719
          ],
          [
            3155.983671406773,
            1035.7948952786624
          ],
          [
            3171.902079820901,
            1031.684946795553
          ],
          [
            3187.8204882350283,
            1027.5749983124435
          ],
          [
            3203.7388966491562,
            1023.465049829334
          ],
          [
            3219.264851869763,
            1017.4627432702109
          ],
          [
            3234.79080709037,
            1011.4604367110878
          ],
          [
            3250.3167623109766,
            1005.4581301519647
          ],
          [
            3262.0189758391352,
            1000.4857536181808
          ],
          [
            3276.7580346007453,
            994.2318768065888
          ],
          [
            3291.4970933623554,
            987.9779999949969
          ],
          [
            3306.2361521239654,
            981.724123183405
          ],
          [
            3320.9752108855755,
            975.4702463718131
          ],
          [
            3339.869221049157,
            965.4566401410848
          ],
          [
            3358.763231212739,
            955.4430339103565
          ],
          [
            3365.570576977625,
            952.8242916194722
          ],
          [
            3371.6083045501728,
            952.2940737828612
          ],
          [
            3378.29910321685,
            953.5616321787238
          ],
          [
            3384.8292391088326,
            957.1360232699662
          ]
        ]
      },
      "properties": {
        "id": "pistes:nan:1362378998",
        "name": "Leo Rudolph",
        "piste_type": "downhill",
        "tags": {
          "name": "Leo Rudolph",
          "z_order": "0.0",
          "other_tags": "\"piste:difficulty\"=>\"intermediate\",\"piste:type\"=>\"downhill\"",
          "State": "R\u00edo Negro",
          "Country": "Argentina",
          "Ski Area": "Cerro Perito Moreno",
          "region": "south-america"
        }
      }
    },
    {
      "type": "Feature",
      "geometry": {
        "type": "LineString",
        "coordinates": [
          [
            2355.869705482386,
            1384.5531996320933
          ],
          [
            2368.6813781101955,
            1387.528674757108
          ],
          [
            2384.151320991572,
            1391.1732319584116
          ],
          [
            2401.1912031554384,
            1389.919386931695
          ],
          [
            2421.5624823145336,
            1383.8312943028286
          ],
          [
            2436.6022452899488,
            1378.2827618746087
          ],
          [
            2461.3969224221073,
            1378.3292324263602
          ],
          [
            2481.8520349485916,
            1381.05675770808
          ],
          [
            2502.346892361704,
            1382.7407211270183
          ],
          [
            2525.773953003227,
            1380.967584328726
          ],
          [
            2545.4303747612284,
            1374.857629230246
          ],
          [
            2563.7679175457065,
            1365.766428663085
          ],
          [
            2582.105460330184,
            1356.6752280959238
          ],
          [
            2600.443003114662,
            1347.5840275287628
          ],
          [
            2620.5150521270116,
            1339.5414407229982
          ],
          [
            2640.587101139361,
            1331.4988539172336
          ],
          [
            2656.092308022858,
            1326.3194920727983
          ],
          [
            2671.5975149063547,
            1321.140130228363
          ],
          [
            2687.102721789852,
            1315.9607683839276
          ],
          [
            2715.5065226643346,
            1301.6447719093412
          ],
          [
            2733.853584142111,
            1292.316397747025
          ],
          [
            2761.222258697613,
            1288.9050736883655
          ],
          [
            2777.197872015211,
            1287.6238910160027
          ],
          [
            2793.173485332809,
            1286.34270834364
          ],
          [
            2810.0488381426744,
            1282.6156656037394
          ],
          [
            2826.9241909525394,
            1278.8886228638391
          ],
          [
            2843.799543762405,
            1275.1615801239386
          ],
          [
            2867.710256631952,
            1269.1786545077339
          ],
          [
            2897.8808760079555,
            1266.9068403542042
          ],
          [
            2916.164443465726,
            1267.3376664972554
          ],
          [
            2934.448010923496,
            1267.7684926403065
          ],
          [
            2952.7315783812664,
            1268.1993187833577
          ],
          [
            2973.965318114652,
            1268.7186134743195
          ],
          [
            2995.1990578480377,
            1269.237908165281
          ],
          [
            3016.432797581423,
            1269.7572028562427
          ],
          [
            3039.4156933072663,
            1270.9808712941594
          ],
          [
            3062.3985890331096,
            1272.2045397320762
          ],
          [
            3080.845382650732,
            1271.1691475305706
          ],
          [
            3099.2921762683545,
            1270.133755329065
          ],
          [
            3126.0470941746607,
            1263.8797334618866
          ],
          [
            3146.7346395433415,
            1258.854942777194
          ],
          [
            3163.2155937640346,
            1258.466061537154
          ],
          [
            3179.6965479847277,
            1258.077180297114
          ],
          [
            3193.8593728093547,
            1258.1576927090064
          ],
          [
            3213.017801787588,
            1256.9655233789235
          ],
          [
            3232.406630223617,
            1260.0145527329296
          ],
          [
            3234.928306857706,
            1260.2458062479272
          ],
          [
            3252.0086319993134,
            1261.780729948543
          ]
        ]
      },
      "properties": {
        "id": "pistes:nan:1362378999",
        "name": "El Muro",
        "piste_type": "downhill",
        "tags": {
          "name": "El Muro",
          "z_order": "0.0",
          "other_tags": "\"piste:difficulty\"=>\"intermediate\",\"piste:type\"=>\"downhill\"",
          "State": "R\u00edo Negro",
          "Country": "Argentina",
          "Ski Area": "Cerro Perito Moreno",
          "region": "south-america"
        }
      }
    },
    {
      "type": "Feature",
      "geometry": {
        "type": "LineString",
        "coordinates": [
          [
            2255.188257524045,
            1379.296596144326
          ],
          [
            2259.0812711229664,
            1367.6999394483864
          ],
          [
            2261.8847067327006,
            1357.2040542056784
          ],
          [
            2260.086531078792,
            1346.2138354443014
          ],
          [
            2256.473666633654,
            1336.9249080438167
          ],
          [
            2251.722441190155,
            1330.080054257065
          ],
          [
            2244.307385560125,
            1317.5090695470572
          ],
          [
            2241.3370187300025,
            1310.3622427452356
          ],
          [
            2237.33472085034,
            1302.1284929523245
          ],
          [
            2238.6960059494013,
            1292.2893160013482
          ],
          [
            2243.946556491195,
            1282.5673724208027
          ],
          [
            2252.6014952019905,
            1277.1824153596535
          ],
          [
            2270.4750395437004,
            1271.7196508487687
          ],
          [
            2295.1034404836246,
            1265.404593183659
          ],
          [
            2314.3468525274657,
            1261.4055764898658
          ],
          [
            2332.041223295382,
            1250.2914349259809
          ],
          [
            2341.2912186760805,
            1237.1612860881723
          ],
          [
            2350.5412140567787,
            1224.0311372503638
          ],
          [
            2363.6484191620257,
            1212.0785394692793
          ],
          [
            2376.7556242672727,
            1200.1259416881949
          ],
          [
            2384.8929167657625,
            1188.7237728340551
          ],
          [
            2388.7729319193168,
            1177.5489969067276
          ],
          [
            2388.93571132503,
            1160.2718878649175
          ],
          [
            2389.1439704589625,
            1141.577281489037
          ],
          [
            2389.3522295928947,
            1122.8826751131564
          ],
          [
            2389.5604887268273,
            1104.188068737276
          ],
          [
            2391.4764274321496,
            1087.6639410369098
          ],
          [
            2393.392366137472,
            1071.1398133365437
          ],
          [
            2398.18427968747,
            1041.2879190826789
          ],
          [
            2402.55935501121,
            1025.549151933752
          ],
          [
            2401.3405905273976,
            1015.754491048865
          ],
          [
            2395.929515947879,
            995.4754456579685
          ],
          [
            2390.6279170286434,
            977.5002526347525
          ],
          [
            2385.326318109408,
            959.5250596115366
          ],
          [
            2378.7254396219505,
            931.8083313098177
          ],
          [
            2374.6823280435055,
            913.3375716470182
          ],
          [
            2375.255716696789,
            894.305722553283
          ],
          [
            2375.3874944985146,
            886.6189143722877
          ],
          [
            2375.158828326734,
            879.5769632980227
          ]
        ]
      },
      "properties": {
        "id": "pistes:nan:1362379000",
        "name": "Cacha\u00f1a",
        "piste_type": "downhill",
        "tags": {
          "name": "Cacha\u00f1a",
          "z_order": "0.0",
          "other_tags": "\"piste:difficulty\"=>\"intermediate\",\"piste:type\"=>\"downhill\"",
          "State": "R\u00edo Negro",
          "Country": "Argentina",
          "Ski Area": "Cerro Perito Moreno",
          "region": "south-america"
        }
      }
    },
    {
      "type": "Feature",
      "geometry": {
        "type": "LineString",
        "coordinates": [
          [
            2422.1912392234663,
            1185.646212624386
          ],
          [
            2417.4879148916807,
            1189.3610530942678
          ],
          [
            2413.855914197571,
            1191.4744255524129
          ],
          [
            2411.1532458463917,
            1192.2821280928329
          ],
          [
            2408.478954100865,
            1192.4238544553518
          ],
          [
            2406.76582149521,
            1189.9272109353915
          ],
          [
            2406.6284015779383,
            1187.0334753962234
          ],
          [
            2407.164114538813,
            1184.1600150810555
          ],
          [
            2408.3579602586105,
            1181.5286547224969
          ],
          [
            2409.776182564907,
            1178.9040525173768
          ],
          [
            2411.412092267419,
            1176.5082835089415
          ],
          [
            2413.250690117595,
            1174.5631724130362
          ],
          [
            2415.9934845047537,
            1172.4230183232576
          ],
          [
            2418.375206476776,
            1170.6720859967172
          ],
          [
            2420.990182339039,
            1169.4616421898827
          ],
          [
            2424.826481535798,
            1168.021249903366
          ],
          [
            2427.7535160960397,
            1167.2203003428876
          ],
          [
            2430.673861568095,
            1166.6414247741923
          ],
          [
            2433.3548310060287,
            1166.277615312487
          ],
          [
            2436.703864842828,
            1166.3784779794514
          ],
          [
            2439.9977719325107,
            1168.033614931628
          ],
          [
            2443.082301656308,
            1169.4601681260392
          ],
          [
            2446.3762115093996,
            1171.1153020234779
          ],
          [
            2449.01867721451,
            1172.3062630128115
          ],
          [
            2452.979033506941,
            1174.203740177676
          ],
          [
            2455.837568284187,
            1175.4012052668259
          ],
          [
            2458.711101696943,
            1176.3768442729488
          ],
          [
            2462.7048992593773,
            1177.1639401055872
          ],
          [
            2466.7187592060072,
            1177.2848082128912
          ],
          [
            2469.841797205445,
            1177.1565732015297
          ],
          [
            2473.8824049790273,
            1176.3891366887838
          ],
          [
            2478.145765538211,
            1175.4061287287623
          ],
          [
            2480.8350448587444,
            1175.0425516534597
          ],
          [
            2483.78213447053,
            1173.575353837572
          ],
          [
            2486.978722636355,
            1171.004284790717
          ],
          [
            2489.071572109533,
            1169.17794935219
          ],
          [
            2490.2906028913567,
            1164.8802621997893
          ],
          [
            2491.2667243183823,
            1162.0200582137331
          ],
          [
            2492.0468380609527,
            1158.4871231075376
          ],
          [
            2492.5808915069792,
            1155.3913322715089
          ],
          [
            2493.1366277586785,
            1151.8516413038597
          ],
          [
            2493.508105994144,
            1146.9727436341345
          ],
          [
            2493.41077241773,
            1142.7465599318966
          ],
          [
            2493.0623172710184,
            1139.401921079494
          ],
          [
            2492.4844238816295,
            1136.4949269359931
          ],
          [
            2491.891534329974,
            1133.809757662937
          ],
          [
            2490.431135771796,
            1130.6539150811732
          ],
          [
            2489.186804079567,
            1127.5045778173953
          ],
          [
            2488.1598281822517,
            1124.595175134018
          ],
          [
            2486.7044967230177,
            1120.9949310664088
          ],
          [
            2485.2157330503687,
            1118.505062457174
          ],
          [
            2483.7269704755745,
            1116.0151934893802
          ],
          [
            2482.028830833151,
            1113.2967430921271
          ],
          [
            2480.7845065063448,
            1110.147404034622
          ],
          [
            2478.65099342732,
            1106.9712900016457
          ],
          [
            2475.8242962473305,
            1104.4411317724735
          ],
          [
            2472.786600568681,
            1101.4600655604154
          ],
          [
            2469.974905129755,
            1098.708079901524
          ],
          [
            2468.017340969527,
            1096.8709196867421
          ],
          [
            2466.0747754069744,
            1094.8119339626282
          ],
          [
            2463.4858371521696,
            1091.8443767558783
          ],
          [
            2459.7967140496476,
            1088.3991341926157
          ],
          [
            2458.539029317326,
            1085.6939409794286
          ],
          [
            2457.512407635688,
            1082.7734292624518
          ],
          [
            2456.492474639963,
            1079.6308421716094
          ],
          [
            2455.4591671053786,
            1076.9324052538723
          ],
          [
            2453.521676440141,
            1074.4290150869638
          ],
          [
            2450.68993572169,
            1072.3432466201484
          ],
          [
            2448.054196342244,
            1070.930209514685
          ],
          [
            2444.9630220422987,
            1069.7257318934426
          ],
          [
            2442.315530191525,
            1068.979168433696
          ],
          [
            2439.1288827693206,
            1068.1830245712772
          ],
          [
            2434.1237533459207,
            1066.7319634938613
          ],
          [
            2431.943455103552,
            1065.1103604156524
          ],
          [
            2430.2236609447864,
            1062.835796419531
          ],
          [
            2429.1903661029646,
            1060.1373551748693
          ],
          [
            2430.168123873649,
            1057.499484210275
          ],
          [
            2432.6731208179262,
            1055.7967177825049
          ],
          [
            2435.3808029476786,
            1054.5446082958952
          ],
          [
            2438.7632260582177,
            1053.5350960195065
          ],
          [
            2441.459151475865,
            1052.9494601543993
          ],
          [
            2444.819886352401,
            1052.3838451718912
          ],
          [
            2448.173932535574,
            1052.0403038235381
          ],
          [
            2451.5362884138594,
            1051.6970111764967
          ],
          [
            2454.434899239219,
            1051.5620277523994
          ],
          [
            2458.0133175847586,
            1051.2252388866618
          ],
          [
            2460.9336133709876,
            1050.6463527223095
          ],
          [
            2463.8539086094825,
            1050.0674653807655
          ],
          [
            2466.5498300538165,
            1049.481820171699
          ],
          [
            2469.245750991686,
            1048.896173962392
          ],
          [
            2472.1711091522593,
            1047.872882653959
          ],
          [
            2474.6627174671157,
            1046.6142523568124
          ],
          [
            2476.951636237907,
            1044.9049647077918
          ],
          [
            2479.2389309062855,
            1042.9733509402722
          ],
          [
            2481.3018513795687,
            1041.0349802421406
          ],
          [
            2483.5757696761284,
            1039.5475155394524
          ],
          [
            2485.8646840312285,
            1037.8382251840085
          ],
          [
            2489.054528747918,
            1035.489232197404
          ],
          [
            2492.001561806479,
            1034.0220329156145
          ],
          [
            2496.5226419591345,
            1031.9353970624506
          ],
          [
            2499.44292584667,
            1031.356495554559
          ],
          [
            2502.810330726439,
            1030.5687786480412
          ],
          [
            2506.40879364335,
            1029.5657404661179
          ],
          [
            2510.9047455864493,
            1028.5897218706086
          ],
          [
            2513.8116544371005,
            1028.4549649460241
          ],
          [
            2517.396742483601,
            1027.8960716864094
          ],
          [
            2520.9617723104893,
            1028.0034021968022
          ],
          [
            2524.2957438749727,
            1028.3260512044653
          ],
          [
            2527.624654451618,
            1029.0930991871282
          ],
          [
            2530.2654523402452,
            1030.0617064787075
          ],
          [
            2535.134981262381,
            1031.3196837427095
          ],
          [
            2538.0084635470994,
            1032.2952928273007
          ],
          [
            2540.8618909004144,
            1033.9371262555942
          ],
          [
            2543.9180119050434,
            1036.0296129658818
          ],
          [
            2547.213502574945,
            1037.907027455978
          ],
          [
            2550.460575394798,
            1041.1166412401944
          ],
          [
            2553.531697111437,
            1042.9872985798866
          ],
          [
            2555.949755583948,
            1044.1714673796669
          ],
          [
            2559.6522659132024,
            1047.1725092995912
          ],
          [
            2567.3535712576704,
            1050.5161884054542
          ],
          [
            2569.522149864235,
            1052.8042248347774
          ],
          [
            2571.9201614700723,
            1054.654613474384
          ],
          [
            2575.445099065779,
            1056.0943672200665
          ],
          [
            2578.296917894564,
            1057.5138596836478
          ],
          [
            2581.3480018228292,
            1060.0507299574092
          ],
          [
            2583.977076142968,
            1061.685792236589
          ],
          [
            2586.6061516363407,
            1063.3208534987643
          ],
          [
            2589.8933553030947,
            1065.1979972291738
          ],
          [
            2592.740123476251,
            1067.061884074472
          ],
          [
            2595.369202847942,
            1068.6969419512898
          ],
          [
            2598.2076636414276,
            1070.5605764044449
          ],
          [
            2601.5031836419366,
            1072.437964629382
          ],
          [
            2604.586070760968,
            1073.6421234002337
          ],
          [
            2607.7106842543,
            1073.736155132763
          ],
          [
            2611.084776186268,
            1072.7263117972761
          ],
          [
            2613.569682134781,
            1071.6897088438272
          ],
          [
            2614.7701177971903,
            1068.836241976358
          ],
          [
            2615.081368384999,
            1065.956017033197
          ],
          [
            2615.1949767172337,
            1062.1807394623756
          ],
          [
            2615.295219426509,
            1058.8496121801436
          ],
          [
            2615.4155107556726,
            1054.8522594235837
          ],
          [
            2615.5424850288546,
            1050.63283149153
          ],
          [
            2615.404989202856,
            1047.7391024585813
          ],
          [
            2615.0631693413015,
            1044.1723959045485
          ],
          [
            2614.4785556591814,
            1041.4874879615381
          ],
          [
            2614.116688072565,
            1038.5870067793876
          ],
          [
            2613.3210686772363,
            1035.4511962896213
          ],
          [
            2612.9592021027347,
            1032.5507149947807
          ],
          [
            2612.8367014637915,
            1029.435160701163
          ],
          [
            2612.3106103981845,
            1024.5292507344857
          ],
          [
            2612.5578821246745,
            1016.3124696575105
          ],
          [
            2611.5178457163274,
            1013.8361320979893
          ],
          [
            2610.029066349496,
            1011.3462899029255
          ],
          [
            2608.7646598811843,
            1008.8631996279582
          ],
          [
            2607.73130927945,
            1006.1647862298414
          ],
          [
            2606.704642782104,
            1003.2442974718288
          ],
          [
            2606.1334035586915,
            1000.1152381002903
          ],
          [
            2605.3294834812405,
            996.97917616833
          ],
          [
            2605.1919949356816,
            994.0854465197772
          ],
          [
            2605.2788778655813,
            991.1984692607075
          ],
          [
            2605.6101819012547,
            987.6520188674331
          ],
          [
            2606.1391236409545,
            985.0006215423346
          ],
          [
            2606.924225658702,
            981.0232754051685
          ],
          [
            2607.473216449027,
            977.7056524641812
          ],
          [
            2607.7844696401153,
            974.8254274968058
          ],
          [
            2607.984967583092,
            968.1631721202284
          ],
          [
            2609.550110562821,
            960.6528798341751
          ],
          [
            2610.737167199957,
            958.2435641884804
          ],
          [
            2611.9375894485274,
            955.3900980008766
          ],
          [
            2612.682587634481,
            952.7452024016529
          ],
          [
            2613.2315748478286,
            949.4275790629908
          ],
          [
            2613.8006111055147,
            945.4437301307917
          ],
          [
            2614.105178475147,
            942.7855800893158
          ],
          [
            2614.6722530612606,
            938.5905095785856
          ],
          [
            2615.683344057994,
            934.8422400197014
          ],
          [
            2616.652708823094,
            932.2040962036699
          ],
          [
            2618.0774945906014,
            929.3573812460527
          ],
          [
            2619.2912761314074,
            926.0597636206076
          ],
          [
            2620.498373712646,
            922.9842210030183
          ],
          [
            2621.2567323965486,
            919.895174250938
          ],
          [
            2621.3636597645236,
            916.3419711887836
          ],
          [
            2620.5747391018085,
            912.9840853707865
          ],
          [
            2620.8220100687467,
            904.7673031864688
          ],
          [
            2621.0425493428484,
            897.4388217069209
          ],
          [
            2621.032037822646,
            890.3256633356214
          ],
          [
            2620.909542203939,
            887.2101085819304
          ],
          [
            2620.7653708075522,
            884.5384541321546
          ],
          [
            2620.6278826757334,
            881.6447244649753
          ],
          [
            2620.279393226141,
            878.3000923106447
          ],
          [
            2620.1352225708542,
            875.6284378003329
          ],
          [
            2620.2354689066997,
            872.2973097357899
          ],
          [
            2620.342398396344,
            868.7441064538434
          ],
          [
            2620.6603290382773,
            865.6418056404218
          ],
          [
            2620.96489336004,
            862.9836552236229
          ],
          [
            2621.9609812604613,
            859.4572100238875
          ],
          [
            2623.1680692480877,
            856.3816671259701
          ],
          [
            2624.1657823181013,
            853.0775469429791
          ],
          [
            2624.9174519645167,
            850.2105750376359
          ],
          [
            2625.690796941868,
            846.8997027119622
          ],
          [
            2626.6801980591845,
            843.5953321550041
          ],
          [
            2627.669598403736,
            840.2909614769742
          ],
          [
            2628.869998555514,
            837.4374929573387
          ],
          [
            2630.090446444112,
            833.917798618786
          ],
          [
            2630.6394218037603,
            830.6001740181819
          ],
          [
            2631.426128544379,
            826.8451507296413
          ],
          [
            2632.1711106869043,
            824.2002533795312
          ],
          [
            2633.147141048219,
            821.3400324787945
          ],
          [
            2634.5585367859458,
            818.9374652840197
          ],
          [
            2635.9899797965772,
            815.8686721883714
          ],
          [
            2636.9593250936596,
            813.2305260496214
          ],
          [
            2637.9369795962702,
            810.5926298527047
          ],
          [
            2639.130689080921,
            807.9612350445241
          ],
          [
            2640.9891840331256,
            805.3498445376754
          ],
          [
            2644.160456901649,
            803.8893382381648
          ],
          [
            2647.276641812583,
            803.9831070518121
          ],
          [
            2650.3810896484647,
            804.7433501994237
          ],
          [
            2653.6815470102592,
            806.1763186864555
          ],
          [
            2656.31053709361,
            807.8113578278571
          ],
          [
            2659.3815772877424,
            809.6819730158895
          ],
          [
            2661.0730161012616,
            812.6224578386173
          ],
          [
            2661.863567690132,
            816.2026646155864
          ],
          [
            2662.8634943107027,
            820.0114472368732
          ],
          [
            2664.0677426132024,
            824.4932060390711
          ],
          [
            2665.312083387631,
            827.6425133123994
          ],
          [
            2666.3454227373004,
            830.3409192301333
          ],
          [
            2667.3587178316666,
            833.7055505728349
          ],
          [
            2668.1610110471956,
            836.6192807052284
          ],
          [
            2668.727203534101,
            840.1927357558161
          ],
          [
            2669.2583603832754,
            844.6542415069416
          ],
          [
            2669.3958659303607,
            847.5479696830735
          ],
          [
            2669.4999636834254,
            851.5520738363266
          ],
          [
            2669.6358414451242,
            854.2234767498448
          ],
          [
            2669.7599845431396,
            857.5613552583382
          ],
          [
            2670.326180504926,
            861.1348099848256
          ],
          [
            2670.9107934396015,
            863.8197138234973
          ],
          [
            2671.4569462484214,
            868.0593939675018
          ],
          [
            2671.974745599495,
            872.9650495797396
          ],
          [
            2672.7693189163692,
            880.8353058137
          ]
        ]
      },
      "properties": {
        "id": "pistes:nan:1362379002",
        "name": "Morita",
        "piste_type": "downhill",
        "tags": {
          "name": "Morita",
          "z_order": "0.0",
          "other_tags": "\"piste:difficulty\"=>\"easy\",\"piste:type\"=>\"downhill\"",
          "State": "R\u00edo Negro",
          "Country": "Argentina",
          "Ski Area": "Cerro Perito Moreno",
          "region": "south-america"
        }
      }
    },
    {
      "type": "Feature",
      "geometry": {
        "type": "LineString",
        "coordinates": [
          [
            1339.9416651735082,
            1347.5623207492754
          ],
          [
            1364.8986012723763,
            1367.2669503372163
          ],
          [
            1379.6090489455576,
            1382.530690832374
          ],
          [
            1394.319496618739,
            1397.7944313275318
          ],
          [
            1409.0299442919204,
            1413.0581718226895
          ],
          [
            1424.8761360230274,
            1420.2059709327295
          ],
          [
            1440.7223277541343,
            1427.3537700427696
          ],
          [
            1469.1854588065762,
            1430.4376107435673
          ],
          [
            1488.9369773910148,
            1426.5894627128728
          ],
          [
            1508.6884959754534,
            1422.7413146821782
          ],
          [
            1525.5395704191178,
            1418.8053537276573
          ],
          [
            1542.3906448627822,
            1414.8693927731365
          ],
          [
            1562.2798384410173,
            1409.5359195880592
          ],
          [
            1582.1690320192527,
            1404.2024464029819
          ],
          [
            1602.0582255974878,
            1398.8689732179046
          ],
          [
            1617.5067096447262,
            1394.5940167993929
          ],
          [
            1632.9551936919645,
            1390.319060380881
          ],
          [
            1648.403677739203,
            1386.0441039623693
          ],
          [
            1665.360099850921,
            1376.1835743039846
          ],
          [
            1682.316521962639,
            1366.3230446456
          ],
          [
            1699.272944074357,
            1356.4625149872154
          ],
          [
            1712.629121268218,
            1347.1096145639729
          ],
          [
            1725.985298462079,
            1337.7567141407303
          ],
          [
            1739.34147565594,
            1328.4038137174878
          ],
          [
            1752.6976528498012,
            1319.050913294245
          ],
          [
            1766.0538300436622,
            1309.6980128710024
          ],
          [
            1779.4100072375234,
            1300.34511244776
          ],
          [
            1792.7661844313843,
            1290.9922120245174
          ],
          [
            1809.6130091741215,
            1279.1924067330547
          ],
          [
            1826.4598339168588,
            1267.392601441592
          ],
          [
            1842.0337792211212,
            1254.0816966942511
          ],
          [
            1857.6077245253837,
            1240.7707919469103
          ],
          [
            1868.2942845642683,
            1239.4597449852154
          ],
          [
            1884.61961340181,
            1238.1744017822202
          ],
          [
            1900.9449422393518,
            1236.889058579225
          ],
          [
            1917.2702710768936,
            1235.60371537623
          ],
          [
            1933.5955999144353,
            1234.3183721732348
          ],
          [
            1951.1283154141856,
            1229.957453112739
          ],
          [
            1968.661030913936,
            1225.5965340522428
          ],
          [
            1986.1937464136863,
            1221.2356149917468
          ],
          [
            2005.1514767522458,
            1214.027984132059
          ],
          [
            2024.1092070908053,
            1206.820353272371
          ],
          [
            2040.3248134577298,
            1194.417519356124
          ],
          [
            2056.5404198246542,
            1182.0146854398772
          ],
          [
            2068.9025041726222,
            1171.5701187172283
          ],
          [
            2081.2645885205907,
            1161.1255519945796
          ],
          [
            2093.6266728685587,
            1150.6809852719307
          ],
          [
            2103.223438461224,
            1135.855602371972
          ],
          [
            2112.820204053889,
            1121.0302194720134
          ],
          [
            2124.3669969865005,
            1105.252258522436
          ],
          [
            2135.913789919112,
            1089.4742975728586
          ],
          [
            2147.4605828517233,
            1073.6963366232812
          ],
          [
            2154.2439713451313,
            1055.8964497582056
          ],
          [
            2161.0273598385393,
            1038.0965628931299
          ],
          [
            2186.948621476011,
            1021.985145716928
          ],
          [
            2202.444974513026,
            1016.0804143957794
          ],
          [
            2217.941327550041,
            1010.1756830746308
          ],
          [
            2233.437680587056,
            1004.2709517534822
          ],
          [
            2245.683924000521,
            993.9707980889361
          ],
          [
            2257.930167413986,
            983.67064442439
          ],
          [
            2270.176410827451,
            973.370490759844
          ],
          [
            2282.422654240916,
            963.0703370952979
          ],
          [
            2308.7463093550177,
            944.9034662777558
          ],
          [
            2322.195613043732,
            933.3169315652922
          ],
          [
            2343.771589711192,
            910.6724724471569
          ],
          [
            2365.955366274051,
            891.5915849655867
          ],
          [
            2375.158828326734,
            879.5769632980227
          ],
          [
            2379.96385998209,
            873.3090414460748
          ],
          [
            2392.6958699740353,
            862.056422223337
          ],
          [
            2415.2486085945857,
            853.9114176295698
          ],
          [
            2432.9933797815465,
            852.6843508630991
          ],
          [
            2450.7381509685074,
            851.4572840966284
          ],
          [
            2469.7105446592905,
            850.6171827819198
          ],
          [
            2488.6829383500735,
            849.7770814672112
          ],
          [
            2507.2083971283573,
            846.10051224567
          ],
          [
            2525.733855906641,
            842.4239430241287
          ],
          [
            2542.5266204463164,
            845.2818945245817
          ],
          [
            2559.3193849859913,
            848.1398460250348
          ],
          [
            2576.1121495256666,
            850.9977975254878
          ],
          [
            2596.732540570112,
            854.263504145667
          ],
          [
            2617.3529316145577,
            857.5292107658461
          ],
          [
            2628.290242827381,
            858.9141662791371
          ],
          [
            2653.7069365587085,
            861.4460771949962
          ],
          [
            2670.9107934396015,
            863.8197138234973
          ],
          [
            2687.6991579602472,
            861.7575123840943
          ],
          [
            2705.392446002399,
            856.2938635884784
          ],
          [
            2723.085734044551,
            850.8302147928625
          ],
          [
            2738.5873351842165,
            841.7719500195235
          ],
          [
            2754.491974872828,
            819.3114154171199
          ],
          [
            2766.802776210272,
            804.3390458524227
          ],
          [
            2779.113577547716,
            789.3666762877256
          ],
          [
            2794.8907700981363,
            771.1365913562477
          ],
          [
            2816.0934612428537,
            760.8381547490135
          ],
          [
            2828.792835075408,
            750.6396469157189
          ],
          [
            2842.4825489879586,
            731.2908971682191
          ],
          [
            2853.5208765573334,
            705.5164412241429
          ],
          [
            2862.5229129142244,
            677.2023820020258
          ],
          [
            2869.397287686472,
            648.8354691201821
          ],
          [
            2876.7195872238663,
            628.9451683019288
          ],
          [
            2884.0418867612607,
            609.0548674836755
          ],
          [
            2903.5699135771138,
            583.8911849344149
          ],
          [
            2918.324797469424,
            564.229807652533
          ],
          [
            2926.714120575809,
            556.0132356388494
          ],
          [
            2937.534912212519,
            549.6368196047843
          ],
          [
            2945.4080540185096,
            546.6948790261522
          ],
          [
            2956.974781086028,
            550.9211777979508
          ],
          [
            2982.1361851035617,
            561.9130227286369
          ],
          [
            3012.2798072671285,
            572.3431682456285
          ],
          [
            3032.690329232486,
            576.4793756557629
          ],
          [
            3041.9604706590762,
            586.2823421675712
          ],
          [
            3056.2249831481604,
            606.4710922949016
          ],
          [
            3064.0623428958934,
            622.5825074031018
          ],
          [
            3071.8997026436264,
            638.6939225113019
          ],
          [
            3079.073166850256,
            653.3739286935888
          ],
          [
            3086.2466310568852,
            668.0539348758757
          ],
          [
            3089.5426813363447,
            687.9132010899484
          ],
          [
            3087.4528081974713,
            710.4225106034428
          ],
          [
            3079.4919291616534,
            739.8238687636331
          ],
          [
            3071.202824822045,
            756.3344991798513
          ],
          [
            3062.9137204824365,
            772.8451295960695
          ],
          [
            3048.1588802336482,
            792.5068008136004
          ],
          [
            3042.40435792855,
            807.1486232299358
          ],
          [
            3039.935750442499,
            824.5397718478926
          ],
          [
            3037.467142956448,
            841.9309204658493
          ],
          [
            3040.099202255369,
            860.3588143279776
          ],
          [
            3044.0465540970326,
            882.3492754651234
          ],
          [
            3056.7428150639753,
            895.7892686473206
          ],
          [
            3080.4932587950025,
            906.7271802453324
          ],
          [
            3102.172106460348,
            916.0246172263287
          ],
          [
            3123.8509541256935,
            925.322054207325
          ],
          [
            3143.090701314766,
            933.3069536723197
          ],
          [
            3162.330448503839,
            941.2918531373143
          ],
          [
            3177.8408957994834,
            949.5203585256822
          ],
          [
            3193.351343095128,
            957.7488639140502
          ],
          [
            3211.558125602576,
            970.642630354967
          ],
          [
            3229.7649081100244,
            983.5363967958838
          ],
          [
            3245.89194197458,
            992.0110752070323
          ],
          [
            3262.0189758391352,
            1000.4857536181808
          ],
          [
            3285.5689789083553,
            1010.9168059499934
          ]
        ]
      },
      "properties": {
        "id": "pistes:nan:1362459760",
        "name": "El Condor",
        "piste_type": "downhill",
        "tags": {
          "name": "El Condor",
          "z_order": "0.0",
          "other_tags": "\"piste:difficulty\"=>\"intermediate\",\"piste:type\"=>\"downhill\"",
          "State": "R\u00edo Negro",
          "Country": "Argentina",
          "Ski Area": "Cerro Perito Moreno",
          "region": "south-america"
        }
      }
    },
    {
      "type": "Feature",
      "geometry": {
        "type": "LineString",
        "coordinates": [
          [
            1806.788019173022,
            1377.2705544568598
          ],
          [
            1802.1094451792305,
            1374.9175821393728
          ],
          [
            1796.2737290923833,
            1368.7398185068741
          ],
          [
            1788.1955966289388,
            1354.7368183732033
          ],
          [
            1785.85971095087,
            1338.4399754386395
          ],
          [
            1789.4627297932748,
            1312.786800966598
          ],
          [
            1792.7661844313843,
            1290.9922120245174
          ],
          [
            1794.2912360123591,
            1270.2441800655797
          ],
          [
            1785.9542934596539,
            1241.4074119077995
          ],
          [
            1783.3037281420548,
            1223.6895913267508
          ],
          [
            1778.2193004447618,
            1204.486780363135
          ],
          [
            1776.0459454880329,
            1182.5378602650017
          ],
          [
            1777.2846540288301,
            1164.937523106113
          ],
          [
            1784.2550272506196,
            1145.3875765390694
          ],
          [
            1789.0766365365707,
            1126.4784475537017
          ],
          [
            1793.8982458225219,
            1107.569318568334
          ],
          [
            1798.4956097321701,
            1088.1884792167693
          ],
          [
            1803.0929736418184,
            1068.8076398652047
          ],
          [
            1807.6903375514667,
            1049.42680051364
          ],
          [
            1811.537495294935,
            1027.6652975399047
          ],
          [
            1815.3846530384035,
            1005.9037945661694
          ],
          [
            1809.6071524557774,
            985.9687693519518
          ],
          [
            1802.3743825257989,
            967.4012421434745
          ],
          [
            1790.9246701900265,
            948.00613955874
          ],
          [
            1788.194018070586,
            921.1058016205207
          ],
          [
            1788.2756274478743,
            895.0017088381574
          ],
          [
            1788.9039190010808,
            874.2043480905704
          ],
          [
            1789.5322105542873,
            853.4069873429835
          ],
          [
            1793.6537570004293,
            834.1266224058345
          ],
          [
            1797.7753034465713,
            814.8462574686855
          ],
          [
            1799.643430358381,
            800.0878584804013
          ],
          [
            1810.1451645288034,
            780.6445816522464
          ],
          [
            1813.4896627714043,
            763.8191372156143
          ],
          [
            1807.7338969532866,
            743.1734545808285
          ],
          [
            1795.229129931773,
            735.0381837198511
          ],
          [
            1772.8832173350384,
            724.4828007593751
          ],
          [
            1756.6990528436872,
            720.9957630224526
          ],
          [
            1740.5148883523361,
            717.5087252855301
          ],
          [
            1724.330723860985,
            714.0216875486076
          ],
          [
            1708.146559369634,
            710.5346498116851
          ],
          [
            1690.2831663919787,
            703.9932028045878
          ],
          [
            1672.4197734143236,
            697.4517557974905
          ],
          [
            1657.096523072134,
            688.8753655790351
          ],
          [
            1641.7732727299444,
            680.2989753605798
          ],
          [
            1625.2440195830422,
            664.984371734783
          ],
          [
            1606.4169936079998,
            655.2461205329746
          ],
          [
            1583.8051343403058,
            653.5009356248192
          ],
          [
            1561.1932750726119,
            651.7557507166639
          ],
          [
            1541.429902639861,
            649.5130791465441
          ],
          [
            1521.6665302071099,
            647.2704075764244
          ],
          [
            1501.903157774359,
            645.0277360063046
          ],
          [
            1484.5970708228706,
            643.4427598076873
          ],
          [
            1467.2909838713822,
            641.8577836090699
          ],
          [
            1442.0351519887336,
            634.0362081015483
          ],
          [
            1421.8943362038117,
            620.7234564125538
          ],
          [
            1410.416442985821,
            602.0380649212748
          ],
          [
            1406.959645670664,
            575.8267733920366
          ],
          [
            1411.7499402482645,
            557.978271283675
          ],
          [
            1416.540234825865,
            540.1297691753134
          ],
          [
            1419.4357153621968,
            514.8109124312177
          ],
          [
            1410.5569927137112,
            503.96170819643885
          ],
          [
            1384.0727047815453,
            489.75663955230266
          ],
          [
            1369.4047065423802,
            482.95910671912134
          ],
          [
            1354.736708303215,
            476.16157388594
          ],
          [
            1340.0687100640498,
            469.3640410527587
          ],
          [
            1312.8568545207381,
            455.84795479942113
          ],
          [
            1294.8982357847854,
            452.4811609662138
          ],
          [
            1276.9396170488326,
            449.11436713300645
          ],
          [
            1261.1197033275384,
            457.1040732348338
          ],
          [
            1237.9425787344226,
            474.03991718776524
          ],
          [
            1225.7616517134666,
            484.519493531785
          ],
          [
            1213.5807246925106,
            494.9990698758047
          ],
          [
            1201.3997976715546,
            505.47864621982444
          ],
          [
            1189.2188706505985,
            515.9582225638442
          ],
          [
            1177.0379436296425,
            526.4377989078639
          ],
          [
            1164.8570166086865,
            536.9173752518836
          ],
          [
            1152.6760895877305,
            547.3969515959034
          ],
          [
            1140.4951625667745,
            557.8765279399231
          ],
          [
            1124.5038994788192,
            571.5066665997729
          ],
          [
            1104.3865992194624,
            580.766178467311
          ],
          [
            1080.0737336084712,
            588.4981000395492
          ],
          [
            1061.3769109579735,
            597.8116464731283
          ],
          [
            1042.6800883074757,
            607.1251929067075
          ],
          [
            1024.239727010252,
            607.9775864081457
          ],
          [
            1005.9276378874201,
            604.5993913132697
          ],
          [
            988.2363574743504,
            604.0629285583273
          ],
          [
            979.1552262858022,
            611.4228535508737
          ]
        ]
      },
      "properties": {
        "id": "pistes:nan:1362459761",
        "name": "Encanto Blanco",
        "piste_type": "downhill",
        "tags": {
          "name": "Encanto Blanco",
          "z_order": "0.0",
          "other_tags": "\"piste:difficulty\"=>\"intermediate\",\"piste:type\"=>\"downhill\"",
          "State": "R\u00edo Negro",
          "Country": "Argentina",
          "Ski Area": "Cerro Perito Moreno",
          "region": "south-america"
        }
      }
    },
    {
      "type": "Feature",
      "geometry": {
        "type": "LineString",
        "coordinates": [
          [
            1364.8986012723763,
            1367.2669503372163
          ],
          [
            1374.6565571496612,
            1369.4405215233564
          ],
          [
            1387.834249848558,
            1372.4066303288564
          ],
          [
            1396.7792389437673,
            1369.0097153149545
          ],
          [
            1400.7050784226158,
            1361.0486810067669
          ],
          [
            1403.204299139732,
            1351.5774369528517
          ],
          [
            1404.2103789084358,
            1342.7945304019377
          ],
          [
            1407.9285410409793,
            1329.3258115304634
          ],
          [
            1410.7795416463632,
            1320.598729918711
          ],
          [
            1412.949118729448,
            1309.6504696253687
          ],
          [
            1413.2377297900384,
            1300.1123329550028
          ],
          [
            1414.9972905194154,
            1290.6187050556764
          ],
          [
            1417.119394067966,
            1281.5139205856249
          ],
          [
            1419.2446061761002,
            1272.0313559882343
          ],
          [
            1423.414630317944,
            1255.997871497646
          ],
          [
            1427.063428113237,
            1245.094366023317
          ],
          [
            1429.2634527275804,
            1233.413504106924
          ],
          [
            1435.2485702178674,
            1210.7221179679036
          ],
          [
            1444.6961804234888,
            1184.6568269738927
          ],
          [
            1450.973532591248,
            1167.8368712556548
          ],
          [
            1457.250884759007,
            1151.016915537417
          ],
          [
            1462.6335203616763,
            1132.0137813407928
          ],
          [
            1468.0161559643457,
            1113.0106471441686
          ],
          [
            1474.5602223902242,
            1095.4818965876475
          ],
          [
            1481.1042888161028,
            1077.9531460311264
          ],
          [
            1484.7262345011695,
            1053.6342916041613
          ],
          [
            1480.6468401321908,
            1029.5603596158326
          ],
          [
            1473.1823882122408,
            1014.0028654192574
          ],
          [
            1465.7179362922907,
            998.4453712226823
          ],
          [
            1460.4721105501521,
            981.0378324715421
          ],
          [
            1461.1671838157345,
            958.0641278428957
          ],
          [
            1461.4696495785029,
            941.6891127958894
          ],
          [
            1461.7721153412713,
            925.3140977488831
          ],
          [
            1462.0745811040397,
            908.9390827018767
          ],
          [
            1462.377046866808,
            892.5640676548704
          ],
          [
            1462.6795126295765,
            876.1890526078641
          ],
          [
            1461.397221963678,
            855.0671146633103
          ],
          [
            1459.0278720948554,
            837.9855420719832
          ],
          [
            1456.6585222260328,
            820.9039694806561
          ],
          [
            1450.999097819634,
            801.4129883811498
          ],
          [
            1445.3396734132355,
            781.9220072816437
          ],
          [
            1439.6802490068367,
            762.4310261821374
          ],
          [
            1439.2015003275883,
            746.3680051323026
          ],
          [
            1438.72275164834,
            730.3049840824679
          ],
          [
            1437.3319062488154,
            712.7751048342325
          ],
          [
            1435.9410608492908,
            695.2452255859971
          ],
          [
            1432.2097656027472,
            675.4884107252583
          ],
          [
            1428.4784703562036,
            655.7315958645195
          ],
          [
            1418.6440974401776,
            626.1598366647959
          ],
          [
            1410.416442985821,
            602.0380649212748
          ]
        ]
      },
      "properties": {
        "id": "pistes:nan:1362533999",
        "name": "Caj\u00f3n Del Azul",
        "piste_type": "downhill",
        "tags": {
          "name": "Caj\u00f3n Del Azul",
          "z_order": "0.0",
          "other_tags": "\"piste:difficulty\"=>\"intermediate\",\"piste:type\"=>\"downhill\"",
          "State": "R\u00edo Negro",
          "Country": "Argentina",
          "Ski Area": "Cerro Perito Moreno",
          "region": "south-america"
        }
      }
    },
    {
      "type": "Feature",
      "geometry": {
        "type": "LineString",
        "coordinates": [
          [
            1339.9416651735082,
            1347.5623207492754
          ],
          [
            1340.7141587999067,
            1368.8966840393841
          ],
          [
            1341.4866524263052,
            1390.2310473294929
          ],
          [
            1342.800409014104,
            1417.455508487299
          ],
          [
            1325.0041427284013,
            1439.833786174655
          ],
          [
            1304.8780969718937,
            1450.6885546459816
          ],
          [
            1284.752051215386,
            1461.5433231173083
          ],
          [
            1265.7906339433393,
            1469.232434579637
          ],
          [
            1246.8292166712927,
            1476.9215460419655
          ],
          [
            1226.1871858690865,
            1478.1635842099786
          ],
          [
            1205.5451550668804,
            1479.4056223779917
          ],
          [
            1190.4799541397952,
            1481.6278045084327
          ],
          [
            1163.6247972821584,
            1485.593363687396
          ],
          [
            1146.5553015994956,
            1492.672610175563
          ],
          [
            1129.4858059168328,
            1499.75185666373
          ],
          [
            1112.41631023417,
            1506.831103151897
          ],
          [
            1095.3468145515071,
            1513.910349640064
          ],
          [
            1077.4075072880369,
            1517.275113582611
          ],
          [
            1059.4682000245666,
            1520.6398775251582
          ],
          [
            1041.5288927610964,
            1524.0046414677054
          ],
          [
            1014.4461378600099,
            1534.9201055364683
          ],
          [
            999.9274225388508,
            1541.6762523469515
          ],
          [
            985.4087072176917,
            1548.4323991574347
          ],
          [
            970.8899918965326,
            1555.188545967918
          ],
          [
            956.3712765753735,
            1561.944692778401
          ],
          [
            938.2071016297559,
            1569.7904762029648
          ],
          [
            920.0429266841384,
            1577.6362596275285
          ],
          [
            901.8787517385208,
            1585.4820430520922
          ],
          [
            883.7145767929032,
            1593.327826476656
          ],
          [
            867.0562242849264,
            1601.5284793122362
          ],
          [
            850.3978717769496,
            1609.7291321478162
          ],
          [
            833.7395192689728,
            1617.9297849833965
          ],
          [
            815.0765504263109,
            1627.492092428729
          ],
          [
            796.4135815836489,
            1637.0543998740613
          ],
          [
            777.750612740987,
            1646.6167073193938
          ],
          [
            761.4936608991605,
            1653.3214608840644
          ],
          [
            745.236709057334,
            1660.0262144487351
          ],
          [
            728.9797572155076,
            1666.7309680134058
          ],
          [
            712.7228053736811,
            1673.4357215780765
          ],
          [
            696.4658535318546,
            1680.1404751427472
          ],
          [
            680.2089016900281,
            1686.8452287074178
          ],
          [
            662.473869694004,
            1689.371437178459
          ],
          [
            644.7388376979798,
            1691.8976456495002
          ],
          [
            627.0038057019556,
            1694.4238541205414
          ],
          [
            609.2687737059314,
            1696.9500625915825
          ],
          [
            593.2266580909054,
            1696.5962017541751
          ],
          [
            577.1845424758794,
            1696.2423409167677
          ],
          [
            561.1424268608534,
            1695.8884800793603
          ],
          [
            545.1003112458275,
            1695.534619241953
          ],
          [
            528.2106712758687,
            1687.8251617851201
          ],
          [
            511.32103130590986,
            1680.1157043282874
          ],
          [
            494.43139133595105,
            1672.4062468714546
          ],
          [
            477.54175136599224,
            1664.696789414622
          ],
          [
            462.11121142959746,
            1657.4288389359135
          ],
          [
            446.6806714932027,
            1650.1608884572051
          ],
          [
            431.2501315568079,
            1642.8929379784968
          ],
          [
            415.8195916204131,
            1635.6249874997884
          ],
          [
            396.4605662418762,
            1621.177341063507
          ],
          [
            391.57394579058746,
            1605.8359065172262
          ],
          [
            386.6873253392987,
            1590.4944719709456
          ],
          [
            392.54536604421446,
            1573.879240167793
          ],
          [
            398.4034067491302,
            1557.2640083646402
          ],
          [
            407.4408987055649,
            1541.5456242454238
          ],
          [
            416.4783906619996,
            1525.8272401262075
          ],
          [
            425.3790622355688,
            1508.8599030332018
          ],
          [
            434.279733809138,
            1491.8925659401964
          ],
          [
            443.18040538270725,
            1474.9252288471907
          ],
          [
            450.5350976822083,
            1444.2295143669471
          ],
          [
            454.49455677435617,
            1428.3567547942512
          ],
          [
            458.45401586650405,
            1412.4839952215552
          ],
          [
            455.5628123175702,
            1393.2077468330972
          ],
          [
            452.67160876863636,
            1373.9314984446391
          ],
          [
            441.26223943789955,
            1344.265904089436
          ],
          [
            423.7833641420584,
            1320.8063636077568
          ],
          [
            411.56192692148034,
            1309.243008511141
          ],
          [
            399.34048970090225,
            1297.679653414525
          ],
          [
            390.0024632087443,
            1270.21081642434
          ],
          [
            397.6385265032295,
            1248.0481688054278
          ],
          [
            407.6181394230807,
            1236.6262405514717
          ],
          [
            419.25045336113544,
            1222.4148945263587
          ],
          [
            430.88276729919016,
            1208.2035485012457
          ],
          [
            446.85909595453995,
            1194.6076603881083
          ],
          [
            462.83542460988974,
            1181.011772274971
          ],
          [
            477.8558251426439,
            1156.7173101333901
          ],
          [
            480.53037391632097,
            1143.70625696145
          ],
          [
            481.20256737069576,
            1126.3776741474867
          ],
          [
            481.87476082507055,
            1109.0490913335234
          ],
          [
            476.9232964888215,
            1093.2500454047695
          ],
          [
            463.0627395887859,
            1070.3561982940882
          ],
          [
            457.3044298568275,
            1049.086729711853
          ],
          [
            457.75225963924703,
            1030.7955154366791
          ],
          [
            458.2000894216665,
            1012.5043011615053
          ],
          [
            458.64791920408607,
            994.2130868863314
          ],
          [
            468.0504417780321,
            974.6714229760692
          ],
          [
            478.8053056979552,
            964.2732500992715
          ],
          [
            495.2593547273427,
            959.5719433454797
          ],
          [
            526.7920331100468,
            963.1308486182243
          ],
          [
            544.7596755221215,
            965.7365447729826
          ],
          [
            562.7273179341961,
            968.3422409277409
          ],
          [
            580.6949603462708,
            970.9479370824993
          ],
          [
            599.2763707326376,
            971.5123851718381
          ],
          [
            613.7929643965908,
            963.2288121478632
          ],
          [
            621.1370659036329,
            956.6723210252821
          ],
          [
            627.1078454031958,
            950.4186475202441
          ],
          [
            637.5735502621392,
            941.589662970975
          ],
          [
            645.6726673830999,
            932.3553720926866
          ],
          [
            651.9740019426681,
            926.4451399380341
          ],
          [
            660.7032542020897,
            918.9193020425737
          ],
          [
            664.9992889877758,
            911.9367873556912
          ],
          [
            671.021582936286,
            903.9842009814456
          ],
          [
            675.660115826875,
            896.6786608034745
          ],
          [
            682.7557666501962,
            887.0693282298744
          ],
          [
            687.4458630254958,
            878.0649024192244
          ],
          [
            692.0825596867944,
            871.0927183721215
          ],
          [
            697.3717905569356,
            864.8182999668643
          ],
          [
            703.4351428110385,
            855.5110271591693
          ],
          [
            710.7909727375954,
            848.287970921956
          ],
          [
            722.6297117675422,
            839.1560301510617
          ],
          [
            739.6136508643394,
            828.4909383328632
          ],
          [
            744.9417936553946,
            821.2062951745465
          ],
          [
            752.5974690172588,
            815.3370988816023
          ],
          [
            760.8934245801065,
            810.8432403691113
          ],
          [
            771.2026004128857,
            807.4329701354727
          ],
          [
            779.4675280039664,
            803.9606387401
          ],
          [
            785.8303151127184,
            796.0183037761599
          ],
          [
            789.4465501630912,
            788.6816729633138
          ],
          [
            792.7718347768532,
            779.9691869225353
          ],
          [
            796.7680745854159,
            771.6215976029634
          ],
          [
            801.4168479844229,
            763.9717652406543
          ],
          [
            809.0392773961648,
            759.4685294795781
          ],
          [
            817.6552805082174,
            755.6622790321708
          ],
          [
            826.1995023128693,
            754.2211242094636
          ],
          [
            838.6266862640623,
            748.1632195264101
          ],
          [
            855.5586836849106,
            739.1967439958826
          ],
          [
            869.5580532163731,
            737.2431035572663
          ],
          [
            878.1120081474073,
            735.4798781666905
          ],
          [
            885.7263821943197,
            730.9652074836195
          ],
          [
            894.3113149306737,
            728.1804151972756
          ],
          [
            905.2731834112783,
            725.4566044146195
          ],
          [
            912.9365939169074,
            719.5986002143472
          ],
          [
            916.9121162808733,
            711.9282802455127
          ],
          [
            923.2764653576305,
            703.6524651655927
          ],
          [
            927.2829551564064,
            694.9605920556933
          ],
          [
            931.5991509499727,
            687.3005990413949
          ],
          [
            935.6074172018562,
            678.2753562685102
          ],
          [
            940.955797857081,
            670.3132464252412
          ],
          [
            945.9655984521378,
            661.9963301885873
          ],
          [
            950.5939397892216,
            655.0126352179796
          ],
          [
            955.5605042630341,
            648.3948436276987
          ],
          [
            959.5175348117482,
            641.0573638360947
          ],
          [
            962.5015217522159,
            632.3455782756209
          ],
          [
            967.4683977502864,
            625.7166754193604
          ],
          [
            972.777754598821,
            618.7647361773998
          ],
          [
            979.1552262858022,
            611.4228535508737
          ]
        ]
      },
      "properties": {
        "id": "pistes:nan:1362534000",
        "name": "Ca\u00f1ad\u00f3n Caliente",
        "piste_type": "downhill",
        "tags": {
          "name": "Ca\u00f1ad\u00f3n Caliente",
          "z_order": "0.0",
          "other_tags": "\"piste:difficulty\"=>\"intermediate\",\"piste:type\"=>\"downhill\"",
          "State": "R\u00edo Negro",
          "Country": "Argentina",
          "Ski Area": "Cerro Perito Moreno",
          "region": "south-america"
        }
      }
    },
    {
      "type": "Feature",
      "geometry": {
        "type": "LineString",
        "coordinates": [
          [
            956.3712765753735,
            1561.944692778401
          ],
          [
            938.2440769729437,
            1559.7946382937953
          ],
          [
            923.2045359617914,
            1543.8790359720588
          ],
          [
            912.5016975969484,
            1526.2277564350516
          ],
          [
            901.7988592321053,
            1508.5764768980443
          ],
          [
            891.406476976932,
            1489.60645215353
          ],
          [
            881.0140947217587,
            1470.6364274090156
          ],
          [
            871.300766737535,
            1455.6796470941044
          ],
          [
            861.5874387533113,
            1440.7228667791933
          ],
          [
            851.8741107690876,
            1425.7660864642821
          ],
          [
            842.1607827848638,
            1410.809306149371
          ],
          [
            828.1589515985688,
            1396.169681217211
          ],
          [
            814.1571204122738,
            1381.530056285051
          ],
          [
            800.1552892259788,
            1366.890431352891
          ],
          [
            788.6245093864272,
            1354.545718002366
          ],
          [
            777.0937295468757,
            1342.2010046518408
          ],
          [
            765.5629497073242,
            1329.8562913013157
          ],
          [
            754.0321698677726,
            1317.5115779507905
          ],
          [
            739.9040416769567,
            1306.9523332118988
          ],
          [
            725.7759134861408,
            1296.393088473007
          ],
          [
            710.5515786262695,
            1286.873021603562
          ],
          [
            690.0562514747726,
            1274.5255308179185
          ],
          [
            668.2789030867862,
            1269.0630807168782
          ],
          [
            652.1354757078225,
            1263.243706395384
          ],
          [
            635.9920483288588,
            1257.4243320738897
          ],
          [
            614.2392808214063,
            1251.428984590806
          ],
          [
            588.4329842600273,
            1237.8529358226806
          ],
          [
            562.7563109180192,
            1220.0129387583584
          ],
          [
            550.8898476627073,
            1205.5265034041367
          ],
          [
            539.0233844073955,
            1191.0400680499151
          ],
          [
            527.0771638784208,
            1170.421773626469
          ],
          [
            515.1309433494462,
            1149.803479203023
          ],
          [
            501.29483275534585,
            1129.6556336898357
          ],
          [
            481.87476082507055,
            1109.0490913335234
          ]
        ]
      },
      "properties": {
        "id": "pistes:nan:1362534001",
        "name": "Ventisquero",
        "piste_type": "downhill",
        "tags": {
          "name": "Ventisquero",
          "z_order": "0.0",
          "other_tags": "\"piste:difficulty\"=>\"intermediate\",\"piste:type\"=>\"downhill\"",
          "State": "R\u00edo Negro",
          "Country": "Argentina",
          "Ski Area": "Cerro Perito Moreno",
          "region": "south-america"
        }
      }
    },
    {
      "type": "Feature",
      "geometry": {
        "type": "LineString",
        "coordinates": [
          [
            1190.4799541397952,
            1481.6278045084327
          ],
          [
            1177.1831489111064,
            1473.8009346425533
          ],
          [
            1158.934619705542,
            1464.679301106371
          ],
          [
            1148.5598220001557,
            1446.8938692118973
          ],
          [
            1148.8655131751439,
            1425.8199485493824
          ],
          [
            1147.0606787614524,
            1398.08039674256
          ],
          [
            1144.1804305908736,
            1379.755128976889
          ],
          [
            1131.8339845310547,
            1359.787159435451
          ],
          [
            1105.3754096744815,
            1346.5600683856755
          ],
          [
            1089.3179429920856,
            1338.4381921859458
          ],
          [
            1079.4168679119903,
            1317.1105170808733
          ],
          [
            1078.9386606866028,
            1301.3253020001575
          ],
          [
            1090.6814632357564,
            1277.797244206071
          ],
          [
            1091.3036324137356,
            1257.2663694042712
          ],
          [
            1080.891408482683,
            1236.890111300163
          ],
          [
            1070.0360163918522,
            1223.179889537394
          ],
          [
            1059.1806243010215,
            1209.4696677746251
          ],
          [
            1042.1923770888243,
            1184.5929143214598
          ],
          [
            1029.0335366384243,
            1167.7119920416735
          ],
          [
            1015.8746961880242,
            1150.8310697618872
          ],
          [
            1010.583929412358,
            1135.6223422354087
          ],
          [
            1005.2931626366917,
            1120.4136147089303
          ],
          [
            996.0060687432997,
            1102.4496933594346
          ],
          [
            986.7189748499077,
            1084.485772009939
          ],
          [
            971.4999686084338,
            1068.4869569456205
          ],
          [
            959.6472875360923,
            1055.3131028739735
          ],
          [
            947.7946064637508,
            1042.1392488023266
          ],
          [
            934.0848214913858,
            1023.0075086420402
          ],
          [
            926.2811889444711,
            997.5531851295382
          ],
          [
            924.1087522527669,
            975.114828160964
          ],
          [
            925.2886411955502,
            954.130348399592
          ],
          [
            926.4685301383337,
            933.1458686382199
          ],
          [
            927.648419081117,
            912.1613888768479
          ],
          [
            926.2409032899886,
            891.379985130392
          ],
          [
            924.6471492513083,
            875.9165345150977
          ],
          [
            923.0851882015122,
            860.7763528218493
          ],
          [
            914.9487390907016,
            832.8668203502893
          ],
          [
            905.8376636314206,
            810.2179713947698
          ],
          [
            900.3791850783164,
            788.0800136681646
          ],
          [
            894.3858541967347,
            756.9790527122095
          ],
          [
            896.235961071041,
            736.296453117393
          ],
          [
            905.2731834112783,
            725.4566044146195
          ]
        ]
      },
      "properties": {
        "id": "pistes:nan:1362534002",
        "name": "Boca del Lobo",
        "piste_type": "downhill",
        "tags": {
          "name": "Boca del Lobo",
          "z_order": "0.0",
          "other_tags": "\"piste:difficulty\"=>\"advanced\",\"piste:type\"=>\"downhill\"",
          "State": "R\u00edo Negro",
          "Country": "Argentina",
          "Ski Area": "Cerro Perito Moreno",
          "region": "south-america"
        }
      }
    },
    {
      "type": "Feature",
      "geometry": {
        "type": "LineString",
        "coordinates": [
          [
            1339.9416651735082,
            1347.5623207492754
          ],
          [
            1329.0408241620753,
            1351.5445702625439
          ],
          [
            1320.0866433542687,
            1339.5816535213962
          ],
          [
            1309.2007565844106,
            1322.7367929667234
          ],
          [
            1303.3360347300768,
            1311.2119091665372
          ],
          [
            1291.3166033398593,
            1297.6057434859686
          ],
          [
            1279.2971719496418,
            1283.9995778054
          ],
          [
            1267.0474406655994,
            1266.6020903820172
          ],
          [
            1254.797709381557,
            1249.2046029586345
          ],
          [
            1240.3278041644953,
            1236.7300082389265
          ],
          [
            1229.8387070656754,
            1229.8662346191704
          ],
          [
            1210.1393952409271,
            1218.9558610888198
          ],
          [
            1199.6134282990824,
            1201.777168580331
          ],
          [
            1190.0164139714907,
            1176.7245696438476
          ],
          [
            1176.4447394586168,
            1157.397492211312
          ],
          [
            1163.8024051993852,
            1130.1853953525424
          ],
          [
            1152.0660282279714,
            1118.6491692685522
          ],
          [
            1140.3296512565576,
            1107.112943184562
          ],
          [
            1126.3433159445121,
            1095.8530266475864
          ],
          [
            1112.3569806324667,
            1084.5931101106107
          ],
          [
            1096.873936003889,
            1071.3983957655728
          ],
          [
            1081.3908913753112,
            1058.2036814205348
          ],
          [
            1069.3557849845674,
            1045.2801136211492
          ],
          [
            1057.3206785938237,
            1032.3565458217636
          ],
          [
            1046.9935350684682,
            1019.892210711725
          ],
          [
            1036.6663915431127,
            1007.4278756016865
          ],
          [
            1026.3392480177572,
            994.963540491648
          ],
          [
            1006.9723852148745,
            973.3931918367743
          ],
          [
            988.5111817832221,
            955.9735319335014
          ],
          [
            970.0601705282461,
            938.2207071445882
          ],
          [
            951.0761050257133,
            915.2836561519653
          ],
          [
            941.539935474575,
            899.5126545708627
          ],
          [
            924.6471492513083,
            875.9165345150977
          ]
        ]
      },
      "properties": {
        "id": "pistes:nan:1362534003",
        "name": "Garganta del Diablo",
        "piste_type": "downhill",
        "tags": {
          "name": "Garganta del Diablo",
          "z_order": "0.0",
          "other_tags": "\"piste:difficulty\"=>\"advanced\",\"piste:type\"=>\"downhill\"",
          "State": "R\u00edo Negro",
          "Country": "Argentina",
          "Ski Area": "Cerro Perito Moreno",
          "region": "south-america"
        }
      }
    },
    {
      "type": "Feature",
      "geometry": {
        "type": "LineString",
        "coordinates": [
          [
            3452.282861897722,
            1289.3137621693313
          ],
          [
            3459.3696220650163,
            1308.463945912663
          ],
          [
            3466.4563822323107,
            1327.6141296559945
          ],
          [
            3475.1256202206423,
            1349.4734522500075
          ],
          [
            3483.794858208974,
            1371.3327748440206
          ],
          [
            3497.990594862262,
            1389.473441503942
          ],
          [
            3514.842522489722,
            1391.7010329300538
          ],
          [
            3532.907083048951,
            1367.6143092764542
          ],
          [
            3539.3072003984707,
            1349.4462119839154
          ],
          [
            3545.7073177479906,
            1331.2781146913767
          ],
          [
            3561.880119552312,
            1327.017079164274
          ],
          [
            3568.467435293598,
            1353.131582329981
          ],
          [
            3572.5311361029744,
            1376.5809851381928
          ],
          [
            3583.4638479496352,
            1388.1444299761206
          ],
          [
            3600.1023566769436,
            1368.338066813536
          ],
          [
            3607.705532612017,
            1346.0994398561306
          ],
          [
            3615.3087085470906,
            1323.8608128987253
          ],
          [
            3617.0963182657724,
            1307.4994132546708
          ],
          [
            3610.021457387833,
            1290.4391366560012
          ],
          [
            3602.9465965098934,
            1273.3788600573316
          ],
          [
            3612.9657423650497,
            1257.2584477020428
          ],
          [
            3622.984888220206,
            1241.138035346754
          ],
          [
            3628.188823732082,
            1212.3538077566773
          ],
          [
            3634.9072564007947,
            1205.2088607680053
          ],
          [
            3642.12781507615,
            1210.181767665781
          ],
          [
            3651.1685536596924,
            1226.8674468006939
          ],
          [
            3663.837095078663,
            1223.7904492542148
          ],
          [
            3669.4186946726404,
            1210.9990115910769
          ],
          [
            3669.516548983287,
            1193.286704693921
          ],
          [
            3662.512698238803,
            1173.855828219559
          ],
          [
            3655.5088474943186,
            1154.4249517451972
          ],
          [
            3649.58769201464,
            1134.9505325381954
          ],
          [
            3643.666536534962,
            1115.4761133311938
          ],
          [
            3637.7453810552834,
            1096.001694124192
          ],
          [
            3628.188788977859,
            1082.1067336080596
          ],
          [
            3618.632196900435,
            1068.2117730919272
          ],
          [
            3620.735513101623,
            1055.7496234290302
          ],
          [
            3643.4395690779784,
            1036.1248803930357
          ],
          [
            3650.7948266931344,
            1017.3370137509579
          ],
          [
            3658.1500843082904,
            998.5491471088802
          ],
          [
            3665.5053419234464,
            979.7612804668024
          ],
          [
            3667.19688485557,
            952.1610389640555
          ],
          [
            3662.4554003832745,
            936.9044068483636
          ],
          [
            3642.9032985484228,
            923.7825842387974
          ],
          [
            3645.445863138768,
            896.6523768026382
          ],
          [
            3648.010030610778,
            869.0782670592889
          ],
          [
            3640.59419570092,
            846.4786987472326
          ],
          [
            3633.178360791062,
            823.8791304351762
          ],
          [
            3633.117981092364,
            807.8457931517623
          ],
          [
            3633.057601393666,
            791.8124558683485
          ],
          [
            3633.011307415145,
            778.3634778121486
          ],
          [
            3616.625456188165,
            762.2912274030969
          ],
          [
            3598.2924540389795,
            750.139311783947
          ],
          [
            3595.3574758548057,
            735.3923925049603
          ],
          [
            3599.7310137133463,
            722.3870034012944
          ],
          [
            3608.760430890834,
            717.767467290163
          ],
          [
            3626.1631931019947,
            720.4337260238826
          ],
          [
            3648.3966977350647,
            725.3728705020621
          ],
          [
            3670.6302023681346,
            730.3120149802417
          ],
          [
            3700.4377764443634,
            727.8482949212193
          ],
          [
            3729.440296910354,
            721.9928968520835
          ],
          [
            3751.5307620179374,
            721.4317438211292
          ],
          [
            3764.7933420696063,
            749.3240637928247
          ],
          [
            3777.515875359997,
            764.9751189192757
          ],
          [
            3799.2957283129217,
            774.7958170520142
          ],
          [
            3807.868457555829,
            785.432581178844
          ],
          [
            3809.4826660768595,
            803.1961187981069
          ],
          [
            3808.1369856024394,
            827.5948560265824
          ],
          [
            3814.800222834456,
            840.6194705814123
          ],
          [
            3839.7714066161425,
            856.6480598440394
          ],
          [
            3844.188675578451,
            864.1263855900615
          ],
          [
            3854.654341269983,
            881.8324577501044
          ],
          [
            3860.9785230673383,
            897.9675811046734
          ],
          [
            3867.3027048646936,
            914.1027044592425
          ],
          [
            3873.6268866620494,
            930.2378278138116
          ],
          [
            3879.9510684594047,
            946.3729511683807
          ],
          [
            3886.27525025676,
            962.5080745229498
          ],
          [
            3885.7447007712326,
            985.2474654652178
          ],
          [
            3885.214151285705,
            1007.9868564074859
          ],
          [
            3881.489718704601,
            1030.1694816146046
          ],
          [
            3874.284538949869,
            1045.535307975486
          ],
          [
            3867.079359195137,
            1060.9011343363672
          ],
          [
            3873.036661232589,
            1076.9608097011223
          ],
          [
            3894.8906900202855,
            1084.3383485078812
          ],
          [
            3912.1737771626795,
            1101.0479501252994
          ],
          [
            3920.3331837413425,
            1120.3797307615168
          ],
          [
            3928.4925903200055,
            1139.7115113977343
          ],
          [
            3932.115332205518,
            1157.0793927847408
          ],
          [
            3935.7380740910303,
            1174.4472741717473
          ],
          [
            3936.1135692333337,
            1192.4848801139742
          ],
          [
            3941.3941293123644,
            1200.5890767741948
          ],
          [
            3950.3508183275117,
            1198.4119206499308
          ],
          [
            3955.12268781272,
            1182.362002656795
          ],
          [
            3955.0262831941727,
            1166.3596004354768
          ],
          [
            3954.9298785756255,
            1150.3571982141584
          ],
          [
            3954.8334739570782,
            1134.35479599284
          ],
          [
            3954.737069338531,
            1118.3523937715217
          ],
          [
            3954.6406647199838,
            1102.3499915502034
          ],
          [
            3954.5442601014365,
            1086.347589328885
          ],
          [
            3954.4478554828893,
            1070.3451871075667
          ],
          [
            3954.351450864342,
            1054.3427848862484
          ],
          [
            3963.1827786716167,
            1046.060469779186
          ],
          [
            3977.173380418506,
            1060.2264443011954
          ],
          [
            3984.067162751273,
            1074.844943631017
          ],
          [
            3990.9609450840403,
            1089.4634429608386
          ],
          [
            3997.8547274168072,
            1104.0819422906604
          ],
          [
            4004.748509749574,
            1118.700441620482
          ],
          [
            4011.6422920823416,
            1133.3189409503036
          ],
          [
            4018.5360744151085,
            1147.9374402801252
          ],
          [
            4025.429856747876,
            1162.5559396099468
          ],
          [
            4032.323639080643,
            1177.1744389397686
          ],
          [
            4039.2174214134097,
            1191.7929382695902
          ],
          [
            4046.111203746177,
            1206.4114375994118
          ],
          [
            4053.004986078944,
            1221.0299369292334
          ],
          [
            4065.1258744210936,
            1225.9710468258709
          ],
          [
            4073.8752881612163,
            1220.431217188947
          ],
          [
            4073.004375830118,
            1203.3735070838593
          ],
          [
            4072.13346349902,
            1186.3157969787717
          ],
          [
            4071.2625511679216,
            1169.258086873684
          ],
          [
            4070.3916388368234,
            1152.2003767685965
          ],
          [
            4079.5056756100385,
            1134.4575336370617
          ],
          [
            4094.8936334336177,
            1132.7724826904014
          ],
          [
            4102.3647752696415,
            1139.1082641649991
          ],
          [
            4105.232944295829,
            1155.9950398288202
          ],
          [
            4108.101113322016,
            1172.8818154926412
          ],
          [
            4110.969282348204,
            1189.7685911564622
          ],
          [
            4113.837451374391,
            1206.6553668202832
          ],
          [
            4133.48162548081,
            1226.4911824511364
          ],
          [
            4146.616885002528,
            1228.1061358852312
          ],
          [
            4162.994469796773,
            1213.6253438740969
          ],
          [
            4164.933889137465,
            1199.9357008915395
          ],
          [
            4157.099666159425,
            1179.9971473468468
          ],
          [
            4149.265443181386,
            1160.058593802154
          ],
          [
            4155.086656201282,
            1139.7722828565165
          ],
          [
            4165.517520679859,
            1139.47266191151
          ],
          [
            4193.259755011881,
            1154.960306524299
          ],
          [
            4211.452768560615,
            1151.5361555926502
          ],
          [
            4214.143679453817,
            1133.2901296680793
          ],
          [
            4205.987167500774,
            1118.9877431122586
          ],
          [
            4181.909167807025,
            1103.9096705950797
          ],
          [
            4182.975007862512,
            1085.3076266013086
          ],
          [
            4184.040847918,
            1066.7055826075375
          ],
          [
            4185.106687973486,
            1048.1035386137664
          ],
          [
            4191.822950560425,
            1028.7552637541667
          ],
          [
            4209.616971012612,
            1028.3754721414298
          ],
          [
            4230.807472530374,
            1035.2764612133615
          ],
          [
            4251.997974048136,
            1042.1774502852932
          ],
          [
            4264.3368665742455,
            1035.6332415500656
          ],
          [
            4269.439624183055,
            1009.8686091909185
          ],
          [
            4276.163235924119,
            988.0365901109762
          ],
          [
            4282.886847665184,
            966.204571031034
          ],
          [
            4270.973503602319,
            958.5027088718489
          ],
          [
            4246.361952555948,
            955.1782381581143
          ],
          [
            4234.042083288718,
            946.6084186881781
          ],
          [
            4233.628054203262,
            924.1298165344633
          ],
          [
            4233.214025117806,
            901.6512143807486
          ],
          [
            4241.460688893392,
            879.64799587382
          ],
          [
            4249.707352668978,
            857.6447773668915
          ],
          [
            4265.673006813624,
            837.1501405229792
          ],
          [
            4278.698192202253,
            820.4240995412692
          ],
          [
            4299.122172347299,
            808.9645327893086
          ],
          [
            4319.546152492345,
            797.5049660373479
          ],
          [
            4339.282230529294,
            798.2885990485083
          ],
          [
            4359.018308566243,
            799.0722320596687
          ],
          [
            4378.754386603192,
            799.8558650708292
          ],
          [
            4398.490464640141,
            800.6394980819896
          ]
        ]
      },
      "properties": {
        "id": "pistes:way:331814072",
        "name": "Club Andino",
        "piste_type": "downhill",
        "tags": {
          "name": "Club Andino",
          "highway": "track",
          "z_order": "0",
          "piste:difficulty": "novice",
          "piste:type": "downhill",
          "winter_sports_id": "934096931",
          "winter_sports_name": "Cerro Perito Moreno",
          "State": "R\u00edo Negro",
          "Country": "Argentina",
          "Ski Area": "Cerro Perito Moreno",
          "region": "south-america"
        }
      }
    },
    {
      "type": "Feature",
      "geometry": {
        "type": "LineString",
        "coordinates": [
          [
            2258.2419822850497,
            1410.173981464468
          ],
          [
            2252.6652225416037,
            1403.6710083074868
          ],
          [
            2251.079259511549,
            1396.9549004044384
          ],
          [
            2250.852992304426,
            1389.8352202512324
          ],
          [
            2252.3516294998117,
            1384.545744662173
          ],
          [
            2255.188257524045,
            1379.296596144326
          ],
          [
            2259.314403390512,
            1375.4199735997245
          ],
          [
            2264.786846505245,
            1371.5839248877019
          ],
          [
            2269.7703591043246,
            1369.0667980518192
          ],
          [
            2275.6380163077265,
            1367.0208674902096
          ],
          [
            2281.035207440029,
            1365.405307771638
          ],
          [
            2287.7519264090224,
            1364.7186164120212
          ],
          [
            2296.247089390643,
            1364.085511554964
          ],
          [
            2304.301794063649,
            1363.4391242424026
          ],
          [
            2312.3214196928893,
            1363.6807780331
          ],
          [
            2318.5625997980824,
            1363.8688360368833
          ],
          [
            2325.674548259238,
            1364.9722321610898
          ],
          [
            2330.95128537633,
            1367.3539874758571
          ],
          [
            2337.1255596932024,
            1369.762780347839
          ],
          [
            2355.869705482386,
            1384.5531996320933
          ],
          [
            2368.560033725458,
            1392.9374555358663
          ],
          [
            2376.7207391937263,
            1403.4080091770738
          ],
          [
            2380.9961941717193,
            1409.760541766882
          ],
          [
            2384.854712374741,
            1414.7668528612703
          ],
          [
            2389.116803792771,
            1421.5635301554576
          ],
          [
            2392.4947407785803,
            1427.889020097442
          ],
          [
            2394.099289203994,
            1433.7165403692052
          ],
          [
            2395.725529000687,
            1439.1001602560282
          ],
          [
            2398.1339835867984,
            1448.0637643560767
          ],
          [
            2398.862686576438,
            1453.4203496566042
          ],
          [
            2399.5997016458423,
            1458.7771851085126
          ],
          [
            2399.385663174675,
            1465.88358789403
          ],
          [
            2399.1850023525767,
            1472.5458404477686
          ],
          [
            2398.9977191323414,
            1478.7639427827671
          ],
          [
            2398.783681418863,
            1485.8703453894705
          ],
          [
            2398.596398640715,
            1492.0884476182982
          ],
          [
            2399.3117324345512,
            1497.8891825042665
          ],
          [
            2400.9029304670985,
            1504.1608500080183
          ],
          [
            2402.8977101604687,
            1512.2228841874748
          ],
          [
            2406.7419609347708,
            1519.3626025114208
          ],
          [
            2406.5422777736094,
            1524.3355822628364
          ],
          [
            2409.8884683224605,
            1531.9937613122165
          ],
          [
            2413.253108483914,
            1538.7633879045025
          ],
          [
            2415.741886675358,
            1545.06208200939
          ],
          [
            2417.8086433528224,
            1550.4589595431462
          ],
          [
            2420.3375576611143,
            1555.4252013200894
          ],
          [
            2422.417697036639,
            1560.3779270937666
          ],
          [
            2425.3870869152015,
            1565.3574314108118
          ],
          [
            2427.435418359353,
            1571.6428559720516
          ],
          [
            2429.475443166797,
            1577.9280294869095
          ],
          [
            2431.0800667894073,
            1583.7555377986282
          ],
          [
            2432.2308488596464,
            1590.0139316990972
          ],
          [
            2432.9411632756237,
            1596.2590613523498
          ],
          [
            2433.6699180719443,
            1601.6156404139474
          ],
          [
            2433.958203501301,
            1606.9589554751292
          ],
          [
            2435.1006830044207,
            1613.217098207213
          ],
          [
            2436.2648502695374,
            1619.0313408188522
          ],
          [
            2437.8778026147047,
            1624.8590969620273
          ],
          [
            2438.125970955356,
            1631.5348617015406
          ],
          [
            2437.9253567979904,
            1638.197112571448
          ],
          [
            2438.1384676076123,
            1645.7609270103276
          ],
          [
            2438.4133871981176,
            1651.5483914073557
          ],
          [
            2439.115407527075,
            1657.793269207701
          ],
          [
            2438.901421867078,
            1664.8996698865667
          ],
          [
            2437.811550059938,
            1671.5351433306932
          ],
          [
            2437.6183798070997,
            1692.8678585272282
          ],
          [
            2440.955530395382,
            1715.1959803905338
          ],
          [
            2443.4310353527544,
            1721.9388100281358
          ],
          [
            2445.0440248523955,
            1727.7665625987574
          ],
          [
            2447.097496056347,
            1733.6075774207711
          ],
          [
            2449.177717325161,
            1738.5602914933115
          ],
          [
            2451.693358967721,
            1743.9706674953923
          ],
          [
            2454.5775587533135,
            1752.0594548238441
          ],
          [
            2456.195628038491,
            1757.4428038205951
          ],
          [
            2457.7818935756804,
            1764.1588524729013
          ],
          [
            2459.848760632216,
            1769.5557125741616
          ],
          [
            2462.310934609035,
            1776.7426837310195
          ],
          [
            2464.3510655303835,
            1783.0278420858085
          ],
          [
            2465.977462286013,
            1788.4114383067936
          ],
          [
            2468.0443441606476,
            1793.8082953533158
          ],
          [
            2469.608949445421,
            1800.9682400384918
          ],
          [
            2471.657406630926,
            1807.2536457981914
          ],
          [
            2474.1460171394283,
            1813.5634154332802
          ],
          [
            2476.1728007753845,
            1820.2927192244679
          ],
          [
            2476.9016269270796,
            1825.6492900727317
          ],
          [
            2477.590341615374,
            1832.338310547173
          ],
          [
            2477.878685948672,
            1837.6816204776987
          ],
          [
            2476.775469156448,
            1844.7612477634102
          ],
          [
            2474.8013991735643,
            1850.9255531709641
          ],
          [
            2471.5242991482955,
            1856.1615253202617
          ],
          [
            2468.212140664109,
            1862.2855457253754
          ],
          [
            2465.3621464989264,
            1867.9789263810962
          ],
          [
            2462.987689920643,
            1872.7975178752095
          ],
          [
            2461.013602456427,
            1878.9618199598044
          ],
          [
            2458.1451642040047,
            1885.5437481040135
          ],
          [
            2456.197814166895,
            1890.8197492230684
          ],
          [
            2447.129144848697,
            1907.4396899988874
          ],
          [
            2438.0604755304985,
            1924.0596307747066
          ],
          [
            2428.9918062123006,
            1940.6795715505257
          ],
          [
            2419.9231368941023,
            1957.299512326345
          ],
          [
            2410.854467575904,
            1973.919453102164
          ],
          [
            2399.457034726433,
            1991.8065859278042
          ],
          [
            2388.0596018769625,
            2009.6937187534447
          ],
          [
            2376.6621690274915,
            2027.580851579085
          ],
          [
            2366.902377097169,
            2040.6234926721081
          ],
          [
            2362.286055380595,
            2060.489330276847
          ],
          [
            2360.747276944574,
            2067.111275569536
          ],
          [
            2359.235250876285,
            2072.8449208866805
          ],
          [
            2356.358344846638,
            2079.4265624461696
          ],
          [
            2355.295125441975,
            2085.173724903725
          ],
          [
            2354.659028148395,
            2091.3783046891913
          ],
          [
            2353.5958065319574,
            2097.1254669148475
          ],
          [
            2352.057015396771,
            2103.747410584241
          ],
          [
            2350.0560308026616,
            2110.799985613674
          ],
          [
            2348.0496420169948,
            2118.308064066805
          ],
          [
            2338.2084367775824,
            2148.68578232266
          ],
          [
            2335.0237831009435,
            2165.4828620981425
          ],
          [
            2333.933783444809,
            2172.118321392685
          ],
          [
            2332.3815860200557,
            2179.1844111997634
          ],
          [
            2331.77222550672,
            2184.500689579174
          ],
          [
            2330.2066458185436,
            2192.010928761214
          ],
          [
            2328.200555944233,
            2199.50789865572
          ],
          [
            2326.212908734393,
            2206.1163181392476
          ],
          [
            2323.78474993736,
            2212.7114679142833
          ],
          [
            2321.3298291122774,
            2220.194916526787
          ],
          [
            2319.3685953806853,
            2225.926138549112
          ],
          [
            2317.407693408488,
            2231.6462563602254
          ],
          [
            2314.512251094624,
            2239.116433332674
          ],
          [
            2312.1025205655023,
            2244.8230297341943
          ],
          [
            2309.687718474539,
            2250.974025566131
          ],
          [
            2306.824089905247,
            2257.1115001309663
          ],
          [
            2304.8848630223656,
            2262.3877155622467
          ],
          [
            2302.007846563123,
            2268.969338188879
          ],
          [
            2298.748902475112,
            2273.3166899839416
          ],
          [
            2295.925398321706,
            2278.121711390093
          ],
          [
            2293.070060584054,
            2284.2594314506277
          ],
          [
            2290.2197875038255,
            2289.952750345692
          ],
          [
            2287.845097148849,
            2294.7712904121727
          ],
          [
            2285.8841559733264,
            2300.491400660947
          ],
          [
            2284.8208639496006,
            2306.2385541647673
          ],
          [
            2283.7224970801035,
            2312.873756607063
          ],
          [
            2284.010417419602,
            2318.22817910742
          ],
          [
            2287.442288889375,
            2322.7770991986617
          ],
          [
            2290.874164891022,
            2327.3260174486786
          ],
          [
            2295.190320277645,
            2332.346125876531
          ],
          [
            2300.8631018555025,
            2336.517993601039
          ],
          [
            2306.0953735572402,
            2340.6765865273774
          ],
          [
            2312.692582692718,
            2343.9871856747195
          ],
          [
            2318.0102059656056,
            2345.036471120082
          ],
          [
            2324.225487244432,
            2346.1127911256626
          ],
          [
            2330.8762205255916,
            2347.646774208173
          ],
          [
            2336.2155375338625,
            2348.2521465634927
          ],
          [
            2343.755620089709,
            2349.81290408317
          ],
          [
            2350.424801566929,
            2350.4583189943805
          ],
          [
            2358.0050172118936,
            2350.686612257734
          ],
          [
            2365.1447158822557,
            2350.901631110348
          ],
          [
            2371.400132781244,
            2350.6454606261104
          ],
          [
            2378.558269144036,
            2349.971916437149
          ],
          [
            2389.295470262994,
            2348.961586809717
          ],
          [
            2395.5642570654163,
            2348.2612456129864
          ],
          [
            2401.8330422751023,
            2347.5608989642933
          ],
          [
            2410.804917704547,
            2346.052830427885
          ],
          [
            2417.5091541466536,
            2345.8101336127147
          ],
          [
            2422.888589312148,
            2345.082992054522
          ],
          [
            2431.8604554599733,
            2343.5748973684385
          ],
          [
            2438.5697471488966,
            2342.887781040743
          ],
          [
            2443.949176934955,
            2342.1606237906963
          ],
          [
            2450.204578727833,
            2341.904384731315
          ],
          [
            2457.81152138958,
            2341.244273113087
          ],
          [
            2463.177577300463,
            2340.961251143366
          ],
          [
            2474.403679161158,
            2338.631856280379
          ],
          [
            2491.440486302221,
            2336.032765008509
          ],
          [
            2508.477293443284,
            2333.4336737366393
          ],
          [
            2514.7326815010165,
            2333.1773785743862
          ],
          [
            2521.441950315144,
            2332.490185114555
          ],
          [
            2527.724067814299,
            2331.3455794155598
          ],
          [
            2533.9928175862296,
            2330.645117887296
          ],
          [
            2541.172584323329,
            2329.527512671426
          ],
          [
            2547.005868235836,
            2328.3693845598027
          ],
          [
            2552.3986349420156,
            2327.1979969013482
          ],
          [
            2557.804763530963,
            2325.582455629483
          ],
          [
            2563.1892142639263,
            2324.410809884779
          ],
          [
            2570.382665510988,
            2322.8379223933443
          ],
          [
            2575.753748721676,
            2322.1104169255123
          ],
          [
            2581.1999545409344,
            2319.1624095160514
          ],
          [
            2585.4282499139663,
            2312.176793111488
          ],
          [
            2587.8428242877126,
            2306.0257127974182
          ],
          [
            2590.2707569748163,
            2299.4304821612313
          ],
          [
            2593.120786401909,
            2293.737052523531
          ],
          [
            2597.322333876742,
            2287.6397290360183
          ],
          [
            2600.158992283512,
            2282.3904464887455
          ],
          [
            2602.5468234806904,
            2277.127661020495
          ],
          [
            2605.832297526533,
            2271.891878368333
          ],
          [
            2609.0827335819486,
            2267.544143556617
          ],
          [
            2614.173586809775,
            2261.4735640455037
          ],
          [
            2617.859475035453,
            2257.5834763878956
          ],
          [
            2622.4964437718154,
            2251.9437899990007
          ],
          [
            2626.1956827728427,
            2247.609548728913
          ],
          [
            2631.668530892115,
            2243.7732062349096
          ],
          [
            2638.444494356052,
            2240.8651583949104
          ],
          [
            2643.8238180163316,
            2240.137854255736
          ],
          [
            2650.9684423208237,
            2239.9081918718293
          ],
          [
            2658.1480932492414,
            2238.790473113768
          ],
          [
            2666.670938148629,
            2237.2685917895287
          ],
          [
            2672.9662988635246,
            2235.6797126978636
          ],
          [
            2680.586449685041,
            2234.5752193117514
          ],
          [
            2687.3172683041194,
            2233.4439744809642
          ],
          [
            2693.585908207053,
            2232.7433766918257
          ],
          [
            2698.9435504193534,
            2232.4599311556667
          ],
          [
            2705.6613417756744,
            2231.7617150731385
          ],
          [
            2711.040648429771,
            2231.0343608492985
          ],
          [
            2716.4116422420484,
            2230.306752713397
          ],
          [
            2723.1424489663914,
            2229.175474501215
          ],
          [
            2730.313761636615,
            2228.0574341658503
          ],
          [
            2736.15523492411,
            2226.899405663833
          ],
          [
            2741.5128689384437,
            2226.6159284431487
          ],
          [
            2748.243666683964,
            2225.4846268678084
          ],
          [
            2754.0768225453794,
            2224.32633403223
          ],
          [
            2761.269786665449,
            2222.7643632953987
          ],
          [
            2769.4238703391165,
            2218.5639715204015
          ],
          [
            2777.124085788266,
            2214.794479095377
          ],
          [
            2783.4727975689457,
            2211.4289060505107
          ],
          [
            2788.029501710669,
            2208.4540152866393
          ],
          [
            2810.7746814447455,
            2194.0229200171307
          ],
          [
            2825.792926149443,
            2184.2496054777876
          ],
          [
            2832.1282389902626,
            2181.3281404944137
          ],
          [
            2838.036388342036,
            2177.949282934889
          ],
          [
            2845.2743581102695,
            2174.6103820297867
          ],
          [
            2850.2715167036513,
            2171.6486904183403
          ],
          [
            2856.1312994627515,
            2169.6020173719153
          ],
          [
            2863.8180672600865,
            2166.2765845162794
          ],
          [
            2869.290717859287,
            2162.440066738054
          ],
          [
            2874.7767074248986,
            2158.1593954106793
          ],
          [
            2882.5034867930226,
            2153.5014945594594
          ],
          [
            2888.838747119182,
            2150.579981070012
          ],
          [
            2899.65558848856,
            2146.904001235962
          ],
          [
            2905.977492182923,
            2144.4266225481406
          ],
          [
            2912.312733856961,
            2141.505088874139
          ],
          [
            2919.5856245239847,
            2137.278065829538
          ],
          [
            2924.6094081611373,
            2133.4280251357704
          ],
          [
            2930.4958184682764,
            2130.492993902415
          ],
          [
            2937.2668424280128,
            2128.0179663356394
          ],
          [
            2944.478029496502,
            2125.5672674234957
          ],
          [
            2949.9105825499864,
            2123.0631390819326
          ],
          [
            2956.2591256262967,
            2119.6974182128906
          ],
          [
            2963.0214843535796,
            2117.233221033588
          ],
          [
            2968.440684658184,
            2115.1732285879552
          ],
          [
            2974.735855718609,
            2113.584089966491
          ],
          [
            2980.1150337191066,
            2112.8565374678
          ],
          [
            2988.2247968687443,
            2114.278140376322
          ],
          [
            2994.492001909879,
            2113.066012448631
          ],
          [
            3001.6367580209044,
            2109.5018882835284
          ],
          [
            3010.1593509762897,
            2107.979605606757
          ],
          [
            3015.5385194169357,
            2107.2520267348737
          ],
          [
            3023.171793833608,
            2105.7030255133286
          ],
          [
            3029.4536058399826,
            2104.5579889500514
          ],
          [
            3037.0602033149917,
            2103.8972721127793
          ],
          [
            3042.87986467639,
            2103.1828983481973
          ],
          [
            3049.148335877224,
            2102.4819941706955
          ],
          [
            3054.904192868271,
            2101.3989416565746
          ],
          [
            3062.587918055011,
            2100.66271735169
          ],
          [
            3070.221172007732,
            2099.1136665102094
          ],
          [
            3076.9651115782326,
            2097.5379121266305
          ],
          [
            3100.6062331303256,
            2092.5795308975503
          ],
          [
            3103.181545107509,
            2086.3219963870943
          ],
          [
            3106.5065561799565,
            2079.7535507092252
          ],
          [
            3109.382752309786,
            2073.1716331150383
          ],
          [
            3111.7568125021644,
            2068.3528421083465
          ],
          [
            3114.579678476206,
            2063.5475206561387
          ],
          [
            3116.518254405237,
            2058.271108479239
          ],
          [
            3120.305380379781,
            2051.271977700293
          ],
          [
            3122.692757138051,
            2046.0090339500457
          ],
          [
            3125.0801307124784,
            2040.7460894947872
          ],
          [
            3130.5592220004764,
            2025.4596464296337
          ],
          [
            3136.0383132884745,
            2010.1732033644803
          ],
          [
            3141.5174045764725,
            1994.8867602993269
          ],
          [
            3146.9964958644705,
            1979.6003172341734
          ],
          [
            3156.4874749969167,
            1960.769498176407
          ],
          [
            3165.978454129363,
            1941.9386791186407
          ],
          [
            3175.020564652339,
            1923.0943764271215
          ],
          [
            3178.3321193940355,
            1916.9700506459922
          ],
          [
            3180.2706180894747,
            1911.693623307161
          ],
          [
            3183.1200384316617,
            1905.999978623353
          ],
          [
            3185.9961079299683,
            1899.4180338019505
          ],
          [
            3188.8188666219357,
            1894.6126862168312
          ],
          [
            3191.6682744699647,
            1888.9190384950489
          ],
          [
            3196.785020151292,
            1881.9597702128813
          ],
          [
            3201.4662854546914,
            1874.5428837835789
          ],
          [
            3203.85355454596,
            1869.2799160229042
          ],
          [
            3206.716267454438,
            1863.1421133484691
          ],
          [
            3208.7296722143656,
            1855.6451806910336
          ],
          [
            3210.7347624726244,
            1848.1479981960729
          ],
          [
            3212.694859291776,
            1842.4276628969237
          ],
          [
            3214.681603684672,
            1835.8190279565752
          ],
          [
            3216.1849232063396,
            1830.0738742426038
          ],
          [
            3217.7095436194213,
            1823.8959237392992
          ],
          [
            3219.2208369618165,
            1818.1621225504205
          ],
          [
            3219.829529017501,
            1812.8457916313782
          ],
          [
            3220.8920268318616,
            1807.0985258994624
          ],
          [
            3221.9894840268535,
            1800.4632101533934
          ],
          [
            3224.3900429269997,
            1794.7560868579894
          ],
          [
            3227.266038711183,
            1788.17412746232
          ],
          [
            3229.679914568027,
            1782.0228529963642
          ],
          [
            3232.515928509878,
            1776.7733405651525
          ],
          [
            3235.8457141682156,
            1769.76044267416
          ],
          [
            3239.6376072840067,
            1762.3168568992987
          ],
          [
            3244.3004238497233,
            1755.7884942600504
          ],
          [
            3249.3637399620493,
            1750.6057909177616
          ],
          [
            3271.3771268162527,
            1730.816838919185
          ],
          [
            3285.2197003614274,
            1715.6727950535715
          ],
          [
            3299.062273906602,
            1700.5287511879578
          ],
          [
            3321.555803472991,
            1679.4204156277701
          ],
          [
            3339.234055032197,
            1655.500335550867
          ],
          [
            3343.9723416427732,
            1631.192221316509
          ],
          [
            3344.993795082002,
            1612.1072429800406
          ],
          [
            3346.015248521231,
            1593.0222646435723
          ],
          [
            3346.7047016549623,
            1573.7050551676657
          ],
          [
            3347.3941547886934,
            1554.3878456917591
          ],
          [
            3348.0836079224246,
            1535.0706362158526
          ],
          [
            3348.7730610561557,
            1515.753426739946
          ],
          [
            3349.714606524736,
            1499.3333441754803
          ],
          [
            3351.771792433574,
            1475.3893801840022
          ],
          [
            3356.0428816239582,
            1451.9563495488837
          ],
          [
            3366.701644207875,
            1423.8248088518158
          ],
          [
            3372.712281019776,
            1413.6692646946758
          ],
          [
            3383.0515217127977,
            1399.5203059408814
          ],
          [
            3390.491591713275,
            1387.7405479531735
          ],
          [
            3399.323111742735,
            1376.7137777879834
          ],
          [
            3408.251817297132,
            1362.1668614996597
          ],
          [
            3413.911038046237,
            1350.6893346207216
          ],
          [
            3419.686134232441,
            1333.9584869919345
          ],
          [
            3422.7972110896953,
            1325.9053900623694
          ],
          [
            3430.6494256488513,
            1312.0263460539281
          ],
          [
            3438.0573847088963,
            1301.312502847053
          ],
          [
            3445.002137936768,
            1294.118932262063
          ],
          [
            3452.282861897722,
            1289.3137621693313
          ]
        ]
      },
      "properties": {
        "id": "pistes:way:1362378991",
        "name": "Camino Panoramico",
        "piste_type": "downhill",
        "tags": {
          "name": "Camino Panoramico",
          "z_order": "0",
          "piste:difficulty": "easy",
          "piste:type": "downhill",
          "winter_sports_id": "934096931",
          "winter_sports_name": "Cerro Perito Moreno",
          "State": "R\u00edo Negro",
          "Country": "Argentina",
          "Ski Area": "Cerro Perito Moreno",
          "region": "south-america"
        }
      }
    },
    {
      "type": "Feature",
      "geometry": {
        "type": "LineString",
        "coordinates": [
          [
            3452.282861897722,
            1289.3137621693313
          ],
          [
            3446.8696975791827,
            1283.7057857904583
          ],
          [
            3442.456144459371,
            1277.216442820616
          ],
          [
            3440.7490597789874,
            1263.4064850537106
          ],
          [
            3445.3207043433213,
            1237.9819593979046
          ],
          [
            3447.1264132305514,
            1227.9670528173447
          ],
          [
            3448.61927107838,
            1219.2319601420313
          ],
          [
            3450.5543284636806,
            1207.953965820372
          ],
          [
            3451.5034386484185,
            1188.2222163854167
          ],
          [
            3451.041819851962,
            1168.1036549601704
          ],
          [
            3450.8373667951673,
            1151.3380315783434
          ],
          [
            3450.6329137383727,
            1134.5724081965163
          ],
          [
            3448.005976345972,
            1115.794822646305
          ],
          [
            3445.3790389535716,
            1097.0172370960936
          ],
          [
            3437.773826998193,
            1067.1489498727024
          ],
          [
            3430.8833122440847,
            1049.6049615557615
          ],
          [
            3423.9927974899765,
            1032.060973238821
          ],
          [
            3417.1022827358684,
            1014.5169849218801
          ]
        ]
      },
      "properties": {
        "id": "pistes:way:1362378992",
        "name": "Camino al T-bar",
        "piste_type": "downhill",
        "tags": {
          "name": "Camino al T-bar",
          "z_order": "0",
          "piste:difficulty": "easy",
          "piste:type": "downhill",
          "winter_sports_id": "934096931",
          "winter_sports_name": "Cerro Perito Moreno",
          "State": "R\u00edo Negro",
          "Country": "Argentina",
          "Ski Area": "Cerro Perito Moreno",
          "region": "south-america"
        }
      }
    },
    {
      "type": "Feature",
      "geometry": {
        "type": "LineString",
        "coordinates": [
          [
            3250.3167623109766,
            1005.4581301519647
          ],
          [
            3271.1122843262274,
            1008.7271276647225
          ],
          [
            3285.5689789083553,
            1010.9168059499934
          ],
          [
            3297.8281785823056,
            1021.34248872241
          ],
          [
            3310.0873782562558,
            1031.7681714948267
          ],
          [
            3327.4940891867736,
            1053.4619495989755
          ],
          [
            3349.473076062801,
            1076.3486055107787
          ],
          [
            3360.3780685623933,
            1090.6122487382963
          ],
          [
            3371.283061061986,
            1104.875891965814
          ],
          [
            3386.429484237451,
            1119.438927183859
          ],
          [
            3401.5759074129164,
            1134.0019624019042
          ],
          [
            3413.4930210197344,
            1149.8851284431294
          ],
          [
            3423.934207243321,
            1167.8356325309724
          ],
          [
            3432.7212036955752,
            1181.868953416124
          ],
          [
            3443.056980271009,
            1203.3393125478178
          ],
          [
            3448.61927107838,
            1219.2319601420313
          ]
        ]
      },
      "properties": {
        "id": "pistes:way:1362378993",
        "name": "La Lenga",
        "piste_type": "downhill",
        "tags": {
          "name": "La Lenga",
          "z_order": "0",
          "piste:difficulty": "intermediate",
          "piste:type": "downhill",
          "winter_sports_id": "934096931",
          "winter_sports_name": "Cerro Perito Moreno",
          "State": "R\u00edo Negro",
          "Country": "Argentina",
          "Ski Area": "Cerro Perito Moreno",
          "region": "south-america"
        }
      }
    },
    {
      "type": "Feature",
      "geometry": {
        "type": "LineString",
        "coordinates": [
          [
            3384.8292391088326,
            957.1360232699662
          ],
          [
            3387.9459925675183,
            960.2635309249163
          ],
          [
            3390.543452472717,
            965.1758907930925
          ],
          [
            3398.9666206841066,
            979.5428895778023
          ],
          [
            3407.389788895496,
            993.909888362512
          ],
          [
            3408.2655792532023,
            995.7699123183265
          ],
          [
            3417.1022827358684,
            1014.5169849218801
          ]
        ]
      },
      "properties": {
        "id": "pistes:way:1362378994",
        "name": "Camino al T-bar",
        "piste_type": "downhill",
        "tags": {
          "name": "Camino al T-bar",
          "z_order": "0",
          "piste:difficulty": "easy",
          "piste:type": "downhill",
          "winter_sports_id": "934096931",
          "winter_sports_name": "Cerro Perito Moreno",
          "State": "R\u00edo Negro",
          "Country": "Argentina",
          "Ski Area": "Cerro Perito Moreno",
          "region": "south-america"
        }
      }
    },
    {
      "type": "Feature",
      "geometry": {
        "type": "LineString",
        "coordinates": [
          [
            3247.4955493775196,
            1275.5263924719766
          ],
          [
            3249.3434543715557,
            1280.4718798873946
          ],
          [
            3255.9908770620823,
            1283.7498183706775
          ],
          [
            3259.9130155169405,
            1284.1564423749223
          ],
          [
            3264.126367340912,
            1284.28284329921
          ],
          [
            3280.338165260772,
            1283.6404432557015
          ],
          [
            3296.549963180632,
            1282.998043212193
          ],
          [
            3312.7617611004916,
            1282.3556431686845
          ],
          [
            3328.973559020352,
            1281.713243125176
          ],
          [
            3345.1853569402115,
            1281.0708430816674
          ],
          [
            3361.3971548600716,
            1280.4284430381588
          ],
          [
            3377.6089527799313,
            1279.7860429946502
          ],
          [
            3393.8207506997915,
            1279.1436429511416
          ],
          [
            3410.032548619651,
            1278.5012429076332
          ],
          [
            3426.2443465395113,
            1277.8588428641247
          ],
          [
            3442.456144459371,
            1277.216442820616
          ],
          [
            3448.162687189877,
            1277.476403368637
          ],
          [
            3451.8362218486145,
            1276.7418705485761
          ],
          [
            3455.559667664231,
            1274.619616838172
          ],
          [
            3459.2130268416367,
            1270.950453562662
          ]
        ]
      },
      "properties": {
        "id": "pistes:way:1362378995",
        "name": "Fundadores",
        "piste_type": "downhill",
        "tags": {
          "name": "Fundadores",
          "z_order": "0",
          "piste:difficulty": "intermediate",
          "piste:type": "downhill",
          "winter_sports_id": "934096931",
          "winter_sports_name": "Cerro Perito Moreno",
          "State": "R\u00edo Negro",
          "Country": "Argentina",
          "Ski Area": "Cerro Perito Moreno",
          "region": "south-america"
        }
      }
    },
    {
      "type": "Feature",
      "geometry": {
        "type": "LineString",
        "coordinates": [
          [
            3247.4955493775196,
            1275.5263924719766
          ],
          [
            3247.950278648641,
            1270.627761311829
          ],
          [
            3248.6159890461713,
            1267.2913839165121
          ],
          [
            3252.0086319993134,
            1261.780729948543
          ],
          [
            3258.905910557485,
            1261.443083385937
          ],
          [
            3275.9189858312075,
            1260.7822828538376
          ],
          [
            3292.9320611049293,
            1260.1214823217385
          ],
          [
            3309.9451363786516,
            1259.4606817896392
          ],
          [
            3326.958211652374,
            1258.7998812575402
          ],
          [
            3343.9712869260957,
            1258.1390807254409
          ],
          [
            3360.984362199818,
            1257.4782801933418
          ],
          [
            3377.99743747354,
            1256.8174796612425
          ],
          [
            3395.010512747262,
            1256.1566791291434
          ],
          [
            3412.0235880209843,
            1255.495878597044
          ],
          [
            3429.036663294706,
            1254.835078064945
          ],
          [
            3446.0497385684284,
            1254.1742775328457
          ],
          [
            3452.7727634830517,
            1254.9314805204049
          ],
          [
            3456.2615742958733,
            1260.3595243254676
          ],
          [
            3457.789485969406,
            1265.7176788030192
          ],
          [
            3459.2130268416367,
            1270.950453562662
          ]
        ]
      },
      "properties": {
        "id": "pistes:way:1362378996",
        "name": "El Bosque",
        "piste_type": "downhill",
        "tags": {
          "name": "El Bosque",
          "z_order": "0",
          "piste:difficulty": "intermediate",
          "piste:type": "downhill",
          "winter_sports_id": "934096931",
          "winter_sports_name": "Cerro Perito Moreno",
          "State": "R\u00edo Negro",
          "Country": "Argentina",
          "Ski Area": "Cerro Perito Moreno",
          "region": "south-america"
        }
      }
    },
    {
      "type": "Feature",
      "geometry": {
        "type": "LineString",
        "coordinates": [
          [
            3033.086496518925,
            1069.4760599434376
          ],
          [
            3053.0681357138674,
            1075.7552985390648
          ],
          [
            3061.886741452734,
            1077.075935088098
          ],
          [
            3069.8529707507696,
            1082.9609494917095
          ],
          [
            3086.2780923941173,
            1102.1475077588111
          ],
          [
            3100.544252190739,
            1110.688900575973
          ],
          [
            3119.246961694327,
            1124.6647192938253
          ],
          [
            3138.5294483848265,
            1142.8811154812574
          ],
          [
            3155.314258031023,
            1161.7337624542415
          ],
          [
            3176.2376953222556,
            1184.5892768735066
          ],
          [
            3191.1679789824993,
            1206.20905755274
          ],
          [
            3204.294256958936,
            1229.1861104555428
          ],
          [
            3210.879930298426,
            1239.786201853305
          ],
          [
            3219.11917991488,
            1248.5021120058373
          ],
          [
            3224.6199158431264,
            1253.9573099706322
          ],
          [
            3234.928306857706,
            1260.2458062479272
          ]
        ]
      },
      "properties": {
        "id": "pistes:way:1362378997",
        "name": "El Puma",
        "piste_type": "downhill",
        "tags": {
          "name": "El Puma",
          "z_order": "0",
          "piste:difficulty": "intermediate",
          "piste:type": "downhill",
          "winter_sports_id": "934096931",
          "winter_sports_name": "Cerro Perito Moreno",
          "State": "R\u00edo Negro",
          "Country": "Argentina",
          "Ski Area": "Cerro Perito Moreno",
          "region": "south-america"
        }
      }
    },
    {
      "type": "Feature",
      "geometry": {
        "type": "LineString",
        "coordinates": [
          [
            2281.035207440029,
            1365.405307771638
          ],
          [
            2293.339688223903,
            1360.9193641180173
          ],
          [
            2322.5429816551623,
            1355.442228266038
          ],
          [
            2343.029180812271,
            1351.474980542902
          ],
          [
            2363.51537996938,
            1347.5077328197658
          ],
          [
            2382.5377814399544,
            1342.0819981754757
          ],
          [
            2401.560182910529,
            1336.6562635311857
          ],
          [
            2420.5825843811035,
            1331.2305288868956
          ],
          [
            2439.604985851678,
            1325.8047942426056
          ],
          [
            2455.147193158744,
            1321.2437734485138
          ],
          [
            2470.6894004658097,
            1316.682752654422
          ],
          [
            2486.2316077728756,
            1312.1217318603303
          ],
          [
            2501.7738150799414,
            1307.5607110662386
          ],
          [
            2516.8638885745313,
            1302.0674295108765
          ],
          [
            2531.953962069121,
            1296.5741479555145
          ],
          [
            2547.044035563711,
            1291.0808664001524
          ],
          [
            2562.134109058301,
            1285.5875848447904
          ],
          [
            2577.224182552891,
            1280.0943032894284
          ],
          [
            2592.3142560474807,
            1274.6010217340663
          ],
          [
            2607.4043295420706,
            1269.1077401787043
          ],
          [
            2623.3193385903724,
            1263.4284058927813
          ],
          [
            2639.234347638674,
            1257.7490716068583
          ],
          [
            2655.149356686976,
            1252.0697373209352
          ],
          [
            2671.0643657352775,
            1246.3904030350122
          ],
          [
            2686.9793747835793,
            1240.7110687490892
          ],
          [
            2702.894383831881,
            1235.031734463166
          ],
          [
            2718.8093928801827,
            1229.352400177243
          ],
          [
            2734.7244019284844,
            1223.67306589132
          ],
          [
            2750.639410976786,
            1217.993731605397
          ],
          [
            2766.554420025088,
            1212.314397319474
          ],
          [
            2782.4694290733896,
            1206.635063033551
          ],
          [
            2804.4484330770792,
            1199.8829944962636
          ],
          [
            2826.435701934097,
            1193.131109665148
          ],
          [
            2843.13634631191,
            1183.4010147508234
          ],
          [
            2859.836990689723,
            1173.6709198364988
          ],
          [
            2876.537635067536,
            1163.9408249221742
          ],
          [
            2889.9011627677683,
            1152.3478729391936
          ],
          [
            2903.2646904680005,
            1140.754920956213
          ],
          [
            2916.6282181682327,
            1129.1619689732324
          ],
          [
            2929.991745868465,
            1117.5690169902518
          ],
          [
            2949.0825914987945,
            1106.8510149405338
          ],
          [
            2968.173437129124,
            1096.1330128908157
          ],
          [
            2984.8393361776834,
            1089.5764224240556
          ],
          [
            3001.505235226243,
            1083.0198319572955
          ],
          [
            3017.295865872584,
            1076.2479459503666
          ],
          [
            3033.086496518925,
            1069.4760599434376
          ],
          [
            3055.314703708049,
            1059.9411931624636
          ],
          [
            3072.522741425666,
            1055.959592933068
          ],
          [
            3089.730779143283,
            1051.9779927036725
          ],
          [
            3106.9388168609003,
            1047.996392474277
          ],
          [
            3124.1468545785174,
            1044.0147922448814
          ],
          [
            3140.0652629926453,
            1039.9048437617719
          ],
          [
            3155.983671406773,
            1035.7948952786624
          ],
          [
            3171.902079820901,
            1031.684946795553
          ],
          [
            3187.8204882350283,
            1027.5749983124435
          ],
          [
            3203.7388966491562,
            1023.465049829334
          ],
          [
            3219.264851869763,
            1017.4627432702109
          ],
          [
            3234.79080709037,
            1011.4604367110878
          ],
          [
            3250.3167623109766,
            1005.4581301519647
          ],
          [
            3262.0189758391352,
            1000.4857536181808
          ],
          [
            3276.7580346007453,
            994.2318768065888
          ],
          [
            3291.4970933623554,
            987.9779999949969
          ],
          [
            3306.2361521239654,
            981.724123183405
          ],
          [
            3320.9752108855755,
            975.4702463718131
          ],
          [
            3339.869221049157,
            965.4566401410848
          ],
          [
            3358.763231212739,
            955.4430339103565
          ],
          [
            3365.570576977625,
            952.8242916194722
          ],
          [
            3371.6083045501728,
            952.2940737828612
          ],
          [
            3378.29910321685,
            953.5616321787238
          ],
          [
            3384.8292391088326,
            957.1360232699662
          ]
        ]
      },
      "properties": {
        "id": "pistes:way:1362378998",
        "name": "Leo Rudolph",
        "piste_type": "downhill",
        "tags": {
          "name": "Leo Rudolph",
          "z_order": "0",
          "piste:difficulty": "intermediate",
          "piste:type": "downhill",
          "winter_sports_id": "934096931",
          "winter_sports_name": "Cerro Perito Moreno",
          "State": "R\u00edo Negro",
          "Country": "Argentina",
          "Ski Area": "Cerro Perito Moreno",
          "region": "south-america"
        }
      }
    },
    {
      "type": "Feature",
      "geometry": {
        "type": "LineString",
        "coordinates": [
          [
            2355.869705482386,
            1384.5531996320933
          ],
          [
            2368.6813781101955,
            1387.528674757108
          ],
          [
            2384.151320991572,
            1391.1732319584116
          ],
          [
            2401.1912031554384,
            1389.919386931695
          ],
          [
            2421.5624823145336,
            1383.8312943028286
          ],
          [
            2436.6022452899488,
            1378.2827618746087
          ],
          [
            2461.3969224221073,
            1378.3292324263602
          ],
          [
            2481.8520349485916,
            1381.05675770808
          ],
          [
            2502.346892361704,
            1382.7407211270183
          ],
          [
            2525.773953003227,
            1380.967584328726
          ],
          [
            2545.4303747612284,
            1374.857629230246
          ],
          [
            2563.7679175457065,
            1365.766428663085
          ],
          [
            2582.105460330184,
            1356.6752280959238
          ],
          [
            2600.443003114662,
            1347.5840275287628
          ],
          [
            2620.5150521270116,
            1339.5414407229982
          ],
          [
            2640.587101139361,
            1331.4988539172336
          ],
          [
            2656.092308022858,
            1326.3194920727983
          ],
          [
            2671.5975149063547,
            1321.140130228363
          ],
          [
            2687.102721789852,
            1315.9607683839276
          ],
          [
            2715.5065226643346,
            1301.6447719093412
          ],
          [
            2733.853584142111,
            1292.316397747025
          ],
          [
            2761.222258697613,
            1288.9050736883655
          ],
          [
            2777.197872015211,
            1287.6238910160027
          ],
          [
            2793.173485332809,
            1286.34270834364
          ],
          [
            2810.0488381426744,
            1282.6156656037394
          ],
          [
            2826.9241909525394,
            1278.8886228638391
          ],
          [
            2843.799543762405,
            1275.1615801239386
          ],
          [
            2867.710256631952,
            1269.1786545077339
          ],
          [
            2897.8808760079555,
            1266.9068403542042
          ],
          [
            2916.164443465726,
            1267.3376664972554
          ],
          [
            2934.448010923496,
            1267.7684926403065
          ],
          [
            2952.7315783812664,
            1268.1993187833577
          ],
          [
            2973.965318114652,
            1268.7186134743195
          ],
          [
            2995.1990578480377,
            1269.237908165281
          ],
          [
            3016.432797581423,
            1269.7572028562427
          ],
          [
            3039.4156933072663,
            1270.9808712941594
          ],
          [
            3062.3985890331096,
            1272.2045397320762
          ],
          [
            3080.845382650732,
            1271.1691475305706
          ],
          [
            3099.2921762683545,
            1270.133755329065
          ],
          [
            3126.0470941746607,
            1263.8797334618866
          ],
          [
            3146.7346395433415,
            1258.854942777194
          ],
          [
            3163.2155937640346,
            1258.466061537154
          ],
          [
            3179.6965479847277,
            1258.077180297114
          ],
          [
            3193.8593728093547,
            1258.1576927090064
          ],
          [
            3213.017801787588,
            1256.9655233789235
          ],
          [
            3232.406630223617,
            1260.0145527329296
          ],
          [
            3234.928306857706,
            1260.2458062479272
          ],
          [
            3252.0086319993134,
            1261.780729948543
          ]
        ]
      },
      "properties": {
        "id": "pistes:way:1362378999",
        "name": "El Muro",
        "piste_type": "downhill",
        "tags": {
          "name": "El Muro",
          "z_order": "0",
          "piste:difficulty": "intermediate",
          "piste:type": "downhill",
          "winter_sports_id": "934096931",
          "winter_sports_name": "Cerro Perito Moreno",
          "State": "R\u00edo Negro",
          "Country": "Argentina",
          "Ski Area": "Cerro Perito Moreno",
          "region": "south-america"
        }
      }
    },
    {
      "type": "Feature",
      "geometry": {
        "type": "LineString",
        "coordinates": [
          [
            2255.188257524045,
            1379.296596144326
          ],
          [
            2259.0812711229664,
            1367.6999394483864
          ],
          [
            2261.8847067327006,
            1357.2040542056784
          ],
          [
            2260.086531078792,
            1346.2138354443014
          ],
          [
            2256.473666633654,
            1336.9249080438167
          ],
          [
            2251.722441190155,
            1330.080054257065
          ],
          [
            2244.307385560125,
            1317.5090695470572
          ],
          [
            2241.3370187300025,
            1310.3622427452356
          ],
          [
            2237.33472085034,
            1302.1284929523245
          ],
          [
            2238.6960059494013,
            1292.2893160013482
          ],
          [
            2243.946556491195,
            1282.5673724208027
          ],
          [
            2252.6014952019905,
            1277.1824153596535
          ],
          [
            2270.4750395437004,
            1271.7196508487687
          ],
          [
            2295.1034404836246,
            1265.404593183659
          ],
          [
            2314.3468525274657,
            1261.4055764898658
          ],
          [
            2332.041223295382,
            1250.2914349259809
          ],
          [
            2341.2912186760805,
            1237.1612860881723
          ],
          [
            2350.5412140567787,
            1224.0311372503638
          ],
          [
            2363.6484191620257,
            1212.0785394692793
          ],
          [
            2376.7556242672727,
            1200.1259416881949
          ],
          [
            2384.8929167657625,
            1188.7237728340551
          ],
          [
            2388.7729319193168,
            1177.5489969067276
          ],
          [
            2388.93571132503,
            1160.2718878649175
          ],
          [
            2389.1439704589625,
            1141.577281489037
          ],
          [
            2389.3522295928947,
            1122.8826751131564
          ],
          [
            2389.5604887268273,
            1104.188068737276
          ],
          [
            2391.4764274321496,
            1087.6639410369098
          ],
          [
            2393.392366137472,
            1071.1398133365437
          ],
          [
            2398.18427968747,
            1041.2879190826789
          ],
          [
            2402.55935501121,
            1025.549151933752
          ],
          [
            2401.3405905273976,
            1015.754491048865
          ],
          [
            2395.929515947879,
            995.4754456579685
          ],
          [
            2390.6279170286434,
            977.5002526347525
          ],
          [
            2385.326318109408,
            959.5250596115366
          ],
          [
            2378.7254396219505,
            931.8083313098177
          ],
          [
            2374.6823280435055,
            913.3375716470182
          ],
          [
            2375.255716696789,
            894.305722553283
          ],
          [
            2375.3874944985146,
            886.6189143722877
          ],
          [
            2375.158828326734,
            879.5769632980227
          ]
        ]
      },
      "properties": {
        "id": "pistes:way:1362379000",
        "name": "Cacha\u00f1a",
        "piste_type": "downhill",
        "tags": {
          "name": "Cacha\u00f1a",
          "z_order": "0",
          "piste:difficulty": "intermediate",
          "piste:type": "downhill",
          "winter_sports_id": "934096931",
          "winter_sports_name": "Cerro Perito Moreno",
          "State": "R\u00edo Negro",
          "Country": "Argentina",
          "Ski Area": "Cerro Perito Moreno",
          "region": "south-america"
        }
      }
    },
    {
      "type": "Feature",
      "geometry": {
        "type": "LineString",
        "coordinates": [
          [
            2422.1912392234663,
            1185.646212624386
          ],
          [
            2417.4879148916807,
            1189.3610530942678
          ],
          [
            2413.855914197571,
            1191.4744255524129
          ],
          [
            2411.1532458463917,
            1192.2821280928329
          ],
          [
            2408.478954100865,
            1192.4238544553518
          ],
          [
            2406.76582149521,
            1189.9272109353915
          ],
          [
            2406.6284015779383,
            1187.0334753962234
          ],
          [
            2407.164114538813,
            1184.1600150810555
          ],
          [
            2408.3579602586105,
            1181.5286547224969
          ],
          [
            2409.776182564907,
            1178.9040525173768
          ],
          [
            2411.412092267419,
            1176.5082835089415
          ],
          [
            2413.250690117595,
            1174.5631724130362
          ],
          [
            2415.9934845047537,
            1172.4230183232576
          ],
          [
            2418.375206476776,
            1170.6720859967172
          ],
          [
            2420.990182339039,
            1169.4616421898827
          ],
          [
            2424.826481535798,
            1168.021249903366
          ],
          [
            2427.7535160960397,
            1167.2203003428876
          ],
          [
            2430.673861568095,
            1166.6414247741923
          ],
          [
            2433.3548310060287,
            1166.277615312487
          ],
          [
            2436.703864842828,
            1166.3784779794514
          ],
          [
            2439.9977719325107,
            1168.033614931628
          ],
          [
            2443.082301656308,
            1169.4601681260392
          ],
          [
            2446.3762115093996,
            1171.1153020234779
          ],
          [
            2449.01867721451,
            1172.3062630128115
          ],
          [
            2452.979033506941,
            1174.203740177676
          ],
          [
            2455.837568284187,
            1175.4012052668259
          ],
          [
            2458.711101696943,
            1176.3768442729488
          ],
          [
            2462.7048992593773,
            1177.1639401055872
          ],
          [
            2466.7187592060072,
            1177.2848082128912
          ],
          [
            2469.841797205445,
            1177.1565732015297
          ],
          [
            2473.8824049790273,
            1176.3891366887838
          ],
          [
            2478.145765538211,
            1175.4061287287623
          ],
          [
            2480.8350448587444,
            1175.0425516534597
          ],
          [
            2483.78213447053,
            1173.575353837572
          ],
          [
            2486.978722636355,
            1171.004284790717
          ],
          [
            2489.071572109533,
            1169.17794935219
          ],
          [
            2490.2906028913567,
            1164.8802621997893
          ],
          [
            2491.2667243183823,
            1162.0200582137331
          ],
          [
            2492.0468380609527,
            1158.4871231075376
          ],
          [
            2492.5808915069792,
            1155.3913322715089
          ],
          [
            2493.1366277586785,
            1151.8516413038597
          ],
          [
            2493.508105994144,
            1146.9727436341345
          ],
          [
            2493.41077241773,
            1142.7465599318966
          ],
          [
            2493.0623172710184,
            1139.401921079494
          ],
          [
            2492.4844238816295,
            1136.4949269359931
          ],
          [
            2491.891534329974,
            1133.809757662937
          ],
          [
            2490.431135771796,
            1130.6539150811732
          ],
          [
            2489.186804079567,
            1127.5045778173953
          ],
          [
            2488.1598281822517,
            1124.595175134018
          ],
          [
            2486.7044967230177,
            1120.9949310664088
          ],
          [
            2485.2157330503687,
            1118.505062457174
          ],
          [
            2483.7269704755745,
            1116.0151934893802
          ],
          [
            2482.028830833151,
            1113.2967430921271
          ],
          [
            2480.7845065063448,
            1110.147404034622
          ],
          [
            2478.65099342732,
            1106.9712900016457
          ],
          [
            2475.8242962473305,
            1104.4411317724735
          ],
          [
            2472.786600568681,
            1101.4600655604154
          ],
          [
            2469.974905129755,
            1098.708079901524
          ],
          [
            2468.017340969527,
            1096.8709196867421
          ],
          [
            2466.0747754069744,
            1094.8119339626282
          ],
          [
            2463.4858371521696,
            1091.8443767558783
          ],
          [
            2459.7967140496476,
            1088.3991341926157
          ],
          [
            2458.539029317326,
            1085.6939409794286
          ],
          [
            2457.512407635688,
            1082.7734292624518
          ],
          [
            2456.492474639963,
            1079.6308421716094
          ],
          [
            2455.4591671053786,
            1076.9324052538723
          ],
          [
            2453.521676440141,
            1074.4290150869638
          ],
          [
            2450.68993572169,
            1072.3432466201484
          ],
          [
            2448.054196342244,
            1070.930209514685
          ],
          [
            2444.9630220422987,
            1069.7257318934426
          ],
          [
            2442.315530191525,
            1068.979168433696
          ],
          [
            2439.1288827693206,
            1068.1830245712772
          ],
          [
            2434.1237533459207,
            1066.7319634938613
          ],
          [
            2431.943455103552,
            1065.1103604156524
          ],
          [
            2430.2236609447864,
            1062.835796419531
          ],
          [
            2429.1903661029646,
            1060.1373551748693
          ],
          [
            2430.168123873649,
            1057.499484210275
          ],
          [
            2432.6731208179262,
            1055.7967177825049
          ],
          [
            2435.3808029476786,
            1054.5446082958952
          ],
          [
            2438.7632260582177,
            1053.5350960195065
          ],
          [
            2441.459151475865,
            1052.9494601543993
          ],
          [
            2444.819886352401,
            1052.3838451718912
          ],
          [
            2448.173932535574,
            1052.0403038235381
          ],
          [
            2451.5362884138594,
            1051.6970111764967
          ],
          [
            2454.434899239219,
            1051.5620277523994
          ],
          [
            2458.0133175847586,
            1051.2252388866618
          ],
          [
            2460.9336133709876,
            1050.6463527223095
          ],
          [
            2463.8539086094825,
            1050.0674653807655
          ],
          [
            2466.5498300538165,
            1049.481820171699
          ],
          [
            2469.245750991686,
            1048.896173962392
          ],
          [
            2472.1711091522593,
            1047.872882653959
          ],
          [
            2474.6627174671157,
            1046.6142523568124
          ],
          [
            2476.951636237907,
            1044.9049647077918
          ],
          [
            2479.2389309062855,
            1042.9733509402722
          ],
          [
            2481.3018513795687,
            1041.0349802421406
          ],
          [
            2483.5757696761284,
            1039.5475155394524
          ],
          [
            2485.8646840312285,
            1037.8382251840085
          ],
          [
            2489.054528747918,
            1035.489232197404
          ],
          [
            2492.001561806479,
            1034.0220329156145
          ],
          [
            2496.5226419591345,
            1031.9353970624506
          ],
          [
            2499.44292584667,
            1031.356495554559
          ],
          [
            2502.810330726439,
            1030.5687786480412
          ],
          [
            2506.40879364335,
            1029.5657404661179
          ],
          [
            2510.9047455864493,
            1028.5897218706086
          ],
          [
            2513.8116544371005,
            1028.4549649460241
          ],
          [
            2517.396742483601,
            1027.8960716864094
          ],
          [
            2520.9617723104893,
            1028.0034021968022
          ],
          [
            2524.2957438749727,
            1028.3260512044653
          ],
          [
            2527.624654451618,
            1029.0930991871282
          ],
          [
            2530.2654523402452,
            1030.0617064787075
          ],
          [
            2535.134981262381,
            1031.3196837427095
          ],
          [
            2538.0084635470994,
            1032.2952928273007
          ],
          [
            2540.8618909004144,
            1033.9371262555942
          ],
          [
            2543.9180119050434,
            1036.0296129658818
          ],
          [
            2547.213502574945,
            1037.907027455978
          ],
          [
            2550.460575394798,
            1041.1166412401944
          ],
          [
            2553.531697111437,
            1042.9872985798866
          ],
          [
            2555.949755583948,
            1044.1714673796669
          ],
          [
            2559.6522659132024,
            1047.1725092995912
          ],
          [
            2567.3535712576704,
            1050.5161884054542
          ],
          [
            2569.522149864235,
            1052.8042248347774
          ],
          [
            2571.9201614700723,
            1054.654613474384
          ],
          [
            2575.445099065779,
            1056.0943672200665
          ],
          [
            2578.296917894564,
            1057.5138596836478
          ],
          [
            2581.3480018228292,
            1060.0507299574092
          ],
          [
            2583.977076142968,
            1061.685792236589
          ],
          [
            2586.6061516363407,
            1063.3208534987643
          ],
          [
            2589.8933553030947,
            1065.1979972291738
          ],
          [
            2592.740123476251,
            1067.061884074472
          ],
          [
            2595.369202847942,
            1068.6969419512898
          ],
          [
            2598.2076636414276,
            1070.5605764044449
          ],
          [
            2601.5031836419366,
            1072.437964629382
          ],
          [
            2604.586070760968,
            1073.6421234002337
          ],
          [
            2607.7106842543,
            1073.736155132763
          ],
          [
            2611.084776186268,
            1072.7263117972761
          ],
          [
            2613.569682134781,
            1071.6897088438272
          ],
          [
            2614.7701177971903,
            1068.836241976358
          ],
          [
            2615.081368384999,
            1065.956017033197
          ],
          [
            2615.1949767172337,
            1062.1807394623756
          ],
          [
            2615.295219426509,
            1058.8496121801436
          ],
          [
            2615.4155107556726,
            1054.8522594235837
          ],
          [
            2615.5424850288546,
            1050.63283149153
          ],
          [
            2615.404989202856,
            1047.7391024585813
          ],
          [
            2615.0631693413015,
            1044.1723959045485
          ],
          [
            2614.4785556591814,
            1041.4874879615381
          ],
          [
            2614.116688072565,
            1038.5870067793876
          ],
          [
            2613.3210686772363,
            1035.4511962896213
          ],
          [
            2612.9592021027347,
            1032.5507149947807
          ],
          [
            2612.8367014637915,
            1029.435160701163
          ],
          [
            2612.3106103981845,
            1024.5292507344857
          ],
          [
            2612.5578821246745,
            1016.3124696575105
          ],
          [
            2611.5178457163274,
            1013.8361320979893
          ],
          [
            2610.029066349496,
            1011.3462899029255
          ],
          [
            2608.7646598811843,
            1008.8631996279582
          ],
          [
            2607.73130927945,
            1006.1647862298414
          ],
          [
            2606.704642782104,
            1003.2442974718288
          ],
          [
            2606.1334035586915,
            1000.1152381002903
          ],
          [
            2605.3294834812405,
            996.97917616833
          ],
          [
            2605.1919949356816,
            994.0854465197772
          ],
          [
            2605.2788778655813,
            991.1984692607075
          ],
          [
            2605.6101819012547,
            987.6520188674331
          ],
          [
            2606.1391236409545,
            985.0006215423346
          ],
          [
            2606.924225658702,
            981.0232754051685
          ],
          [
            2607.473216449027,
            977.7056524641812
          ],
          [
            2607.7844696401153,
            974.8254274968058
          ],
          [
            2607.984967583092,
            968.1631721202284
          ],
          [
            2609.550110562821,
            960.6528798341751
          ],
          [
            2610.737167199957,
            958.2435641884804
          ],
          [
            2611.9375894485274,
            955.3900980008766
          ],
          [
            2612.682587634481,
            952.7452024016529
          ],
          [
            2613.2315748478286,
            949.4275790629908
          ],
          [
            2613.8006111055147,
            945.4437301307917
          ],
          [
            2614.105178475147,
            942.7855800893158
          ],
          [
            2614.6722530612606,
            938.5905095785856
          ],
          [
            2615.683344057994,
            934.8422400197014
          ],
          [
            2616.652708823094,
            932.2040962036699
          ],
          [
            2618.0774945906014,
            929.3573812460527
          ],
          [
            2619.2912761314074,
            926.0597636206076
          ],
          [
            2620.498373712646,
            922.9842210030183
          ],
          [
            2621.2567323965486,
            919.895174250938
          ],
          [
            2621.3636597645236,
            916.3419711887836
          ],
          [
            2620.5747391018085,
            912.9840853707865
          ],
          [
            2620.8220100687467,
            904.7673031864688
          ],
          [
            2621.0425493428484,
            897.4388217069209
          ],
          [
            2621.032037822646,
            890.3256633356214
          ],
          [
            2620.909542203939,
            887.2101085819304
          ],
          [
            2620.7653708075522,
            884.5384541321546
          ],
          [
            2620.6278826757334,
            881.6447244649753
          ],
          [
            2620.279393226141,
            878.3000923106447
          ],
          [
            2620.1352225708542,
            875.6284378003329
          ],
          [
            2620.2354689066997,
            872.2973097357899
          ],
          [
            2620.342398396344,
            868.7441064538434
          ],
          [
            2620.6603290382773,
            865.6418056404218
          ],
          [
            2620.96489336004,
            862.9836552236229
          ],
          [
            2621.9609812604613,
            859.4572100238875
          ],
          [
            2623.1680692480877,
            856.3816671259701
          ],
          [
            2624.1657823181013,
            853.0775469429791
          ],
          [
            2624.9174519645167,
            850.2105750376359
          ],
          [
            2625.690796941868,
            846.8997027119622
          ],
          [
            2626.6801980591845,
            843.5953321550041
          ],
          [
            2627.669598403736,
            840.2909614769742
          ],
          [
            2628.869998555514,
            837.4374929573387
          ],
          [
            2630.090446444112,
            833.917798618786
          ],
          [
            2630.6394218037603,
            830.6001740181819
          ],
          [
            2631.426128544379,
            826.8451507296413
          ],
          [
            2632.1711106869043,
            824.2002533795312
          ],
          [
            2633.147141048219,
            821.3400324787945
          ],
          [
            2634.5585367859458,
            818.9374652840197
          ],
          [
            2635.9899797965772,
            815.8686721883714
          ],
          [
            2636.9593250936596,
            813.2305260496214
          ],
          [
            2637.9369795962702,
            810.5926298527047
          ],
          [
            2639.130689080921,
            807.9612350445241
          ],
          [
            2640.9891840331256,
            805.3498445376754
          ],
          [
            2644.160456901649,
            803.8893382381648
          ],
          [
            2647.276641812583,
            803.9831070518121
          ],
          [
            2650.3810896484647,
            804.7433501994237
          ],
          [
            2653.6815470102592,
            806.1763186864555
          ],
          [
            2656.31053709361,
            807.8113578278571
          ],
          [
            2659.3815772877424,
            809.6819730158895
          ],
          [
            2661.0730161012616,
            812.6224578386173
          ],
          [
            2661.863567690132,
            816.2026646155864
          ],
          [
            2662.8634943107027,
            820.0114472368732
          ],
          [
            2664.0677426132024,
            824.4932060390711
          ],
          [
            2665.312083387631,
            827.6425133123994
          ],
          [
            2666.3454227373004,
            830.3409192301333
          ],
          [
            2667.3587178316666,
            833.7055505728349
          ],
          [
            2668.1610110471956,
            836.6192807052284
          ],
          [
            2668.727203534101,
            840.1927357558161
          ],
          [
            2669.2583603832754,
            844.6542415069416
          ],
          [
            2669.3958659303607,
            847.5479696830735
          ],
          [
            2669.4999636834254,
            851.5520738363266
          ],
          [
            2669.6358414451242,
            854.2234767498448
          ],
          [
            2669.7599845431396,
            857.5613552583382
          ],
          [
            2670.326180504926,
            861.1348099848256
          ],
          [
            2670.9107934396015,
            863.8197138234973
          ],
          [
            2671.4569462484214,
            868.0593939675018
          ],
          [
            2671.974745599495,
            872.9650495797396
          ],
          [
            2672.7693189163692,
            880.8353058137
          ]
        ]
      },
      "properties": {
        "id": "pistes:way:1362379002",
        "name": "Morita",
        "piste_type": "downhill",
        "tags": {
          "name": "Morita",
          "z_order": "0",
          "piste:difficulty": "easy",
          "piste:type": "downhill",
          "winter_sports_id": "934096931",
          "winter_sports_name": "Cerro Perito Moreno",
          "State": "R\u00edo Negro",
          "Country": "Argentina",
          "Ski Area": "Cerro Perito Moreno",
          "region": "south-america"
        }
      }
    },
    {
      "type": "Feature",
      "geometry": {
        "type": "LineString",
        "coordinates": [
          [
            1339.9416651735082,
            1347.5623207492754
          ],
          [
            1364.8986012723763,
            1367.2669503372163
          ],
          [
            1379.6090489455576,
            1382.530690832374
          ],
          [
            1394.319496618739,
            1397.7944313275318
          ],
          [
            1409.0299442919204,
            1413.0581718226895
          ],
          [
            1424.8761360230274,
            1420.2059709327295
          ],
          [
            1440.7223277541343,
            1427.3537700427696
          ],
          [
            1469.1854588065762,
            1430.4376107435673
          ],
          [
            1488.9369773910148,
            1426.5894627128728
          ],
          [
            1508.6884959754534,
            1422.7413146821782
          ],
          [
            1525.5395704191178,
            1418.8053537276573
          ],
          [
            1542.3906448627822,
            1414.8693927731365
          ],
          [
            1562.2798384410173,
            1409.5359195880592
          ],
          [
            1582.1690320192527,
            1404.2024464029819
          ],
          [
            1602.0582255974878,
            1398.8689732179046
          ],
          [
            1617.5067096447262,
            1394.5940167993929
          ],
          [
            1632.9551936919645,
            1390.319060380881
          ],
          [
            1648.403677739203,
            1386.0441039623693
          ],
          [
            1665.360099850921,
            1376.1835743039846
          ],
          [
            1682.316521962639,
            1366.3230446456
          ],
          [
            1699.272944074357,
            1356.4625149872154
          ],
          [
            1712.629121268218,
            1347.1096145639729
          ],
          [
            1725.985298462079,
            1337.7567141407303
          ],
          [
            1739.34147565594,
            1328.4038137174878
          ],
          [
            1752.6976528498012,
            1319.050913294245
          ],
          [
            1766.0538300436622,
            1309.6980128710024
          ],
          [
            1779.4100072375234,
            1300.34511244776
          ],
          [
            1792.7661844313843,
            1290.9922120245174
          ],
          [
            1809.6130091741215,
            1279.1924067330547
          ],
          [
            1826.4598339168588,
            1267.392601441592
          ],
          [
            1842.0337792211212,
            1254.0816966942511
          ],
          [
            1857.6077245253837,
            1240.7707919469103
          ],
          [
            1868.2942845642683,
            1239.4597449852154
          ],
          [
            1884.61961340181,
            1238.1744017822202
          ],
          [
            1900.9449422393518,
            1236.889058579225
          ],
          [
            1917.2702710768936,
            1235.60371537623
          ],
          [
            1933.5955999144353,
            1234.3183721732348
          ],
          [
            1951.1283154141856,
            1229.957453112739
          ],
          [
            1968.661030913936,
            1225.5965340522428
          ],
          [
            1986.1937464136863,
            1221.2356149917468
          ],
          [
            2005.1514767522458,
            1214.027984132059
          ],
          [
            2024.1092070908053,
            1206.820353272371
          ],
          [
            2040.3248134577298,
            1194.417519356124
          ],
          [
            2056.5404198246542,
            1182.0146854398772
          ],
          [
            2068.9025041726222,
            1171.5701187172283
          ],
          [
            2081.2645885205907,
            1161.1255519945796
          ],
          [
            2093.6266728685587,
            1150.6809852719307
          ],
          [
            2103.223438461224,
            1135.855602371972
          ],
          [
            2112.820204053889,
            1121.0302194720134
          ],
          [
            2124.3669969865005,
            1105.252258522436
          ],
          [
            2135.913789919112,
            1089.4742975728586
          ],
          [
            2147.4605828517233,
            1073.6963366232812
          ],
          [
            2154.2439713451313,
            1055.8964497582056
          ],
          [
            2161.0273598385393,
            1038.0965628931299
          ],
          [
            2186.948621476011,
            1021.985145716928
          ],
          [
            2202.444974513026,
            1016.0804143957794
          ],
          [
            2217.941327550041,
            1010.1756830746308
          ],
          [
            2233.437680587056,
            1004.2709517534822
          ],
          [
            2245.683924000521,
            993.9707980889361
          ],
          [
            2257.930167413986,
            983.67064442439
          ],
          [
            2270.176410827451,
            973.370490759844
          ],
          [
            2282.422654240916,
            963.0703370952979
          ],
          [
            2308.7463093550177,
            944.9034662777558
          ],
          [
            2322.195613043732,
            933.3169315652922
          ],
          [
            2343.771589711192,
            910.6724724471569
          ],
          [
            2365.955366274051,
            891.5915849655867
          ],
          [
            2375.158828326734,
            879.5769632980227
          ],
          [
            2379.96385998209,
            873.3090414460748
          ],
          [
            2392.6958699740353,
            862.056422223337
          ],
          [
            2415.2486085945857,
            853.9114176295698
          ],
          [
            2432.9933797815465,
            852.6843508630991
          ],
          [
            2450.7381509685074,
            851.4572840966284
          ],
          [
            2469.7105446592905,
            850.6171827819198
          ],
          [
            2488.6829383500735,
            849.7770814672112
          ],
          [
            2507.2083971283573,
            846.10051224567
          ],
          [
            2525.733855906641,
            842.4239430241287
          ],
          [
            2542.5266204463164,
            845.2818945245817
          ],
          [
            2559.3193849859913,
            848.1398460250348
          ],
          [
            2576.1121495256666,
            850.9977975254878
          ],
          [
            2596.732540570112,
            854.263504145667
          ],
          [
            2617.3529316145577,
            857.5292107658461
          ],
          [
            2628.290242827381,
            858.9141662791371
          ],
          [
            2653.7069365587085,
            861.4460771949962
          ],
          [
            2670.9107934396015,
            863.8197138234973
          ],
          [
            2687.6991579602472,
            861.7575123840943
          ],
          [
            2705.392446002399,
            856.2938635884784
          ],
          [
            2723.085734044551,
            850.8302147928625
          ],
          [
            2738.5873351842165,
            841.7719500195235
          ],
          [
            2754.491974872828,
            819.3114154171199
          ],
          [
            2766.802776210272,
            804.3390458524227
          ],
          [
            2779.113577547716,
            789.3666762877256
          ],
          [
            2794.8907700981363,
            771.1365913562477
          ],
          [
            2816.0934612428537,
            760.8381547490135
          ],
          [
            2828.792835075408,
            750.6396469157189
          ],
          [
            2842.4825489879586,
            731.2908971682191
          ],
          [
            2853.5208765573334,
            705.5164412241429
          ],
          [
            2862.5229129142244,
            677.2023820020258
          ],
          [
            2869.397287686472,
            648.8354691201821
          ],
          [
            2876.7195872238663,
            628.9451683019288
          ],
          [
            2884.0418867612607,
            609.0548674836755
          ],
          [
            2903.5699135771138,
            583.8911849344149
          ],
          [
            2918.324797469424,
            564.229807652533
          ],
          [
            2926.714120575809,
            556.0132356388494
          ],
          [
            2937.534912212519,
            549.6368196047843
          ],
          [
            2945.4080540185096,
            546.6948790261522
          ],
          [
            2956.974781086028,
            550.9211777979508
          ],
          [
            2982.1361851035617,
            561.9130227286369
          ],
          [
            3012.2798072671285,
            572.3431682456285
          ],
          [
            3032.690329232486,
            576.4793756557629
          ],
          [
            3041.9604706590762,
            586.2823421675712
          ],
          [
            3056.2249831481604,
            606.4710922949016
          ],
          [
            3064.0623428958934,
            622.5825074031018
          ],
          [
            3071.8997026436264,
            638.6939225113019
          ],
          [
            3079.073166850256,
            653.3739286935888
          ],
          [
            3086.2466310568852,
            668.0539348758757
          ],
          [
            3089.5426813363447,
            687.9132010899484
          ],
          [
            3087.4528081974713,
            710.4225106034428
          ],
          [
            3079.4919291616534,
            739.8238687636331
          ],
          [
            3071.202824822045,
            756.3344991798513
          ],
          [
            3062.9137204824365,
            772.8451295960695
          ],
          [
            3048.1588802336482,
            792.5068008136004
          ],
          [
            3042.40435792855,
            807.1486232299358
          ],
          [
            3039.935750442499,
            824.5397718478926
          ],
          [
            3037.467142956448,
            841.9309204658493
          ],
          [
            3040.099202255369,
            860.3588143279776
          ],
          [
            3044.0465540970326,
            882.3492754651234
          ],
          [
            3056.7428150639753,
            895.7892686473206
          ],
          [
            3080.4932587950025,
            906.7271802453324
          ],
          [
            3102.172106460348,
            916.0246172263287
          ],
          [
            3123.8509541256935,
            925.322054207325
          ],
          [
            3143.090701314766,
            933.3069536723197
          ],
          [
            3162.330448503839,
            941.2918531373143
          ],
          [
            3177.8408957994834,
            949.5203585256822
          ],
          [
            3193.351343095128,
            957.7488639140502
          ],
          [
            3211.558125602576,
            970.642630354967
          ],
          [
            3229.7649081100244,
            983.5363967958838
          ],
          [
            3245.89194197458,
            992.0110752070323
          ],
          [
            3262.0189758391352,
            1000.4857536181808
          ],
          [
            3285.5689789083553,
            1010.9168059499934
          ]
        ]
      },
      "properties": {
        "id": "pistes:way:1362459760",
        "name": "El Condor",
        "piste_type": "downhill",
        "tags": {
          "name": "El Condor",
          "z_order": "0",
          "piste:difficulty": "intermediate",
          "piste:type": "downhill",
          "winter_sports_id": "934096931",
          "winter_sports_name": "Cerro Perito Moreno",
          "State": "R\u00edo Negro",
          "Country": "Argentina",
          "Ski Area": "Cerro Perito Moreno",
          "region": "south-america"
        }
      }
    },
    {
      "type": "Feature",
      "geometry": {
        "type": "LineString",
        "coordinates": [
          [
            1806.788019173022,
            1377.2705544568598
          ],
          [
            1802.1094451792305,
            1374.9175821393728
          ],
          [
            1796.2737290923833,
            1368.7398185068741
          ],
          [
            1788.1955966289388,
            1354.7368183732033
          ],
          [
            1785.85971095087,
            1338.4399754386395
          ],
          [
            1789.4627297932748,
            1312.786800966598
          ],
          [
            1792.7661844313843,
            1290.9922120245174
          ],
          [
            1794.2912360123591,
            1270.2441800655797
          ],
          [
            1785.9542934596539,
            1241.4074119077995
          ],
          [
            1783.3037281420548,
            1223.6895913267508
          ],
          [
            1778.2193004447618,
            1204.486780363135
          ],
          [
            1776.0459454880329,
            1182.5378602650017
          ],
          [
            1777.2846540288301,
            1164.937523106113
          ],
          [
            1784.2550272506196,
            1145.3875765390694
          ],
          [
            1789.0766365365707,
            1126.4784475537017
          ],
          [
            1793.8982458225219,
            1107.569318568334
          ],
          [
            1798.4956097321701,
            1088.1884792167693
          ],
          [
            1803.0929736418184,
            1068.8076398652047
          ],
          [
            1807.6903375514667,
            1049.42680051364
          ],
          [
            1811.537495294935,
            1027.6652975399047
          ],
          [
            1815.3846530384035,
            1005.9037945661694
          ],
          [
            1809.6071524557774,
            985.9687693519518
          ],
          [
            1802.3743825257989,
            967.4012421434745
          ],
          [
            1790.9246701900265,
            948.00613955874
          ],
          [
            1788.194018070586,
            921.1058016205207
          ],
          [
            1788.2756274478743,
            895.0017088381574
          ],
          [
            1788.9039190010808,
            874.2043480905704
          ],
          [
            1789.5322105542873,
            853.4069873429835
          ],
          [
            1793.6537570004293,
            834.1266224058345
          ],
          [
            1797.7753034465713,
            814.8462574686855
          ],
          [
            1799.643430358381,
            800.0878584804013
          ],
          [
            1810.1451645288034,
            780.6445816522464
          ],
          [
            1813.4896627714043,
            763.8191372156143
          ],
          [
            1807.7338969532866,
            743.1734545808285
          ],
          [
            1795.229129931773,
            735.0381837198511
          ],
          [
            1772.8832173350384,
            724.4828007593751
          ],
          [
            1756.6990528436872,
            720.9957630224526
          ],
          [
            1740.5148883523361,
            717.5087252855301
          ],
          [
            1724.330723860985,
            714.0216875486076
          ],
          [
            1708.146559369634,
            710.5346498116851
          ],
          [
            1690.2831663919787,
            703.9932028045878
          ],
          [
            1672.4197734143236,
            697.4517557974905
          ],
          [
            1657.096523072134,
            688.8753655790351
          ],
          [
            1641.7732727299444,
            680.2989753605798
          ],
          [
            1625.2440195830422,
            664.984371734783
          ],
          [
            1606.4169936079998,
            655.2461205329746
          ],
          [
            1583.8051343403058,
            653.5009356248192
          ],
          [
            1561.1932750726119,
            651.7557507166639
          ],
          [
            1541.429902639861,
            649.5130791465441
          ],
          [
            1521.6665302071099,
            647.2704075764244
          ],
          [
            1501.903157774359,
            645.0277360063046
          ],
          [
            1484.5970708228706,
            643.4427598076873
          ],
          [
            1467.2909838713822,
            641.8577836090699
          ],
          [
            1442.0351519887336,
            634.0362081015483
          ],
          [
            1421.8943362038117,
            620.7234564125538
          ],
          [
            1410.416442985821,
            602.0380649212748
          ],
          [
            1406.959645670664,
            575.8267733920366
          ],
          [
            1411.7499402482645,
            557.978271283675
          ],
          [
            1416.540234825865,
            540.1297691753134
          ],
          [
            1419.4357153621968,
            514.8109124312177
          ],
          [
            1410.5569927137112,
            503.96170819643885
          ],
          [
            1384.0727047815453,
            489.75663955230266
          ],
          [
            1369.4047065423802,
            482.95910671912134
          ],
          [
            1354.736708303215,
            476.16157388594
          ],
          [
            1340.0687100640498,
            469.3640410527587
          ],
          [
            1312.8568545207381,
            455.84795479942113
          ],
          [
            1294.8982357847854,
            452.4811609662138
          ],
          [
            1276.9396170488326,
            449.11436713300645
          ],
          [
            1261.1197033275384,
            457.1040732348338
          ],
          [
            1237.9425787344226,
            474.03991718776524
          ],
          [
            1225.7616517134666,
            484.519493531785
          ],
          [
            1213.5807246925106,
            494.9990698758047
          ],
          [
            1201.3997976715546,
            505.47864621982444
          ],
          [
            1189.2188706505985,
            515.9582225638442
          ],
          [
            1177.0379436296425,
            526.4377989078639
          ],
          [
            1164.8570166086865,
            536.9173752518836
          ],
          [
            1152.6760895877305,
            547.3969515959034
          ],
          [
            1140.4951625667745,
            557.8765279399231
          ],
          [
            1124.5038994788192,
            571.5066665997729
          ],
          [
            1104.3865992194624,
            580.766178467311
          ],
          [
            1080.0737336084712,
            588.4981000395492
          ],
          [
            1061.3769109579735,
            597.8116464731283
          ],
          [
            1042.6800883074757,
            607.1251929067075
          ],
          [
            1024.239727010252,
            607.9775864081457
          ],
          [
            1005.9276378874201,
            604.5993913132697
          ],
          [
            988.2363574743504,
            604.0629285583273
          ],
          [
            979.1552262858022,
            611.4228535508737
          ]
        ]
      },
      "properties": {
        "id": "pistes:way:1362459761",
        "name": "Encanto Blanco",
        "piste_type": "downhill",
        "tags": {
          "name": "Encanto Blanco",
          "z_order": "0",
          "piste:difficulty": "intermediate",
          "piste:type": "downhill",
          "winter_sports_id": "934096931",
          "winter_sports_name": "Cerro Perito Moreno",
          "State": "R\u00edo Negro",
          "Country": "Argentina",
          "Ski Area": "Cerro Perito Moreno",
          "region": "south-america"
        }
      }
    },
    {
      "type": "Feature",
      "geometry": {
        "type": "LineString",
        "coordinates": [
          [
            1364.8986012723763,
            1367.2669503372163
          ],
          [
            1374.6565571496612,
            1369.4405215233564
          ],
          [
            1387.834249848558,
            1372.4066303288564
          ],
          [
            1396.7792389437673,
            1369.0097153149545
          ],
          [
            1400.7050784226158,
            1361.0486810067669
          ],
          [
            1403.204299139732,
            1351.5774369528517
          ],
          [
            1404.2103789084358,
            1342.7945304019377
          ],
          [
            1407.9285410409793,
            1329.3258115304634
          ],
          [
            1410.7795416463632,
            1320.598729918711
          ],
          [
            1412.949118729448,
            1309.6504696253687
          ],
          [
            1413.2377297900384,
            1300.1123329550028
          ],
          [
            1414.9972905194154,
            1290.6187050556764
          ],
          [
            1417.119394067966,
            1281.5139205856249
          ],
          [
            1419.2446061761002,
            1272.0313559882343
          ],
          [
            1423.414630317944,
            1255.997871497646
          ],
          [
            1427.063428113237,
            1245.094366023317
          ],
          [
            1429.2634527275804,
            1233.413504106924
          ],
          [
            1435.2485702178674,
            1210.7221179679036
          ],
          [
            1444.6961804234888,
            1184.6568269738927
          ],
          [
            1450.973532591248,
            1167.8368712556548
          ],
          [
            1457.250884759007,
            1151.016915537417
          ],
          [
            1462.6335203616763,
            1132.0137813407928
          ],
          [
            1468.0161559643457,
            1113.0106471441686
          ],
          [
            1474.5602223902242,
            1095.4818965876475
          ],
          [
            1481.1042888161028,
            1077.9531460311264
          ],
          [
            1484.7262345011695,
            1053.6342916041613
          ],
          [
            1480.6468401321908,
            1029.5603596158326
          ],
          [
            1473.1823882122408,
            1014.0028654192574
          ],
          [
            1465.7179362922907,
            998.4453712226823
          ],
          [
            1460.4721105501521,
            981.0378324715421
          ],
          [
            1461.1671838157345,
            958.0641278428957
          ],
          [
            1461.4696495785029,
            941.6891127958894
          ],
          [
            1461.7721153412713,
            925.3140977488831
          ],
          [
            1462.0745811040397,
            908.9390827018767
          ],
          [
            1462.377046866808,
            892.5640676548704
          ],
          [
            1462.6795126295765,
            876.1890526078641
          ],
          [
            1461.397221963678,
            855.0671146633103
          ],
          [
            1459.0278720948554,
            837.9855420719832
          ],
          [
            1456.6585222260328,
            820.9039694806561
          ],
          [
            1450.999097819634,
            801.4129883811498
          ],
          [
            1445.3396734132355,
            781.9220072816437
          ],
          [
            1439.6802490068367,
            762.4310261821374
          ],
          [
            1439.2015003275883,
            746.3680051323026
          ],
          [
            1438.72275164834,
            730.3049840824679
          ],
          [
            1437.3319062488154,
            712.7751048342325
          ],
          [
            1435.9410608492908,
            695.2452255859971
          ],
          [
            1432.2097656027472,
            675.4884107252583
          ],
          [
            1428.4784703562036,
            655.7315958645195
          ],
          [
            1418.6440974401776,
            626.1598366647959
          ],
          [
            1410.416442985821,
            602.0380649212748
          ]
        ]
      },
      "properties": {
        "id": "pistes:way:1362533999",
        "name": "Caj\u00f3n Del Azul",
        "piste_type": "downhill",
        "tags": {
          "name": "Caj\u00f3n Del Azul",
          "z_order": "0",
          "piste:difficulty": "intermediate",
          "piste:type": "downhill",
          "winter_sports_id": "934096931",
          "winter_sports_name": "Cerro Perito Moreno",
          "State": "R\u00edo Negro",
          "Country": "Argentina",
          "Ski Area": "Cerro Perito Moreno",
          "region": "south-america"
        }
      }
    },
    {
      "type": "Feature",
      "geometry": {
        "type": "LineString",
        "coordinates": [
          [
            1339.9416651735082,
            1347.5623207492754
          ],
          [
            1340.7141587999067,
            1368.8966840393841
          ],
          [
            1341.4866524263052,
            1390.2310473294929
          ],
          [
            1342.800409014104,
            1417.455508487299
          ],
          [
            1325.0041427284013,
            1439.833786174655
          ],
          [
            1304.8780969718937,
            1450.6885546459816
          ],
          [
            1284.752051215386,
            1461.5433231173083
          ],
          [
            1265.7906339433393,
            1469.232434579637
          ],
          [
            1246.8292166712927,
            1476.9215460419655
          ],
          [
            1226.1871858690865,
            1478.1635842099786
          ],
          [
            1205.5451550668804,
            1479.4056223779917
          ],
          [
            1190.4799541397952,
            1481.6278045084327
          ],
          [
            1163.6247972821584,
            1485.593363687396
          ],
          [
            1146.5553015994956,
            1492.672610175563
          ],
          [
            1129.4858059168328,
            1499.75185666373
          ],
          [
            1112.41631023417,
            1506.831103151897
          ],
          [
            1095.3468145515071,
            1513.910349640064
          ],
          [
            1077.4075072880369,
            1517.275113582611
          ],
          [
            1059.4682000245666,
            1520.6398775251582
          ],
          [
            1041.5288927610964,
            1524.0046414677054
          ],
          [
            1014.4461378600099,
            1534.9201055364683
          ],
          [
            999.9274225388508,
            1541.6762523469515
          ],
          [
            985.4087072176917,
            1548.4323991574347
          ],
          [
            970.8899918965326,
            1555.188545967918
          ],
          [
            956.3712765753735,
            1561.944692778401
          ],
          [
            938.2071016297559,
            1569.7904762029648
          ],
          [
            920.0429266841384,
            1577.6362596275285
          ],
          [
            901.8787517385208,
            1585.4820430520922
          ],
          [
            883.7145767929032,
            1593.327826476656
          ],
          [
            867.0562242849264,
            1601.5284793122362
          ],
          [
            850.3978717769496,
            1609.7291321478162
          ],
          [
            833.7395192689728,
            1617.9297849833965
          ],
          [
            815.0765504263109,
            1627.492092428729
          ],
          [
            796.4135815836489,
            1637.0543998740613
          ],
          [
            777.750612740987,
            1646.6167073193938
          ],
          [
            761.4936608991605,
            1653.3214608840644
          ],
          [
            745.236709057334,
            1660.0262144487351
          ],
          [
            728.9797572155076,
            1666.7309680134058
          ],
          [
            712.7228053736811,
            1673.4357215780765
          ],
          [
            696.4658535318546,
            1680.1404751427472
          ],
          [
            680.2089016900281,
            1686.8452287074178
          ],
          [
            662.473869694004,
            1689.371437178459
          ],
          [
            644.7388376979798,
            1691.8976456495002
          ],
          [
            627.0038057019556,
            1694.4238541205414
          ],
          [
            609.2687737059314,
            1696.9500625915825
          ],
          [
            593.2266580909054,
            1696.5962017541751
          ],
          [
            577.1845424758794,
            1696.2423409167677
          ],
          [
            561.1424268608534,
            1695.8884800793603
          ],
          [
            545.1003112458275,
            1695.534619241953
          ],
          [
            528.2106712758687,
            1687.8251617851201
          ],
          [
            511.32103130590986,
            1680.1157043282874
          ],
          [
            494.43139133595105,
            1672.4062468714546
          ],
          [
            477.54175136599224,
            1664.696789414622
          ],
          [
            462.11121142959746,
            1657.4288389359135
          ],
          [
            446.6806714932027,
            1650.1608884572051
          ],
          [
            431.2501315568079,
            1642.8929379784968
          ],
          [
            415.8195916204131,
            1635.6249874997884
          ],
          [
            396.4605662418762,
            1621.177341063507
          ],
          [
            391.57394579058746,
            1605.8359065172262
          ],
          [
            386.6873253392987,
            1590.4944719709456
          ],
          [
            392.54536604421446,
            1573.879240167793
          ],
          [
            398.4034067491302,
            1557.2640083646402
          ],
          [
            407.4408987055649,
            1541.5456242454238
          ],
          [
            416.4783906619996,
            1525.8272401262075
          ],
          [
            425.3790622355688,
            1508.8599030332018
          ],
          [
            434.279733809138,
            1491.8925659401964
          ],
          [
            443.18040538270725,
            1474.9252288471907
          ],
          [
            450.5350976822083,
            1444.2295143669471
          ],
          [
            454.49455677435617,
            1428.3567547942512
          ],
          [
            458.45401586650405,
            1412.4839952215552
          ],
          [
            455.5628123175702,
            1393.2077468330972
          ],
          [
            452.67160876863636,
            1373.9314984446391
          ],
          [
            441.26223943789955,
            1344.265904089436
          ],
          [
            423.7833641420584,
            1320.8063636077568
          ],
          [
            411.56192692148034,
            1309.243008511141
          ],
          [
            399.34048970090225,
            1297.679653414525
          ],
          [
            390.0024632087443,
            1270.21081642434
          ],
          [
            397.6385265032295,
            1248.0481688054278
          ],
          [
            407.6181394230807,
            1236.6262405514717
          ],
          [
            419.25045336113544,
            1222.4148945263587
          ],
          [
            430.88276729919016,
            1208.2035485012457
          ],
          [
            446.85909595453995,
            1194.6076603881083
          ],
          [
            462.83542460988974,
            1181.011772274971
          ],
          [
            477.8558251426439,
            1156.7173101333901
          ],
          [
            480.53037391632097,
            1143.70625696145
          ],
          [
            481.20256737069576,
            1126.3776741474867
          ],
          [
            481.87476082507055,
            1109.0490913335234
          ],
          [
            476.9232964888215,
            1093.2500454047695
          ],
          [
            463.0627395887859,
            1070.3561982940882
          ],
          [
            457.3044298568275,
            1049.086729711853
          ],
          [
            457.75225963924703,
            1030.7955154366791
          ],
          [
            458.2000894216665,
            1012.5043011615053
          ],
          [
            458.64791920408607,
            994.2130868863314
          ],
          [
            468.0504417780321,
            974.6714229760692
          ],
          [
            478.8053056979552,
            964.2732500992715
          ],
          [
            495.2593547273427,
            959.5719433454797
          ],
          [
            526.7920331100468,
            963.1308486182243
          ],
          [
            544.7596755221215,
            965.7365447729826
          ],
          [
            562.7273179341961,
            968.3422409277409
          ],
          [
            580.6949603462708,
            970.9479370824993
          ],
          [
            599.2763707326376,
            971.5123851718381
          ],
          [
            613.7929643965908,
            963.2288121478632
          ],
          [
            621.1370659036329,
            956.6723210252821
          ],
          [
            627.1078454031958,
            950.4186475202441
          ],
          [
            637.5735502621392,
            941.589662970975
          ],
          [
            645.6726673830999,
            932.3553720926866
          ],
          [
            651.9740019426681,
            926.4451399380341
          ],
          [
            660.7032542020897,
            918.9193020425737
          ],
          [
            664.9992889877758,
            911.9367873556912
          ],
          [
            671.021582936286,
            903.9842009814456
          ],
          [
            675.660115826875,
            896.6786608034745
          ],
          [
            682.7557666501962,
            887.0693282298744
          ],
          [
            687.4458630254958,
            878.0649024192244
          ],
          [
            692.0825596867944,
            871.0927183721215
          ],
          [
            697.3717905569356,
            864.8182999668643
          ],
          [
            703.4351428110385,
            855.5110271591693
          ],
          [
            710.7909727375954,
            848.287970921956
          ],
          [
            722.6297117675422,
            839.1560301510617
          ],
          [
            739.6136508643394,
            828.4909383328632
          ],
          [
            744.9417936553946,
            821.2062951745465
          ],
          [
            752.5974690172588,
            815.3370988816023
          ],
          [
            760.8934245801065,
            810.8432403691113
          ],
          [
            771.2026004128857,
            807.4329701354727
          ],
          [
            779.4675280039664,
            803.9606387401
          ],
          [
            785.8303151127184,
            796.0183037761599
          ],
          [
            789.4465501630912,
            788.6816729633138
          ],
          [
            792.7718347768532,
            779.9691869225353
          ],
          [
            796.7680745854159,
            771.6215976029634
          ],
          [
            801.4168479844229,
            763.9717652406543
          ],
          [
            809.0392773961648,
            759.4685294795781
          ],
          [
            817.6552805082174,
            755.6622790321708
          ],
          [
            826.1995023128693,
            754.2211242094636
          ],
          [
            838.6266862640623,
            748.1632195264101
          ],
          [
            855.5586836849106,
            739.1967439958826
          ],
          [
            869.5580532163731,
            737.2431035572663
          ],
          [
            878.1120081474073,
            735.4798781666905
          ],
          [
            885.7263821943197,
            730.9652074836195
          ],
          [
            894.3113149306737,
            728.1804151972756
          ],
          [
            905.2731834112783,
            725.4566044146195
          ],
          [
            912.9365939169074,
            719.5986002143472
          ],
          [
            916.9121162808733,
            711.9282802455127
          ],
          [
            923.2764653576305,
            703.6524651655927
          ],
          [
            927.2829551564064,
            694.9605920556933
          ],
          [
            931.5991509499727,
            687.3005990413949
          ],
          [
            935.6074172018562,
            678.2753562685102
          ],
          [
            940.955797857081,
            670.3132464252412
          ],
          [
            945.9655984521378,
            661.9963301885873
          ],
          [
            950.5939397892216,
            655.0126352179796
          ],
          [
            955.5605042630341,
            648.3948436276987
          ],
          [
            959.5175348117482,
            641.0573638360947
          ],
          [
            962.5015217522159,
            632.3455782756209
          ],
          [
            967.4683977502864,
            625.7166754193604
          ],
          [
            972.777754598821,
            618.7647361773998
          ],
          [
            979.1552262858022,
            611.4228535508737
          ]
        ]
      },
      "properties": {
        "id": "pistes:way:1362534000",
        "name": "Ca\u00f1ad\u00f3n Caliente",
        "piste_type": "downhill",
        "tags": {
          "name": "Ca\u00f1ad\u00f3n Caliente",
          "z_order": "0",
          "piste:difficulty": "intermediate",
          "piste:type": "downhill",
          "winter_sports_id": "934096931",
          "winter_sports_name": "Cerro Perito Moreno",
          "State": "R\u00edo Negro",
          "Country": "Argentina",
          "Ski Area": "Cerro Perito Moreno",
          "region": "south-america"
        }
      }
    },
    {
      "type": "Feature",
      "geometry": {
        "type": "LineString",
        "coordinates": [
          [
            956.3712765753735,
            1561.944692778401
          ],
          [
            938.2440769729437,
            1559.7946382937953
          ],
          [
            923.2045359617914,
            1543.8790359720588
          ],
          [
            912.5016975969484,
            1526.2277564350516
          ],
          [
            901.7988592321053,
            1508.5764768980443
          ],
          [
            891.406476976932,
            1489.60645215353
          ],
          [
            881.0140947217587,
            1470.6364274090156
          ],
          [
            871.300766737535,
            1455.6796470941044
          ],
          [
            861.5874387533113,
            1440.7228667791933
          ],
          [
            851.8741107690876,
            1425.7660864642821
          ],
          [
            842.1607827848638,
            1410.809306149371
          ],
          [
            828.1589515985688,
            1396.169681217211
          ],
          [
            814.1571204122738,
            1381.530056285051
          ],
          [
            800.1552892259788,
            1366.890431352891
          ],
          [
            788.6245093864272,
            1354.545718002366
          ],
          [
            777.0937295468757,
            1342.2010046518408
          ],
          [
            765.5629497073242,
            1329.8562913013157
          ],
          [
            754.0321698677726,
            1317.5115779507905
          ],
          [
            739.9040416769567,
            1306.9523332118988
          ],
          [
            725.7759134861408,
            1296.393088473007
          ],
          [
            710.5515786262695,
            1286.873021603562
          ],
          [
            690.0562514747726,
            1274.5255308179185
          ],
          [
            668.2789030867862,
            1269.0630807168782
          ],
          [
            652.1354757078225,
            1263.243706395384
          ],
          [
            635.9920483288588,
            1257.4243320738897
          ],
          [
            614.2392808214063,
            1251.428984590806
          ],
          [
            588.4329842600273,
            1237.8529358226806
          ],
          [
            562.7563109180192,
            1220.0129387583584
          ],
          [
            550.8898476627073,
            1205.5265034041367
          ],
          [
            539.0233844073955,
            1191.0400680499151
          ],
          [
            527.0771638784208,
            1170.421773626469
          ],
          [
            515.1309433494462,
            1149.803479203023
          ],
          [
            501.29483275534585,
            1129.6556336898357
          ],
          [
            481.87476082507055,
            1109.0490913335234
          ]
        ]
      },
      "properties": {
        "id": "pistes:way:1362534001",
        "name": "Ventisquero",
        "piste_type": "downhill",
        "tags": {
          "name": "Ventisquero",
          "z_order": "0",
          "piste:difficulty": "intermediate",
          "piste:type": "downhill",
          "winter_sports_id": "934096931",
          "winter_sports_name": "Cerro Perito Moreno",
          "State": "R\u00edo Negro",
          "Country": "Argentina",
          "Ski Area": "Cerro Perito Moreno",
          "region": "south-america"
        }
      }
    },
    {
      "type": "Feature",
      "geometry": {
        "type": "LineString",
        "coordinates": [
          [
            1190.4799541397952,
            1481.6278045084327
          ],
          [
            1177.1831489111064,
            1473.8009346425533
          ],
          [
            1158.934619705542,
            1464.679301106371
          ],
          [
            1148.5598220001557,
            1446.8938692118973
          ],
          [
            1148.8655131751439,
            1425.8199485493824
          ],
          [
            1147.0606787614524,
            1398.08039674256
          ],
          [
            1144.1804305908736,
            1379.755128976889
          ],
          [
            1131.8339845310547,
            1359.787159435451
          ],
          [
            1105.3754096744815,
            1346.5600683856755
          ],
          [
            1089.3179429920856,
            1338.4381921859458
          ],
          [
            1079.4168679119903,
            1317.1105170808733
          ],
          [
            1078.9386606866028,
            1301.3253020001575
          ],
          [
            1090.6814632357564,
            1277.797244206071
          ],
          [
            1091.3036324137356,
            1257.2663694042712
          ],
          [
            1080.891408482683,
            1236.890111300163
          ],
          [
            1070.0360163918522,
            1223.179889537394
          ],
          [
            1059.1806243010215,
            1209.4696677746251
          ],
          [
            1042.1923770888243,
            1184.5929143214598
          ],
          [
            1029.0335366384243,
            1167.7119920416735
          ],
          [
            1015.8746961880242,
            1150.8310697618872
          ],
          [
            1010.583929412358,
            1135.6223422354087
          ],
          [
            1005.2931626366917,
            1120.4136147089303
          ],
          [
            996.0060687432997,
            1102.4496933594346
          ],
          [
            986.7189748499077,
            1084.485772009939
          ],
          [
            971.4999686084338,
            1068.4869569456205
          ],
          [
            959.6472875360923,
            1055.3131028739735
          ],
          [
            947.7946064637508,
            1042.1392488023266
          ],
          [
            934.0848214913858,
            1023.0075086420402
          ],
          [
            926.2811889444711,
            997.5531851295382
          ],
          [
            924.1087522527669,
            975.114828160964
          ],
          [
            925.2886411955502,
            954.130348399592
          ],
          [
            926.4685301383337,
            933.1458686382199
          ],
          [
            927.648419081117,
            912.1613888768479
          ],
          [
            926.2409032899886,
            891.379985130392
          ],
          [
            924.6471492513083,
            875.9165345150977
          ],
          [
            923.0851882015122,
            860.7763528218493
          ],
          [
            914.9487390907016,
            832.8668203502893
          ],
          [
            905.8376636314206,
            810.2179713947698
          ],
          [
            900.3791850783164,
            788.0800136681646
          ],
          [
            894.3858541967347,
            756.9790527122095
          ],
          [
            896.235961071041,
            736.296453117393
          ],
          [
            905.2731834112783,
            725.4566044146195
          ]
        ]
      },
      "properties": {
        "id": "pistes:way:1362534002",
        "name": "Boca del Lobo",
        "piste_type": "downhill",
        "tags": {
          "name": "Boca del Lobo",
          "z_order": "0",
          "piste:difficulty": "advanced",
          "piste:type": "downhill",
          "winter_sports_id": "934096931",
          "winter_sports_name": "Cerro Perito Moreno",
          "State": "R\u00edo Negro",
          "Country": "Argentina",
          "Ski Area": "Cerro Perito Moreno",
          "region": "south-america"
        }
      }
    },
    {
      "type": "Feature",
      "geometry": {
        "type": "LineString",
        "coordinates": [
          [
            1339.9416651735082,
            1347.5623207492754
          ],
          [
            1329.0408241620753,
            1351.5445702625439
          ],
          [
            1320.0866433542687,
            1339.5816535213962
          ],
          [
            1309.2007565844106,
            1322.7367929667234
          ],
          [
            1303.3360347300768,
            1311.2119091665372
          ],
          [
            1291.3166033398593,
            1297.6057434859686
          ],
          [
            1279.2971719496418,
            1283.9995778054
          ],
          [
            1267.0474406655994,
            1266.6020903820172
          ],
          [
            1254.797709381557,
            1249.2046029586345
          ],
          [
            1240.3278041644953,
            1236.7300082389265
          ],
          [
            1229.8387070656754,
            1229.8662346191704
          ],
          [
            1210.1393952409271,
            1218.9558610888198
          ],
          [
            1199.6134282990824,
            1201.777168580331
          ],
          [
            1190.0164139714907,
            1176.7245696438476
          ],
          [
            1176.4447394586168,
            1157.397492211312
          ],
          [
            1163.8024051993852,
            1130.1853953525424
          ],
          [
            1152.0660282279714,
            1118.6491692685522
          ],
          [
            1140.3296512565576,
            1107.112943184562
          ],
          [
            1126.3433159445121,
            1095.8530266475864
          ],
          [
            1112.3569806324667,
            1084.5931101106107
          ],
          [
            1096.873936003889,
            1071.3983957655728
          ],
          [
            1081.3908913753112,
            1058.2036814205348
          ],
          [
            1069.3557849845674,
            1045.2801136211492
          ],
          [
            1057.3206785938237,
            1032.3565458217636
          ],
          [
            1046.9935350684682,
            1019.892210711725
          ],
          [
            1036.6663915431127,
            1007.4278756016865
          ],
          [
            1026.3392480177572,
            994.963540491648
          ],
          [
            1006.9723852148745,
            973.3931918367743
          ],
          [
            988.5111817832221,
            955.9735319335014
          ],
          [
            970.0601705282461,
            938.2207071445882
          ],
          [
            951.0761050257133,
            915.2836561519653
          ],
          [
            941.539935474575,
            899.5126545708627
          ],
          [
            924.6471492513083,
            875.9165345150977
          ]
        ]
      },
      "properties": {
        "id": "pistes:way:1362534003",
        "name": "Garganta del Diablo",
        "piste_type": "downhill",
        "tags": {
          "name": "Garganta del Diablo",
          "z_order": "0",
          "piste:difficulty": "advanced",
          "piste:type": "downhill",
          "winter_sports_id": "934096931",
          "winter_sports_name": "Cerro Perito Moreno",
          "State": "R\u00edo Negro",
          "Country": "Argentina",
          "Ski Area": "Cerro Perito Moreno",
          "region": "south-america"
        }
      }
    }
  ]
}