{
  "type": "FeatureCollection",
  "coordinate_system": {
    "kind": "local_game_meters",
    "not_wgs84": true,
    "axes": {
      "geojson_x": "local_east_m",
      "geojson_y": "local_north_m"
    },
    "game_axes": {
      "x": "east_m",
      "y": "elevation_m",
      "z": "negative_north_m"
    },
    "local_origin": {
      "easting_m": 282532.3521487523,
      "northing_m": 5369445.26554299,
      "longitude": -71.61745777629636,
      "latitude": -41.797045545464776
    },
    "projected_crs": "EPSG:32719",
    "note": "This is not RFC 7946 WGS84 GeoJSON. Convert X,Y to game X,Z via game_axes."
  },
  "attribution": "\u00a9 OpenStreetMap contributors (ODbL)",
  "layer": "tree-points",
  "features": [
    {
      "type": "Feature",
      "geometry": {
        "type": "Point",
        "coordinates": [
          903.3642420069591,
          758.5774550040046
        ]
      },
      "properties": {
        "elevation_m": 1564.0902099609375,
        "kind": "tree"
      }
    },
    {
      "type": "Feature",
      "geometry": {
        "type": "Point",
        "coordinates": [
          1268.4906805790874,
          782.4761694890036
        ]
      },
      "properties": {
        "elevation_m": 1643.0509033203125,
        "kind": "tree"
      }
    },
    {
      "type": "Feature",
      "geometry": {
        "type": "Point",
        "coordinates": [
          1208.3059757572805,
          641.7470134330468
        ]
      },
      "properties": {
        "elevation_m": 1610.2109375,
        "kind": "tree"
      }
    },
    {
      "type": "Feature",
      "geometry": {
        "type": "Point",
        "coordinates": [
          1206.7533308858146,
          147.56767011522098
        ]
      },
      "properties": {
        "elevation_m": 1482.83251953125,
        "kind": "tree"
      }
    },
    {
      "type": "Feature",
      "geometry": {
        "type": "Point",
        "coordinates": [
          1214.4584313029459,
          895.9304994778258
        ]
      },
      "properties": {
        "elevation_m": 1647.1942138671875,
        "kind": "tree"
      }
    },
    {
      "type": "Feature",
      "geometry": {
        "type": "Point",
        "coordinates": [
          1012.4033811475515,
          369.29134029856414
        ]
      },
      "properties": {
        "elevation_m": 1531.2628173828125,
        "kind": "tree"
      }
    },
    {
      "type": "Feature",
      "geometry": {
        "type": "Point",
        "coordinates": [
          1222.8292760756399,
          401.53088489817236
        ]
      },
      "properties": {
        "elevation_m": 1561.2034912109375,
        "kind": "tree"
      }
    },
    {
      "type": "Feature",
      "geometry": {
        "type": "Point",
        "coordinates": [
          714.099092145485,
          472.85733877818535
        ]
      },
      "properties": {
        "elevation_m": 1624.6263427734375,
        "kind": "tree"
      }
    },
    {
      "type": "Feature",
      "geometry": {
        "type": "Point",
        "coordinates": [
          954.1353854533379,
          601.8448298438232
        ]
      },
      "properties": {
        "elevation_m": 1558.565185546875,
        "kind": "tree"
      }
    },
    {
      "type": "Feature",
      "geometry": {
        "type": "Point",
        "coordinates": [
          1264.5794293640963,
          970.7818275937755
        ]
      },
      "properties": {
        "elevation_m": 1659.2479248046875,
        "kind": "tree"
      }
    },
    {
      "type": "Feature",
      "geometry": {
        "type": "Point",
        "coordinates": [
          1201.1583352480798,
          355.3548347410899
        ]
      },
      "properties": {
        "elevation_m": 1544.55615234375,
        "kind": "tree"
      }
    },
    {
      "type": "Feature",
      "geometry": {
        "type": "Point",
        "coordinates": [
          1278.192444735686,
          478.55691316841865
        ]
      },
      "properties": {
        "elevation_m": 1595.130615234375,
        "kind": "tree"
      }
    },
    {
      "type": "Feature",
      "geometry": {
        "type": "Point",
        "coordinates": [
          1435.8417226655783,
          205.62837530431787
        ]
      },
      "properties": {
        "elevation_m": 1511.505126953125,
        "kind": "tree"
      }
    },
    {
      "type": "Feature",
      "geometry": {
        "type": "Point",
        "coordinates": [
          817.2064792283905,
          727.0414319797484
        ]
      },
      "properties": {
        "elevation_m": 1577.21240234375,
        "kind": "tree"
      }
    },
    {
      "type": "Feature",
      "geometry": {
        "type": "Point",
        "coordinates": [
          1067.1619492569812,
          172.06294066563794
        ]
      },
      "properties": {
        "elevation_m": 1393.72314453125,
        "kind": "tree"
      }
    },
    {
      "type": "Feature",
      "geometry": {
        "type": "Point",
        "coordinates": [
          850.6635821163025,
          342.7050659422454
        ]
      },
      "properties": {
        "elevation_m": 1540.28515625,
        "kind": "tree"
      }
    },
    {
      "type": "Feature",
      "geometry": {
        "type": "Point",
        "coordinates": [
          1149.3782319100178,
          621.8236539333543
        ]
      },
      "properties": {
        "elevation_m": 1584.680419921875,
        "kind": "tree"
      }
    },
    {
      "type": "Feature",
      "geometry": {
        "type": "Point",
        "coordinates": [
          899.2059670920007,
          415.7622627926254
        ]
      },
      "properties": {
        "elevation_m": 1561.84423828125,
        "kind": "tree"
      }
    },
    {
      "type": "Feature",
      "geometry": {
        "type": "Point",
        "coordinates": [
          1215.223049045691,
          992.4213053497332
        ]
      },
      "properties": {
        "elevation_m": 1660.2802734375,
        "kind": "tree"
      }
    },
    {
      "type": "Feature",
      "geometry": {
        "type": "Point",
        "coordinates": [
          590.920054466972,
          707.471537884022
        ]
      },
      "properties": {
        "elevation_m": 1614.364501953125,
        "kind": "tree"
      }
    },
    {
      "type": "Feature",
      "geometry": {
        "type": "Point",
        "coordinates": [
          1150.0587270859205,
          614.057413675858
        ]
      },
      "properties": {
        "elevation_m": 1580.2335205078125,
        "kind": "tree"
      }
    },
    {
      "type": "Feature",
      "geometry": {
        "type": "Point",
        "coordinates": [
          586.6728277683774,
          722.5031454830499
        ]
      },
      "properties": {
        "elevation_m": 1612.4671630859375,
        "kind": "tree"
      }
    },
    {
      "type": "Feature",
      "geometry": {
        "type": "Point",
        "coordinates": [
          721.7190410671212,
          1093.1932429744716
        ]
      },
      "properties": {
        "elevation_m": 1629.2672119140625,
        "kind": "tree"
      }
    },
    {
      "type": "Feature",
      "geometry": {
        "type": "Point",
        "coordinates": [
          840.1604022672276,
          1025.6113129864484
        ]
      },
      "properties": {
        "elevation_m": 1624.372802734375,
        "kind": "tree"
      }
    },
    {
      "type": "Feature",
      "geometry": {
        "type": "Point",
        "coordinates": [
          686.748215672715,
          1067.5012237032079
        ]
      },
      "properties": {
        "elevation_m": 1614.8804931640625,
        "kind": "tree"
      }
    },
    {
      "type": "Feature",
      "geometry": {
        "type": "Point",
        "coordinates": [
          1047.3997759599752,
          709.8136376158095
        ]
      },
      "properties": {
        "elevation_m": 1581.743896484375,
        "kind": "tree"
      }
    },
    {
      "type": "Feature",
      "geometry": {
        "type": "Point",
        "coordinates": [
          709.1211390602905,
          1135.2853870611852
        ]
      },
      "properties": {
        "elevation_m": 1640.031982421875,
        "kind": "tree"
      }
    },
    {
      "type": "Feature",
      "geometry": {
        "type": "Point",
        "coordinates": [
          865.8047758241041,
          698.7070431019253
        ]
      },
      "properties": {
        "elevation_m": 1570.0709228515625,
        "kind": "tree"
      }
    },
    {
      "type": "Feature",
      "geometry": {
        "type": "Point",
        "coordinates": [
          539.1248211955483,
          659.1994522266796
        ]
      },
      "properties": {
        "elevation_m": 1629.06494140625,
        "kind": "tree"
      }
    },
    {
      "type": "Feature",
      "geometry": {
        "type": "Point",
        "coordinates": [
          772.5844531627149,
          950.1849992022284
        ]
      },
      "properties": {
        "elevation_m": 1595.53662109375,
        "kind": "tree"
      }
    },
    {
      "type": "Feature",
      "geometry": {
        "type": "Point",
        "coordinates": [
          1117.566886623919,
          519.7260461279853
        ]
      },
      "properties": {
        "elevation_m": 1557.8193359375,
        "kind": "tree"
      }
    },
    {
      "type": "Feature",
      "geometry": {
        "type": "Point",
        "coordinates": [
          952.0426007004916,
          978.1513129585809
        ]
      },
      "properties": {
        "elevation_m": 1617.7646484375,
        "kind": "tree"
      }
    },
    {
      "type": "Feature",
      "geometry": {
        "type": "Point",
        "coordinates": [
          667.1456424144409,
          681.6652604178266
        ]
      },
      "properties": {
        "elevation_m": 1608.8192138671875,
        "kind": "tree"
      }
    },
    {
      "type": "Feature",
      "geometry": {
        "type": "Point",
        "coordinates": [
          1116.2468030349735,
          273.14253650378816
        ]
      },
      "properties": {
        "elevation_m": 1475.001220703125,
        "kind": "tree"
      }
    },
    {
      "type": "Feature",
      "geometry": {
        "type": "Point",
        "coordinates": [
          734.7971601425038,
          392.30393048933587
        ]
      },
      "properties": {
        "elevation_m": 1591.5670166015625,
        "kind": "tree"
      }
    },
    {
      "type": "Feature",
      "geometry": {
        "type": "Point",
        "coordinates": [
          861.3593935238157,
          657.9571827467971
        ]
      },
      "properties": {
        "elevation_m": 1573.91552734375,
        "kind": "tree"
      }
    },
    {
      "type": "Feature",
      "geometry": {
        "type": "Point",
        "coordinates": [
          645.8282709683007,
          849.8492966781773
        ]
      },
      "properties": {
        "elevation_m": 1593.798828125,
        "kind": "tree"
      }
    },
    {
      "type": "Feature",
      "geometry": {
        "type": "Point",
        "coordinates": [
          926.4632622473853,
          1082.9361026878203
        ]
      },
      "properties": {
        "elevation_m": 1650.1708984375,
        "kind": "tree"
      }
    },
    {
      "type": "Feature",
      "geometry": {
        "type": "Point",
        "coordinates": [
          621.6955957156342,
          627.791621536695
        ]
      },
      "properties": {
        "elevation_m": 1619.5960693359375,
        "kind": "tree"
      }
    },
    {
      "type": "Feature",
      "geometry": {
        "type": "Point",
        "coordinates": [
          1034.7263932041258,
          656.6971779578165
        ]
      },
      "properties": {
        "elevation_m": 1567.1854248046875,
        "kind": "tree"
      }
    },
    {
      "type": "Feature",
      "geometry": {
        "type": "Point",
        "coordinates": [
          681.9071221923391,
          1168.24900426393
        ]
      },
      "properties": {
        "elevation_m": 1647.26806640625,
        "kind": "tree"
      }
    },
    {
      "type": "Feature",
      "geometry": {
        "type": "Point",
        "coordinates": [
          1286.2898520798913,
          242.10339237413183
        ]
      },
      "properties": {
        "elevation_m": 1555.0777587890625,
        "kind": "tree"
      }
    },
    {
      "type": "Feature",
      "geometry": {
        "type": "Point",
        "coordinates": [
          1237.7028306160391,
          633.2636258120538
        ]
      },
      "properties": {
        "elevation_m": 1619.5216064453125,
        "kind": "tree"
      }
    },
    {
      "type": "Feature",
      "geometry": {
        "type": "Point",
        "coordinates": [
          740.4846353927935,
          841.6864812592332
        ]
      },
      "properties": {
        "elevation_m": 1577.7960205078125,
        "kind": "tree"
      }
    },
    {
      "type": "Feature",
      "geometry": {
        "type": "Point",
        "coordinates": [
          916.2988576034488,
          293.2589557808694
        ]
      },
      "properties": {
        "elevation_m": 1508.1163330078125,
        "kind": "tree"
      }
    },
    {
      "type": "Feature",
      "geometry": {
        "type": "Point",
        "coordinates": [
          562.7244803955622,
          571.7831981800518
        ]
      },
      "properties": {
        "elevation_m": 1637.3323974609375,
        "kind": "tree"
      }
    },
    {
      "type": "Feature",
      "geometry": {
        "type": "Point",
        "coordinates": [
          624.0664575290599,
          601.6102137642199
        ]
      },
      "properties": {
        "elevation_m": 1622.3486328125,
        "kind": "tree"
      }
    },
    {
      "type": "Feature",
      "geometry": {
        "type": "Point",
        "coordinates": [
          1026.1144277280546,
          257.7650201270794
        ]
      },
      "properties": {
        "elevation_m": 1448.4669189453125,
        "kind": "tree"
      }
    },
    {
      "type": "Feature",
      "geometry": {
        "type": "Point",
        "coordinates": [
          1210.4387897857896,
          464.3992918295424
        ]
      },
      "properties": {
        "elevation_m": 1568.998046875,
        "kind": "tree"
      }
    },
    {
      "type": "Feature",
      "geometry": {
        "type": "Point",
        "coordinates": [
          579.7927104664866,
          1097.7110951181899
        ]
      },
      "properties": {
        "elevation_m": 1618.399169921875,
        "kind": "tree"
      }
    },
    {
      "type": "Feature",
      "geometry": {
        "type": "Point",
        "coordinates": [
          851.3475427845917,
          589.2410144129532
        ]
      },
      "properties": {
        "elevation_m": 1577.98779296875,
        "kind": "tree"
      }
    },
    {
      "type": "Feature",
      "geometry": {
        "type": "Point",
        "coordinates": [
          621.0809205461354,
          863.3647749152327
        ]
      },
      "properties": {
        "elevation_m": 1597.2520751953125,
        "kind": "tree"
      }
    },
    {
      "type": "Feature",
      "geometry": {
        "type": "Point",
        "coordinates": [
          1359.591830396843,
          143.5462215579079
        ]
      },
      "properties": {
        "elevation_m": 1461.631591796875,
        "kind": "tree"
      }
    },
    {
      "type": "Feature",
      "geometry": {
        "type": "Point",
        "coordinates": [
          572.2079461008816,
          768.327595746923
        ]
      },
      "properties": {
        "elevation_m": 1612.8017578125,
        "kind": "tree"
      }
    },
    {
      "type": "Feature",
      "geometry": {
        "type": "Point",
        "coordinates": [
          1311.0958582354224,
          363.5365135328256
        ]
      },
      "properties": {
        "elevation_m": 1591.45947265625,
        "kind": "tree"
      }
    },
    {
      "type": "Feature",
      "geometry": {
        "type": "Point",
        "coordinates": [
          1277.62829498138,
          665.0725469947006
        ]
      },
      "properties": {
        "elevation_m": 1629.5625,
        "kind": "tree"
      }
    },
    {
      "type": "Feature",
      "geometry": {
        "type": "Point",
        "coordinates": [
          618.0334953126353,
          659.3659558397753
        ]
      },
      "properties": {
        "elevation_m": 1616.229248046875,
        "kind": "tree"
      }
    },
    {
      "type": "Feature",
      "geometry": {
        "type": "Point",
        "coordinates": [
          1307.2426954696653,
          654.9757931094326
        ]
      },
      "properties": {
        "elevation_m": 1629.8634033203125,
        "kind": "tree"
      }
    },
    {
      "type": "Feature",
      "geometry": {
        "type": "Point",
        "coordinates": [
          426.1834559176771,
          654.5784168168034
        ]
      },
      "properties": {
        "elevation_m": 1644.09765625,
        "kind": "tree"
      }
    },
    {
      "type": "Feature",
      "geometry": {
        "type": "Point",
        "coordinates": [
          1242.1169380738668,
          561.3027265840611
        ]
      },
      "properties": {
        "elevation_m": 1602.4967041015625,
        "kind": "tree"
      }
    },
    {
      "type": "Feature",
      "geometry": {
        "type": "Point",
        "coordinates": [
          1174.5297038763551,
          801.4434129854911
        ]
      },
      "properties": {
        "elevation_m": 1630.455322265625,
        "kind": "tree"
      }
    },
    {
      "type": "Feature",
      "geometry": {
        "type": "Point",
        "coordinates": [
          1019.4288473405404,
          701.961294206088
        ]
      },
      "properties": {
        "elevation_m": 1573.939208984375,
        "kind": "tree"
      }
    },
    {
      "type": "Feature",
      "geometry": {
        "type": "Point",
        "coordinates": [
          732.5005144518719,
          743.9982911236236
        ]
      },
      "properties": {
        "elevation_m": 1587.4715576171875,
        "kind": "tree"
      }
    },
    {
      "type": "Feature",
      "geometry": {
        "type": "Point",
        "coordinates": [
          3651.403040684487,
          783.2586620206066
        ]
      },
      "properties": {
        "elevation_m": 1227.88037109375,
        "kind": "tree"
      }
    },
    {
      "type": "Feature",
      "geometry": {
        "type": "Point",
        "coordinates": [
          3715.752911846757,
          747.0279654940337
        ]
      },
      "properties": {
        "elevation_m": 1204.6083984375,
        "kind": "tree"
      }
    },
    {
      "type": "Feature",
      "geometry": {
        "type": "Point",
        "coordinates": [
          4079.1646936804154,
          1161.5907483144106
        ]
      },
      "properties": {
        "elevation_m": 1111.9256591796875,
        "kind": "tree"
      }
    },
    {
      "type": "Feature",
      "geometry": {
        "type": "Point",
        "coordinates": [
          4094.7134838994452,
          1157.9220702059276
        ]
      },
      "properties": {
        "elevation_m": 1107.2308349609375,
        "kind": "tree"
      }
    },
    {
      "type": "Feature",
      "geometry": {
        "type": "Point",
        "coordinates": [
          3947.4473554952083,
          1157.6442754076145
        ]
      },
      "properties": {
        "elevation_m": 1161.5489501953125,
        "kind": "tree"
      }
    },
    {
      "type": "Feature",
      "geometry": {
        "type": "Point",
        "coordinates": [
          3900.3386572970326,
          1070.5991474535626
        ]
      },
      "properties": {
        "elevation_m": 1168.1361083984375,
        "kind": "tree"
      }
    },
    {
      "type": "Feature",
      "geometry": {
        "type": "Point",
        "coordinates": [
          4230.419702869463,
          952.7329809079167
        ]
      },
      "properties": {
        "elevation_m": 1039.5316162109375,
        "kind": "tree"
      }
    },
    {
      "type": "Feature",
      "geometry": {
        "type": "Point",
        "coordinates": [
          4143.1775669946055,
          1026.0518818820933
        ]
      },
      "properties": {
        "elevation_m": 1082.70703125,
        "kind": "tree"
      }
    },
    {
      "type": "Feature",
      "geometry": {
        "type": "Point",
        "coordinates": [
          4166.704336493819,
          958.5951986450057
        ]
      },
      "properties": {
        "elevation_m": 1061.8758544921875,
        "kind": "tree"
      }
    },
    {
      "type": "Feature",
      "geometry": {
        "type": "Point",
        "coordinates": [
          4108.819735972686,
          1001.5169444727322
        ]
      },
      "properties": {
        "elevation_m": 1090.5780029296875,
        "kind": "tree"
      }
    },
    {
      "type": "Feature",
      "geometry": {
        "type": "Point",
        "coordinates": [
          3981.4381027041795,
          868.450270211697
        ]
      },
      "properties": {
        "elevation_m": 1127.8048095703125,
        "kind": "tree"
      }
    },
    {
      "type": "Feature",
      "geometry": {
        "type": "Point",
        "coordinates": [
          4118.969668501434,
          878.807436948469
        ]
      },
      "properties": {
        "elevation_m": 1069.87939453125,
        "kind": "tree"
      }
    },
    {
      "type": "Feature",
      "geometry": {
        "type": "Point",
        "coordinates": [
          4072.0401035282857,
          918.0899503641027
        ]
      },
      "properties": {
        "elevation_m": 1091.970947265625,
        "kind": "tree"
      }
    },
    {
      "type": "Feature",
      "geometry": {
        "type": "Point",
        "coordinates": [
          3297.918101023717,
          1221.570560458211
        ]
      },
      "properties": {
        "elevation_m": 1406.375244140625,
        "kind": "tree"
      }
    },
    {
      "type": "Feature",
      "geometry": {
        "type": "Point",
        "coordinates": [
          3294.0433841622093,
          1222.0497473555172
        ]
      },
      "properties": {
        "elevation_m": 1406.375244140625,
        "kind": "tree"
      }
    },
    {
      "type": "Feature",
      "geometry": {
        "type": "Point",
        "coordinates": [
          3662.0985108748782,
          1193.2786921998459
        ]
      },
      "properties": {
        "elevation_m": 1282.303466796875,
        "kind": "tree"
      }
    },
    {
      "type": "Feature",
      "geometry": {
        "type": "Point",
        "coordinates": [
          3662.3159594912518,
          1198.4586266059569
        ]
      },
      "properties": {
        "elevation_m": 1282.303466796875,
        "kind": "tree"
      }
    },
    {
      "type": "Feature",
      "geometry": {
        "type": "Point",
        "coordinates": [
          3517.7877834633014,
          1288.9976416763814
        ]
      },
      "properties": {
        "elevation_m": 1353.97900390625,
        "kind": "tree"
      }
    },
    {
      "type": "Feature",
      "geometry": {
        "type": "Point",
        "coordinates": [
          3525.055449859404,
          1287.255347093013
        ]
      },
      "properties": {
        "elevation_m": 1353.97900390625,
        "kind": "tree"
      }
    },
    {
      "type": "Feature",
      "geometry": {
        "type": "Point",
        "coordinates": [
          3566.0720027641078,
          1083.8431178655321
        ]
      },
      "properties": {
        "elevation_m": 1312.3699951171875,
        "kind": "tree"
      }
    },
    {
      "type": "Feature",
      "geometry": {
        "type": "Point",
        "coordinates": [
          3608.7032072615257,
          1156.9830052055088
        ]
      },
      "properties": {
        "elevation_m": 1310.458740234375,
        "kind": "tree"
      }
    },
    {
      "type": "Feature",
      "geometry": {
        "type": "Point",
        "coordinates": [
          3600.4034517179325,
          1071.7280222119275
        ]
      },
      "properties": {
        "elevation_m": 1292.86181640625,
        "kind": "tree"
      }
    },
    {
      "type": "Feature",
      "geometry": {
        "type": "Point",
        "coordinates": [
          3659.9431086124264,
          956.9976322752462
        ]
      },
      "properties": {
        "elevation_m": 1259.3941650390625,
        "kind": "tree"
      }
    },
    {
      "type": "Feature",
      "geometry": {
        "type": "Point",
        "coordinates": [
          3652.5424475362324,
          960.8684546694054
        ]
      },
      "properties": {
        "elevation_m": 1259.3941650390625,
        "kind": "tree"
      }
    },
    {
      "type": "Feature",
      "geometry": {
        "type": "Point",
        "coordinates": [
          3674.443774995864,
          923.4074571638549
        ]
      },
      "properties": {
        "elevation_m": 1246.5218505859375,
        "kind": "tree"
      }
    },
    {
      "type": "Feature",
      "geometry": {
        "type": "Point",
        "coordinates": [
          3676.569936771565,
          899.9261597072681
        ]
      },
      "properties": {
        "elevation_m": 1240.537353515625,
        "kind": "tree"
      }
    },
    {
      "type": "Feature",
      "geometry": {
        "type": "Point",
        "coordinates": [
          3637.3139418397245,
          900.796074778177
        ]
      },
      "properties": {
        "elevation_m": 1255.04638671875,
        "kind": "tree"
      }
    },
    {
      "type": "Feature",
      "geometry": {
        "type": "Point",
        "coordinates": [
          3630.875450087088,
          934.1505502301857
        ]
      },
      "properties": {
        "elevation_m": 1260.637451171875,
        "kind": "tree"
      }
    },
    {
      "type": "Feature",
      "geometry": {
        "type": "Point",
        "coordinates": [
          3525.835813227462,
          928.8342097557884
        ]
      },
      "properties": {
        "elevation_m": 1303.2591552734375,
        "kind": "tree"
      }
    },
    {
      "type": "Feature",
      "geometry": {
        "type": "Point",
        "coordinates": [
          3535.808559405006,
          927.6417936414003
        ]
      },
      "properties": {
        "elevation_m": 1297.841064453125,
        "kind": "tree"
      }
    },
    {
      "type": "Feature",
      "geometry": {
        "type": "Point",
        "coordinates": [
          3440.7305354559367,
          966.5642614375836
        ]
      },
      "properties": {
        "elevation_m": 1342.8653564453125,
        "kind": "tree"
      }
    },
    {
      "type": "Feature",
      "geometry": {
        "type": "Point",
        "coordinates": [
          3465.55386701181,
          973.2464682468551
        ]
      },
      "properties": {
        "elevation_m": 1338.887939453125,
        "kind": "tree"
      }
    },
    {
      "type": "Feature",
      "geometry": {
        "type": "Point",
        "coordinates": [
          3368.710282097565,
          1004.2009278103101
        ]
      },
      "properties": {
        "elevation_m": 1364.07568359375,
        "kind": "tree"
      }
    },
    {
      "type": "Feature",
      "geometry": {
        "type": "Point",
        "coordinates": [
          3351.5738315018916,
          980.7444024993933
        ]
      },
      "properties": {
        "elevation_m": 1364.698974609375,
        "kind": "tree"
      }
    },
    {
      "type": "Feature",
      "geometry": {
        "type": "Point",
        "coordinates": [
          3222.213917324628,
          1066.9717204580504
        ]
      },
      "properties": {
        "elevation_m": 1409.858642578125,
        "kind": "tree"
      }
    },
    {
      "type": "Feature",
      "geometry": {
        "type": "Point",
        "coordinates": [
          3303.635851492873,
          1027.6532252440206
        ]
      },
      "properties": {
        "elevation_m": 1382.94140625,
        "kind": "tree"
      }
    },
    {
      "type": "Feature",
      "geometry": {
        "type": "Point",
        "coordinates": [
          3150.8942132303964,
          1086.0838789862646
        ]
      },
      "properties": {
        "elevation_m": 1440.490234375,
        "kind": "tree"
      }
    },
    {
      "type": "Feature",
      "geometry": {
        "type": "Point",
        "coordinates": [
          3111.2781284395123,
          1078.7065476032983
        ]
      },
      "properties": {
        "elevation_m": 1453.97412109375,
        "kind": "tree"
      }
    },
    {
      "type": "Feature",
      "geometry": {
        "type": "Point",
        "coordinates": [
          3246.5166668790525,
          1124.8849045399866
        ]
      },
      "properties": {
        "elevation_m": 1414.47216796875,
        "kind": "tree"
      }
    },
    {
      "type": "Feature",
      "geometry": {
        "type": "Point",
        "coordinates": [
          3298.651172048785,
          1073.2589259154884
        ]
      },
      "properties": {
        "elevation_m": 1389.6839599609375,
        "kind": "tree"
      }
    },
    {
      "type": "Feature",
      "geometry": {
        "type": "Point",
        "coordinates": [
          3338.667082914025,
          1083.4571974239827
        ]
      },
      "properties": {
        "elevation_m": 1376.4932861328125,
        "kind": "tree"
      }
    },
    {
      "type": "Feature",
      "geometry": {
        "type": "Point",
        "coordinates": [
          3215.02790467665,
          1190.3704295208868
        ]
      },
      "properties": {
        "elevation_m": 1437.5098876953125,
        "kind": "tree"
      }
    },
    {
      "type": "Feature",
      "geometry": {
        "type": "Point",
        "coordinates": [
          3237.8191299994382,
          1227.1902703330115
        ]
      },
      "properties": {
        "elevation_m": 1430.71142578125,
        "kind": "tree"
      }
    },
    {
      "type": "Feature",
      "geometry": {
        "type": "Point",
        "coordinates": [
          3188.2124773817536,
          1227.510250920015
        ]
      },
      "properties": {
        "elevation_m": 1454.32275390625,
        "kind": "tree"
      }
    },
    {
      "type": "Feature",
      "geometry": {
        "type": "Point",
        "coordinates": [
          3124.8859660311896,
          1248.7228012932185
        ]
      },
      "properties": {
        "elevation_m": 1479.4193115234375,
        "kind": "tree"
      }
    },
    {
      "type": "Feature",
      "geometry": {
        "type": "Point",
        "coordinates": [
          3129.523820718601,
          1169.9290763160689
        ]
      },
      "properties": {
        "elevation_m": 1467.0711669921875,
        "kind": "tree"
      }
    },
    {
      "type": "Feature",
      "geometry": {
        "type": "Point",
        "coordinates": [
          3135.8785961541253,
          1165.5274169522506
        ]
      },
      "properties": {
        "elevation_m": 1463.749755859375,
        "kind": "tree"
      }
    },
    {
      "type": "Feature",
      "geometry": {
        "type": "Point",
        "coordinates": [
          3082.025421803427,
          1119.4414468150064
        ]
      },
      "properties": {
        "elevation_m": 1476.6810302734375,
        "kind": "tree"
      }
    },
    {
      "type": "Feature",
      "geometry": {
        "type": "Point",
        "coordinates": [
          3068.2165841637625,
          1114.1374053861855
        ]
      },
      "properties": {
        "elevation_m": 1479.491455078125,
        "kind": "tree"
      }
    },
    {
      "type": "Feature",
      "geometry": {
        "type": "Point",
        "coordinates": [
          2959.5452614645574,
          1156.3624033749802
        ]
      },
      "properties": {
        "elevation_m": 1530.9508056640625,
        "kind": "tree"
      }
    },
    {
      "type": "Feature",
      "geometry": {
        "type": "Point",
        "coordinates": [
          3004.035890930936,
          1147.6445378079086
        ]
      },
      "properties": {
        "elevation_m": 1511.0953369140625,
        "kind": "tree"
      }
    },
    {
      "type": "Feature",
      "geometry": {
        "type": "Point",
        "coordinates": [
          2877.3328480790137,
          1193.6387280419483
        ]
      },
      "properties": {
        "elevation_m": 1556.1231689453125,
        "kind": "tree"
      }
    },
    {
      "type": "Feature",
      "geometry": {
        "type": "Point",
        "coordinates": [
          2869.4355252807436,
          1192.9779239351967
        ]
      },
      "properties": {
        "elevation_m": 1556.1231689453125,
        "kind": "tree"
      }
    },
    {
      "type": "Feature",
      "geometry": {
        "type": "Point",
        "coordinates": [
          2508.24359158913,
          1347.2830165906657
        ]
      },
      "properties": {
        "elevation_m": 1633.204345703125,
        "kind": "tree"
      }
    },
    {
      "type": "Feature",
      "geometry": {
        "type": "Point",
        "coordinates": [
          2482.848218086256,
          1366.8328770097114
        ]
      },
      "properties": {
        "elevation_m": 1637.580810546875,
        "kind": "tree"
      }
    },
    {
      "type": "Feature",
      "geometry": {
        "type": "Point",
        "coordinates": [
          2578.701020105912,
          1337.2960891915232
        ]
      },
      "properties": {
        "elevation_m": 1623.4014892578125,
        "kind": "tree"
      }
    },
    {
      "type": "Feature",
      "geometry": {
        "type": "Point",
        "coordinates": [
          2802.5808563453647,
          1265.902433218646
        ]
      },
      "properties": {
        "elevation_m": 1586.679443359375,
        "kind": "tree"
      }
    },
    {
      "type": "Feature",
      "geometry": {
        "type": "Point",
        "coordinates": [
          2437.3481621413,
          2016.9494907306562
        ]
      },
      "properties": {
        "elevation_m": 1607.130859375,
        "kind": "tree"
      }
    },
    {
      "type": "Feature",
      "geometry": {
        "type": "Point",
        "coordinates": [
          1848.55580875146,
          283.4427815951348
        ]
      },
      "properties": {
        "elevation_m": 1439.6441650390625,
        "kind": "tree"
      }
    },
    {
      "type": "Feature",
      "geometry": {
        "type": "Point",
        "coordinates": [
          2591.9613162539918,
          354.96247083358554
        ]
      },
      "properties": {
        "elevation_m": 1533.70166015625,
        "kind": "tree"
      }
    },
    {
      "type": "Feature",
      "geometry": {
        "type": "Point",
        "coordinates": [
          2871.686241912824,
          247.90912800960626
        ]
      },
      "properties": {
        "elevation_m": 1477.541015625,
        "kind": "tree"
      }
    },
    {
      "type": "Feature",
      "geometry": {
        "type": "Point",
        "coordinates": [
          2905.705016413556,
          917.8660616524016
        ]
      },
      "properties": {
        "elevation_m": 1511.8448486328125,
        "kind": "tree"
      }
    },
    {
      "type": "Feature",
      "geometry": {
        "type": "Point",
        "coordinates": [
          1928.2718922722968,
          1951.0322111014016
        ]
      },
      "properties": {
        "elevation_m": 1665.578857421875,
        "kind": "tree"
      }
    },
    {
      "type": "Feature",
      "geometry": {
        "type": "Point",
        "coordinates": [
          3597.31218608892,
          1743.1137166913654
        ]
      },
      "properties": {
        "elevation_m": 1332.8580322265625,
        "kind": "tree"
      }
    },
    {
      "type": "Feature",
      "geometry": {
        "type": "Point",
        "coordinates": [
          2090.6329085698217,
          2444.617225187779
        ]
      },
      "properties": {
        "elevation_m": 1543.1826171875,
        "kind": "tree"
      }
    },
    {
      "type": "Feature",
      "geometry": {
        "type": "Point",
        "coordinates": [
          2995.4630411056755,
          2288.558460518288
        ]
      },
      "properties": {
        "elevation_m": 1437.9715576171875,
        "kind": "tree"
      }
    },
    {
      "type": "Feature",
      "geometry": {
        "type": "Point",
        "coordinates": [
          2315.3569391818914,
          1988.3042577709434
        ]
      },
      "properties": {
        "elevation_m": 1623.85546875,
        "kind": "tree"
      }
    },
    {
      "type": "Feature",
      "geometry": {
        "type": "Point",
        "coordinates": [
          2240.7428086316586,
          1734.2609823924458
        ]
      },
      "properties": {
        "elevation_m": 1677.96630859375,
        "kind": "tree"
      }
    },
    {
      "type": "Feature",
      "geometry": {
        "type": "Point",
        "coordinates": [
          2699.975826744326,
          2343.4990626685144
        ]
      },
      "properties": {
        "elevation_m": 1491.88818359375,
        "kind": "tree"
      }
    },
    {
      "type": "Feature",
      "geometry": {
        "type": "Point",
        "coordinates": [
          2637.6289721400126,
          2004.10341298917
        ]
      },
      "properties": {
        "elevation_m": 1581.7430419921875,
        "kind": "tree"
      }
    },
    {
      "type": "Feature",
      "geometry": {
        "type": "Point",
        "coordinates": [
          2534.10743874605,
          1932.0143992893973
        ]
      },
      "properties": {
        "elevation_m": 1609.3184814453125,
        "kind": "tree"
      }
    },
    {
      "type": "Feature",
      "geometry": {
        "type": "Point",
        "coordinates": [
          1633.8871410803263,
          323.68192017258536
        ]
      },
      "properties": {
        "elevation_m": 1556.8424072265625,
        "kind": "tree"
      }
    },
    {
      "type": "Feature",
      "geometry": {
        "type": "Point",
        "coordinates": [
          1475.719609280466,
          1959.7185311240407
        ]
      },
      "properties": {
        "elevation_m": 1643.7994384765625,
        "kind": "tree"
      }
    },
    {
      "type": "Feature",
      "geometry": {
        "type": "Point",
        "coordinates": [
          3225.365113791544,
          643.6407951146065
        ]
      },
      "properties": {
        "elevation_m": 1391.044921875,
        "kind": "tree"
      }
    },
    {
      "type": "Feature",
      "geometry": {
        "type": "Point",
        "coordinates": [
          2004.9139070089652,
          271.4404302667518
        ]
      },
      "properties": {
        "elevation_m": 1404.646484375,
        "kind": "tree"
      }
    },
    {
      "type": "Feature",
      "geometry": {
        "type": "Point",
        "coordinates": [
          3398.751808257388,
          1538.7159249558363
        ]
      },
      "properties": {
        "elevation_m": 1385.137451171875,
        "kind": "tree"
      }
    },
    {
      "type": "Feature",
      "geometry": {
        "type": "Point",
        "coordinates": [
          1922.2330359952666,
          823.3966002157325
        ]
      },
      "properties": {
        "elevation_m": 1628.2572021484375,
        "kind": "tree"
      }
    },
    {
      "type": "Feature",
      "geometry": {
        "type": "Point",
        "coordinates": [
          2692.9643434156415,
          2337.878299356303
        ]
      },
      "properties": {
        "elevation_m": 1491.88818359375,
        "kind": "tree"
      }
    },
    {
      "type": "Feature",
      "geometry": {
        "type": "Point",
        "coordinates": [
          1746.221808551512,
          528.152273487039
        ]
      },
      "properties": {
        "elevation_m": 1601.23828125,
        "kind": "tree"
      }
    },
    {
      "type": "Feature",
      "geometry": {
        "type": "Point",
        "coordinates": [
          2958.32342242123,
          1639.6987834587683
        ]
      },
      "properties": {
        "elevation_m": 1533.6241455078125,
        "kind": "tree"
      }
    },
    {
      "type": "Feature",
      "geometry": {
        "type": "Point",
        "coordinates": [
          2371.659384193519,
          2671.0956742402677
        ]
      },
      "properties": {
        "elevation_m": 1445.4947509765625,
        "kind": "tree"
      }
    },
    {
      "type": "Feature",
      "geometry": {
        "type": "Point",
        "coordinates": [
          1758.2744910793404,
          343.437529215023
        ]
      },
      "properties": {
        "elevation_m": 1518.375732421875,
        "kind": "tree"
      }
    },
    {
      "type": "Feature",
      "geometry": {
        "type": "Point",
        "coordinates": [
          2175.4097981814066,
          406.1236775385903
        ]
      },
      "properties": {
        "elevation_m": 1543.4207763671875,
        "kind": "tree"
      }
    },
    {
      "type": "Feature",
      "geometry": {
        "type": "Point",
        "coordinates": [
          1559.6090820431323,
          303.3483346648305
        ]
      },
      "properties": {
        "elevation_m": 1546.5791015625,
        "kind": "tree"
      }
    },
    {
      "type": "Feature",
      "geometry": {
        "type": "Point",
        "coordinates": [
          4688.8101687049875,
          763.3902248287245
        ]
      },
      "properties": {
        "elevation_m": 967.0390625,
        "kind": "tree"
      }
    },
    {
      "type": "Feature",
      "geometry": {
        "type": "Point",
        "coordinates": [
          3168.724061449517,
          287.28398663115973
        ]
      },
      "properties": {
        "elevation_m": 1360.4501953125,
        "kind": "tree"
      }
    },
    {
      "type": "Feature",
      "geometry": {
        "type": "Point",
        "coordinates": [
          2598.2492092584253,
          449.36579634614975
        ]
      },
      "properties": {
        "elevation_m": 1544.4232177734375,
        "kind": "tree"
      }
    },
    {
      "type": "Feature",
      "geometry": {
        "type": "Point",
        "coordinates": [
          3101.009776610823,
          269.1120121046798
        ]
      },
      "properties": {
        "elevation_m": 1390.586669921875,
        "kind": "tree"
      }
    },
    {
      "type": "Feature",
      "geometry": {
        "type": "Point",
        "coordinates": [
          2262.2321290593954,
          2382.555974381067
        ]
      },
      "properties": {
        "elevation_m": 1533.666259765625,
        "kind": "tree"
      }
    },
    {
      "type": "Feature",
      "geometry": {
        "type": "Point",
        "coordinates": [
          2467.276205545034,
          2000.231964452746
        ]
      },
      "properties": {
        "elevation_m": 1604.8165283203125,
        "kind": "tree"
      }
    },
    {
      "type": "Feature",
      "geometry": {
        "type": "Point",
        "coordinates": [
          2255.0881172751524,
          636.2691264064669
        ]
      },
      "properties": {
        "elevation_m": 1606.1949462890625,
        "kind": "tree"
      }
    },
    {
      "type": "Feature",
      "geometry": {
        "type": "Point",
        "coordinates": [
          2370.262346804475,
          933.2091824516376
        ]
      },
      "properties": {
        "elevation_m": 1624.5836181640625,
        "kind": "tree"
      }
    },
    {
      "type": "Feature",
      "geometry": {
        "type": "Point",
        "coordinates": [
          1417.475706731859,
          1881.8704019648308
        ]
      },
      "properties": {
        "elevation_m": 1644.0108642578125,
        "kind": "tree"
      }
    },
    {
      "type": "Feature",
      "geometry": {
        "type": "Point",
        "coordinates": [
          3087.297088047956,
          1486.3663302714901
        ]
      },
      "properties": {
        "elevation_m": 1489.697998046875,
        "kind": "tree"
      }
    },
    {
      "type": "Feature",
      "geometry": {
        "type": "Point",
        "coordinates": [
          2922.9864752084836,
          1580.7749354206621
        ]
      },
      "properties": {
        "elevation_m": 1548.759765625,
        "kind": "tree"
      }
    },
    {
      "type": "Feature",
      "geometry": {
        "type": "Point",
        "coordinates": [
          1199.1002616685432,
          1740.7290111036166
        ]
      },
      "properties": {
        "elevation_m": 1676.6116943359375,
        "kind": "tree"
      }
    },
    {
      "type": "Feature",
      "geometry": {
        "type": "Point",
        "coordinates": [
          3636.921583950004,
          572.9241725092131
        ]
      },
      "properties": {
        "elevation_m": 1235.6839599609375,
        "kind": "tree"
      }
    },
    {
      "type": "Feature",
      "geometry": {
        "type": "Point",
        "coordinates": [
          3175.788661853275,
          910.5641647255437
        ]
      },
      "properties": {
        "elevation_m": 1385.129150390625,
        "kind": "tree"
      }
    },
    {
      "type": "Feature",
      "geometry": {
        "type": "Point",
        "coordinates": [
          2478.152906194923,
          1203.8781054584542
        ]
      },
      "properties": {
        "elevation_m": 1632.72607421875,
        "kind": "tree"
      }
    },
    {
      "type": "Feature",
      "geometry": {
        "type": "Point",
        "coordinates": [
          2928.1075746536426,
          2252.538599310742
        ]
      },
      "properties": {
        "elevation_m": 1455.990234375,
        "kind": "tree"
      }
    },
    {
      "type": "Feature",
      "geometry": {
        "type": "Point",
        "coordinates": [
          2277.683568390446,
          1797.4733834416602
        ]
      },
      "properties": {
        "elevation_m": 1669.5186767578125,
        "kind": "tree"
      }
    },
    {
      "type": "Feature",
      "geometry": {
        "type": "Point",
        "coordinates": [
          2243.4579127844722,
          2267.035420844217
        ]
      },
      "properties": {
        "elevation_m": 1571.6234130859375,
        "kind": "tree"
      }
    },
    {
      "type": "Feature",
      "geometry": {
        "type": "Point",
        "coordinates": [
          2674.134050854973,
          1703.0174038753255
        ]
      },
      "properties": {
        "elevation_m": 1593.7630615234375,
        "kind": "tree"
      }
    },
    {
      "type": "Feature",
      "geometry": {
        "type": "Point",
        "coordinates": [
          2712.974573737372,
          1533.443094539062
        ]
      },
      "properties": {
        "elevation_m": 1599.61962890625,
        "kind": "tree"
      }
    },
    {
      "type": "Feature",
      "geometry": {
        "type": "Point",
        "coordinates": [
          2793.7243302947213,
          993.3185801731937
        ]
      },
      "properties": {
        "elevation_m": 1558.625244140625,
        "kind": "tree"
      }
    },
    {
      "type": "Feature",
      "geometry": {
        "type": "Point",
        "coordinates": [
          3101.54386381135,
          1942.3477999101026
        ]
      },
      "properties": {
        "elevation_m": 1456.956787109375,
        "kind": "tree"
      }
    },
    {
      "type": "Feature",
      "geometry": {
        "type": "Point",
        "coordinates": [
          3165.567900857607,
          1784.2066792764651
        ]
      },
      "properties": {
        "elevation_m": 1443.033447265625,
        "kind": "tree"
      }
    },
    {
      "type": "Feature",
      "geometry": {
        "type": "Point",
        "coordinates": [
          3185.9445897103756,
          651.1903990685578
        ]
      },
      "properties": {
        "elevation_m": 1415.255126953125,
        "kind": "tree"
      }
    },
    {
      "type": "Feature",
      "geometry": {
        "type": "Point",
        "coordinates": [
          2847.923049994632,
          2466.8389709321345
        ]
      },
      "properties": {
        "elevation_m": 1440.208740234375,
        "kind": "tree"
      }
    },
    {
      "type": "Feature",
      "geometry": {
        "type": "Point",
        "coordinates": [
          3568.437216702506,
          448.2229295963952
        ]
      },
      "properties": {
        "elevation_m": 1241.24755859375,
        "kind": "tree"
      }
    },
    {
      "type": "Feature",
      "geometry": {
        "type": "Point",
        "coordinates": [
          1699.5701501628364,
          566.51662860739
        ]
      },
      "properties": {
        "elevation_m": 1606.153076171875,
        "kind": "tree"
      }
    },
    {
      "type": "Feature",
      "geometry": {
        "type": "Point",
        "coordinates": [
          2992.7492307472194,
          1423.6795791798106
        ]
      },
      "properties": {
        "elevation_m": 1533.430908203125,
        "kind": "tree"
      }
    },
    {
      "type": "Feature",
      "geometry": {
        "type": "Point",
        "coordinates": [
          2925.481683945359,
          519.523642492336
        ]
      },
      "properties": {
        "elevation_m": 1488.206298828125,
        "kind": "tree"
      }
    },
    {
      "type": "Feature",
      "geometry": {
        "type": "Point",
        "coordinates": [
          2471.3924264941998,
          2046.6381788884478
        ]
      },
      "properties": {
        "elevation_m": 1592.1142578125,
        "kind": "tree"
      }
    },
    {
      "type": "Feature",
      "geometry": {
        "type": "Point",
        "coordinates": [
          2444.2875833649036,
          1164.7968958196498
        ]
      },
      "properties": {
        "elevation_m": 1634.7486572265625,
        "kind": "tree"
      }
    },
    {
      "type": "Feature",
      "geometry": {
        "type": "Point",
        "coordinates": [
          2792.770932518126,
          2158.5360022468526
        ]
      },
      "properties": {
        "elevation_m": 1508.8829345703125,
        "kind": "tree"
      }
    },
    {
      "type": "Feature",
      "geometry": {
        "type": "Point",
        "coordinates": [
          2490.366741276443,
          1616.0837327844947
        ]
      },
      "properties": {
        "elevation_m": 1649.761962890625,
        "kind": "tree"
      }
    },
    {
      "type": "Feature",
      "geometry": {
        "type": "Point",
        "coordinates": [
          3232.183339109763,
          2106.287422547615
        ]
      },
      "properties": {
        "elevation_m": 1418.6962890625,
        "kind": "tree"
      }
    },
    {
      "type": "Feature",
      "geometry": {
        "type": "Point",
        "coordinates": [
          2617.4573389169427,
          1762.7197419447477
        ]
      },
      "properties": {
        "elevation_m": 1604.582275390625,
        "kind": "tree"
      }
    },
    {
      "type": "Feature",
      "geometry": {
        "type": "Point",
        "coordinates": [
          4403.932894103653,
          1238.7734961356182
        ]
      },
      "properties": {
        "elevation_m": 992.0792846679688,
        "kind": "tree"
      }
    },
    {
      "type": "Feature",
      "geometry": {
        "type": "Point",
        "coordinates": [
          3207.3560362659487,
          2030.879371128269
        ]
      },
      "properties": {
        "elevation_m": 1427.1826171875,
        "kind": "tree"
      }
    },
    {
      "type": "Feature",
      "geometry": {
        "type": "Point",
        "coordinates": [
          4426.546193834181,
          1315.4316873638488
        ]
      },
      "properties": {
        "elevation_m": 988.554443359375,
        "kind": "tree"
      }
    },
    {
      "type": "Feature",
      "geometry": {
        "type": "Point",
        "coordinates": [
          3840.101603772564,
          1473.9890087791348
        ]
      },
      "properties": {
        "elevation_m": 1219.340087890625,
        "kind": "tree"
      }
    },
    {
      "type": "Feature",
      "geometry": {
        "type": "Point",
        "coordinates": [
          2852.617061440824,
          1688.9531281722054
        ]
      },
      "properties": {
        "elevation_m": 1560.8436279296875,
        "kind": "tree"
      }
    },
    {
      "type": "Feature",
      "geometry": {
        "type": "Point",
        "coordinates": [
          3496.0690076951096,
          1706.63478475994
        ]
      },
      "properties": {
        "elevation_m": 1369.1646728515625,
        "kind": "tree"
      }
    },
    {
      "type": "Feature",
      "geometry": {
        "type": "Point",
        "coordinates": [
          2365.0558384716232,
          792.3686188027435
        ]
      },
      "properties": {
        "elevation_m": 1612.47509765625,
        "kind": "tree"
      }
    },
    {
      "type": "Feature",
      "geometry": {
        "type": "Point",
        "coordinates": [
          2428.307152944445,
          1714.059791889219
        ]
      },
      "properties": {
        "elevation_m": 1658.505126953125,
        "kind": "tree"
      }
    },
    {
      "type": "Feature",
      "geometry": {
        "type": "Point",
        "coordinates": [
          1654.6147723566237,
          2006.975661072368
        ]
      },
      "properties": {
        "elevation_m": 1664.2060546875,
        "kind": "tree"
      }
    },
    {
      "type": "Feature",
      "geometry": {
        "type": "Point",
        "coordinates": [
          1636.6237694250833,
          118.50807124390907
        ]
      },
      "properties": {
        "elevation_m": 1407.94970703125,
        "kind": "tree"
      }
    },
    {
      "type": "Feature",
      "geometry": {
        "type": "Point",
        "coordinates": [
          2711.833307929068,
          1604.9619001479916
        ]
      },
      "properties": {
        "elevation_m": 1592.769287109375,
        "kind": "tree"
      }
    },
    {
      "type": "Feature",
      "geometry": {
        "type": "Point",
        "coordinates": [
          3115.298757100728,
          1648.4810001248948
        ]
      },
      "properties": {
        "elevation_m": 1469.4940185546875,
        "kind": "tree"
      }
    },
    {
      "type": "Feature",
      "geometry": {
        "type": "Point",
        "coordinates": [
          3032.5887720027104,
          1500.830688593765
        ]
      },
      "properties": {
        "elevation_m": 1510.888916015625,
        "kind": "tree"
      }
    },
    {
      "type": "Feature",
      "geometry": {
        "type": "Point",
        "coordinates": [
          2793.5483630531394,
          1072.0185710313208
        ]
      },
      "properties": {
        "elevation_m": 1555.176025390625,
        "kind": "tree"
      }
    },
    {
      "type": "Feature",
      "geometry": {
        "type": "Point",
        "coordinates": [
          3310.3338092798967,
          1632.1098056645353
        ]
      },
      "properties": {
        "elevation_m": 1409.21875,
        "kind": "tree"
      }
    },
    {
      "type": "Feature",
      "geometry": {
        "type": "Point",
        "coordinates": [
          2837.6140077448204,
          520.7611886219212
        ]
      },
      "properties": {
        "elevation_m": 1509.04296875,
        "kind": "tree"
      }
    },
    {
      "type": "Feature",
      "geometry": {
        "type": "Point",
        "coordinates": [
          2225.1726745150545,
          567.8396271556585
        ]
      },
      "properties": {
        "elevation_m": 1592.228515625,
        "kind": "tree"
      }
    },
    {
      "type": "Feature",
      "geometry": {
        "type": "Point",
        "coordinates": [
          3570.773881843377,
          405.05723178617063
        ]
      },
      "properties": {
        "elevation_m": 1240.55322265625,
        "kind": "tree"
      }
    },
    {
      "type": "Feature",
      "geometry": {
        "type": "Point",
        "coordinates": [
          3115.634617339146,
          2357.399261722488
        ]
      },
      "properties": {
        "elevation_m": 1404.158447265625,
        "kind": "tree"
      }
    },
    {
      "type": "Feature",
      "geometry": {
        "type": "Point",
        "coordinates": [
          1677.5694577471372,
          365.85161147397866
        ]
      },
      "properties": {
        "elevation_m": 1561.019775390625,
        "kind": "tree"
      }
    },
    {
      "type": "Feature",
      "geometry": {
        "type": "Point",
        "coordinates": [
          2245.35840731219,
          742.6471716704573
        ]
      },
      "properties": {
        "elevation_m": 1620.61669921875,
        "kind": "tree"
      }
    },
    {
      "type": "Feature",
      "geometry": {
        "type": "Point",
        "coordinates": [
          2787.759184991873,
          1329.8384461304324
        ]
      },
      "properties": {
        "elevation_m": 1587.550537109375,
        "kind": "tree"
      }
    },
    {
      "type": "Feature",
      "geometry": {
        "type": "Point",
        "coordinates": [
          2395.345758079579,
          2293.207374009465
        ]
      },
      "properties": {
        "elevation_m": 1547.070556640625,
        "kind": "tree"
      }
    },
    {
      "type": "Feature",
      "geometry": {
        "type": "Point",
        "coordinates": [
          3135.604782357371,
          371.99310674423424
        ]
      },
      "properties": {
        "elevation_m": 1395.4661865234375,
        "kind": "tree"
      }
    },
    {
      "type": "Feature",
      "geometry": {
        "type": "Point",
        "coordinates": [
          2511.603477196472,
          2187.258390912562
        ]
      },
      "properties": {
        "elevation_m": 1558.1190185546875,
        "kind": "tree"
      }
    },
    {
      "type": "Feature",
      "geometry": {
        "type": "Point",
        "coordinates": [
          1494.6375168102904,
          2013.5046022331037
        ]
      },
      "properties": {
        "elevation_m": 1635.8768310546875,
        "kind": "tree"
      }
    },
    {
      "type": "Feature",
      "geometry": {
        "type": "Point",
        "coordinates": [
          2380.855937704602,
          693.6422090012711
        ]
      },
      "properties": {
        "elevation_m": 1600.4970703125,
        "kind": "tree"
      }
    },
    {
      "type": "Feature",
      "geometry": {
        "type": "Point",
        "coordinates": [
          3370.791098252637,
          1674.3447358138606
        ]
      },
      "properties": {
        "elevation_m": 1398.109375,
        "kind": "tree"
      }
    },
    {
      "type": "Feature",
      "geometry": {
        "type": "Point",
        "coordinates": [
          3254.3599578764774,
          855.1643125842129
        ]
      },
      "properties": {
        "elevation_m": 1365.6458740234375,
        "kind": "tree"
      }
    },
    {
      "type": "Feature",
      "geometry": {
        "type": "Point",
        "coordinates": [
          2727.6596601312303,
          2478.2550577566503
        ]
      },
      "properties": {
        "elevation_m": 1461.31787109375,
        "kind": "tree"
      }
    },
    {
      "type": "Feature",
      "geometry": {
        "type": "Point",
        "coordinates": [
          2188.7321923681448,
          2088.679671119985
        ]
      },
      "properties": {
        "elevation_m": 1611.3316650390625,
        "kind": "tree"
      }
    },
    {
      "type": "Feature",
      "geometry": {
        "type": "Point",
        "coordinates": [
          4024.160701101591,
          1434.5145024329304
        ]
      },
      "properties": {
        "elevation_m": 1157.851806640625,
        "kind": "tree"
      }
    },
    {
      "type": "Feature",
      "geometry": {
        "type": "Point",
        "coordinates": [
          2416.6555131972573,
          808.1563959160344
        ]
      },
      "properties": {
        "elevation_m": 1615.6966552734375,
        "kind": "tree"
      }
    },
    {
      "type": "Feature",
      "geometry": {
        "type": "Point",
        "coordinates": [
          3239.965294681027,
          1874.4137193541146
        ]
      },
      "properties": {
        "elevation_m": 1420.006591796875,
        "kind": "tree"
      }
    },
    {
      "type": "Feature",
      "geometry": {
        "type": "Point",
        "coordinates": [
          3810.485059372516,
          1140.9301072410476
        ]
      },
      "properties": {
        "elevation_m": 1211.6099853515625,
        "kind": "tree"
      }
    },
    {
      "type": "Feature",
      "geometry": {
        "type": "Point",
        "coordinates": [
          3991.19596309832,
          1412.3082863629609
        ]
      },
      "properties": {
        "elevation_m": 1163.503173828125,
        "kind": "tree"
      }
    },
    {
      "type": "Feature",
      "geometry": {
        "type": "Point",
        "coordinates": [
          3061.9249954469024,
          994.3769968076406
        ]
      },
      "properties": {
        "elevation_m": 1454.3792724609375,
        "kind": "tree"
      }
    },
    {
      "type": "Feature",
      "geometry": {
        "type": "Point",
        "coordinates": [
          2970.0042028482703,
          2217.721878051571
        ]
      },
      "properties": {
        "elevation_m": 1457.859619140625,
        "kind": "tree"
      }
    },
    {
      "type": "Feature",
      "geometry": {
        "type": "Point",
        "coordinates": [
          3528.6079785875504,
          1548.0703312958954
        ]
      },
      "properties": {
        "elevation_m": 1359.3428955078125,
        "kind": "tree"
      }
    },
    {
      "type": "Feature",
      "geometry": {
        "type": "Point",
        "coordinates": [
          2158.666809921524,
          2166.054352250131
        ]
      },
      "properties": {
        "elevation_m": 1598.991455078125,
        "kind": "tree"
      }
    },
    {
      "type": "Feature",
      "geometry": {
        "type": "Point",
        "coordinates": [
          3370.9092569281843,
          1635.3629353035526
        ]
      },
      "properties": {
        "elevation_m": 1397.0928955078125,
        "kind": "tree"
      }
    },
    {
      "type": "Feature",
      "geometry": {
        "type": "Point",
        "coordinates": [
          2696.783587044235,
          1701.868692871086
        ]
      },
      "properties": {
        "elevation_m": 1589.7352294921875,
        "kind": "tree"
      }
    },
    {
      "type": "Feature",
      "geometry": {
        "type": "Point",
        "coordinates": [
          1891.7558545565116,
          1923.8868782896539
        ]
      },
      "properties": {
        "elevation_m": 1672.911376953125,
        "kind": "tree"
      }
    },
    {
      "type": "Feature",
      "geometry": {
        "type": "Point",
        "coordinates": [
          3627.436334948294,
          1773.907708317899
        ]
      },
      "properties": {
        "elevation_m": 1329.7762451171875,
        "kind": "tree"
      }
    },
    {
      "type": "Feature",
      "geometry": {
        "type": "Point",
        "coordinates": [
          4168.949346210009,
          586.8015752197308
        ]
      },
      "properties": {
        "elevation_m": 1058.783935546875,
        "kind": "tree"
      }
    },
    {
      "type": "Feature",
      "geometry": {
        "type": "Point",
        "coordinates": [
          2573.7255078896387,
          1926.8560785213008
        ]
      },
      "properties": {
        "elevation_m": 1606.2120361328125,
        "kind": "tree"
      }
    },
    {
      "type": "Feature",
      "geometry": {
        "type": "Point",
        "coordinates": [
          2747.63081114305,
          343.19447692836263
        ]
      },
      "properties": {
        "elevation_m": 1527.8109130859375,
        "kind": "tree"
      }
    },
    {
      "type": "Feature",
      "geometry": {
        "type": "Point",
        "coordinates": [
          2582.650646524671,
          1916.0591778664939
        ]
      },
      "properties": {
        "elevation_m": 1602.8096923828125,
        "kind": "tree"
      }
    },
    {
      "type": "Feature",
      "geometry": {
        "type": "Point",
        "coordinates": [
          2885.9891073507515,
          536.6551889981906
        ]
      },
      "properties": {
        "elevation_m": 1495.7445068359375,
        "kind": "tree"
      }
    },
    {
      "type": "Feature",
      "geometry": {
        "type": "Point",
        "coordinates": [
          2131.767433054694,
          443.6856149994049
        ]
      },
      "properties": {
        "elevation_m": 1539.340087890625,
        "kind": "tree"
      }
    },
    {
      "type": "Feature",
      "geometry": {
        "type": "Point",
        "coordinates": [
          1944.1929981912212,
          1910.681720156714
        ]
      },
      "properties": {
        "elevation_m": 1672.316650390625,
        "kind": "tree"
      }
    },
    {
      "type": "Feature",
      "geometry": {
        "type": "Point",
        "coordinates": [
          2016.4879361040917,
          2332.994739578546
        ]
      },
      "properties": {
        "elevation_m": 1567.948486328125,
        "kind": "tree"
      }
    },
    {
      "type": "Feature",
      "geometry": {
        "type": "Point",
        "coordinates": [
          4016.6055299970126,
          1313.8326654817056
        ]
      },
      "properties": {
        "elevation_m": 1142.4244384765625,
        "kind": "tree"
      }
    },
    {
      "type": "Feature",
      "geometry": {
        "type": "Point",
        "coordinates": [
          3073.7428836640665,
          208.28121904393134
        ]
      },
      "properties": {
        "elevation_m": 1386.2894287109375,
        "kind": "tree"
      }
    },
    {
      "type": "Feature",
      "geometry": {
        "type": "Point",
        "coordinates": [
          3224.295534893196,
          2120.148080015414
        ]
      },
      "properties": {
        "elevation_m": 1418.6962890625,
        "kind": "tree"
      }
    },
    {
      "type": "Feature",
      "geometry": {
        "type": "Point",
        "coordinates": [
          1786.897089459832,
          180.37175655276894
        ]
      },
      "properties": {
        "elevation_m": 1395.1468505859375,
        "kind": "tree"
      }
    },
    {
      "type": "Feature",
      "geometry": {
        "type": "Point",
        "coordinates": [
          1327.7523992053736,
          1859.6537200973914
        ]
      },
      "properties": {
        "elevation_m": 1645.489990234375,
        "kind": "tree"
      }
    },
    {
      "type": "Feature",
      "geometry": {
        "type": "Point",
        "coordinates": [
          2282.2876561305748,
          602.9911193571203
        ]
      },
      "properties": {
        "elevation_m": 1599.448974609375,
        "kind": "tree"
      }
    },
    {
      "type": "Feature",
      "geometry": {
        "type": "Point",
        "coordinates": [
          1765.533240823174,
          517.3475965628193
        ]
      },
      "properties": {
        "elevation_m": 1595.5330810546875,
        "kind": "tree"
      }
    },
    {
      "type": "Feature",
      "geometry": {
        "type": "Point",
        "coordinates": [
          3095.998623994723,
          2183.0645316491177
        ]
      },
      "properties": {
        "elevation_m": 1438.3165283203125,
        "kind": "tree"
      }
    },
    {
      "type": "Feature",
      "geometry": {
        "type": "Point",
        "coordinates": [
          2195.632867547114,
          2456.9509395857062
        ]
      },
      "properties": {
        "elevation_m": 1529.066650390625,
        "kind": "tree"
      }
    },
    {
      "type": "Feature",
      "geometry": {
        "type": "Point",
        "coordinates": [
          3105.997149464408,
          1889.427760816504
        ]
      },
      "properties": {
        "elevation_m": 1457.0997314453125,
        "kind": "tree"
      }
    },
    {
      "type": "Feature",
      "geometry": {
        "type": "Point",
        "coordinates": [
          2625.0538199147486,
          1615.7399458460004
        ]
      },
      "properties": {
        "elevation_m": 1614.9256591796875,
        "kind": "tree"
      }
    },
    {
      "type": "Feature",
      "geometry": {
        "type": "Point",
        "coordinates": [
          1250.5029360614694,
          1701.8954605724903
        ]
      },
      "properties": {
        "elevation_m": 1688.2144775390625,
        "kind": "tree"
      }
    },
    {
      "type": "Feature",
      "geometry": {
        "type": "Point",
        "coordinates": [
          3575.4204910894105,
          453.95995234272453
        ]
      },
      "properties": {
        "elevation_m": 1241.7071533203125,
        "kind": "tree"
      }
    },
    {
      "type": "Feature",
      "geometry": {
        "type": "Point",
        "coordinates": [
          2765.877932411454,
          336.3275644272602
        ]
      },
      "properties": {
        "elevation_m": 1522.115966796875,
        "kind": "tree"
      }
    },
    {
      "type": "Feature",
      "geometry": {
        "type": "Point",
        "coordinates": [
          2252.858373481636,
          1893.279338393587
        ]
      },
      "properties": {
        "elevation_m": 1650.784423828125,
        "kind": "tree"
      }
    },
    {
      "type": "Feature",
      "geometry": {
        "type": "Point",
        "coordinates": [
          3973.0403649234495,
          1094.8998123827355
        ]
      },
      "properties": {
        "elevation_m": 1138.3974609375,
        "kind": "tree"
      }
    },
    {
      "type": "Feature",
      "geometry": {
        "type": "Point",
        "coordinates": [
          3338.5472594588437,
          1739.122248166008
        ]
      },
      "properties": {
        "elevation_m": 1396.2694091796875,
        "kind": "tree"
      }
    },
    {
      "type": "Feature",
      "geometry": {
        "type": "Point",
        "coordinates": [
          1888.1160547920208,
          423.11309733975924
        ]
      },
      "properties": {
        "elevation_m": 1549.53466796875,
        "kind": "tree"
      }
    },
    {
      "type": "Feature",
      "geometry": {
        "type": "Point",
        "coordinates": [
          3084.0322792453044,
          1313.8185744209645
        ]
      },
      "properties": {
        "elevation_m": 1493.0440673828125,
        "kind": "tree"
      }
    },
    {
      "type": "Feature",
      "geometry": {
        "type": "Point",
        "coordinates": [
          2122.4963503642257,
          1972.8911086173189
        ]
      },
      "properties": {
        "elevation_m": 1643.1519775390625,
        "kind": "tree"
      }
    },
    {
      "type": "Feature",
      "geometry": {
        "type": "Point",
        "coordinates": [
          3320.13203773876,
          809.8264457934557
        ]
      },
      "properties": {
        "elevation_m": 1353.1171875,
        "kind": "tree"
      }
    },
    {
      "type": "Feature",
      "geometry": {
        "type": "Point",
        "coordinates": [
          2196.93067231227,
          2163.6947900716773
        ]
      },
      "properties": {
        "elevation_m": 1596.9915771484375,
        "kind": "tree"
      }
    },
    {
      "type": "Feature",
      "geometry": {
        "type": "Point",
        "coordinates": [
          2849.50368381136,
          1933.5572132304383
        ]
      },
      "properties": {
        "elevation_m": 1536.888427734375,
        "kind": "tree"
      }
    },
    {
      "type": "Feature",
      "geometry": {
        "type": "Point",
        "coordinates": [
          2160.495413841286,
          2183.477820840144
        ]
      },
      "properties": {
        "elevation_m": 1596.308349609375,
        "kind": "tree"
      }
    },
    {
      "type": "Feature",
      "geometry": {
        "type": "Point",
        "coordinates": [
          2653.290417557978,
          618.1701440862668
        ]
      },
      "properties": {
        "elevation_m": 1553.2962646484375,
        "kind": "tree"
      }
    },
    {
      "type": "Feature",
      "geometry": {
        "type": "Point",
        "coordinates": [
          2716.8985925345405,
          1448.8730450155128
        ]
      },
      "properties": {
        "elevation_m": 1608.163330078125,
        "kind": "tree"
      }
    },
    {
      "type": "Feature",
      "geometry": {
        "type": "Point",
        "coordinates": [
          3945.677815329308,
          728.9414698486097
        ]
      },
      "properties": {
        "elevation_m": 1124.71142578125,
        "kind": "tree"
      }
    },
    {
      "type": "Feature",
      "geometry": {
        "type": "Point",
        "coordinates": [
          3338.870117394553,
          1757.1260237290521
        ]
      },
      "properties": {
        "elevation_m": 1393.0394287109375,
        "kind": "tree"
      }
    },
    {
      "type": "Feature",
      "geometry": {
        "type": "Point",
        "coordinates": [
          3108.99423316071,
          1632.705242269123
        ]
      },
      "properties": {
        "elevation_m": 1477.981201171875,
        "kind": "tree"
      }
    },
    {
      "type": "Feature",
      "geometry": {
        "type": "Point",
        "coordinates": [
          4200.160948015699,
          438.86121450189444
        ]
      },
      "properties": {
        "elevation_m": 1035.2371826171875,
        "kind": "tree"
      }
    },
    {
      "type": "Feature",
      "geometry": {
        "type": "Point",
        "coordinates": [
          2954.964388376524,
          1398.3124985203463
        ]
      },
      "properties": {
        "elevation_m": 1542.509033203125,
        "kind": "tree"
      }
    },
    {
      "type": "Feature",
      "geometry": {
        "type": "Point",
        "coordinates": [
          3395.7142795608615,
          2180.927419559748
        ]
      },
      "properties": {
        "elevation_m": 1381.41064453125,
        "kind": "tree"
      }
    },
    {
      "type": "Feature",
      "geometry": {
        "type": "Point",
        "coordinates": [
          3085.657916194573,
          1324.6237156478921
        ]
      },
      "properties": {
        "elevation_m": 1493.0440673828125,
        "kind": "tree"
      }
    },
    {
      "type": "Feature",
      "geometry": {
        "type": "Point",
        "coordinates": [
          3269.1854496376895,
          940.0996734646723
        ]
      },
      "properties": {
        "elevation_m": 1376.5174560546875,
        "kind": "tree"
      }
    },
    {
      "type": "Feature",
      "geometry": {
        "type": "Point",
        "coordinates": [
          2934.5713864281315,
          295.9250459079813
        ]
      },
      "properties": {
        "elevation_m": 1468.519775390625,
        "kind": "tree"
      }
    },
    {
      "type": "Feature",
      "geometry": {
        "type": "Point",
        "coordinates": [
          2679.685087998133,
          1886.9356330653757
        ]
      },
      "properties": {
        "elevation_m": 1582.79345703125,
        "kind": "tree"
      }
    },
    {
      "type": "Feature",
      "geometry": {
        "type": "Point",
        "coordinates": [
          3705.249131112288,
          1424.7274017637753
        ]
      },
      "properties": {
        "elevation_m": 1274.90185546875,
        "kind": "tree"
      }
    },
    {
      "type": "Feature",
      "geometry": {
        "type": "Point",
        "coordinates": [
          3430.8823839084416,
          621.5546695929696
        ]
      },
      "properties": {
        "elevation_m": 1317.816162109375,
        "kind": "tree"
      }
    },
    {
      "type": "Feature",
      "geometry": {
        "type": "Point",
        "coordinates": [
          4358.016821071849,
          741.5542533973887
        ]
      },
      "properties": {
        "elevation_m": 999.9132690429688,
        "kind": "tree"
      }
    },
    {
      "type": "Feature",
      "geometry": {
        "type": "Point",
        "coordinates": [
          2724.5620547056624,
          1459.7910171161793
        ]
      },
      "properties": {
        "elevation_m": 1602.1650390625,
        "kind": "tree"
      }
    },
    {
      "type": "Feature",
      "geometry": {
        "type": "Point",
        "coordinates": [
          3064.37154714007,
          473.9493150561896
        ]
      },
      "properties": {
        "elevation_m": 1446.03955078125,
        "kind": "tree"
      }
    },
    {
      "type": "Feature",
      "geometry": {
        "type": "Point",
        "coordinates": [
          2972.275896414897,
          1436.1582424127196
        ]
      },
      "properties": {
        "elevation_m": 1538.6407470703125,
        "kind": "tree"
      }
    },
    {
      "type": "Feature",
      "geometry": {
        "type": "Point",
        "coordinates": [
          4316.938535990111,
          1324.033374791548
        ]
      },
      "properties": {
        "elevation_m": 1042.68994140625,
        "kind": "tree"
      }
    },
    {
      "type": "Feature",
      "geometry": {
        "type": "Point",
        "coordinates": [
          2809.8242120008035,
          1137.5267170527225
        ]
      },
      "properties": {
        "elevation_m": 1562.055908203125,
        "kind": "tree"
      }
    },
    {
      "type": "Feature",
      "geometry": {
        "type": "Point",
        "coordinates": [
          3960.821144576518,
          1407.8756489500645
        ]
      },
      "properties": {
        "elevation_m": 1169.3653564453125,
        "kind": "tree"
      }
    },
    {
      "type": "Feature",
      "geometry": {
        "type": "Point",
        "coordinates": [
          2292.2968588393305,
          548.2275973673547
        ]
      },
      "properties": {
        "elevation_m": 1586.6851806640625,
        "kind": "tree"
      }
    },
    {
      "type": "Feature",
      "geometry": {
        "type": "Point",
        "coordinates": [
          2673.9137909030705,
          1964.7245887756205
        ]
      },
      "properties": {
        "elevation_m": 1575.029052734375,
        "kind": "tree"
      }
    },
    {
      "type": "Feature",
      "geometry": {
        "type": "Point",
        "coordinates": [
          4287.95797101889,
          705.7944079655925
        ]
      },
      "properties": {
        "elevation_m": 1015.6566772460938,
        "kind": "tree"
      }
    },
    {
      "type": "Feature",
      "geometry": {
        "type": "Point",
        "coordinates": [
          3303.244917254996,
          879.3069321384256
        ]
      },
      "properties": {
        "elevation_m": 1358.945068359375,
        "kind": "tree"
      }
    },
    {
      "type": "Feature",
      "geometry": {
        "type": "Point",
        "coordinates": [
          4229.056643347038,
          753.2549490179205
        ]
      },
      "properties": {
        "elevation_m": 1027.432861328125,
        "kind": "tree"
      }
    },
    {
      "type": "Feature",
      "geometry": {
        "type": "Point",
        "coordinates": [
          4172.747595435681,
          1270.7743054770144
        ]
      },
      "properties": {
        "elevation_m": 1088.5281982421875,
        "kind": "tree"
      }
    },
    {
      "type": "Feature",
      "geometry": {
        "type": "Point",
        "coordinates": [
          2484.5783324972026,
          498.2484165464698
        ]
      },
      "properties": {
        "elevation_m": 1560.9825439453125,
        "kind": "tree"
      }
    },
    {
      "type": "Feature",
      "geometry": {
        "type": "Point",
        "coordinates": [
          3034.361921768549,
          654.3694892829112
        ]
      },
      "properties": {
        "elevation_m": 1480.7396240234375,
        "kind": "tree"
      }
    },
    {
      "type": "Feature",
      "geometry": {
        "type": "Point",
        "coordinates": [
          1534.1003970233598,
          144.53070374154956
        ]
      },
      "properties": {
        "elevation_m": 1428.87451171875,
        "kind": "tree"
      }
    },
    {
      "type": "Feature",
      "geometry": {
        "type": "Point",
        "coordinates": [
          2479.761123925946,
          823.3127643320462
        ]
      },
      "properties": {
        "elevation_m": 1606.47509765625,
        "kind": "tree"
      }
    },
    {
      "type": "Feature",
      "geometry": {
        "type": "Point",
        "coordinates": [
          4537.410050660907,
          1094.7728438847748
        ]
      },
      "properties": {
        "elevation_m": 1007.87158203125,
        "kind": "tree"
      }
    },
    {
      "type": "Feature",
      "geometry": {
        "type": "Point",
        "coordinates": [
          3505.9241533786344,
          1497.7410638101865
        ]
      },
      "properties": {
        "elevation_m": 1358.1829833984375,
        "kind": "tree"
      }
    },
    {
      "type": "Feature",
      "geometry": {
        "type": "Point",
        "coordinates": [
          2069.536467881964,
          2552.155189260026
        ]
      },
      "properties": {
        "elevation_m": 1499.690673828125,
        "kind": "tree"
      }
    },
    {
      "type": "Feature",
      "geometry": {
        "type": "Point",
        "coordinates": [
          2008.4219963878393,
          2135.9148307381697
        ]
      },
      "properties": {
        "elevation_m": 1613.5665283203125,
        "kind": "tree"
      }
    },
    {
      "type": "Feature",
      "geometry": {
        "type": "Point",
        "coordinates": [
          3380.812580404145,
          520.1702234607124
        ]
      },
      "properties": {
        "elevation_m": 1330.309814453125,
        "kind": "tree"
      }
    },
    {
      "type": "Feature",
      "geometry": {
        "type": "Point",
        "coordinates": [
          2545.9069550944923,
          1576.8090211011136
        ]
      },
      "properties": {
        "elevation_m": 1638.695556640625,
        "kind": "tree"
      }
    },
    {
      "type": "Feature",
      "geometry": {
        "type": "Point",
        "coordinates": [
          1684.0753571360135,
          341.2058066390175
        ]
      },
      "properties": {
        "elevation_m": 1554.80712890625,
        "kind": "tree"
      }
    },
    {
      "type": "Feature",
      "geometry": {
        "type": "Point",
        "coordinates": [
          3848.4880690624623,
          1154.2847999584267
        ]
      },
      "properties": {
        "elevation_m": 1199.5166015625,
        "kind": "tree"
      }
    },
    {
      "type": "Feature",
      "geometry": {
        "type": "Point",
        "coordinates": [
          1476.0854114568667,
          1943.555731328945
        ]
      },
      "properties": {
        "elevation_m": 1646.627197265625,
        "kind": "tree"
      }
    },
    {
      "type": "Feature",
      "geometry": {
        "type": "Point",
        "coordinates": [
          2587.9768885201584,
          1625.807325595413
        ]
      },
      "properties": {
        "elevation_m": 1626.9112548828125,
        "kind": "tree"
      }
    },
    {
      "type": "Feature",
      "geometry": {
        "type": "Point",
        "coordinates": [
          3446.2576956098055,
          445.7348595889446
        ]
      },
      "properties": {
        "elevation_m": 1290.3507080078125,
        "kind": "tree"
      }
    },
    {
      "type": "Feature",
      "geometry": {
        "type": "Point",
        "coordinates": [
          2512.2065690199893,
          2096.5735241819875
        ]
      },
      "properties": {
        "elevation_m": 1576.91748046875,
        "kind": "tree"
      }
    },
    {
      "type": "Feature",
      "geometry": {
        "type": "Point",
        "coordinates": [
          2889.279298423093,
          593.6640905327273
        ]
      },
      "properties": {
        "elevation_m": 1504.6787109375,
        "kind": "tree"
      }
    },
    {
      "type": "Feature",
      "geometry": {
        "type": "Point",
        "coordinates": [
          3325.962490936199,
          2118.6015670307806
        ]
      },
      "properties": {
        "elevation_m": 1396.6669921875,
        "kind": "tree"
      }
    },
    {
      "type": "Feature",
      "geometry": {
        "type": "Point",
        "coordinates": [
          3574.631242236964,
          1852.8875587782063
        ]
      },
      "properties": {
        "elevation_m": 1329.483154296875,
        "kind": "tree"
      }
    },
    {
      "type": "Feature",
      "geometry": {
        "type": "Point",
        "coordinates": [
          3287.226885928016,
          1389.2789335222983
        ]
      },
      "properties": {
        "elevation_m": 1413.847900390625,
        "kind": "tree"
      }
    },
    {
      "type": "Feature",
      "geometry": {
        "type": "Point",
        "coordinates": [
          3505.908697563315,
          1462.5067319006048
        ]
      },
      "properties": {
        "elevation_m": 1354.777099609375,
        "kind": "tree"
      }
    },
    {
      "type": "Feature",
      "geometry": {
        "type": "Point",
        "coordinates": [
          1687.9605311310527,
          539.1856587206594
        ]
      },
      "properties": {
        "elevation_m": 1600.8404541015625,
        "kind": "tree"
      }
    },
    {
      "type": "Feature",
      "geometry": {
        "type": "Point",
        "coordinates": [
          1709.8630087267538,
          222.32677019762494
        ]
      },
      "properties": {
        "elevation_m": 1449.2933349609375,
        "kind": "tree"
      }
    },
    {
      "type": "Feature",
      "geometry": {
        "type": "Point",
        "coordinates": [
          3300.6417269708445,
          1658.6133776597967
        ]
      },
      "properties": {
        "elevation_m": 1414.18212890625,
        "kind": "tree"
      }
    },
    {
      "type": "Feature",
      "geometry": {
        "type": "Point",
        "coordinates": [
          3359.738768633055,
          828.1548029344946
        ]
      },
      "properties": {
        "elevation_m": 1339.3973388671875,
        "kind": "tree"
      }
    },
    {
      "type": "Feature",
      "geometry": {
        "type": "Point",
        "coordinates": [
          2763.6584534057806,
          2053.052975263601
        ]
      },
      "properties": {
        "elevation_m": 1547.6849365234375,
        "kind": "tree"
      }
    },
    {
      "type": "Feature",
      "geometry": {
        "type": "Point",
        "coordinates": [
          4630.266002182148,
          856.6323332888234
        ]
      },
      "properties": {
        "elevation_m": 994.4977416992188,
        "kind": "tree"
      }
    },
    {
      "type": "Feature",
      "geometry": {
        "type": "Point",
        "coordinates": [
          1650.638189192358,
          611.0512729398462
        ]
      },
      "properties": {
        "elevation_m": 1615.1077880859375,
        "kind": "tree"
      }
    },
    {
      "type": "Feature",
      "geometry": {
        "type": "Point",
        "coordinates": [
          1921.707439861122,
          223.48587686629546
        ]
      },
      "properties": {
        "elevation_m": 1360.7684326171875,
        "kind": "tree"
      }
    },
    {
      "type": "Feature",
      "geometry": {
        "type": "Point",
        "coordinates": [
          3086.2199424141063,
          1372.8523681097759
        ]
      },
      "properties": {
        "elevation_m": 1490.7242431640625,
        "kind": "tree"
      }
    },
    {
      "type": "Feature",
      "geometry": {
        "type": "Point",
        "coordinates": [
          4578.79178315356,
          849.6026723510232
        ]
      },
      "properties": {
        "elevation_m": 997.6636962890625,
        "kind": "tree"
      }
    },
    {
      "type": "Feature",
      "geometry": {
        "type": "Point",
        "coordinates": [
          3196.8713123736225,
          915.1934682571964
        ]
      },
      "properties": {
        "elevation_m": 1380.1563720703125,
        "kind": "tree"
      }
    },
    {
      "type": "Feature",
      "geometry": {
        "type": "Point",
        "coordinates": [
          3327.1001801131415,
          2284.079672557486
        ]
      },
      "properties": {
        "elevation_m": 1391.2806396484375,
        "kind": "tree"
      }
    },
    {
      "type": "Feature",
      "geometry": {
        "type": "Point",
        "coordinates": [
          2947.696360962078,
          1891.8297896272165
        ]
      },
      "properties": {
        "elevation_m": 1516.0921630859375,
        "kind": "tree"
      }
    },
    {
      "type": "Feature",
      "geometry": {
        "type": "Point",
        "coordinates": [
          2970.3721049846495,
          1759.8036945324927
        ]
      },
      "properties": {
        "elevation_m": 1518.469970703125,
        "kind": "tree"
      }
    },
    {
      "type": "Feature",
      "geometry": {
        "type": "Point",
        "coordinates": [
          3950.3373998755737,
          415.8020533053872
        ]
      },
      "properties": {
        "elevation_m": 1106.61962890625,
        "kind": "tree"
      }
    },
    {
      "type": "Feature",
      "geometry": {
        "type": "Point",
        "coordinates": [
          4667.530603159502,
          978.5235231784675
        ]
      },
      "properties": {
        "elevation_m": 994.6736450195312,
        "kind": "tree"
      }
    },
    {
      "type": "Feature",
      "geometry": {
        "type": "Point",
        "coordinates": [
          3161.171721645893,
          1814.709044292475
        ]
      },
      "properties": {
        "elevation_m": 1442.31591796875,
        "kind": "tree"
      }
    },
    {
      "type": "Feature",
      "geometry": {
        "type": "Point",
        "coordinates": [
          3005.5541940762405,
          532.093032121833
        ]
      },
      "properties": {
        "elevation_m": 1468.965087890625,
        "kind": "tree"
      }
    },
    {
      "type": "Feature",
      "geometry": {
        "type": "Point",
        "coordinates": [
          3448.8288236612193,
          752.6667072497976
        ]
      },
      "properties": {
        "elevation_m": 1292.6507568359375,
        "kind": "tree"
      }
    },
    {
      "type": "Feature",
      "geometry": {
        "type": "Point",
        "coordinates": [
          1287.4058067453816,
          1871.3183949680702
        ]
      },
      "properties": {
        "elevation_m": 1640.0888671875,
        "kind": "tree"
      }
    },
    {
      "type": "Feature",
      "geometry": {
        "type": "Point",
        "coordinates": [
          2311.957844621129,
          1839.8081999237786
        ]
      },
      "properties": {
        "elevation_m": 1656.5230712890625,
        "kind": "tree"
      }
    },
    {
      "type": "Feature",
      "geometry": {
        "type": "Point",
        "coordinates": [
          2159.8928945980606,
          2502.0511575679525
        ]
      },
      "properties": {
        "elevation_m": 1522.17431640625,
        "kind": "tree"
      }
    },
    {
      "type": "Feature",
      "geometry": {
        "type": "Point",
        "coordinates": [
          1976.397272846954,
          580.5962691618381
        ]
      },
      "properties": {
        "elevation_m": 1582.21630859375,
        "kind": "tree"
      }
    },
    {
      "type": "Feature",
      "geometry": {
        "type": "Point",
        "coordinates": [
          2594.241389852964,
          1443.8698622125598
        ]
      },
      "properties": {
        "elevation_m": 1629.8607177734375,
        "kind": "tree"
      }
    },
    {
      "type": "Feature",
      "geometry": {
        "type": "Point",
        "coordinates": [
          3222.932717403709,
          2061.178891549224
        ]
      },
      "properties": {
        "elevation_m": 1425.2630615234375,
        "kind": "tree"
      }
    },
    {
      "type": "Feature",
      "geometry": {
        "type": "Point",
        "coordinates": [
          3156.0914224894304,
          763.1025236767799
        ]
      },
      "properties": {
        "elevation_m": 1410.902587890625,
        "kind": "tree"
      }
    },
    {
      "type": "Feature",
      "geometry": {
        "type": "Point",
        "coordinates": [
          3012.2223954571564,
          482.65810878061495
        ]
      },
      "properties": {
        "elevation_m": 1459.899658203125,
        "kind": "tree"
      }
    },
    {
      "type": "Feature",
      "geometry": {
        "type": "Point",
        "coordinates": [
          2066.7056324878486,
          593.2290490903267
        ]
      },
      "properties": {
        "elevation_m": 1586.8182373046875,
        "kind": "tree"
      }
    },
    {
      "type": "Feature",
      "geometry": {
        "type": "Point",
        "coordinates": [
          2821.7773223675886,
          492.62884024538437
        ]
      },
      "properties": {
        "elevation_m": 1517.546142578125,
        "kind": "tree"
      }
    },
    {
      "type": "Feature",
      "geometry": {
        "type": "Point",
        "coordinates": [
          4209.752781515848,
          696.9366156277918
        ]
      },
      "properties": {
        "elevation_m": 1047.9891357421875,
        "kind": "tree"
      }
    },
    {
      "type": "Feature",
      "geometry": {
        "type": "Point",
        "coordinates": [
          2128.846942667121,
          859.8140248659154
        ]
      },
      "properties": {
        "elevation_m": 1632.6817626953125,
        "kind": "tree"
      }
    },
    {
      "type": "Feature",
      "geometry": {
        "type": "Point",
        "coordinates": [
          2781.7121198785308,
          2232.2479839013654
        ]
      },
      "properties": {
        "elevation_m": 1499.22216796875,
        "kind": "tree"
      }
    },
    {
      "type": "Feature",
      "geometry": {
        "type": "Point",
        "coordinates": [
          2989.104869379159,
          2132.4952154252105
        ]
      },
      "properties": {
        "elevation_m": 1465.5462646484375,
        "kind": "tree"
      }
    },
    {
      "type": "Feature",
      "geometry": {
        "type": "Point",
        "coordinates": [
          2784.388466008719,
          409.8674025523664
        ]
      },
      "properties": {
        "elevation_m": 1535.2359619140625,
        "kind": "tree"
      }
    },
    {
      "type": "Feature",
      "geometry": {
        "type": "Point",
        "coordinates": [
          1695.4771015980814,
          1987.5850594280607
        ]
      },
      "properties": {
        "elevation_m": 1667.1383056640625,
        "kind": "tree"
      }
    },
    {
      "type": "Feature",
      "geometry": {
        "type": "Point",
        "coordinates": [
          3520.2259585018733,
          621.6348954071675
        ]
      },
      "properties": {
        "elevation_m": 1278.39501953125,
        "kind": "tree"
      }
    },
    {
      "type": "Feature",
      "geometry": {
        "type": "Point",
        "coordinates": [
          3980.420407504564,
          1385.659530603845
        ]
      },
      "properties": {
        "elevation_m": 1161.739990234375,
        "kind": "tree"
      }
    },
    {
      "type": "Feature",
      "geometry": {
        "type": "Point",
        "coordinates": [
          3613.659559575305,
          647.546977479873
        ]
      },
      "properties": {
        "elevation_m": 1232.552734375,
        "kind": "tree"
      }
    },
    {
      "type": "Feature",
      "geometry": {
        "type": "Point",
        "coordinates": [
          2454.3185034648277,
          921.6466130494211
        ]
      },
      "properties": {
        "elevation_m": 1617.00244140625,
        "kind": "tree"
      }
    },
    {
      "type": "Feature",
      "geometry": {
        "type": "Point",
        "coordinates": [
          2831.1938505561247,
          1304.0693890272146
        ]
      },
      "properties": {
        "elevation_m": 1580.0235595703125,
        "kind": "tree"
      }
    },
    {
      "type": "Feature",
      "geometry": {
        "type": "Point",
        "coordinates": [
          2891.3528638606294,
          1452.0790632698865
        ]
      },
      "properties": {
        "elevation_m": 1558.708251953125,
        "kind": "tree"
      }
    },
    {
      "type": "Feature",
      "geometry": {
        "type": "Point",
        "coordinates": [
          2797.584213107072,
          1447.4979272151002
        ]
      },
      "properties": {
        "elevation_m": 1584.4669189453125,
        "kind": "tree"
      }
    },
    {
      "type": "Feature",
      "geometry": {
        "type": "Point",
        "coordinates": [
          2501.4038839081522,
          1562.3773363773523
        ]
      },
      "properties": {
        "elevation_m": 1648.114501953125,
        "kind": "tree"
      }
    },
    {
      "type": "Feature",
      "geometry": {
        "type": "Point",
        "coordinates": [
          3989.3418302224413,
          1137.4045993715624
        ]
      },
      "properties": {
        "elevation_m": 1137.2802734375,
        "kind": "tree"
      }
    },
    {
      "type": "Feature",
      "geometry": {
        "type": "Point",
        "coordinates": [
          3015.3938332090256,
          263.24951556957546
        ]
      },
      "properties": {
        "elevation_m": 1428.80859375,
        "kind": "tree"
      }
    },
    {
      "type": "Feature",
      "geometry": {
        "type": "Point",
        "coordinates": [
          2391.562803441235,
          465.62138118415226
        ]
      },
      "properties": {
        "elevation_m": 1572.5623779296875,
        "kind": "tree"
      }
    },
    {
      "type": "Feature",
      "geometry": {
        "type": "Point",
        "coordinates": [
          1991.050106910715,
          488.65360269572767
        ]
      },
      "properties": {
        "elevation_m": 1550.1024169921875,
        "kind": "tree"
      }
    },
    {
      "type": "Feature",
      "geometry": {
        "type": "Point",
        "coordinates": [
          1556.725953284532,
          1842.3083876299047
        ]
      },
      "properties": {
        "elevation_m": 1680.8968505859375,
        "kind": "tree"
      }
    },
    {
      "type": "Feature",
      "geometry": {
        "type": "Point",
        "coordinates": [
          2149.426431166713,
          2594.560606857919
        ]
      },
      "properties": {
        "elevation_m": 1499.3568115234375,
        "kind": "tree"
      }
    },
    {
      "type": "Feature",
      "geometry": {
        "type": "Point",
        "coordinates": [
          3467.164333309917,
          816.920261181583
        ]
      },
      "properties": {
        "elevation_m": 1296.477783203125,
        "kind": "tree"
      }
    },
    {
      "type": "Feature",
      "geometry": {
        "type": "Point",
        "coordinates": [
          3232.7362459364135,
          2342.7984223579524
        ]
      },
      "properties": {
        "elevation_m": 1398.826171875,
        "kind": "tree"
      }
    },
    {
      "type": "Feature",
      "geometry": {
        "type": "Point",
        "coordinates": [
          3306.824085948226,
          2166.9427923565295
        ]
      },
      "properties": {
        "elevation_m": 1396.8970947265625,
        "kind": "tree"
      }
    },
    {
      "type": "Feature",
      "geometry": {
        "type": "Point",
        "coordinates": [
          2977.341191219263,
          1396.0359651847737
        ]
      },
      "properties": {
        "elevation_m": 1537.957763671875,
        "kind": "tree"
      }
    },
    {
      "type": "Feature",
      "geometry": {
        "type": "Point",
        "coordinates": [
          3353.118052057693,
          921.1864523024695
        ]
      },
      "properties": {
        "elevation_m": 1355.5203857421875,
        "kind": "tree"
      }
    },
    {
      "type": "Feature",
      "geometry": {
        "type": "Point",
        "coordinates": [
          3439.032573759344,
          744.4161620222403
        ]
      },
      "properties": {
        "elevation_m": 1293.2686767578125,
        "kind": "tree"
      }
    },
    {
      "type": "Feature",
      "geometry": {
        "type": "Point",
        "coordinates": [
          3585.236521541967,
          619.5636794277003
        ]
      },
      "properties": {
        "elevation_m": 1250.080810546875,
        "kind": "tree"
      }
    },
    {
      "type": "Feature",
      "geometry": {
        "type": "Point",
        "coordinates": [
          3676.6071881518396,
          392.7631864802619
        ]
      },
      "properties": {
        "elevation_m": 1202.8599853515625,
        "kind": "tree"
      }
    },
    {
      "type": "Feature",
      "geometry": {
        "type": "Point",
        "coordinates": [
          2218.076700454069,
          1832.7486925794844
        ]
      },
      "properties": {
        "elevation_m": 1666.7166748046875,
        "kind": "tree"
      }
    },
    {
      "type": "Feature",
      "geometry": {
        "type": "Point",
        "coordinates": [
          2672.290799802361,
          2252.0399725672187
        ]
      },
      "properties": {
        "elevation_m": 1519.335693359375,
        "kind": "tree"
      }
    },
    {
      "type": "Feature",
      "geometry": {
        "type": "Point",
        "coordinates": [
          2505.4198211228077,
          1407.9764318080502
        ]
      },
      "properties": {
        "elevation_m": 1639.1873779296875,
        "kind": "tree"
      }
    },
    {
      "type": "Feature",
      "geometry": {
        "type": "Point",
        "coordinates": [
          4569.212946357309,
          683.6947426547816
        ]
      },
      "properties": {
        "elevation_m": 966.70703125,
        "kind": "tree"
      }
    },
    {
      "type": "Feature",
      "geometry": {
        "type": "Point",
        "coordinates": [
          2992.293980283046,
          1020.6218467685508
        ]
      },
      "properties": {
        "elevation_m": 1483.3770751953125,
        "kind": "tree"
      }
    },
    {
      "type": "Feature",
      "geometry": {
        "type": "Point",
        "coordinates": [
          4617.254974696987,
          924.9131740777904
        ]
      },
      "properties": {
        "elevation_m": 1001.9944458007812,
        "kind": "tree"
      }
    },
    {
      "type": "Feature",
      "geometry": {
        "type": "Point",
        "coordinates": [
          2708.949667954408,
          526.4193998115461
        ]
      },
      "properties": {
        "elevation_m": 1544.357177734375,
        "kind": "tree"
      }
    },
    {
      "type": "Feature",
      "geometry": {
        "type": "Point",
        "coordinates": [
          1354.7010081493222,
          1689.6965698891736
        ]
      },
      "properties": {
        "elevation_m": 1690.9144287109375,
        "kind": "tree"
      }
    },
    {
      "type": "Feature",
      "geometry": {
        "type": "Point",
        "coordinates": [
          3726.8113753281764,
          1165.843318127753
        ]
      },
      "properties": {
        "elevation_m": 1252.5213623046875,
        "kind": "tree"
      }
    },
    {
      "type": "Feature",
      "geometry": {
        "type": "Point",
        "coordinates": [
          2995.00417380236,
          2242.3985750365587
        ]
      },
      "properties": {
        "elevation_m": 1448.21484375,
        "kind": "tree"
      }
    },
    {
      "type": "Feature",
      "geometry": {
        "type": "Point",
        "coordinates": [
          3477.461040393373,
          1986.7418348911958
        ]
      },
      "properties": {
        "elevation_m": 1355.8250732421875,
        "kind": "tree"
      }
    },
    {
      "type": "Feature",
      "geometry": {
        "type": "Point",
        "coordinates": [
          2701.2339804750495,
          1620.4422229041045
        ]
      },
      "properties": {
        "elevation_m": 1594.3997802734375,
        "kind": "tree"
      }
    },
    {
      "type": "Feature",
      "geometry": {
        "type": "Point",
        "coordinates": [
          3264.6809564604278,
          625.3619293645719
        ]
      },
      "properties": {
        "elevation_m": 1377.4029541015625,
        "kind": "tree"
      }
    },
    {
      "type": "Feature",
      "geometry": {
        "type": "Point",
        "coordinates": [
          3969.639227995342,
          1065.029417239482
        ]
      },
      "properties": {
        "elevation_m": 1135.2576904296875,
        "kind": "tree"
      }
    },
    {
      "type": "Feature",
      "geometry": {
        "type": "Point",
        "coordinates": [
          2516.9126518472103,
          1969.9480314034645
        ]
      },
      "properties": {
        "elevation_m": 1603.7496337890625,
        "kind": "tree"
      }
    },
    {
      "type": "Feature",
      "geometry": {
        "type": "Point",
        "coordinates": [
          2164.9566287616485,
          811.8849778197265
        ]
      },
      "properties": {
        "elevation_m": 1628.8531494140625,
        "kind": "tree"
      }
    },
    {
      "type": "Feature",
      "geometry": {
        "type": "Point",
        "coordinates": [
          3060.796596141533,
          1512.7595551587767
        ]
      },
      "properties": {
        "elevation_m": 1503.1495361328125,
        "kind": "tree"
      }
    },
    {
      "type": "Feature",
      "geometry": {
        "type": "Point",
        "coordinates": [
          2250.031332800881,
          2082.1215974014194
        ]
      },
      "properties": {
        "elevation_m": 1609.5704345703125,
        "kind": "tree"
      }
    },
    {
      "type": "Feature",
      "geometry": {
        "type": "Point",
        "coordinates": [
          3090.743190911099,
          970.7114637487531
        ]
      },
      "properties": {
        "elevation_m": 1437.28125,
        "kind": "tree"
      }
    },
    {
      "type": "Feature",
      "geometry": {
        "type": "Point",
        "coordinates": [
          2350.1503396318403,
          1929.1492688827989
        ]
      },
      "properties": {
        "elevation_m": 1629.180908203125,
        "kind": "tree"
      }
    },
    {
      "type": "Feature",
      "geometry": {
        "type": "Point",
        "coordinates": [
          3433.8234949728135,
          2067.321110207808
        ]
      },
      "properties": {
        "elevation_m": 1371.6846923828125,
        "kind": "tree"
      }
    },
    {
      "type": "Feature",
      "geometry": {
        "type": "Point",
        "coordinates": [
          3171.3033291167885,
          2075.1570974049273
        ]
      },
      "properties": {
        "elevation_m": 1437.3248291015625,
        "kind": "tree"
      }
    },
    {
      "type": "Feature",
      "geometry": {
        "type": "Point",
        "coordinates": [
          3255.195753849723,
          1362.4342472641647
        ]
      },
      "properties": {
        "elevation_m": 1425.1231689453125,
        "kind": "tree"
      }
    },
    {
      "type": "Feature",
      "geometry": {
        "type": "Point",
        "coordinates": [
          2927.1348252957023,
          468.5457743946071
        ]
      },
      "properties": {
        "elevation_m": 1483.568115234375,
        "kind": "tree"
      }
    },
    {
      "type": "Feature",
      "geometry": {
        "type": "Point",
        "coordinates": [
          2786.3224352284788,
          1017.2531301614662
        ]
      },
      "properties": {
        "elevation_m": 1561.9368896484375,
        "kind": "tree"
      }
    },
    {
      "type": "Feature",
      "geometry": {
        "type": "Point",
        "coordinates": [
          1801.5946096415219,
          651.9138077551638
        ]
      },
      "properties": {
        "elevation_m": 1627.957275390625,
        "kind": "tree"
      }
    },
    {
      "type": "Feature",
      "geometry": {
        "type": "Point",
        "coordinates": [
          3757.613860693967,
          1537.5160251553757
        ]
      },
      "properties": {
        "elevation_m": 1264.351806640625,
        "kind": "tree"
      }
    },
    {
      "type": "Feature",
      "geometry": {
        "type": "Point",
        "coordinates": [
          4451.963010592648,
          596.7476754277118
        ]
      },
      "properties": {
        "elevation_m": 966.78466796875,
        "kind": "tree"
      }
    },
    {
      "type": "Feature",
      "geometry": {
        "type": "Point",
        "coordinates": [
          2742.772656141343,
          946.1643064716956
        ]
      },
      "properties": {
        "elevation_m": 1573.4429931640625,
        "kind": "tree"
      }
    },
    {
      "type": "Feature",
      "geometry": {
        "type": "Point",
        "coordinates": [
          2614.5968750442335,
          471.3719489271227
        ]
      },
      "properties": {
        "elevation_m": 1545.3419189453125,
        "kind": "tree"
      }
    },
    {
      "type": "Feature",
      "geometry": {
        "type": "Point",
        "coordinates": [
          2310.171298433761,
          2508.582967847148
        ]
      },
      "properties": {
        "elevation_m": 1503.1265869140625,
        "kind": "tree"
      }
    },
    {
      "type": "Feature",
      "geometry": {
        "type": "Point",
        "coordinates": [
          3067.1378509946776,
          1439.7299822999803
        ]
      },
      "properties": {
        "elevation_m": 1496.95849609375,
        "kind": "tree"
      }
    },
    {
      "type": "Feature",
      "geometry": {
        "type": "Point",
        "coordinates": [
          3317.4245155063154,
          1793.0370876648178
        ]
      },
      "properties": {
        "elevation_m": 1399.138671875,
        "kind": "tree"
      }
    },
    {
      "type": "Feature",
      "geometry": {
        "type": "Point",
        "coordinates": [
          2520.3185657374434,
          1504.7934900251569
        ]
      },
      "properties": {
        "elevation_m": 1645.9132080078125,
        "kind": "tree"
      }
    },
    {
      "type": "Feature",
      "geometry": {
        "type": "Point",
        "coordinates": [
          3908.9032477854016,
          698.1506969742794
        ]
      },
      "properties": {
        "elevation_m": 1138.383544921875,
        "kind": "tree"
      }
    },
    {
      "type": "Feature",
      "geometry": {
        "type": "Point",
        "coordinates": [
          2031.9093840174507,
          2125.895422227458
        ]
      },
      "properties": {
        "elevation_m": 1610.7694091796875,
        "kind": "tree"
      }
    },
    {
      "type": "Feature",
      "geometry": {
        "type": "Point",
        "coordinates": [
          3045.5393693948163,
          1458.3315271593538
        ]
      },
      "properties": {
        "elevation_m": 1510.9608154296875,
        "kind": "tree"
      }
    },
    {
      "type": "Feature",
      "geometry": {
        "type": "Point",
        "coordinates": [
          1523.8405588941002,
          253.22053457221617
        ]
      },
      "properties": {
        "elevation_m": 1517.232666015625,
        "kind": "tree"
      }
    },
    {
      "type": "Feature",
      "geometry": {
        "type": "Point",
        "coordinates": [
          4473.299600207694,
          973.6601156547216
        ]
      },
      "properties": {
        "elevation_m": 998.98876953125,
        "kind": "tree"
      }
    },
    {
      "type": "Feature",
      "geometry": {
        "type": "Point",
        "coordinates": [
          4499.137096489444,
          668.6544271962103
        ]
      },
      "properties": {
        "elevation_m": 966.7500610351562,
        "kind": "tree"
      }
    },
    {
      "type": "Feature",
      "geometry": {
        "type": "Point",
        "coordinates": [
          4114.972725961515,
          730.5386179363566
        ]
      },
      "properties": {
        "elevation_m": 1071.8328857421875,
        "kind": "tree"
      }
    },
    {
      "type": "Feature",
      "geometry": {
        "type": "Point",
        "coordinates": [
          2706.579088873626,
          287.3003686393672
        ]
      },
      "properties": {
        "elevation_m": 1516.232421875,
        "kind": "tree"
      }
    },
    {
      "type": "Feature",
      "geometry": {
        "type": "Point",
        "coordinates": [
          2822.969502015961,
          1959.224099861029
        ]
      },
      "properties": {
        "elevation_m": 1538.7655029296875,
        "kind": "tree"
      }
    },
    {
      "type": "Feature",
      "geometry": {
        "type": "Point",
        "coordinates": [
          4409.410110274963,
          1226.1111072007545
        ]
      },
      "properties": {
        "elevation_m": 986.9263305664062,
        "kind": "tree"
      }
    },
    {
      "type": "Feature",
      "geometry": {
        "type": "Point",
        "coordinates": [
          1726.679694712499,
          550.032199542172
        ]
      },
      "properties": {
        "elevation_m": 1605.182373046875,
        "kind": "tree"
      }
    },
    {
      "type": "Feature",
      "geometry": {
        "type": "Point",
        "coordinates": [
          3338.6216457323517,
          2108.604992353952
        ]
      },
      "properties": {
        "elevation_m": 1393.0987548828125,
        "kind": "tree"
      }
    },
    {
      "type": "Feature",
      "geometry": {
        "type": "Point",
        "coordinates": [
          3399.0789170170274,
          688.522003244726
        ]
      },
      "properties": {
        "elevation_m": 1328.473876953125,
        "kind": "tree"
      }
    },
    {
      "type": "Feature",
      "geometry": {
        "type": "Point",
        "coordinates": [
          2258.685456846267,
          2190.0988123176026
        ]
      },
      "properties": {
        "elevation_m": 1583.0157470703125,
        "kind": "tree"
      }
    },
    {
      "type": "Feature",
      "geometry": {
        "type": "Point",
        "coordinates": [
          3123.9450266481126,
          2236.907736501169
        ]
      },
      "properties": {
        "elevation_m": 1424.123291015625,
        "kind": "tree"
      }
    },
    {
      "type": "Feature",
      "geometry": {
        "type": "Point",
        "coordinates": [
          3368.1871613245735,
          1332.7925895504982
        ]
      },
      "properties": {
        "elevation_m": 1393.3502197265625,
        "kind": "tree"
      }
    },
    {
      "type": "Feature",
      "geometry": {
        "type": "Point",
        "coordinates": [
          3307.0366634487523,
          684.9259537075237
        ]
      },
      "properties": {
        "elevation_m": 1362.089599609375,
        "kind": "tree"
      }
    },
    {
      "type": "Feature",
      "geometry": {
        "type": "Point",
        "coordinates": [
          1576.6201097156336,
          314.49065033377656
        ]
      },
      "properties": {
        "elevation_m": 1557.5965576171875,
        "kind": "tree"
      }
    },
    {
      "type": "Feature",
      "geometry": {
        "type": "Point",
        "coordinates": [
          2441.5011612707212,
          2529.715688395577
        ]
      },
      "properties": {
        "elevation_m": 1500.451904296875,
        "kind": "tree"
      }
    },
    {
      "type": "Feature",
      "geometry": {
        "type": "Point",
        "coordinates": [
          3044.3792385883803,
          879.8805698385148
        ]
      },
      "properties": {
        "elevation_m": 1436.247314453125,
        "kind": "tree"
      }
    },
    {
      "type": "Feature",
      "geometry": {
        "type": "Point",
        "coordinates": [
          2629.5943164782902,
          2404.432468383872
        ]
      },
      "properties": {
        "elevation_m": 1497.1253662109375,
        "kind": "tree"
      }
    },
    {
      "type": "Feature",
      "geometry": {
        "type": "Point",
        "coordinates": [
          2129.6028711147665,
          379.6186178994311
        ]
      },
      "properties": {
        "elevation_m": 1512.1749267578125,
        "kind": "tree"
      }
    },
    {
      "type": "Feature",
      "geometry": {
        "type": "Point",
        "coordinates": [
          3445.6750566450805,
          1491.363063925506
        ]
      },
      "properties": {
        "elevation_m": 1372.8076171875,
        "kind": "tree"
      }
    },
    {
      "type": "Feature",
      "geometry": {
        "type": "Point",
        "coordinates": [
          3905.5612804769767,
          661.9023311448262
        ]
      },
      "properties": {
        "elevation_m": 1138.28369140625,
        "kind": "tree"
      }
    },
    {
      "type": "Feature",
      "geometry": {
        "type": "Point",
        "coordinates": [
          3118.9919583759056,
          2045.5728581173573
        ]
      },
      "properties": {
        "elevation_m": 1449.5125732421875,
        "kind": "tree"
      }
    },
    {
      "type": "Feature",
      "geometry": {
        "type": "Point",
        "coordinates": [
          1876.264859906812,
          565.3947844234569
        ]
      },
      "properties": {
        "elevation_m": 1605.2655029296875,
        "kind": "tree"
      }
    },
    {
      "type": "Feature",
      "geometry": {
        "type": "Point",
        "coordinates": [
          3113.165849901549,
          354.8060563847373
        ]
      },
      "properties": {
        "elevation_m": 1396.0740966796875,
        "kind": "tree"
      }
    },
    {
      "type": "Feature",
      "geometry": {
        "type": "Point",
        "coordinates": [
          4236.002462861476,
          575.6959923393702
        ]
      },
      "properties": {
        "elevation_m": 1036.7457275390625,
        "kind": "tree"
      }
    },
    {
      "type": "Feature",
      "geometry": {
        "type": "Point",
        "coordinates": [
          2873.6492598533473,
          726.2607860609226
        ]
      },
      "properties": {
        "elevation_m": 1531.8724365234375,
        "kind": "tree"
      }
    },
    {
      "type": "Feature",
      "geometry": {
        "type": "Point",
        "coordinates": [
          3085.378183557028,
          231.2021844251755
        ]
      },
      "properties": {
        "elevation_m": 1391.657958984375,
        "kind": "tree"
      }
    },
    {
      "type": "Feature",
      "geometry": {
        "type": "Point",
        "coordinates": [
          2721.4970049872218,
          508.57532256181395
        ]
      },
      "properties": {
        "elevation_m": 1544.4205322265625,
        "kind": "tree"
      }
    },
    {
      "type": "Feature",
      "geometry": {
        "type": "Point",
        "coordinates": [
          2268.2485400137575,
          2462.667197137443
        ]
      },
      "properties": {
        "elevation_m": 1513.6129150390625,
        "kind": "tree"
      }
    },
    {
      "type": "Feature",
      "geometry": {
        "type": "Point",
        "coordinates": [
          3337.6240304918224,
          484.3966511849242
        ]
      },
      "properties": {
        "elevation_m": 1345.146484375,
        "kind": "tree"
      }
    },
    {
      "type": "Feature",
      "geometry": {
        "type": "Point",
        "coordinates": [
          2106.310107961641,
          559.8899830411665
        ]
      },
      "properties": {
        "elevation_m": 1580.5250244140625,
        "kind": "tree"
      }
    },
    {
      "type": "Feature",
      "geometry": {
        "type": "Point",
        "coordinates": [
          4220.9853706421,
          1438.2838189065867
        ]
      },
      "properties": {
        "elevation_m": 1096.5697021484375,
        "kind": "tree"
      }
    },
    {
      "type": "Feature",
      "geometry": {
        "type": "Point",
        "coordinates": [
          2215.8408110928267,
          2132.1478558143426
        ]
      },
      "properties": {
        "elevation_m": 1603.098876953125,
        "kind": "tree"
      }
    },
    {
      "type": "Feature",
      "geometry": {
        "type": "Point",
        "coordinates": [
          2268.3175763292093,
          2665.5135405266146
        ]
      },
      "properties": {
        "elevation_m": 1453.8154296875,
        "kind": "tree"
      }
    },
    {
      "type": "Feature",
      "geometry": {
        "type": "Point",
        "coordinates": [
          3723.5944122723386,
          441.04465626173493
        ]
      },
      "properties": {
        "elevation_m": 1184.8902587890625,
        "kind": "tree"
      }
    },
    {
      "type": "Feature",
      "geometry": {
        "type": "Point",
        "coordinates": [
          2835.326001320465,
          871.5454703080967
        ]
      },
      "properties": {
        "elevation_m": 1549.8707275390625,
        "kind": "tree"
      }
    },
    {
      "type": "Feature",
      "geometry": {
        "type": "Point",
        "coordinates": [
          2312.71256193524,
          2075.662296921636
        ]
      },
      "properties": {
        "elevation_m": 1605.7569580078125,
        "kind": "tree"
      }
    },
    {
      "type": "Feature",
      "geometry": {
        "type": "Point",
        "coordinates": [
          3370.591819171886,
          1843.387270883625
        ]
      },
      "properties": {
        "elevation_m": 1378.508056640625,
        "kind": "tree"
      }
    },
    {
      "type": "Feature",
      "geometry": {
        "type": "Point",
        "coordinates": [
          3120.926013959835,
          1638.0076342266975
        ]
      },
      "properties": {
        "elevation_m": 1469.4940185546875,
        "kind": "tree"
      }
    },
    {
      "type": "Feature",
      "geometry": {
        "type": "Point",
        "coordinates": [
          2531.8797336964826,
          865.5852867563708
        ]
      },
      "properties": {
        "elevation_m": 1598.3433837890625,
        "kind": "tree"
      }
    },
    {
      "type": "Feature",
      "geometry": {
        "type": "Point",
        "coordinates": [
          3418.4212977935217,
          1576.6111643301329
        ]
      },
      "properties": {
        "elevation_m": 1381.819580078125,
        "kind": "tree"
      }
    },
    {
      "type": "Feature",
      "geometry": {
        "type": "Point",
        "coordinates": [
          3860.907254169458,
          1142.3293807718508
        ]
      },
      "properties": {
        "elevation_m": 1191.4508056640625,
        "kind": "tree"
      }
    },
    {
      "type": "Feature",
      "geometry": {
        "type": "Point",
        "coordinates": [
          3705.7459044898173,
          1624.277993954684
        ]
      },
      "properties": {
        "elevation_m": 1297.035400390625,
        "kind": "tree"
      }
    },
    {
      "type": "Feature",
      "geometry": {
        "type": "Point",
        "coordinates": [
          2185.141215520469,
          2355.6105095937364
        ]
      },
      "properties": {
        "elevation_m": 1555.08349609375,
        "kind": "tree"
      }
    },
    {
      "type": "Feature",
      "geometry": {
        "type": "Point",
        "coordinates": [
          2825.3088983549123,
          1513.2633347739916
        ]
      },
      "properties": {
        "elevation_m": 1572.1737060546875,
        "kind": "tree"
      }
    },
    {
      "type": "Feature",
      "geometry": {
        "type": "Point",
        "coordinates": [
          4449.037031866876,
          1039.9774558148295
        ]
      },
      "properties": {
        "elevation_m": 990.076171875,
        "kind": "tree"
      }
    },
    {
      "type": "Feature",
      "geometry": {
        "type": "Point",
        "coordinates": [
          2511.719095415909,
          1448.7411864415803
        ]
      },
      "properties": {
        "elevation_m": 1639.8546142578125,
        "kind": "tree"
      }
    },
    {
      "type": "Feature",
      "geometry": {
        "type": "Point",
        "coordinates": [
          4059.780572672617,
          1467.7460526841562
        ]
      },
      "properties": {
        "elevation_m": 1152.114501953125,
        "kind": "tree"
      }
    },
    {
      "type": "Feature",
      "geometry": {
        "type": "Point",
        "coordinates": [
          2108.779763094004,
          2263.9088915038606
        ]
      },
      "properties": {
        "elevation_m": 1588.44140625,
        "kind": "tree"
      }
    },
    {
      "type": "Feature",
      "geometry": {
        "type": "Point",
        "coordinates": [
          1782.5620548087527,
          457.07532399633163
        ]
      },
      "properties": {
        "elevation_m": 1579.2391357421875,
        "kind": "tree"
      }
    },
    {
      "type": "Feature",
      "geometry": {
        "type": "Point",
        "coordinates": [
          2108.728405211653,
          2114.031920807339
        ]
      },
      "properties": {
        "elevation_m": 1608.461181640625,
        "kind": "tree"
      }
    },
    {
      "type": "Feature",
      "geometry": {
        "type": "Point",
        "coordinates": [
          4000.832888033932,
          1219.289067152558
        ]
      },
      "properties": {
        "elevation_m": 1140.729736328125,
        "kind": "tree"
      }
    },
    {
      "type": "Feature",
      "geometry": {
        "type": "Point",
        "coordinates": [
          2550.2975981095074,
          409.28104701883905
        ]
      },
      "properties": {
        "elevation_m": 1542.412841796875,
        "kind": "tree"
      }
    },
    {
      "type": "Feature",
      "geometry": {
        "type": "Point",
        "coordinates": [
          2291.0401370786867,
          2158.7071359077527
        ]
      },
      "properties": {
        "elevation_m": 1587.39892578125,
        "kind": "tree"
      }
    },
    {
      "type": "Feature",
      "geometry": {
        "type": "Point",
        "coordinates": [
          2743.297101225369,
          1141.440561907162
        ]
      },
      "properties": {
        "elevation_m": 1575.304931640625,
        "kind": "tree"
      }
    },
    {
      "type": "Feature",
      "geometry": {
        "type": "Point",
        "coordinates": [
          4551.996058612544,
          883.5132116026582
        ]
      },
      "properties": {
        "elevation_m": 1001.1530151367188,
        "kind": "tree"
      }
    },
    {
      "type": "Feature",
      "geometry": {
        "type": "Point",
        "coordinates": [
          2744.63141483469,
          484.5251433865897
        ]
      },
      "properties": {
        "elevation_m": 1538.848388671875,
        "kind": "tree"
      }
    },
    {
      "type": "Feature",
      "geometry": {
        "type": "Point",
        "coordinates": [
          3419.021498452131,
          589.9400098856474
        ]
      },
      "properties": {
        "elevation_m": 1315.0084228515625,
        "kind": "tree"
      }
    },
    {
      "type": "Feature",
      "geometry": {
        "type": "Point",
        "coordinates": [
          2111.4990224249336,
          2026.8560663576977
        ]
      },
      "properties": {
        "elevation_m": 1627.542724609375,
        "kind": "tree"
      }
    },
    {
      "type": "Feature",
      "geometry": {
        "type": "Point",
        "coordinates": [
          3036.855676230669,
          1437.3735752028206
        ]
      },
      "properties": {
        "elevation_m": 1512.0091552734375,
        "kind": "tree"
      }
    },
    {
      "type": "Feature",
      "geometry": {
        "type": "Point",
        "coordinates": [
          4247.9110739033995,
          679.5220874823353
        ]
      },
      "properties": {
        "elevation_m": 1030.7012939453125,
        "kind": "tree"
      }
    },
    {
      "type": "Feature",
      "geometry": {
        "type": "Point",
        "coordinates": [
          3407.9945786077415,
          1537.928597637298
        ]
      },
      "properties": {
        "elevation_m": 1381.08251953125,
        "kind": "tree"
      }
    },
    {
      "type": "Feature",
      "geometry": {
        "type": "Point",
        "coordinates": [
          3382.7610103903135,
          2011.7004602380196
        ]
      },
      "properties": {
        "elevation_m": 1379.3436279296875,
        "kind": "tree"
      }
    },
    {
      "type": "Feature",
      "geometry": {
        "type": "Point",
        "coordinates": [
          2758.1851379437758,
          586.8265001161444
        ]
      },
      "properties": {
        "elevation_m": 1533.0242919921875,
        "kind": "tree"
      }
    },
    {
      "type": "Feature",
      "geometry": {
        "type": "Point",
        "coordinates": [
          2476.9557065378403,
          695.1176143458679
        ]
      },
      "properties": {
        "elevation_m": 1592.3658447265625,
        "kind": "tree"
      }
    },
    {
      "type": "Feature",
      "geometry": {
        "type": "Point",
        "coordinates": [
          2687.8833936077663,
          1415.9022401782927
        ]
      },
      "properties": {
        "elevation_m": 1614.752197265625,
        "kind": "tree"
      }
    },
    {
      "type": "Feature",
      "geometry": {
        "type": "Point",
        "coordinates": [
          2290.287002243426,
          1785.0994051920006
        ]
      },
      "properties": {
        "elevation_m": 1668.072265625,
        "kind": "tree"
      }
    },
    {
      "type": "Feature",
      "geometry": {
        "type": "Point",
        "coordinates": [
          3081.329748590946,
          2419.484450007545
        ]
      },
      "properties": {
        "elevation_m": 1401.542724609375,
        "kind": "tree"
      }
    },
    {
      "type": "Feature",
      "geometry": {
        "type": "Point",
        "coordinates": [
          3706.3859811315847,
          498.9008803140448
        ]
      },
      "properties": {
        "elevation_m": 1197.7733154296875,
        "kind": "tree"
      }
    },
    {
      "type": "Feature",
      "geometry": {
        "type": "Point",
        "coordinates": [
          1911.352785115015,
          372.7415031304185
        ]
      },
      "properties": {
        "elevation_m": 1513.7705078125,
        "kind": "tree"
      }
    },
    {
      "type": "Feature",
      "geometry": {
        "type": "Point",
        "coordinates": [
          3456.0734236761873,
          2025.1682655927825
        ]
      },
      "properties": {
        "elevation_m": 1364.884765625,
        "kind": "tree"
      }
    },
    {
      "type": "Feature",
      "geometry": {
        "type": "Point",
        "coordinates": [
          3004.240245950602,
          227.98660667518627
        ]
      },
      "properties": {
        "elevation_m": 1422.50927734375,
        "kind": "tree"
      }
    },
    {
      "type": "Feature",
      "geometry": {
        "type": "Point",
        "coordinates": [
          1862.7985219828329,
          437.2574209732079
        ]
      },
      "properties": {
        "elevation_m": 1563.8966064453125,
        "kind": "tree"
      }
    },
    {
      "type": "Feature",
      "geometry": {
        "type": "Point",
        "coordinates": [
          2322.130679111716,
          559.0792734104857
        ]
      },
      "properties": {
        "elevation_m": 1587.71240234375,
        "kind": "tree"
      }
    },
    {
      "type": "Feature",
      "geometry": {
        "type": "Point",
        "coordinates": [
          3468.6664653928015,
          549.6311280670745
        ]
      },
      "properties": {
        "elevation_m": 1287.7247314453125,
        "kind": "tree"
      }
    },
    {
      "type": "Feature",
      "geometry": {
        "type": "Point",
        "coordinates": [
          3146.9933979843204,
          342.76103939226516
        ]
      },
      "properties": {
        "elevation_m": 1385.1591796875,
        "kind": "tree"
      }
    },
    {
      "type": "Feature",
      "geometry": {
        "type": "Point",
        "coordinates": [
          3197.6531965281856,
          291.03023671225344
        ]
      },
      "properties": {
        "elevation_m": 1347.154052734375,
        "kind": "tree"
      }
    },
    {
      "type": "Feature",
      "geometry": {
        "type": "Point",
        "coordinates": [
          2456.3832146046916,
          2113.632642992454
        ]
      },
      "properties": {
        "elevation_m": 1581.4832763671875,
        "kind": "tree"
      }
    },
    {
      "type": "Feature",
      "geometry": {
        "type": "Point",
        "coordinates": [
          2845.292507599942,
          1314.3916457815187
        ]
      },
      "properties": {
        "elevation_m": 1575.283447265625,
        "kind": "tree"
      }
    },
    {
      "type": "Feature",
      "geometry": {
        "type": "Point",
        "coordinates": [
          2625.9867094725814,
          671.4352979106151
        ]
      },
      "properties": {
        "elevation_m": 1559.06787109375,
        "kind": "tree"
      }
    },
    {
      "type": "Feature",
      "geometry": {
        "type": "Point",
        "coordinates": [
          2987.648371792941,
          253.9831388487598
        ]
      },
      "properties": {
        "elevation_m": 1434.4656982421875,
        "kind": "tree"
      }
    },
    {
      "type": "Feature",
      "geometry": {
        "type": "Point",
        "coordinates": [
          3446.14018872452,
          1836.0366670514036
        ]
      },
      "properties": {
        "elevation_m": 1361.0439453125,
        "kind": "tree"
      }
    },
    {
      "type": "Feature",
      "geometry": {
        "type": "Point",
        "coordinates": [
          3269.6021072179283,
          854.7841450923735
        ]
      },
      "properties": {
        "elevation_m": 1362.21875,
        "kind": "tree"
      }
    },
    {
      "type": "Feature",
      "geometry": {
        "type": "Point",
        "coordinates": [
          3086.287030256085,
          1874.4103371613733
        ]
      },
      "properties": {
        "elevation_m": 1461.6656494140625,
        "kind": "tree"
      }
    },
    {
      "type": "Feature",
      "geometry": {
        "type": "Point",
        "coordinates": [
          2694.0209606315784,
          1666.6425375396782
        ]
      },
      "properties": {
        "elevation_m": 1592.5545654296875,
        "kind": "tree"
      }
    },
    {
      "type": "Feature",
      "geometry": {
        "type": "Point",
        "coordinates": [
          4529.121842448792,
          520.6086012823938
        ]
      },
      "properties": {
        "elevation_m": 930.0474243164062,
        "kind": "tree"
      }
    },
    {
      "type": "Feature",
      "geometry": {
        "type": "Point",
        "coordinates": [
          2469.9889319195595,
          780.5190513453291
        ]
      },
      "properties": {
        "elevation_m": 1605.7657470703125,
        "kind": "tree"
      }
    },
    {
      "type": "Feature",
      "geometry": {
        "type": "Point",
        "coordinates": [
          3012.888046587421,
          1773.181285212445
        ]
      },
      "properties": {
        "elevation_m": 1503.6751708984375,
        "kind": "tree"
      }
    },
    {
      "type": "Feature",
      "geometry": {
        "type": "Point",
        "coordinates": [
          4656.206697139873,
          693.1683515044842
        ]
      },
      "properties": {
        "elevation_m": 951.8416748046875,
        "kind": "tree"
      }
    },
    {
      "type": "Feature",
      "geometry": {
        "type": "Point",
        "coordinates": [
          3455.9101247246304,
          2073.843882784461
        ]
      },
      "properties": {
        "elevation_m": 1370.44677734375,
        "kind": "tree"
      }
    },
    {
      "type": "Feature",
      "geometry": {
        "type": "Point",
        "coordinates": [
          3144.0032966461986,
          963.361825631247
        ]
      },
      "properties": {
        "elevation_m": 1411.1634521484375,
        "kind": "tree"
      }
    },
    {
      "type": "Feature",
      "geometry": {
        "type": "Point",
        "coordinates": [
          2321.9445942393977,
          2081.179678649083
        ]
      },
      "properties": {
        "elevation_m": 1604.1802978515625,
        "kind": "tree"
      }
    },
    {
      "type": "Feature",
      "geometry": {
        "type": "Point",
        "coordinates": [
          3487.3414609252995,
          1643.617551054943
        ]
      },
      "properties": {
        "elevation_m": 1371.022705078125,
        "kind": "tree"
      }
    },
    {
      "type": "Feature",
      "geometry": {
        "type": "Point",
        "coordinates": [
          1558.471718448427,
          1866.4120375821026
        ]
      },
      "properties": {
        "elevation_m": 1676.1494140625,
        "kind": "tree"
      }
    },
    {
      "type": "Feature",
      "geometry": {
        "type": "Point",
        "coordinates": [
          4226.612706412882,
          1496.3002646889852
        ]
      },
      "properties": {
        "elevation_m": 1096.1773681640625,
        "kind": "tree"
      }
    },
    {
      "type": "Feature",
      "geometry": {
        "type": "Point",
        "coordinates": [
          2463.5651027948525,
          554.8546671169613
        ]
      },
      "properties": {
        "elevation_m": 1572.7342529296875,
        "kind": "tree"
      }
    },
    {
      "type": "Feature",
      "geometry": {
        "type": "Point",
        "coordinates": [
          1879.2261872166182,
          1971.515328705892
        ]
      },
      "properties": {
        "elevation_m": 1665.6314697265625,
        "kind": "tree"
      }
    },
    {
      "type": "Feature",
      "geometry": {
        "type": "Point",
        "coordinates": [
          2505.0632000233745,
          955.7922395272508
        ]
      },
      "properties": {
        "elevation_m": 1612.021240234375,
        "kind": "tree"
      }
    },
    {
      "type": "Feature",
      "geometry": {
        "type": "Point",
        "coordinates": [
          2447.3654435525605,
          1476.0593611402073
        ]
      },
      "properties": {
        "elevation_m": 1653.2135009765625,
        "kind": "tree"
      }
    },
    {
      "type": "Feature",
      "geometry": {
        "type": "Point",
        "coordinates": [
          3730.693660254626,
          619.2863747606771
        ]
      },
      "properties": {
        "elevation_m": 1195.33935546875,
        "kind": "tree"
      }
    },
    {
      "type": "Feature",
      "geometry": {
        "type": "Point",
        "coordinates": [
          1355.90887808782,
          2013.9783123114598
        ]
      },
      "properties": {
        "elevation_m": 1616.4559326171875,
        "kind": "tree"
      }
    },
    {
      "type": "Feature",
      "geometry": {
        "type": "Point",
        "coordinates": [
          321.05249434291454,
          1848.1446335727287
        ]
      },
      "properties": {
        "elevation_m": 1675.1531982421875,
        "kind": "tree"
      }
    },
    {
      "type": "Feature",
      "geometry": {
        "type": "Point",
        "coordinates": [
          994.6113221020496,
          1883.3621617234658
        ]
      },
      "properties": {
        "elevation_m": 1678.6654052734375,
        "kind": "tree"
      }
    },
    {
      "type": "Feature",
      "geometry": {
        "type": "Point",
        "coordinates": [
          872.0835570242442,
          1875.4838754908992
        ]
      },
      "properties": {
        "elevation_m": 1696.3905029296875,
        "kind": "tree"
      }
    },
    {
      "type": "Feature",
      "geometry": {
        "type": "Point",
        "coordinates": [
          1101.705714711447,
          1980.2566294681387
        ]
      },
      "properties": {
        "elevation_m": 1648.748291015625,
        "kind": "tree"
      }
    },
    {
      "type": "Feature",
      "geometry": {
        "type": "Point",
        "coordinates": [
          1111.1013295869018,
          1911.158239279693
        ]
      },
      "properties": {
        "elevation_m": 1656.743408203125,
        "kind": "tree"
      }
    },
    {
      "type": "Feature",
      "geometry": {
        "type": "Point",
        "coordinates": [
          1266.575352294685,
          1989.8427869249617
        ]
      },
      "properties": {
        "elevation_m": 1630.916259765625,
        "kind": "tree"
      }
    },
    {
      "type": "Feature",
      "geometry": {
        "type": "Point",
        "coordinates": [
          510.71979828489816,
          1900.0707537220412
        ]
      },
      "properties": {
        "elevation_m": 1698.25830078125,
        "kind": "tree"
      }
    },
    {
      "type": "Feature",
      "geometry": {
        "type": "Point",
        "coordinates": [
          1348.150950232455,
          2002.5082689719002
        ]
      },
      "properties": {
        "elevation_m": 1619.281005859375,
        "kind": "tree"
      }
    },
    {
      "type": "Feature",
      "geometry": {
        "type": "Point",
        "coordinates": [
          447.7590183094212,
          1901.4680879447762
        ]
      },
      "properties": {
        "elevation_m": 1687.69970703125,
        "kind": "tree"
      }
    },
    {
      "type": "Feature",
      "geometry": {
        "type": "Point",
        "coordinates": [
          917.3816680524319,
          1927.1377311994622
        ]
      },
      "properties": {
        "elevation_m": 1684.4556884765625,
        "kind": "tree"
      }
    },
    {
      "type": "Feature",
      "geometry": {
        "type": "Point",
        "coordinates": [
          3767.5434421717046,
          1068.9809731454575
        ]
      },
      "properties": {
        "elevation_m": 1222.617919921875,
        "kind": "tree"
      }
    },
    {
      "type": "Feature",
      "geometry": {
        "type": "Point",
        "coordinates": [
          3840.107606597213,
          913.9568398614538
        ]
      },
      "properties": {
        "elevation_m": 1181.315673828125,
        "kind": "tree"
      }
    },
    {
      "type": "Feature",
      "geometry": {
        "type": "Point",
        "coordinates": [
          3665.094920851758,
          1039.4266534389917
        ]
      },
      "properties": {
        "elevation_m": 1261.1287841796875,
        "kind": "tree"
      }
    },
    {
      "type": "Feature",
      "geometry": {
        "type": "Point",
        "coordinates": [
          1915.2368236334742,
          1991.3214307651876
        ]
      },
      "properties": {
        "elevation_m": 1659.325927734375,
        "kind": "tree"
      }
    },
    {
      "type": "Feature",
      "geometry": {
        "type": "Point",
        "coordinates": [
          1523.1224894349787,
          2291.015794815385
        ]
      },
      "properties": {
        "elevation_m": 1491.42919921875,
        "kind": "tree"
      }
    },
    {
      "type": "Feature",
      "geometry": {
        "type": "Point",
        "coordinates": [
          3198.114253089994,
          564.8264484326802
        ]
      },
      "properties": {
        "elevation_m": 1410.21826171875,
        "kind": "tree"
      }
    },
    {
      "type": "Feature",
      "geometry": {
        "type": "Point",
        "coordinates": [
          3851.1168293100945,
          2466.470326469991
        ]
      },
      "properties": {
        "elevation_m": 1247.38037109375,
        "kind": "tree"
      }
    },
    {
      "type": "Feature",
      "geometry": {
        "type": "Point",
        "coordinates": [
          669.7612975175016,
          563.8066492845951
        ]
      },
      "properties": {
        "elevation_m": 1623.3795166015625,
        "kind": "tree"
      }
    },
    {
      "type": "Feature",
      "geometry": {
        "type": "Point",
        "coordinates": [
          4632.251995418923,
          878.0035307010535
        ]
      },
      "properties": {
        "elevation_m": 998.2825927734375,
        "kind": "tree"
      }
    },
    {
      "type": "Feature",
      "geometry": {
        "type": "Point",
        "coordinates": [
          4363.786079910503,
          792.6389232527644
        ]
      },
      "properties": {
        "elevation_m": 998.095703125,
        "kind": "tree"
      }
    },
    {
      "type": "Feature",
      "geometry": {
        "type": "Point",
        "coordinates": [
          3871.7363370231255,
          121.49491399842134
        ]
      },
      "properties": {
        "elevation_m": 1105.0863037109375,
        "kind": "tree"
      }
    },
    {
      "type": "Feature",
      "geometry": {
        "type": "Point",
        "coordinates": [
          3628.591267381361,
          2227.5489452888614
        ]
      },
      "properties": {
        "elevation_m": 1342.2945556640625,
        "kind": "tree"
      }
    },
    {
      "type": "Feature",
      "geometry": {
        "type": "Point",
        "coordinates": [
          1586.5444813001277,
          1333.842746097669
        ]
      },
      "properties": {
        "elevation_m": 1687.3543701171875,
        "kind": "tree"
      }
    },
    {
      "type": "Feature",
      "geometry": {
        "type": "Point",
        "coordinates": [
          2031.0975156632226,
          1855.3658558182015
        ]
      },
      "properties": {
        "elevation_m": 1671.3778076171875,
        "kind": "tree"
      }
    },
    {
      "type": "Feature",
      "geometry": {
        "type": "Point",
        "coordinates": [
          3824.8689092817403,
          2646.7375485910966
        ]
      },
      "properties": {
        "elevation_m": 1235.58935546875,
        "kind": "tree"
      }
    },
    {
      "type": "Feature",
      "geometry": {
        "type": "Point",
        "coordinates": [
          2817.6488239728565,
          1819.9216053021894
        ]
      },
      "properties": {
        "elevation_m": 1559.2940673828125,
        "kind": "tree"
      }
    },
    {
      "type": "Feature",
      "geometry": {
        "type": "Point",
        "coordinates": [
          4607.265864236857,
          1362.939979988307
        ]
      },
      "properties": {
        "elevation_m": 990.59326171875,
        "kind": "tree"
      }
    },
    {
      "type": "Feature",
      "geometry": {
        "type": "Point",
        "coordinates": [
          1946.9804854178033,
          557.2349951128421
        ]
      },
      "properties": {
        "elevation_m": 1583.5072021484375,
        "kind": "tree"
      }
    },
    {
      "type": "Feature",
      "geometry": {
        "type": "Point",
        "coordinates": [
          1149.7090310242709,
          2393.764346162329
        ]
      },
      "properties": {
        "elevation_m": 1420.0845947265625,
        "kind": "tree"
      }
    },
    {
      "type": "Feature",
      "geometry": {
        "type": "Point",
        "coordinates": [
          306.9014098369381,
          736.5345963956778
        ]
      },
      "properties": {
        "elevation_m": 1698.7674560546875,
        "kind": "tree"
      }
    },
    {
      "type": "Feature",
      "geometry": {
        "type": "Point",
        "coordinates": [
          3790.458492498836,
          2560.547208507061
        ]
      },
      "properties": {
        "elevation_m": 1268.7890625,
        "kind": "tree"
      }
    },
    {
      "type": "Feature",
      "geometry": {
        "type": "Point",
        "coordinates": [
          4656.829761511803,
          1739.8465887539653
        ]
      },
      "properties": {
        "elevation_m": 976.78369140625,
        "kind": "tree"
      }
    },
    {
      "type": "Feature",
      "geometry": {
        "type": "Point",
        "coordinates": [
          4546.475522163443,
          685.911751158594
        ]
      },
      "properties": {
        "elevation_m": 967.7039184570312,
        "kind": "tree"
      }
    },
    {
      "type": "Feature",
      "geometry": {
        "type": "Point",
        "coordinates": [
          818.7972170120311,
          1149.7075273994649
        ]
      },
      "properties": {
        "elevation_m": 1652.14501953125,
        "kind": "tree"
      }
    },
    {
      "type": "Feature",
      "geometry": {
        "type": "Point",
        "coordinates": [
          3008.8337664922897,
          1094.780974299657
        ]
      },
      "properties": {
        "elevation_m": 1499.118896484375,
        "kind": "tree"
      }
    },
    {
      "type": "Feature",
      "geometry": {
        "type": "Point",
        "coordinates": [
          4202.243390594793,
          352.13233495706345
        ]
      },
      "properties": {
        "elevation_m": 1031.097412109375,
        "kind": "tree"
      }
    },
    {
      "type": "Feature",
      "geometry": {
        "type": "Point",
        "coordinates": [
          3851.7244987642403,
          2303.369647686757
        ]
      },
      "properties": {
        "elevation_m": 1268.119384765625,
        "kind": "tree"
      }
    },
    {
      "type": "Feature",
      "geometry": {
        "type": "Point",
        "coordinates": [
          4483.6241470242885,
          400.47775877124207
        ]
      },
      "properties": {
        "elevation_m": 925.5872192382812,
        "kind": "tree"
      }
    },
    {
      "type": "Feature",
      "geometry": {
        "type": "Point",
        "coordinates": [
          2324.883301149623,
          1038.6858263502374
        ]
      },
      "properties": {
        "elevation_m": 1643.4014892578125,
        "kind": "tree"
      }
    },
    {
      "type": "Feature",
      "geometry": {
        "type": "Point",
        "coordinates": [
          3211.6757618118645,
          594.9032217078394
        ]
      },
      "properties": {
        "elevation_m": 1399.1798095703125,
        "kind": "tree"
      }
    },
    {
      "type": "Feature",
      "geometry": {
        "type": "Point",
        "coordinates": [
          3089.941514771844,
          2091.936429370022
        ]
      },
      "properties": {
        "elevation_m": 1452.35888671875,
        "kind": "tree"
      }
    },
    {
      "type": "Feature",
      "geometry": {
        "type": "Point",
        "coordinates": [
          561.0477933121551,
          2230.019898880641
        ]
      },
      "properties": {
        "elevation_m": 1521.00537109375,
        "kind": "tree"
      }
    },
    {
      "type": "Feature",
      "geometry": {
        "type": "Point",
        "coordinates": [
          4498.927519773289,
          2126.1272891279546
        ]
      },
      "properties": {
        "elevation_m": 1036.9786376953125,
        "kind": "tree"
      }
    },
    {
      "type": "Feature",
      "geometry": {
        "type": "Point",
        "coordinates": [
          1649.5702948008104,
          2645.88187084807
        ]
      },
      "properties": {
        "elevation_m": 1347.7559814453125,
        "kind": "tree"
      }
    },
    {
      "type": "Feature",
      "geometry": {
        "type": "Point",
        "coordinates": [
          4119.764496542365,
          2303.4074282345114
        ]
      },
      "properties": {
        "elevation_m": 1138.1883544921875,
        "kind": "tree"
      }
    },
    {
      "type": "Feature",
      "geometry": {
        "type": "Point",
        "coordinates": [
          3540.484288526088,
          1809.2306412127984
        ]
      },
      "properties": {
        "elevation_m": 1342.6666259765625,
        "kind": "tree"
      }
    },
    {
      "type": "Feature",
      "geometry": {
        "type": "Point",
        "coordinates": [
          3916.957936702383,
          2578.5372777632765
        ]
      },
      "properties": {
        "elevation_m": 1193.02783203125,
        "kind": "tree"
      }
    },
    {
      "type": "Feature",
      "geometry": {
        "type": "Point",
        "coordinates": [
          3563.5715747276495,
          260.56247616972377
        ]
      },
      "properties": {
        "elevation_m": 1216.5423583984375,
        "kind": "tree"
      }
    },
    {
      "type": "Feature",
      "geometry": {
        "type": "Point",
        "coordinates": [
          176.75327378580147,
          346.5725682907573
        ]
      },
      "properties": {
        "elevation_m": 1722.24267578125,
        "kind": "tree"
      }
    },
    {
      "type": "Feature",
      "geometry": {
        "type": "Point",
        "coordinates": [
          3314.7611844626526,
          240.10781124615212
        ]
      },
      "properties": {
        "elevation_m": 1292.6090087890625,
        "kind": "tree"
      }
    },
    {
      "type": "Feature",
      "geometry": {
        "type": "Point",
        "coordinates": [
          1586.1301075275924,
          2269.134649087988
        ]
      },
      "properties": {
        "elevation_m": 1517.039794921875,
        "kind": "tree"
      }
    },
    {
      "type": "Feature",
      "geometry": {
        "type": "Point",
        "coordinates": [
          1412.865609460494,
          774.3144510040864
        ]
      },
      "properties": {
        "elevation_m": 1644.50244140625,
        "kind": "tree"
      }
    },
    {
      "type": "Feature",
      "geometry": {
        "type": "Point",
        "coordinates": [
          2617.508719900039,
          127.6689435092019
        ]
      },
      "properties": {
        "elevation_m": 1501.47802734375,
        "kind": "tree"
      }
    },
    {
      "type": "Feature",
      "geometry": {
        "type": "Point",
        "coordinates": [
          2484.7300247995026,
          2255.732015049388
        ]
      },
      "properties": {
        "elevation_m": 1549.7061767578125,
        "kind": "tree"
      }
    },
    {
      "type": "Feature",
      "geometry": {
        "type": "Point",
        "coordinates": [
          4224.877547036705,
          885.4008987531117
        ]
      },
      "properties": {
        "elevation_m": 1034.5467529296875,
        "kind": "tree"
      }
    },
    {
      "type": "Feature",
      "geometry": {
        "type": "Point",
        "coordinates": [
          3098.7450827773396,
          1302.4642789066133
        ]
      },
      "properties": {
        "elevation_m": 1485.91748046875,
        "kind": "tree"
      }
    },
    {
      "type": "Feature",
      "geometry": {
        "type": "Point",
        "coordinates": [
          1662.7304024503555,
          2462.67252626386
        ]
      },
      "properties": {
        "elevation_m": 1422.775146484375,
        "kind": "tree"
      }
    },
    {
      "type": "Feature",
      "geometry": {
        "type": "Point",
        "coordinates": [
          1034.2270189538006,
          1556.0237721416092
        ]
      },
      "properties": {
        "elevation_m": 1716.0220947265625,
        "kind": "tree"
      }
    },
    {
      "type": "Feature",
      "geometry": {
        "type": "Point",
        "coordinates": [
          3724.7839293986735,
          2427.817596670905
        ]
      },
      "properties": {
        "elevation_m": 1319.5179443359375,
        "kind": "tree"
      }
    },
    {
      "type": "Feature",
      "geometry": {
        "type": "Point",
        "coordinates": [
          427.9107031832684,
          2615.4310445283945
        ]
      },
      "properties": {
        "elevation_m": 1504.54638671875,
        "kind": "tree"
      }
    },
    {
      "type": "Feature",
      "geometry": {
        "type": "Point",
        "coordinates": [
          1629.2351638718133,
          87.58297414969311
        ]
      },
      "properties": {
        "elevation_m": 1382.921142578125,
        "kind": "tree"
      }
    },
    {
      "type": "Feature",
      "geometry": {
        "type": "Point",
        "coordinates": [
          3578.234000286262,
          591.4823500014229
        ]
      },
      "properties": {
        "elevation_m": 1262.2423095703125,
        "kind": "tree"
      }
    },
    {
      "type": "Feature",
      "geometry": {
        "type": "Point",
        "coordinates": [
          1161.5776367146493,
          831.4614109954193
        ]
      },
      "properties": {
        "elevation_m": 1632.0950927734375,
        "kind": "tree"
      }
    },
    {
      "type": "Feature",
      "geometry": {
        "type": "Point",
        "coordinates": [
          724.9974232581029,
          2260.9427363789036
        ]
      },
      "properties": {
        "elevation_m": 1506.600830078125,
        "kind": "tree"
      }
    },
    {
      "type": "Feature",
      "geometry": {
        "type": "Point",
        "coordinates": [
          3523.3747398383325,
          2642.3414234357238
        ]
      },
      "properties": {
        "elevation_m": 1326.455810546875,
        "kind": "tree"
      }
    },
    {
      "type": "Feature",
      "geometry": {
        "type": "Point",
        "coordinates": [
          3904.6318709115485,
          1715.7110114341463
        ]
      },
      "properties": {
        "elevation_m": 1218.2193603515625,
        "kind": "tree"
      }
    },
    {
      "type": "Feature",
      "geometry": {
        "type": "Point",
        "coordinates": [
          1000.3899867616223,
          1048.687143903323
        ]
      },
      "properties": {
        "elevation_m": 1642.1973876953125,
        "kind": "tree"
      }
    },
    {
      "type": "Feature",
      "geometry": {
        "type": "Point",
        "coordinates": [
          4502.784943314062,
          1515.9983882976662
        ]
      },
      "properties": {
        "elevation_m": 994.3585205078125,
        "kind": "tree"
      }
    },
    {
      "type": "Feature",
      "geometry": {
        "type": "Point",
        "coordinates": [
          1009.3280893203452,
          581.4031518603906
        ]
      },
      "properties": {
        "elevation_m": 1554.365234375,
        "kind": "tree"
      }
    },
    {
      "type": "Feature",
      "geometry": {
        "type": "Point",
        "coordinates": [
          4483.8710466405955,
          1823.087480622807
        ]
      },
      "properties": {
        "elevation_m": 1023.5594482421875,
        "kind": "tree"
      }
    },
    {
      "type": "Feature",
      "geometry": {
        "type": "Point",
        "coordinates": [
          893.269782956286,
          1653.395224087985
        ]
      },
      "properties": {
        "elevation_m": 1711.1260986328125,
        "kind": "tree"
      }
    },
    {
      "type": "Feature",
      "geometry": {
        "type": "Point",
        "coordinates": [
          2953.8460623278493,
          252.4536091661225
        ]
      },
      "properties": {
        "elevation_m": 1446.7327880859375,
        "kind": "tree"
      }
    },
    {
      "type": "Feature",
      "geometry": {
        "type": "Point",
        "coordinates": [
          125.45178544018577,
          2389.775027546334
        ]
      },
      "properties": {
        "elevation_m": 1664.1951904296875,
        "kind": "tree"
      }
    },
    {
      "type": "Feature",
      "geometry": {
        "type": "Point",
        "coordinates": [
          952.101466610352,
          1380.8998900267306
        ]
      },
      "properties": {
        "elevation_m": 1699.9761962890625,
        "kind": "tree"
      }
    },
    {
      "type": "Feature",
      "geometry": {
        "type": "Point",
        "coordinates": [
          1577.426040028479,
          556.3371971049006
        ]
      },
      "properties": {
        "elevation_m": 1621.0076904296875,
        "kind": "tree"
      }
    },
    {
      "type": "Feature",
      "geometry": {
        "type": "Point",
        "coordinates": [
          731.0534396318493,
          1313.2392079876909
        ]
      },
      "properties": {
        "elevation_m": 1677.2767333984375,
        "kind": "tree"
      }
    },
    {
      "type": "Feature",
      "geometry": {
        "type": "Point",
        "coordinates": [
          4551.203956283455,
          1646.024431947156
        ]
      },
      "properties": {
        "elevation_m": 1003.8900756835938,
        "kind": "tree"
      }
    },
    {
      "type": "Feature",
      "geometry": {
        "type": "Point",
        "coordinates": [
          4218.482471933342,
          2358.611984079588
        ]
      },
      "properties": {
        "elevation_m": 1092.4364013671875,
        "kind": "tree"
      }
    },
    {
      "type": "Feature",
      "geometry": {
        "type": "Point",
        "coordinates": [
          4343.106973666698,
          2482.7070193350437
        ]
      },
      "properties": {
        "elevation_m": 1059.2293701171875,
        "kind": "tree"
      }
    },
    {
      "type": "Feature",
      "geometry": {
        "type": "Point",
        "coordinates": [
          1605.3415290380844,
          1476.860124697795
        ]
      },
      "properties": {
        "elevation_m": 1695.330810546875,
        "kind": "tree"
      }
    },
    {
      "type": "Feature",
      "geometry": {
        "type": "Point",
        "coordinates": [
          2260.478159623823,
          1141.7367230174802
        ]
      },
      "properties": {
        "elevation_m": 1654.034423828125,
        "kind": "tree"
      }
    },
    {
      "type": "Feature",
      "geometry": {
        "type": "Point",
        "coordinates": [
          881.5716714574272,
          2219.6234846001
        ]
      },
      "properties": {
        "elevation_m": 1523.2755126953125,
        "kind": "tree"
      }
    },
    {
      "type": "Feature",
      "geometry": {
        "type": "Point",
        "coordinates": [
          2150.554665247544,
          1337.2536950115825
        ]
      },
      "properties": {
        "elevation_m": 1666.3472900390625,
        "kind": "tree"
      }
    },
    {
      "type": "Feature",
      "geometry": {
        "type": "Point",
        "coordinates": [
          2839.6131045331917,
          1270.6012209486769
        ]
      },
      "properties": {
        "elevation_m": 1574.1243896484375,
        "kind": "tree"
      }
    },
    {
      "type": "Feature",
      "geometry": {
        "type": "Point",
        "coordinates": [
          801.9680388096122,
          1797.0236621870433
        ]
      },
      "properties": {
        "elevation_m": 1711.1142578125,
        "kind": "tree"
      }
    },
    {
      "type": "Feature",
      "geometry": {
        "type": "Point",
        "coordinates": [
          3650.8347686112184,
          2034.427895062105
        ]
      },
      "properties": {
        "elevation_m": 1335.6448974609375,
        "kind": "tree"
      }
    },
    {
      "type": "Feature",
      "geometry": {
        "type": "Point",
        "coordinates": [
          1971.2280022015573,
          693.6111018490838
        ]
      },
      "properties": {
        "elevation_m": 1602.1859130859375,
        "kind": "tree"
      }
    },
    {
      "type": "Feature",
      "geometry": {
        "type": "Point",
        "coordinates": [
          3035.776576235678,
          2720.3684678198288
        ]
      },
      "properties": {
        "elevation_m": 1335.0853271484375,
        "kind": "tree"
      }
    },
    {
      "type": "Feature",
      "geometry": {
        "type": "Point",
        "coordinates": [
          3023.9537030835972,
          1435.0059942094524
        ]
      },
      "properties": {
        "elevation_m": 1520.028564453125,
        "kind": "tree"
      }
    },
    {
      "type": "Feature",
      "geometry": {
        "type": "Point",
        "coordinates": [
          3306.9937586241776,
          1056.542278350654
        ]
      },
      "properties": {
        "elevation_m": 1382.94287109375,
        "kind": "tree"
      }
    },
    {
      "type": "Feature",
      "geometry": {
        "type": "Point",
        "coordinates": [
          425.0856512157924,
          2430.6237983402903
        ]
      },
      "properties": {
        "elevation_m": 1467.1929931640625,
        "kind": "tree"
      }
    },
    {
      "type": "Feature",
      "geometry": {
        "type": "Point",
        "coordinates": [
          2215.114553746122,
          2688.0359007529746
        ]
      },
      "properties": {
        "elevation_m": 1468.5882568359375,
        "kind": "tree"
      }
    },
    {
      "type": "Feature",
      "geometry": {
        "type": "Point",
        "coordinates": [
          4463.379918594621,
          2009.7026731767744
        ]
      },
      "properties": {
        "elevation_m": 1034.9764404296875,
        "kind": "tree"
      }
    },
    {
      "type": "Feature",
      "geometry": {
        "type": "Point",
        "coordinates": [
          4746.371804110721,
          1687.7518496164378
        ]
      },
      "properties": {
        "elevation_m": 955.5654296875,
        "kind": "tree"
      }
    },
    {
      "type": "Feature",
      "geometry": {
        "type": "Point",
        "coordinates": [
          243.81393732037617,
          212.83748316840433
        ]
      },
      "properties": {
        "elevation_m": 1669.3438720703125,
        "kind": "tree"
      }
    },
    {
      "type": "Feature",
      "geometry": {
        "type": "Point",
        "coordinates": [
          2656.274071300265,
          2684.2771281857367
        ]
      },
      "properties": {
        "elevation_m": 1407.32666015625,
        "kind": "tree"
      }
    },
    {
      "type": "Feature",
      "geometry": {
        "type": "Point",
        "coordinates": [
          3319.226688430748,
          1906.9920090929506
        ]
      },
      "properties": {
        "elevation_m": 1399.2744140625,
        "kind": "tree"
      }
    },
    {
      "type": "Feature",
      "geometry": {
        "type": "Point",
        "coordinates": [
          860.4861086717016,
          2403.5440833227535
        ]
      },
      "properties": {
        "elevation_m": 1437.52392578125,
        "kind": "tree"
      }
    },
    {
      "type": "Feature",
      "geometry": {
        "type": "Point",
        "coordinates": [
          534.1807237760872,
          245.8165789962514
        ]
      },
      "properties": {
        "elevation_m": 1639.070556640625,
        "kind": "tree"
      }
    },
    {
      "type": "Feature",
      "geometry": {
        "type": "Point",
        "coordinates": [
          4114.2899687324925,
          2637.666852806772
        ]
      },
      "properties": {
        "elevation_m": 1103.801025390625,
        "kind": "tree"
      }
    },
    {
      "type": "Feature",
      "geometry": {
        "type": "Point",
        "coordinates": [
          3924.3484922811936,
          2067.510864485002
        ]
      },
      "properties": {
        "elevation_m": 1247.7261962890625,
        "kind": "tree"
      }
    },
    {
      "type": "Feature",
      "geometry": {
        "type": "Point",
        "coordinates": [
          1188.8180008040722,
          2341.9105807226692
        ]
      },
      "properties": {
        "elevation_m": 1441.9755859375,
        "kind": "tree"
      }
    },
    {
      "type": "Feature",
      "geometry": {
        "type": "Point",
        "coordinates": [
          921.6557864300017,
          875.0530192086694
        ]
      },
      "properties": {
        "elevation_m": 1582.474365234375,
        "kind": "tree"
      }
    },
    {
      "type": "Feature",
      "geometry": {
        "type": "Point",
        "coordinates": [
          1495.4092994043285,
          2660.1414081929165
        ]
      },
      "properties": {
        "elevation_m": 1364.774169921875,
        "kind": "tree"
      }
    },
    {
      "type": "Feature",
      "geometry": {
        "type": "Point",
        "coordinates": [
          3360.586912953948,
          1076.18874360858
        ]
      },
      "properties": {
        "elevation_m": 1372.9232177734375,
        "kind": "tree"
      }
    },
    {
      "type": "Feature",
      "geometry": {
        "type": "Point",
        "coordinates": [
          1033.1136305665682,
          2180.4201658731445
        ]
      },
      "properties": {
        "elevation_m": 1547.579345703125,
        "kind": "tree"
      }
    },
    {
      "type": "Feature",
      "geometry": {
        "type": "Point",
        "coordinates": [
          180.8921841988467,
          71.34963927682604
        ]
      },
      "properties": {
        "elevation_m": 1599.505126953125,
        "kind": "tree"
      }
    },
    {
      "type": "Feature",
      "geometry": {
        "type": "Point",
        "coordinates": [
          106.50625163214619,
          2570.1882125632546
        ]
      },
      "properties": {
        "elevation_m": 1820.0875244140625,
        "kind": "tree"
      }
    },
    {
      "type": "Feature",
      "geometry": {
        "type": "Point",
        "coordinates": [
          1589.0385533793108,
          1438.8985663099422
        ]
      },
      "properties": {
        "elevation_m": 1691.235107421875,
        "kind": "tree"
      }
    },
    {
      "type": "Feature",
      "geometry": {
        "type": "Point",
        "coordinates": [
          699.5854522956745,
          1457.079032848099
        ]
      },
      "properties": {
        "elevation_m": 1697.8851318359375,
        "kind": "tree"
      }
    },
    {
      "type": "Feature",
      "geometry": {
        "type": "Point",
        "coordinates": [
          998.3682731114311,
          2021.2321989354932
        ]
      },
      "properties": {
        "elevation_m": 1645.8837890625,
        "kind": "tree"
      }
    },
    {
      "type": "Feature",
      "geometry": {
        "type": "Point",
        "coordinates": [
          1720.7677715560403,
          1390.0144685877647
        ]
      },
      "properties": {
        "elevation_m": 1690.1502685546875,
        "kind": "tree"
      }
    },
    {
      "type": "Feature",
      "geometry": {
        "type": "Point",
        "coordinates": [
          2495.6417827753853,
          1109.4434959917671
        ]
      },
      "properties": {
        "elevation_m": 1627.812255859375,
        "kind": "tree"
      }
    },
    {
      "type": "Feature",
      "geometry": {
        "type": "Point",
        "coordinates": [
          2638.2553395175023,
          2445.485292918736
        ]
      },
      "properties": {
        "elevation_m": 1492.102294921875,
        "kind": "tree"
      }
    },
    {
      "type": "Feature",
      "geometry": {
        "type": "Point",
        "coordinates": [
          4242.791643281746,
          2153.0315272280013
        ]
      },
      "properties": {
        "elevation_m": 1106.8221435546875,
        "kind": "tree"
      }
    },
    {
      "type": "Feature",
      "geometry": {
        "type": "Point",
        "coordinates": [
          183.4630232709559,
          2295.013701913387
        ]
      },
      "properties": {
        "elevation_m": 1557.2425537109375,
        "kind": "tree"
      }
    },
    {
      "type": "Feature",
      "geometry": {
        "type": "Point",
        "coordinates": [
          3226.2071933684974,
          253.45572945079334
        ]
      },
      "properties": {
        "elevation_m": 1326.10107421875,
        "kind": "tree"
      }
    },
    {
      "type": "Feature",
      "geometry": {
        "type": "Point",
        "coordinates": [
          3611.122117156074,
          1896.515706523846
        ]
      },
      "properties": {
        "elevation_m": 1323.375,
        "kind": "tree"
      }
    },
    {
      "type": "Feature",
      "geometry": {
        "type": "Point",
        "coordinates": [
          3479.5569642140863,
          1025.844663663713
        ]
      },
      "properties": {
        "elevation_m": 1339.88720703125,
        "kind": "tree"
      }
    },
    {
      "type": "Feature",
      "geometry": {
        "type": "Point",
        "coordinates": [
          50.25040743927491,
          2577.558583496221
        ]
      },
      "properties": {
        "elevation_m": 1845.4468994140625,
        "kind": "tree"
      }
    },
    {
      "type": "Feature",
      "geometry": {
        "type": "Point",
        "coordinates": [
          939.5559272384108,
          338.04640337271417
        ]
      },
      "properties": {
        "elevation_m": 1529.22412109375,
        "kind": "tree"
      }
    },
    {
      "type": "Feature",
      "geometry": {
        "type": "Point",
        "coordinates": [
          3043.7156021418573,
          1613.5845704500023
        ]
      },
      "properties": {
        "elevation_m": 1508.5228271484375,
        "kind": "tree"
      }
    },
    {
      "type": "Feature",
      "geometry": {
        "type": "Point",
        "coordinates": [
          1248.290748197427,
          65.36357204657949
        ]
      },
      "properties": {
        "elevation_m": 1443.29345703125,
        "kind": "tree"
      }
    },
    {
      "type": "Feature",
      "geometry": {
        "type": "Point",
        "coordinates": [
          107.7586272994146,
          889.1537647388606
        ]
      },
      "properties": {
        "elevation_m": 1747.3839111328125,
        "kind": "tree"
      }
    },
    {
      "type": "Feature",
      "geometry": {
        "type": "Point",
        "coordinates": [
          462.2423777477493,
          2610.299342051624
        ]
      },
      "properties": {
        "elevation_m": 1491.703125,
        "kind": "tree"
      }
    },
    {
      "type": "Feature",
      "geometry": {
        "type": "Point",
        "coordinates": [
          2837.091079786805,
          1949.8970981039195
        ]
      },
      "properties": {
        "elevation_m": 1534.662353515625,
        "kind": "tree"
      }
    },
    {
      "type": "Feature",
      "geometry": {
        "type": "Point",
        "coordinates": [
          2955.50747342503,
          980.9129315871032
        ]
      },
      "properties": {
        "elevation_m": 1481.41015625,
        "kind": "tree"
      }
    },
    {
      "type": "Feature",
      "geometry": {
        "type": "Point",
        "coordinates": [
          2514.1490082887676,
          2342.342908223109
        ]
      },
      "properties": {
        "elevation_m": 1527.498046875,
        "kind": "tree"
      }
    },
    {
      "type": "Feature",
      "geometry": {
        "type": "Point",
        "coordinates": [
          460.38545732697526,
          551.7873132762217
        ]
      },
      "properties": {
        "elevation_m": 1653.2012939453125,
        "kind": "tree"
      }
    },
    {
      "type": "Feature",
      "geometry": {
        "type": "Point",
        "coordinates": [
          2290.5667487334367,
          1194.0557172279223
        ]
      },
      "properties": {
        "elevation_m": 1654.5228271484375,
        "kind": "tree"
      }
    },
    {
      "type": "Feature",
      "geometry": {
        "type": "Point",
        "coordinates": [
          3747.7353434611878,
          946.7609635510798
        ]
      },
      "properties": {
        "elevation_m": 1226.2861328125,
        "kind": "tree"
      }
    },
    {
      "type": "Feature",
      "geometry": {
        "type": "Point",
        "coordinates": [
          4226.46751642525,
          1248.1365558489772
        ]
      },
      "properties": {
        "elevation_m": 1073.2530517578125,
        "kind": "tree"
      }
    },
    {
      "type": "Feature",
      "geometry": {
        "type": "Point",
        "coordinates": [
          810.7011278862714,
          347.18256093573564
        ]
      },
      "properties": {
        "elevation_m": 1541.505126953125,
        "kind": "tree"
      }
    },
    {
      "type": "Feature",
      "geometry": {
        "type": "Point",
        "coordinates": [
          2127.2131870018334,
          2084.9417777304843
        ]
      },
      "properties": {
        "elevation_m": 1613.346923828125,
        "kind": "tree"
      }
    },
    {
      "type": "Feature",
      "geometry": {
        "type": "Point",
        "coordinates": [
          1634.7478265337643,
          513.2183816864349
        ]
      },
      "properties": {
        "elevation_m": 1601.7056884765625,
        "kind": "tree"
      }
    },
    {
      "type": "Feature",
      "geometry": {
        "type": "Point",
        "coordinates": [
          4272.22432926425,
          800.202481892609
        ]
      },
      "properties": {
        "elevation_m": 1014.5941162109375,
        "kind": "tree"
      }
    },
    {
      "type": "Feature",
      "geometry": {
        "type": "Point",
        "coordinates": [
          615.7205399093853,
          2351.652669962333
        ]
      },
      "properties": {
        "elevation_m": 1465.4473876953125,
        "kind": "tree"
      }
    },
    {
      "type": "Feature",
      "geometry": {
        "type": "Point",
        "coordinates": [
          4635.392271739137,
          1151.913937379985
        ]
      },
      "properties": {
        "elevation_m": 1012.003173828125,
        "kind": "tree"
      }
    },
    {
      "type": "Feature",
      "geometry": {
        "type": "Point",
        "coordinates": [
          1541.614730438864,
          2018.5265921880516
        ]
      },
      "properties": {
        "elevation_m": 1647.0787353515625,
        "kind": "tree"
      }
    },
    {
      "type": "Feature",
      "geometry": {
        "type": "Point",
        "coordinates": [
          2376.832834036716,
          1283.1071852850346
        ]
      },
      "properties": {
        "elevation_m": 1640.1982421875,
        "kind": "tree"
      }
    },
    {
      "type": "Feature",
      "geometry": {
        "type": "Point",
        "coordinates": [
          952.0695242256267,
          259.7993575702319
        ]
      },
      "properties": {
        "elevation_m": 1474.259765625,
        "kind": "tree"
      }
    },
    {
      "type": "Feature",
      "geometry": {
        "type": "Point",
        "coordinates": [
          375.3699397719712,
          2336.274870067883
        ]
      },
      "properties": {
        "elevation_m": 1483.570556640625,
        "kind": "tree"
      }
    },
    {
      "type": "Feature",
      "geometry": {
        "type": "Point",
        "coordinates": [
          4119.082002032722,
          2533.578570539994
        ]
      },
      "properties": {
        "elevation_m": 1103.3583984375,
        "kind": "tree"
      }
    },
    {
      "type": "Feature",
      "geometry": {
        "type": "Point",
        "coordinates": [
          530.3317675669531,
          2608.6568319740854
        ]
      },
      "properties": {
        "elevation_m": 1469.3779296875,
        "kind": "tree"
      }
    },
    {
      "type": "Feature",
      "geometry": {
        "type": "Point",
        "coordinates": [
          1594.3907337568703,
          456.18601443720536
        ]
      },
      "properties": {
        "elevation_m": 1601.2322998046875,
        "kind": "tree"
      }
    },
    {
      "type": "Feature",
      "geometry": {
        "type": "Point",
        "coordinates": [
          2148.733874588327,
          1271.699278729013
        ]
      },
      "properties": {
        "elevation_m": 1661.4566650390625,
        "kind": "tree"
      }
    },
    {
      "type": "Feature",
      "geometry": {
        "type": "Point",
        "coordinates": [
          836.2247031624926,
          293.0835751601202
        ]
      },
      "properties": {
        "elevation_m": 1512.3306884765625,
        "kind": "tree"
      }
    },
    {
      "type": "Feature",
      "geometry": {
        "type": "Point",
        "coordinates": [
          400.29994821303376,
          1702.653107612552
        ]
      },
      "properties": {
        "elevation_m": 1730.6832275390625,
        "kind": "tree"
      }
    },
    {
      "type": "Feature",
      "geometry": {
        "type": "Point",
        "coordinates": [
          3797.1418262600473,
          696.0583933844582
        ]
      },
      "properties": {
        "elevation_m": 1174.3768310546875,
        "kind": "tree"
      }
    },
    {
      "type": "Feature",
      "geometry": {
        "type": "Point",
        "coordinates": [
          62.00855902800385,
          2318.910496952807
        ]
      },
      "properties": {
        "elevation_m": 1660.80908203125,
        "kind": "tree"
      }
    },
    {
      "type": "Feature",
      "geometry": {
        "type": "Point",
        "coordinates": [
          1108.7556186660504,
          411.6314471429515
        ]
      },
      "properties": {
        "elevation_m": 1531.2281494140625,
        "kind": "tree"
      }
    },
    {
      "type": "Feature",
      "geometry": {
        "type": "Point",
        "coordinates": [
          1063.4990981047822,
          1519.5913294491247
        ]
      },
      "properties": {
        "elevation_m": 1718.5799560546875,
        "kind": "tree"
      }
    },
    {
      "type": "Feature",
      "geometry": {
        "type": "Point",
        "coordinates": [
          395.320995789814,
          955.2850792675903
        ]
      },
      "properties": {
        "elevation_m": 1631.43896484375,
        "kind": "tree"
      }
    },
    {
      "type": "Feature",
      "geometry": {
        "type": "Point",
        "coordinates": [
          1091.0477416510007,
          1618.3711643062695
        ]
      },
      "properties": {
        "elevation_m": 1707.5150146484375,
        "kind": "tree"
      }
    },
    {
      "type": "Feature",
      "geometry": {
        "type": "Point",
        "coordinates": [
          3948.346096509229,
          2538.009702970856
        ]
      },
      "properties": {
        "elevation_m": 1185.4393310546875,
        "kind": "tree"
      }
    },
    {
      "type": "Feature",
      "geometry": {
        "type": "Point",
        "coordinates": [
          138.99938019532826,
          2465.8716999352037
        ]
      },
      "properties": {
        "elevation_m": 1736.4056396484375,
        "kind": "tree"
      }
    },
    {
      "type": "Feature",
      "geometry": {
        "type": "Point",
        "coordinates": [
          943.2539939405194,
          2549.5992985105536
        ]
      },
      "properties": {
        "elevation_m": 1400.9864501953125,
        "kind": "tree"
      }
    },
    {
      "type": "Feature",
      "geometry": {
        "type": "Point",
        "coordinates": [
          3072.983656996275,
          2003.8863200868377
        ]
      },
      "properties": {
        "elevation_m": 1465.0255126953125,
        "kind": "tree"
      }
    },
    {
      "type": "Feature",
      "geometry": {
        "type": "Point",
        "coordinates": [
          3839.618121561479,
          2062.159820926222
        ]
      },
      "properties": {
        "elevation_m": 1282.9915771484375,
        "kind": "tree"
      }
    },
    {
      "type": "Feature",
      "geometry": {
        "type": "Point",
        "coordinates": [
          635.0149353482705,
          93.88425439843523
        ]
      },
      "properties": {
        "elevation_m": 1480.7462158203125,
        "kind": "tree"
      }
    },
    {
      "type": "Feature",
      "geometry": {
        "type": "Point",
        "coordinates": [
          1780.9091133984948,
          2117.3495763164597
        ]
      },
      "properties": {
        "elevation_m": 1640.6171875,
        "kind": "tree"
      }
    },
    {
      "type": "Feature",
      "geometry": {
        "type": "Point",
        "coordinates": [
          3100.4815392877936,
          500.7788689702421
        ]
      },
      "properties": {
        "elevation_m": 1444.9407958984375,
        "kind": "tree"
      }
    },
    {
      "type": "Feature",
      "geometry": {
        "type": "Point",
        "coordinates": [
          528.7940070616127,
          1982.7702974321232
        ]
      },
      "properties": {
        "elevation_m": 1670.1376953125,
        "kind": "tree"
      }
    },
    {
      "type": "Feature",
      "geometry": {
        "type": "Point",
        "coordinates": [
          3500.131185522958,
          196.4701949307722
        ]
      },
      "properties": {
        "elevation_m": 1233.00341796875,
        "kind": "tree"
      }
    },
    {
      "type": "Feature",
      "geometry": {
        "type": "Point",
        "coordinates": [
          813.5766897466443,
          1351.1008693284382
        ]
      },
      "properties": {
        "elevation_m": 1686.0772705078125,
        "kind": "tree"
      }
    },
    {
      "type": "Feature",
      "geometry": {
        "type": "Point",
        "coordinates": [
          705.8809629705636,
          1440.1491631477231
        ]
      },
      "properties": {
        "elevation_m": 1696.3104248046875,
        "kind": "tree"
      }
    },
    {
      "type": "Feature",
      "geometry": {
        "type": "Point",
        "coordinates": [
          120.81690179819796,
          934.70550699735
        ]
      },
      "properties": {
        "elevation_m": 1734.3836669921875,
        "kind": "tree"
      }
    },
    {
      "type": "Feature",
      "geometry": {
        "type": "Point",
        "coordinates": [
          798.9390603820249,
          1361.9681500721545
        ]
      },
      "properties": {
        "elevation_m": 1687.656005859375,
        "kind": "tree"
      }
    },
    {
      "type": "Feature",
      "geometry": {
        "type": "Point",
        "coordinates": [
          1534.402994433211,
          868.131152494861
        ]
      },
      "properties": {
        "elevation_m": 1654.1724853515625,
        "kind": "tree"
      }
    },
    {
      "type": "Feature",
      "geometry": {
        "type": "Point",
        "coordinates": [
          4668.894629639256,
          1451.3879220793447
        ]
      },
      "properties": {
        "elevation_m": 994.9163208007812,
        "kind": "tree"
      }
    },
    {
      "type": "Feature",
      "geometry": {
        "type": "Point",
        "coordinates": [
          1330.2086421629506,
          705.5916973271097
        ]
      },
      "properties": {
        "elevation_m": 1636.61572265625,
        "kind": "tree"
      }
    },
    {
      "type": "Feature",
      "geometry": {
        "type": "Point",
        "coordinates": [
          1115.4585777563184,
          2354.8989503286284
        ]
      },
      "properties": {
        "elevation_m": 1437.634521484375,
        "kind": "tree"
      }
    },
    {
      "type": "Feature",
      "geometry": {
        "type": "Point",
        "coordinates": [
          202.45047851673644,
          292.60219003003306
        ]
      },
      "properties": {
        "elevation_m": 1713.119384765625,
        "kind": "tree"
      }
    },
    {
      "type": "Feature",
      "geometry": {
        "type": "Point",
        "coordinates": [
          3715.8846768502717,
          1383.4157141558449
        ]
      },
      "properties": {
        "elevation_m": 1270.1754150390625,
        "kind": "tree"
      }
    },
    {
      "type": "Feature",
      "geometry": {
        "type": "Point",
        "coordinates": [
          4482.907394529026,
          2683.950822339521
        ]
      },
      "properties": {
        "elevation_m": 1029.1695556640625,
        "kind": "tree"
      }
    },
    {
      "type": "Feature",
      "geometry": {
        "type": "Point",
        "coordinates": [
          1550.2005405873906,
          1209.7881419791702
        ]
      },
      "properties": {
        "elevation_m": 1685.4638671875,
        "kind": "tree"
      }
    },
    {
      "type": "Feature",
      "geometry": {
        "type": "Point",
        "coordinates": [
          3990.6401154849755,
          1413.9089104982843
        ]
      },
      "properties": {
        "elevation_m": 1163.503173828125,
        "kind": "tree"
      }
    },
    {
      "type": "Feature",
      "geometry": {
        "type": "Point",
        "coordinates": [
          3844.1165134182424,
          2499.280591664483
        ]
      },
      "properties": {
        "elevation_m": 1240.53955078125,
        "kind": "tree"
      }
    },
    {
      "type": "Feature",
      "geometry": {
        "type": "Point",
        "coordinates": [
          182.6787224564006,
          320.4431803570353
        ]
      },
      "properties": {
        "elevation_m": 1715.3216552734375,
        "kind": "tree"
      }
    },
    {
      "type": "Feature",
      "geometry": {
        "type": "Point",
        "coordinates": [
          1615.8421884999232,
          2366.144807538611
        ]
      },
      "properties": {
        "elevation_m": 1464.6055908203125,
        "kind": "tree"
      }
    },
    {
      "type": "Feature",
      "geometry": {
        "type": "Point",
        "coordinates": [
          2278.0351985222555,
          725.4294428624121
        ]
      },
      "properties": {
        "elevation_m": 1613.7823486328125,
        "kind": "tree"
      }
    },
    {
      "type": "Feature",
      "geometry": {
        "type": "Point",
        "coordinates": [
          2485.037840009981,
          285.11248276988687
        ]
      },
      "properties": {
        "elevation_m": 1535.529052734375,
        "kind": "tree"
      }
    },
    {
      "type": "Feature",
      "geometry": {
        "type": "Point",
        "coordinates": [
          3993.3471625313373,
          2166.482925567542
        ]
      },
      "properties": {
        "elevation_m": 1205.084228515625,
        "kind": "tree"
      }
    },
    {
      "type": "Feature",
      "geometry": {
        "type": "Point",
        "coordinates": [
          233.80567590540335,
          2430.864964231506
        ]
      },
      "properties": {
        "elevation_m": 1554.9071044921875,
        "kind": "tree"
      }
    },
    {
      "type": "Feature",
      "geometry": {
        "type": "Point",
        "coordinates": [
          3853.689563007663,
          1774.7838402481352
        ]
      },
      "properties": {
        "elevation_m": 1258.8348388671875,
        "kind": "tree"
      }
    },
    {
      "type": "Feature",
      "geometry": {
        "type": "Point",
        "coordinates": [
          2490.9279963851277,
          164.44570954802643
        ]
      },
      "properties": {
        "elevation_m": 1514.830078125,
        "kind": "tree"
      }
    },
    {
      "type": "Feature",
      "geometry": {
        "type": "Point",
        "coordinates": [
          2053.495140447143,
          191.41088131516892
        ]
      },
      "properties": {
        "elevation_m": 1441.669189453125,
        "kind": "tree"
      }
    },
    {
      "type": "Feature",
      "geometry": {
        "type": "Point",
        "coordinates": [
          4029.161345257758,
          364.81008465955665
        ]
      },
      "properties": {
        "elevation_m": 1080.8033447265625,
        "kind": "tree"
      }
    },
    {
      "type": "Feature",
      "geometry": {
        "type": "Point",
        "coordinates": [
          1103.0341507382668,
          2200.0519451507544
        ]
      },
      "properties": {
        "elevation_m": 1544.6138916015625,
        "kind": "tree"
      }
    },
    {
      "type": "Feature",
      "geometry": {
        "type": "Point",
        "coordinates": [
          4143.282434746784,
          338.65993350828387
        ]
      },
      "properties": {
        "elevation_m": 1052.5684814453125,
        "kind": "tree"
      }
    },
    {
      "type": "Feature",
      "geometry": {
        "type": "Point",
        "coordinates": [
          4270.2354214276875,
          1026.907345794974
        ]
      },
      "properties": {
        "elevation_m": 1042.223876953125,
        "kind": "tree"
      }
    },
    {
      "type": "Feature",
      "geometry": {
        "type": "Point",
        "coordinates": [
          1690.5823720850183,
          910.4114291474236
        ]
      },
      "properties": {
        "elevation_m": 1658.802734375,
        "kind": "tree"
      }
    },
    {
      "type": "Feature",
      "geometry": {
        "type": "Point",
        "coordinates": [
          3722.2721179536306,
          149.90091630347462
        ]
      },
      "properties": {
        "elevation_m": 1161.0570068359375,
        "kind": "tree"
      }
    },
    {
      "type": "Feature",
      "geometry": {
        "type": "Point",
        "coordinates": [
          1617.4174819237314,
          2254.7117204798174
        ]
      },
      "properties": {
        "elevation_m": 1535.611572265625,
        "kind": "tree"
      }
    },
    {
      "type": "Feature",
      "geometry": {
        "type": "Point",
        "coordinates": [
          1777.7496157721039,
          2386.72923862263
        ]
      },
      "properties": {
        "elevation_m": 1521.5472412109375,
        "kind": "tree"
      }
    },
    {
      "type": "Feature",
      "geometry": {
        "type": "Point",
        "coordinates": [
          3802.9806314672765,
          1308.1830532462154
        ]
      },
      "properties": {
        "elevation_m": 1239.2279052734375,
        "kind": "tree"
      }
    },
    {
      "type": "Feature",
      "geometry": {
        "type": "Point",
        "coordinates": [
          208.10213185407198,
          638.3685996822272
        ]
      },
      "properties": {
        "elevation_m": 1718.2052001953125,
        "kind": "tree"
      }
    },
    {
      "type": "Feature",
      "geometry": {
        "type": "Point",
        "coordinates": [
          3759.093443715784,
          740.6205774143014
        ]
      },
      "properties": {
        "elevation_m": 1188.962890625,
        "kind": "tree"
      }
    },
    {
      "type": "Feature",
      "geometry": {
        "type": "Point",
        "coordinates": [
          4169.125221183657,
          1771.1231762383277
        ]
      },
      "properties": {
        "elevation_m": 1133.31494140625,
        "kind": "tree"
      }
    },
    {
      "type": "Feature",
      "geometry": {
        "type": "Point",
        "coordinates": [
          3151.8055399558766,
          2461.620452408981
        ]
      },
      "properties": {
        "elevation_m": 1386.47216796875,
        "kind": "tree"
      }
    },
    {
      "type": "Feature",
      "geometry": {
        "type": "Point",
        "coordinates": [
          3781.1040732056,
          2300.9232335454417
        ]
      },
      "properties": {
        "elevation_m": 1309.4959716796875,
        "kind": "tree"
      }
    },
    {
      "type": "Feature",
      "geometry": {
        "type": "Point",
        "coordinates": [
          1733.6025061547516,
          1604.5863676740862
        ]
      },
      "properties": {
        "elevation_m": 1702.18115234375,
        "kind": "tree"
      }
    },
    {
      "type": "Feature",
      "geometry": {
        "type": "Point",
        "coordinates": [
          1428.0823323095701,
          2539.6836878576296
        ]
      },
      "properties": {
        "elevation_m": 1385.14306640625,
        "kind": "tree"
      }
    },
    {
      "type": "Feature",
      "geometry": {
        "type": "Point",
        "coordinates": [
          1429.5943962397362,
          905.2278637544576
        ]
      },
      "properties": {
        "elevation_m": 1660.0911865234375,
        "kind": "tree"
      }
    },
    {
      "type": "Feature",
      "geometry": {
        "type": "Point",
        "coordinates": [
          322.4779977272242,
          327.9951124633491
        ]
      },
      "properties": {
        "elevation_m": 1710.691162109375,
        "kind": "tree"
      }
    },
    {
      "type": "Feature",
      "geometry": {
        "type": "Point",
        "coordinates": [
          2725.199161776251,
          964.0258984624804
        ]
      },
      "properties": {
        "elevation_m": 1575.0294189453125,
        "kind": "tree"
      }
    },
    {
      "type": "Feature",
      "geometry": {
        "type": "Point",
        "coordinates": [
          4160.37803031148,
          2385.562810768392
        ]
      },
      "properties": {
        "elevation_m": 1111.72607421875,
        "kind": "tree"
      }
    },
    {
      "type": "Feature",
      "geometry": {
        "type": "Point",
        "coordinates": [
          384.4113215834749,
          1602.3418362721768
        ]
      },
      "properties": {
        "elevation_m": 1724.4219970703125,
        "kind": "tree"
      }
    },
    {
      "type": "Feature",
      "geometry": {
        "type": "Point",
        "coordinates": [
          3904.462184270218,
          241.19513550347884
        ]
      },
      "properties": {
        "elevation_m": 1101.4617919921875,
        "kind": "tree"
      }
    },
    {
      "type": "Feature",
      "geometry": {
        "type": "Point",
        "coordinates": [
          3707.7373060212485,
          1548.8842346256085
        ]
      },
      "properties": {
        "elevation_m": 1287.0072021484375,
        "kind": "tree"
      }
    },
    {
      "type": "Feature",
      "geometry": {
        "type": "Point",
        "coordinates": [
          2250.2089810874313,
          1567.2558826399588
        ]
      },
      "properties": {
        "elevation_m": 1684.8184814453125,
        "kind": "tree"
      }
    },
    {
      "type": "Feature",
      "geometry": {
        "type": "Point",
        "coordinates": [
          3669.225681487432,
          2272.912445107086
        ]
      },
      "properties": {
        "elevation_m": 1333.70556640625,
        "kind": "tree"
      }
    },
    {
      "type": "Feature",
      "geometry": {
        "type": "Point",
        "coordinates": [
          282.28714212379157,
          1960.4296420855926
        ]
      },
      "properties": {
        "elevation_m": 1626.9857177734375,
        "kind": "tree"
      }
    }
  ]
}