{
  "type": "FeatureCollection",
  "coordinate_system": {
    "kind": "local_game_meters",
    "not_wgs84": true,
    "axes": {
      "geojson_x": "local_east_m",
      "geojson_y": "local_north_m"
    },
    "game_axes": {
      "x": "east_m",
      "y": "elevation_m",
      "z": "negative_north_m"
    },
    "local_origin": {
      "easting_m": 754656.9597849031,
      "northing_m": 4071830.496376684,
      "longitude": 137.8527326822244,
      "latitude": 36.75806982606003
    },
    "projected_crs": "EPSG:32653",
    "note": "This is not RFC 7946 WGS84 GeoJSON. Convert X,Y to game X,Z via game_axes."
  },
  "attribution": "\u00a9 OpenStreetMap contributors (ODbL)",
  "layer": "lifts",
  "features": [
    {
      "type": "Feature",
      "geometry": {
        "type": "MultiPolygon",
        "coordinates": [
          [
            [
              [
                2121.3738893273985,
                899.5061444439925
              ],
              [
                2138.4604818454245,
                887.3026606575586
              ],
              [
                2153.000051548821,
                907.4881329941563
              ],
              [
                2135.913472847198,
                919.6915870057419
              ],
              [
                2121.3738893273985,
                899.5061444439925
              ]
            ]
          ]
        ]
      },
      "properties": {
        "id": "lifts:nan:nan",
        "osm_type": null,
        "osm_id": null,
        "name": null,
        "tags": {
          "osm_way_id": "454962206",
          "building": "yes",
          "other_tags": "\"aerialway\"=>\"station\"",
          "State": "Nagano",
          "Country": "Japan",
          "Ski Area": "\u767d\u99ac\u4e57\u978d\u30b9\u30ad\u30fc\u5834",
          "region": "asia/japan/chubu"
        },
        "source": "OpenStreetMap",
        "source_confidence": "osm_as_mapped",
        "coordinate_space": "local_east_m, local_north_m",
        "aerialway": null
      }
    },
    {
      "type": "Feature",
      "geometry": {
        "type": "Point",
        "coordinates": [
          3019.165362914093,
          2116.053598098457
        ]
      },
      "properties": {
        "id": "lifts:nan:3387645895",
        "osm_type": null,
        "osm_id": "3387645895",
        "name": null,
        "tags": {
          "other_tags": "\"aerialway\"=>\"station\"",
          "State": "Nagano",
          "Country": "Japan",
          "Ski Area": "\u767d\u99ac\u30b3\u30eb\u30c1\u30ca",
          "region": "asia/japan/chubu"
        },
        "source": "OpenStreetMap",
        "source_confidence": "osm_as_mapped",
        "coordinate_space": "local_east_m, local_north_m",
        "aerialway": null
      }
    },
    {
      "type": "Feature",
      "geometry": {
        "type": "Point",
        "coordinates": [
          2539.635375533835,
          2134.4422202650458
        ]
      },
      "properties": {
        "id": "lifts:nan:3387645896",
        "osm_type": null,
        "osm_id": "3387645896",
        "name": null,
        "tags": {
          "other_tags": "\"aerialway\"=>\"station\"",
          "State": "Nagano",
          "Country": "Japan",
          "Ski Area": "\u767d\u99ac\u30b3\u30eb\u30c1\u30ca",
          "region": "asia/japan/chubu"
        },
        "source": "OpenStreetMap",
        "source_confidence": "osm_as_mapped",
        "coordinate_space": "local_east_m, local_north_m",
        "aerialway": null
      }
    },
    {
      "type": "Feature",
      "geometry": {
        "type": "Point",
        "coordinates": [
          1370.9118623356335,
          394.09724367037416
        ]
      },
      "properties": {
        "id": "lifts:nan:4514401278",
        "osm_type": null,
        "osm_id": "4514401278",
        "name": null,
        "tags": {
          "other_tags": "\"aerialway\"=>\"station\"",
          "State": "Nagano",
          "Country": "Japan",
          "Ski Area": "\u767d\u99ac\u4e57\u978d\u30b9\u30ad\u30fc\u5834",
          "region": "asia/japan/chubu"
        },
        "source": "OpenStreetMap",
        "source_confidence": "osm_as_mapped",
        "coordinate_space": "local_east_m, local_north_m",
        "aerialway": null
      }
    },
    {
      "type": "Feature",
      "geometry": {
        "type": "Point",
        "coordinates": [
          2046.8987987488508,
          651.9813808486797
        ]
      },
      "properties": {
        "id": "lifts:nan:4514401279",
        "osm_type": null,
        "osm_id": "4514401279",
        "name": null,
        "tags": {
          "other_tags": "\"aerialway\"=>\"station\"",
          "State": "Nagano",
          "Country": "Japan",
          "Ski Area": "\u767d\u99ac\u4e57\u978d\u30b9\u30ad\u30fc\u5834",
          "region": "asia/japan/chubu"
        },
        "source": "OpenStreetMap",
        "source_confidence": "osm_as_mapped",
        "coordinate_space": "local_east_m, local_north_m",
        "aerialway": null
      }
    },
    {
      "type": "Feature",
      "geometry": {
        "type": "Point",
        "coordinates": [
          1134.6947372691939,
          1101.4743378725834
        ]
      },
      "properties": {
        "id": "lifts:nan:4514401282",
        "osm_type": null,
        "osm_id": "4514401282",
        "name": null,
        "tags": {
          "other_tags": "\"aerialway\"=>\"station\"",
          "State": "Nagano",
          "Country": "Japan",
          "Ski Area": "\u767d\u99ac\u4e57\u978d\u30b9\u30ad\u30fc\u5834",
          "region": "asia/japan/chubu"
        },
        "source": "OpenStreetMap",
        "source_confidence": "osm_as_mapped",
        "coordinate_space": "local_east_m, local_north_m",
        "aerialway": null
      }
    },
    {
      "type": "Feature",
      "geometry": {
        "type": "Point",
        "coordinates": [
          2020.3244192139246,
          766.3388377721421
        ]
      },
      "properties": {
        "id": "lifts:nan:4514401283",
        "osm_type": null,
        "osm_id": "4514401283",
        "name": null,
        "tags": {
          "other_tags": "\"aerialway\"=>\"station\"",
          "State": "Nagano",
          "Country": "Japan",
          "Ski Area": "\u767d\u99ac\u4e57\u978d\u30b9\u30ad\u30fc\u5834",
          "region": "asia/japan/chubu"
        },
        "source": "OpenStreetMap",
        "source_confidence": "osm_as_mapped",
        "coordinate_space": "local_east_m, local_north_m",
        "aerialway": null
      }
    },
    {
      "type": "Feature",
      "geometry": {
        "type": "Point",
        "coordinates": [
          1470.6303187129088,
          1128.8071003635414
        ]
      },
      "properties": {
        "id": "lifts:nan:4514401284",
        "osm_type": null,
        "osm_id": "4514401284",
        "name": null,
        "tags": {
          "other_tags": "\"aerialway\"=>\"station\",\"public_transport\"=>\"station\"",
          "State": "Nagano",
          "Country": "Japan",
          "Ski Area": "\u767d\u99ac\u4e57\u978d\u30b9\u30ad\u30fc\u5834",
          "region": "asia/japan/chubu"
        },
        "source": "OpenStreetMap",
        "source_confidence": "osm_as_mapped",
        "coordinate_space": "local_east_m, local_north_m",
        "aerialway": null
      }
    },
    {
      "type": "Feature",
      "geometry": {
        "type": "Point",
        "coordinates": [
          2058.9963620722992,
          811.6515659336001
        ]
      },
      "properties": {
        "id": "lifts:nan:4514401285",
        "osm_type": null,
        "osm_id": "4514401285",
        "name": null,
        "tags": {
          "other_tags": "\"aerialway\"=>\"station\"",
          "State": "Nagano",
          "Country": "Japan",
          "Ski Area": "\u767d\u99ac\u4e57\u978d\u30b9\u30ad\u30fc\u5834",
          "region": "asia/japan/chubu"
        },
        "source": "OpenStreetMap",
        "source_confidence": "osm_as_mapped",
        "coordinate_space": "local_east_m, local_north_m",
        "aerialway": null
      }
    },
    {
      "type": "Feature",
      "geometry": {
        "type": "Point",
        "coordinates": [
          1182.0788305290043,
          1412.2194524835795
        ]
      },
      "properties": {
        "id": "lifts:nan:4514401286",
        "osm_type": null,
        "osm_id": "4514401286",
        "name": null,
        "tags": {
          "other_tags": "\"aerialway\"=>\"station\",\"public_transport\"=>\"station\"",
          "State": "Nagano",
          "Country": "Japan",
          "Ski Area": "\u767d\u99ac\u4e57\u978d\u30b9\u30ad\u30fc\u5834",
          "region": "asia/japan/chubu"
        },
        "source": "OpenStreetMap",
        "source_confidence": "osm_as_mapped",
        "coordinate_space": "local_east_m, local_north_m",
        "aerialway": null
      }
    },
    {
      "type": "Feature",
      "geometry": {
        "type": "Point",
        "coordinates": [
          1573.9263214317616,
          1459.3042454384267
        ]
      },
      "properties": {
        "id": "lifts:nan:4514401960",
        "osm_type": null,
        "osm_id": "4514401960",
        "name": null,
        "tags": {
          "other_tags": "\"aerialway\"=>\"station\",\"public_transport\"=>\"station\"",
          "State": "Nagano",
          "Country": "Japan",
          "Ski Area": "\u767d\u99ac\u4e57\u978d\u30b9\u30ad\u30fc\u5834",
          "region": "asia/japan/chubu"
        },
        "source": "OpenStreetMap",
        "source_confidence": "osm_as_mapped",
        "coordinate_space": "local_east_m, local_north_m",
        "aerialway": null
      }
    },
    {
      "type": "Feature",
      "geometry": {
        "type": "Point",
        "coordinates": [
          1916.538415984949,
          2225.588550993707
        ]
      },
      "properties": {
        "id": "lifts:nan:4514401962",
        "osm_type": null,
        "osm_id": "4514401962",
        "name": null,
        "tags": {
          "other_tags": "\"aerialway\"=>\"station\"",
          "State": "Nagano",
          "Country": "Japan",
          "Ski Area": "Unknown",
          "region": "asia/japan/chubu"
        },
        "source": "OpenStreetMap",
        "source_confidence": "osm_as_mapped",
        "coordinate_space": "local_east_m, local_north_m",
        "aerialway": null
      }
    },
    {
      "type": "Feature",
      "geometry": {
        "type": "Point",
        "coordinates": [
          1730.273548235884,
          1848.5753518389538
        ]
      },
      "properties": {
        "id": "lifts:nan:4514401963",
        "osm_type": null,
        "osm_id": "4514401963",
        "name": null,
        "tags": {
          "other_tags": "\"aerialway\"=>\"station\"",
          "State": "Nagano",
          "Country": "Japan",
          "Ski Area": "\u767d\u99ac\u4e57\u978d\u30b9\u30ad\u30fc\u5834",
          "region": "asia/japan/chubu"
        },
        "source": "OpenStreetMap",
        "source_confidence": "osm_as_mapped",
        "coordinate_space": "local_east_m, local_north_m",
        "aerialway": null
      }
    },
    {
      "type": "Feature",
      "geometry": {
        "type": "Point",
        "coordinates": [
          2283.4391206520377,
          1557.6928614485078
        ]
      },
      "properties": {
        "id": "lifts:nan:4514401966",
        "osm_type": null,
        "osm_id": "4514401966",
        "name": null,
        "tags": {
          "other_tags": "\"aerialway\"=>\"station\"",
          "State": "Nagano",
          "Country": "Japan",
          "Ski Area": "\u767d\u99ac\u4e57\u978d\u30b9\u30ad\u30fc\u5834",
          "region": "asia/japan/chubu"
        },
        "source": "OpenStreetMap",
        "source_confidence": "osm_as_mapped",
        "coordinate_space": "local_east_m, local_north_m",
        "aerialway": null
      }
    },
    {
      "type": "Feature",
      "geometry": {
        "type": "Point",
        "coordinates": [
          2713.674314684351,
          1277.6415013945661
        ]
      },
      "properties": {
        "id": "lifts:nan:4514401967",
        "osm_type": null,
        "osm_id": "4514401967",
        "name": null,
        "tags": {
          "other_tags": "\"aerialway\"=>\"station\"",
          "State": "Nagano",
          "Country": "Japan",
          "Ski Area": "\u767d\u99ac\u4e57\u978d\u30b9\u30ad\u30fc\u5834",
          "region": "asia/japan/chubu"
        },
        "source": "OpenStreetMap",
        "source_confidence": "osm_as_mapped",
        "coordinate_space": "local_east_m, local_north_m",
        "aerialway": null
      }
    },
    {
      "type": "Feature",
      "geometry": {
        "type": "Point",
        "coordinates": [
          2504.9289229410933,
          1794.4443942210637
        ]
      },
      "properties": {
        "id": "lifts:nan:4514401968",
        "osm_type": null,
        "osm_id": "4514401968",
        "name": null,
        "tags": {
          "other_tags": "\"aerialway\"=>\"station\"",
          "State": "Nagano",
          "Country": "Japan",
          "Ski Area": "\u767d\u99ac\u30b3\u30eb\u30c1\u30ca",
          "region": "asia/japan/chubu"
        },
        "source": "OpenStreetMap",
        "source_confidence": "osm_as_mapped",
        "coordinate_space": "local_east_m, local_north_m",
        "aerialway": null
      }
    },
    {
      "type": "Feature",
      "geometry": {
        "type": "Point",
        "coordinates": [
          2773.3602334511233,
          1415.0022570951842
        ]
      },
      "properties": {
        "id": "lifts:nan:4514401969",
        "osm_type": null,
        "osm_id": "4514401969",
        "name": null,
        "tags": {
          "other_tags": "\"aerialway\"=>\"station\"",
          "State": "Nagano",
          "Country": "Japan",
          "Ski Area": "\u767d\u99ac\u30b3\u30eb\u30c1\u30ca",
          "region": "asia/japan/chubu"
        },
        "source": "OpenStreetMap",
        "source_confidence": "osm_as_mapped",
        "coordinate_space": "local_east_m, local_north_m",
        "aerialway": null
      }
    },
    {
      "type": "Feature",
      "geometry": {
        "type": "Point",
        "coordinates": [
          1808.9684630814008,
          1744.3912648167461
        ]
      },
      "properties": {
        "id": "lifts:nan:4514401970",
        "osm_type": null,
        "osm_id": "4514401970",
        "name": null,
        "tags": {
          "other_tags": "\"aerialway\"=>\"station\"",
          "State": "Nagano",
          "Country": "Japan",
          "Ski Area": "\u767d\u99ac\u4e57\u978d\u30b9\u30ad\u30fc\u5834",
          "region": "asia/japan/chubu"
        },
        "source": "OpenStreetMap",
        "source_confidence": "osm_as_mapped",
        "coordinate_space": "local_east_m, local_north_m",
        "aerialway": null
      }
    },
    {
      "type": "Feature",
      "geometry": {
        "type": "Point",
        "coordinates": [
          2547.5493700782536,
          2087.087277235929
        ]
      },
      "properties": {
        "id": "lifts:nan:4514402209",
        "osm_type": null,
        "osm_id": "4514402209",
        "name": null,
        "tags": {
          "other_tags": "\"aerialway\"=>\"station;pylon\"",
          "State": "Nagano",
          "Country": "Japan",
          "Ski Area": "\u767d\u99ac\u30b3\u30eb\u30c1\u30ca",
          "region": "asia/japan/chubu"
        },
        "source": "OpenStreetMap",
        "source_confidence": "osm_as_mapped",
        "coordinate_space": "local_east_m, local_north_m",
        "aerialway": null
      }
    },
    {
      "type": "Feature",
      "geometry": {
        "type": "Point",
        "coordinates": [
          2838.899530083523,
          1458.6748423203826
        ]
      },
      "properties": {
        "id": "lifts:nan:4514402210",
        "osm_type": null,
        "osm_id": "4514402210",
        "name": null,
        "tags": {
          "other_tags": "\"aerialway\"=>\"station\",\"public_transport\"=>\"station\"",
          "State": "Nagano",
          "Country": "Japan",
          "Ski Area": "\u767d\u99ac\u30b3\u30eb\u30c1\u30ca",
          "region": "asia/japan/chubu"
        },
        "source": "OpenStreetMap",
        "source_confidence": "osm_as_mapped",
        "coordinate_space": "local_east_m, local_north_m",
        "aerialway": null
      }
    },
    {
      "type": "Feature",
      "geometry": {
        "type": "Point",
        "coordinates": [
          2316.5861751332413,
          3233.1559201548807
        ]
      },
      "properties": {
        "id": "lifts:nan:4514402211",
        "osm_type": null,
        "osm_id": "4514402211",
        "name": null,
        "tags": {
          "other_tags": "\"aerialway\"=>\"station\"",
          "State": "Nagano",
          "Country": "Japan",
          "Ski Area": "\u767d\u99ac\u30b3\u30eb\u30c1\u30ca",
          "region": "asia/japan/chubu"
        },
        "source": "OpenStreetMap",
        "source_confidence": "osm_as_mapped",
        "coordinate_space": "local_east_m, local_north_m",
        "aerialway": null
      }
    },
    {
      "type": "Feature",
      "geometry": {
        "type": "Point",
        "coordinates": [
          2982.5980275565526,
          2979.6555487615988
        ]
      },
      "properties": {
        "id": "lifts:nan:4514402213",
        "osm_type": null,
        "osm_id": "4514402213",
        "name": null,
        "tags": {
          "other_tags": "\"aerialway\"=>\"station\"",
          "State": "Nagano",
          "Country": "Japan",
          "Ski Area": "\u767d\u99ac\u30b3\u30eb\u30c1\u30ca",
          "region": "asia/japan/chubu"
        },
        "source": "OpenStreetMap",
        "source_confidence": "osm_as_mapped",
        "coordinate_space": "local_east_m, local_north_m",
        "aerialway": null
      }
    },
    {
      "type": "Feature",
      "geometry": {
        "type": "Point",
        "coordinates": [
          3113.116545103141,
          2219.587532581296
        ]
      },
      "properties": {
        "id": "lifts:nan:4514402214",
        "osm_type": null,
        "osm_id": "4514402214",
        "name": null,
        "tags": {
          "other_tags": "\"aerialway\"=>\"station\"",
          "State": "Nagano",
          "Country": "Japan",
          "Ski Area": "\u767d\u99ac\u30b3\u30eb\u30c1\u30ca",
          "region": "asia/japan/chubu"
        },
        "source": "OpenStreetMap",
        "source_confidence": "osm_as_mapped",
        "coordinate_space": "local_east_m, local_north_m",
        "aerialway": null
      }
    },
    {
      "type": "Feature",
      "geometry": {
        "type": "Point",
        "coordinates": [
          1489.7876467129681,
          2816.1386562618427
        ]
      },
      "properties": {
        "id": "lifts:nan:4514402215",
        "osm_type": null,
        "osm_id": "4514402215",
        "name": null,
        "tags": {
          "other_tags": "\"aerialway\"=>\"station\",\"public_transport\"=>\"station\"",
          "State": "Nagano",
          "Country": "Japan",
          "Ski Area": "\u767d\u99ac\u30b3\u30eb\u30c1\u30ca",
          "region": "asia/japan/chubu"
        },
        "source": "OpenStreetMap",
        "source_confidence": "osm_as_mapped",
        "coordinate_space": "local_east_m, local_north_m",
        "aerialway": null
      }
    },
    {
      "type": "Feature",
      "geometry": {
        "type": "Point",
        "coordinates": [
          2085.8109890378546,
          2726.6828158213757
        ]
      },
      "properties": {
        "id": "lifts:nan:4514402216",
        "osm_type": null,
        "osm_id": "4514402216",
        "name": null,
        "tags": {
          "other_tags": "\"aerialway\"=>\"station\"",
          "State": "Nagano",
          "Country": "Japan",
          "Ski Area": "\u767d\u99ac\u30b3\u30eb\u30c1\u30ca",
          "region": "asia/japan/chubu"
        },
        "source": "OpenStreetMap",
        "source_confidence": "osm_as_mapped",
        "coordinate_space": "local_east_m, local_north_m",
        "aerialway": null
      }
    },
    {
      "type": "Feature",
      "geometry": {
        "type": "Point",
        "coordinates": [
          2124.6197528288467,
          2703.282129877247
        ]
      },
      "properties": {
        "id": "lifts:nan:4514402217",
        "osm_type": null,
        "osm_id": "4514402217",
        "name": null,
        "tags": {
          "other_tags": "\"aerialway\"=>\"station\"",
          "State": "Nagano",
          "Country": "Japan",
          "Ski Area": "\u767d\u99ac\u30b3\u30eb\u30c1\u30ca",
          "region": "asia/japan/chubu"
        },
        "source": "OpenStreetMap",
        "source_confidence": "osm_as_mapped",
        "coordinate_space": "local_east_m, local_north_m",
        "aerialway": null
      }
    },
    {
      "type": "Feature",
      "geometry": {
        "type": "Point",
        "coordinates": [
          3030.113360142219,
          2131.056586676743
        ]
      },
      "properties": {
        "id": "lifts:nan:4514402218",
        "osm_type": null,
        "osm_id": "4514402218",
        "name": null,
        "tags": {
          "other_tags": "\"aerialway\"=>\"station\"",
          "State": "Nagano",
          "Country": "Japan",
          "Ski Area": "\u767d\u99ac\u30b3\u30eb\u30c1\u30ca",
          "region": "asia/japan/chubu"
        },
        "source": "OpenStreetMap",
        "source_confidence": "osm_as_mapped",
        "coordinate_space": "local_east_m, local_north_m",
        "aerialway": null
      }
    },
    {
      "type": "Feature",
      "geometry": {
        "type": "Point",
        "coordinates": [
          3180.3973173483973,
          2062.5225725783966
        ]
      },
      "properties": {
        "id": "lifts:nan:5284189228",
        "osm_type": null,
        "osm_id": "5284189228",
        "name": null,
        "tags": {
          "other_tags": "\"aerialway\"=>\"station\"",
          "State": "Nagano",
          "Country": "Japan",
          "region": "asia/japan/chubu"
        },
        "source": "OpenStreetMap",
        "source_confidence": "osm_as_mapped",
        "coordinate_space": "local_east_m, local_north_m",
        "aerialway": null
      }
    },
    {
      "type": "Feature",
      "geometry": {
        "type": "Point",
        "coordinates": [
          2326.2646185366903,
          2667.1466857809573
        ]
      },
      "properties": {
        "id": "lifts:nan:8687765290",
        "osm_type": null,
        "osm_id": "8687765290",
        "name": null,
        "tags": {
          "other_tags": "\"aerialway\"=>\"station\",\"public_transport\"=>\"station\"",
          "State": "Nagano",
          "Country": "Japan",
          "Ski Area": "\u767d\u99ac\u30b3\u30eb\u30c1\u30ca",
          "region": "asia/japan/chubu"
        },
        "source": "OpenStreetMap",
        "source_confidence": "osm_as_mapped",
        "coordinate_space": "local_east_m, local_north_m",
        "aerialway": null
      }
    },
    {
      "type": "Feature",
      "geometry": {
        "type": "Point",
        "coordinates": [
          1530.756178222131,
          2809.993763192091
        ]
      },
      "properties": {
        "id": "lifts:nan:8868150891",
        "osm_type": null,
        "osm_id": "8868150891",
        "name": null,
        "tags": {
          "other_tags": "\"aerialway\"=>\"pylon\"",
          "State": "Nagano",
          "Country": "Japan",
          "Ski Area": "\u767d\u99ac\u30b3\u30eb\u30c1\u30ca",
          "region": "asia/japan/chubu"
        },
        "source": "OpenStreetMap",
        "source_confidence": "osm_as_mapped",
        "coordinate_space": "local_east_m, local_north_m",
        "aerialway": null
      }
    },
    {
      "type": "Feature",
      "geometry": {
        "type": "Point",
        "coordinates": [
          1825.9934059313964,
          2765.673029762227
        ]
      },
      "properties": {
        "id": "lifts:nan:8868150892",
        "osm_type": null,
        "osm_id": "8868150892",
        "name": null,
        "tags": {
          "other_tags": "\"aerialway\"=>\"pylon\"",
          "State": "Nagano",
          "Country": "Japan",
          "Ski Area": "\u767d\u99ac\u30b3\u30eb\u30c1\u30ca",
          "region": "asia/japan/chubu"
        },
        "source": "OpenStreetMap",
        "source_confidence": "osm_as_mapped",
        "coordinate_space": "local_east_m, local_north_m",
        "aerialway": null
      }
    },
    {
      "type": "Feature",
      "geometry": {
        "type": "Point",
        "coordinates": [
          1800.137578978436,
          2769.5496027003974
        ]
      },
      "properties": {
        "id": "lifts:nan:8868150893",
        "osm_type": null,
        "osm_id": "8868150893",
        "name": null,
        "tags": {
          "other_tags": "\"aerialway\"=>\"pylon\"",
          "State": "Nagano",
          "Country": "Japan",
          "Ski Area": "\u767d\u99ac\u30b3\u30eb\u30c1\u30ca",
          "region": "asia/japan/chubu"
        },
        "source": "OpenStreetMap",
        "source_confidence": "osm_as_mapped",
        "coordinate_space": "local_east_m, local_north_m",
        "aerialway": null
      }
    },
    {
      "type": "Feature",
      "geometry": {
        "type": "Point",
        "coordinates": [
          1754.7168759419583,
          2776.3702400936745
        ]
      },
      "properties": {
        "id": "lifts:nan:8868150894",
        "osm_type": null,
        "osm_id": "8868150894",
        "name": null,
        "tags": {
          "other_tags": "\"aerialway\"=>\"pylon\"",
          "State": "Nagano",
          "Country": "Japan",
          "Ski Area": "\u767d\u99ac\u30b3\u30eb\u30c1\u30ca",
          "region": "asia/japan/chubu"
        },
        "source": "OpenStreetMap",
        "source_confidence": "osm_as_mapped",
        "coordinate_space": "local_east_m, local_north_m",
        "aerialway": null
      }
    },
    {
      "type": "Feature",
      "geometry": {
        "type": "Point",
        "coordinates": [
          1944.4500179479364,
          2747.898417404853
        ]
      },
      "properties": {
        "id": "lifts:nan:8868150895",
        "osm_type": null,
        "osm_id": "8868150895",
        "name": null,
        "tags": {
          "other_tags": "\"aerialway\"=>\"pylon\"",
          "State": "Nagano",
          "Country": "Japan",
          "Ski Area": "\u767d\u99ac\u30b3\u30eb\u30c1\u30ca",
          "region": "asia/japan/chubu"
        },
        "source": "OpenStreetMap",
        "source_confidence": "osm_as_mapped",
        "coordinate_space": "local_east_m, local_north_m",
        "aerialway": null
      }
    },
    {
      "type": "Feature",
      "geometry": {
        "type": "Point",
        "coordinates": [
          2076.369594829157,
          2728.0980779328384
        ]
      },
      "properties": {
        "id": "lifts:nan:8868150896",
        "osm_type": null,
        "osm_id": "8868150896",
        "name": null,
        "tags": {
          "other_tags": "\"aerialway\"=>\"pylon\"",
          "State": "Nagano",
          "Country": "Japan",
          "Ski Area": "\u767d\u99ac\u30b3\u30eb\u30c1\u30ca",
          "region": "asia/japan/chubu"
        },
        "source": "OpenStreetMap",
        "source_confidence": "osm_as_mapped",
        "coordinate_space": "local_east_m, local_north_m",
        "aerialway": null
      }
    },
    {
      "type": "Feature",
      "geometry": {
        "type": "Point",
        "coordinates": [
          2036.4590260679834,
          2734.083436780609
        ]
      },
      "properties": {
        "id": "lifts:nan:8868150897",
        "osm_type": null,
        "osm_id": "8868150897",
        "name": null,
        "tags": {
          "other_tags": "\"aerialway\"=>\"pylon\"",
          "State": "Nagano",
          "Country": "Japan",
          "Ski Area": "\u767d\u99ac\u30b3\u30eb\u30c1\u30ca",
          "region": "asia/japan/chubu"
        },
        "source": "OpenStreetMap",
        "source_confidence": "osm_as_mapped",
        "coordinate_space": "local_east_m, local_north_m",
        "aerialway": null
      }
    },
    {
      "type": "Feature",
      "geometry": {
        "type": "Point",
        "coordinates": [
          2150.3756674122997,
          2687.0081315813586
        ]
      },
      "properties": {
        "id": "lifts:nan:8868150898",
        "osm_type": null,
        "osm_id": "8868150898",
        "name": null,
        "tags": {
          "other_tags": "\"aerialway\"=>\"pylon\"",
          "State": "Nagano",
          "Country": "Japan",
          "Ski Area": "\u767d\u99ac\u30b3\u30eb\u30c1\u30ca",
          "region": "asia/japan/chubu"
        },
        "source": "OpenStreetMap",
        "source_confidence": "osm_as_mapped",
        "coordinate_space": "local_east_m, local_north_m",
        "aerialway": null
      }
    },
    {
      "type": "Feature",
      "geometry": {
        "type": "Point",
        "coordinates": [
          2165.8677567341365,
          2677.2116052792408
        ]
      },
      "properties": {
        "id": "lifts:nan:8868150899",
        "osm_type": null,
        "osm_id": "8868150899",
        "name": null,
        "tags": {
          "other_tags": "\"aerialway\"=>\"pylon\"",
          "State": "Nagano",
          "Country": "Japan",
          "Ski Area": "\u767d\u99ac\u30b3\u30eb\u30c1\u30ca",
          "region": "asia/japan/chubu"
        },
        "source": "OpenStreetMap",
        "source_confidence": "osm_as_mapped",
        "coordinate_space": "local_east_m, local_north_m",
        "aerialway": null
      }
    },
    {
      "type": "Feature",
      "geometry": {
        "type": "Point",
        "coordinates": [
          2215.1307959768455,
          2646.0734261604957
        ]
      },
      "properties": {
        "id": "lifts:nan:8868150900",
        "osm_type": null,
        "osm_id": "8868150900",
        "name": null,
        "tags": {
          "other_tags": "\"aerialway\"=>\"pylon\"",
          "State": "Nagano",
          "Country": "Japan",
          "Ski Area": "\u767d\u99ac\u30b3\u30eb\u30c1\u30ca",
          "region": "asia/japan/chubu"
        },
        "source": "OpenStreetMap",
        "source_confidence": "osm_as_mapped",
        "coordinate_space": "local_east_m, local_north_m",
        "aerialway": null
      }
    },
    {
      "type": "Feature",
      "geometry": {
        "type": "Point",
        "coordinates": [
          2238.52805514005,
          2631.2947396077216
        ]
      },
      "properties": {
        "id": "lifts:nan:8868150901",
        "osm_type": null,
        "osm_id": "8868150901",
        "name": null,
        "tags": {
          "other_tags": "\"aerialway\"=>\"pylon\"",
          "State": "Nagano",
          "Country": "Japan",
          "Ski Area": "\u767d\u99ac\u30b3\u30eb\u30c1\u30ca",
          "region": "asia/japan/chubu"
        },
        "source": "OpenStreetMap",
        "source_confidence": "osm_as_mapped",
        "coordinate_space": "local_east_m, local_north_m",
        "aerialway": null
      }
    },
    {
      "type": "Feature",
      "geometry": {
        "type": "Point",
        "coordinates": [
          2297.8375143843004,
          2593.8064025356434
        ]
      },
      "properties": {
        "id": "lifts:nan:8868150902",
        "osm_type": null,
        "osm_id": "8868150902",
        "name": null,
        "tags": {
          "other_tags": "\"aerialway\"=>\"pylon\"",
          "State": "Nagano",
          "Country": "Japan",
          "Ski Area": "\u767d\u99ac\u30b3\u30eb\u30c1\u30ca",
          "region": "asia/japan/chubu"
        },
        "source": "OpenStreetMap",
        "source_confidence": "osm_as_mapped",
        "coordinate_space": "local_east_m, local_north_m",
        "aerialway": null
      }
    },
    {
      "type": "Feature",
      "geometry": {
        "type": "Point",
        "coordinates": [
          2371.501227192115,
          2547.2543519148603
        ]
      },
      "properties": {
        "id": "lifts:nan:8868150903",
        "osm_type": null,
        "osm_id": "8868150903",
        "name": null,
        "tags": {
          "other_tags": "\"aerialway\"=>\"pylon\"",
          "State": "Nagano",
          "Country": "Japan",
          "Ski Area": "\u767d\u99ac\u30b3\u30eb\u30c1\u30ca",
          "region": "asia/japan/chubu"
        },
        "source": "OpenStreetMap",
        "source_confidence": "osm_as_mapped",
        "coordinate_space": "local_east_m, local_north_m",
        "aerialway": null
      }
    },
    {
      "type": "Feature",
      "geometry": {
        "type": "Point",
        "coordinates": [
          2402.17663683719,
          2527.863775180187
        ]
      },
      "properties": {
        "id": "lifts:nan:8868150904",
        "osm_type": null,
        "osm_id": "8868150904",
        "name": null,
        "tags": {
          "other_tags": "\"aerialway\"=>\"pylon\"",
          "State": "Nagano",
          "Country": "Japan",
          "Ski Area": "\u767d\u99ac\u30b3\u30eb\u30c1\u30ca",
          "region": "asia/japan/chubu"
        },
        "source": "OpenStreetMap",
        "source_confidence": "osm_as_mapped",
        "coordinate_space": "local_east_m, local_north_m",
        "aerialway": null
      }
    },
    {
      "type": "Feature",
      "geometry": {
        "type": "Point",
        "coordinates": [
          2456.614636833314,
          2493.4618008406833
        ]
      },
      "properties": {
        "id": "lifts:nan:8868150905",
        "osm_type": null,
        "osm_id": "8868150905",
        "name": null,
        "tags": {
          "other_tags": "\"aerialway\"=>\"pylon\"",
          "State": "Nagano",
          "Country": "Japan",
          "Ski Area": "\u767d\u99ac\u30b3\u30eb\u30c1\u30ca",
          "region": "asia/japan/chubu"
        },
        "source": "OpenStreetMap",
        "source_confidence": "osm_as_mapped",
        "coordinate_space": "local_east_m, local_north_m",
        "aerialway": null
      }
    },
    {
      "type": "Feature",
      "geometry": {
        "type": "Point",
        "coordinates": [
          2488.4924769086065,
          2473.319138640072
        ]
      },
      "properties": {
        "id": "lifts:nan:8868150906",
        "osm_type": null,
        "osm_id": "8868150906",
        "name": null,
        "tags": {
          "other_tags": "\"aerialway\"=>\"pylon\"",
          "State": "Nagano",
          "Country": "Japan",
          "Ski Area": "\u767d\u99ac\u30b3\u30eb\u30c1\u30ca",
          "region": "asia/japan/chubu"
        },
        "source": "OpenStreetMap",
        "source_confidence": "osm_as_mapped",
        "coordinate_space": "local_east_m, local_north_m",
        "aerialway": null
      }
    },
    {
      "type": "Feature",
      "geometry": {
        "type": "Point",
        "coordinates": [
          2578.6166647137143,
          2416.3688022359274
        ]
      },
      "properties": {
        "id": "lifts:nan:8868150907",
        "osm_type": null,
        "osm_id": "8868150907",
        "name": null,
        "tags": {
          "other_tags": "\"aerialway\"=>\"pylon\"",
          "State": "Nagano",
          "Country": "Japan",
          "Ski Area": "\u767d\u99ac\u30b3\u30eb\u30c1\u30ca",
          "region": "asia/japan/chubu"
        },
        "source": "OpenStreetMap",
        "source_confidence": "osm_as_mapped",
        "coordinate_space": "local_east_m, local_north_m",
        "aerialway": null
      }
    },
    {
      "type": "Feature",
      "geometry": {
        "type": "Point",
        "coordinates": [
          2592.807512889849,
          2407.388982792385
        ]
      },
      "properties": {
        "id": "lifts:nan:8868150908",
        "osm_type": null,
        "osm_id": "8868150908",
        "name": null,
        "tags": {
          "other_tags": "\"aerialway\"=>\"pylon\"",
          "State": "Nagano",
          "Country": "Japan",
          "Ski Area": "\u767d\u99ac\u30b3\u30eb\u30c1\u30ca",
          "region": "asia/japan/chubu"
        },
        "source": "OpenStreetMap",
        "source_confidence": "osm_as_mapped",
        "coordinate_space": "local_east_m, local_north_m",
        "aerialway": null
      }
    },
    {
      "type": "Feature",
      "geometry": {
        "type": "Point",
        "coordinates": [
          2647.01924393652,
          2373.1367742856964
        ]
      },
      "properties": {
        "id": "lifts:nan:8868150909",
        "osm_type": null,
        "osm_id": "8868150909",
        "name": null,
        "tags": {
          "other_tags": "\"aerialway\"=>\"pylon\"",
          "State": "Nagano",
          "Country": "Japan",
          "Ski Area": "\u767d\u99ac\u30b3\u30eb\u30c1\u30ca",
          "region": "asia/japan/chubu"
        },
        "source": "OpenStreetMap",
        "source_confidence": "osm_as_mapped",
        "coordinate_space": "local_east_m, local_north_m",
        "aerialway": null
      }
    },
    {
      "type": "Feature",
      "geometry": {
        "type": "Point",
        "coordinates": [
          2709.237874787883,
          2333.8172120801173
        ]
      },
      "properties": {
        "id": "lifts:nan:8868150910",
        "osm_type": null,
        "osm_id": "8868150910",
        "name": null,
        "tags": {
          "other_tags": "\"aerialway\"=>\"pylon\"",
          "State": "Nagano",
          "Country": "Japan",
          "Ski Area": "\u767d\u99ac\u30b3\u30eb\u30c1\u30ca",
          "region": "asia/japan/chubu"
        },
        "source": "OpenStreetMap",
        "source_confidence": "osm_as_mapped",
        "coordinate_space": "local_east_m, local_north_m",
        "aerialway": null
      }
    },
    {
      "type": "Feature",
      "geometry": {
        "type": "Point",
        "coordinates": [
          2739.2772786209825,
          2314.8306062100455
        ]
      },
      "properties": {
        "id": "lifts:nan:8868150911",
        "osm_type": null,
        "osm_id": "8868150911",
        "name": null,
        "tags": {
          "other_tags": "\"aerialway\"=>\"pylon\"",
          "State": "Nagano",
          "Country": "Japan",
          "Ski Area": "\u767d\u99ac\u30b3\u30eb\u30c1\u30ca",
          "region": "asia/japan/chubu"
        },
        "source": "OpenStreetMap",
        "source_confidence": "osm_as_mapped",
        "coordinate_space": "local_east_m, local_north_m",
        "aerialway": null
      }
    },
    {
      "type": "Feature",
      "geometry": {
        "type": "Point",
        "coordinates": [
          2761.911502727773,
          2300.5300062349997
        ]
      },
      "properties": {
        "id": "lifts:nan:8868150912",
        "osm_type": null,
        "osm_id": "8868150912",
        "name": null,
        "tags": {
          "other_tags": "\"aerialway\"=>\"pylon\"",
          "State": "Nagano",
          "Country": "Japan",
          "Ski Area": "\u767d\u99ac\u30b3\u30eb\u30c1\u30ca",
          "region": "asia/japan/chubu"
        },
        "source": "OpenStreetMap",
        "source_confidence": "osm_as_mapped",
        "coordinate_space": "local_east_m, local_north_m",
        "aerialway": null
      }
    },
    {
      "type": "Feature",
      "geometry": {
        "type": "Point",
        "coordinates": [
          2829.322891726042,
          2257.9358090511523
        ]
      },
      "properties": {
        "id": "lifts:nan:8868150913",
        "osm_type": null,
        "osm_id": "8868150913",
        "name": null,
        "tags": {
          "other_tags": "\"aerialway\"=>\"pylon\"",
          "State": "Nagano",
          "Country": "Japan",
          "Ski Area": "\u767d\u99ac\u30b3\u30eb\u30c1\u30ca",
          "region": "asia/japan/chubu"
        },
        "source": "OpenStreetMap",
        "source_confidence": "osm_as_mapped",
        "coordinate_space": "local_east_m, local_north_m",
        "aerialway": null
      }
    },
    {
      "type": "Feature",
      "geometry": {
        "type": "Point",
        "coordinates": [
          2900.569822693011,
          2212.9143420038745
        ]
      },
      "properties": {
        "id": "lifts:nan:8868150914",
        "osm_type": null,
        "osm_id": "8868150914",
        "name": null,
        "tags": {
          "other_tags": "\"aerialway\"=>\"pylon\"",
          "State": "Nagano",
          "Country": "Japan",
          "Ski Area": "\u767d\u99ac\u30b3\u30eb\u30c1\u30ca",
          "region": "asia/japan/chubu"
        },
        "source": "OpenStreetMap",
        "source_confidence": "osm_as_mapped",
        "coordinate_space": "local_east_m, local_north_m",
        "aerialway": null
      }
    },
    {
      "type": "Feature",
      "geometry": {
        "type": "Point",
        "coordinates": [
          2971.234821630991,
          2168.2534792334773
        ]
      },
      "properties": {
        "id": "lifts:nan:8868150915",
        "osm_type": null,
        "osm_id": "8868150915",
        "name": null,
        "tags": {
          "other_tags": "\"aerialway\"=>\"pylon\"",
          "State": "Nagano",
          "Country": "Japan",
          "Ski Area": "\u767d\u99ac\u30b3\u30eb\u30c1\u30ca",
          "region": "asia/japan/chubu"
        },
        "source": "OpenStreetMap",
        "source_confidence": "osm_as_mapped",
        "coordinate_space": "local_east_m, local_north_m",
        "aerialway": null
      }
    },
    {
      "type": "Feature",
      "geometry": {
        "type": "Point",
        "coordinates": [
          3013.325825269334,
          2141.6678331024013
        ]
      },
      "properties": {
        "id": "lifts:nan:8868150916",
        "osm_type": null,
        "osm_id": "8868150916",
        "name": null,
        "tags": {
          "other_tags": "\"aerialway\"=>\"pylon\"",
          "State": "Nagano",
          "Country": "Japan",
          "Ski Area": "\u767d\u99ac\u30b3\u30eb\u30c1\u30ca",
          "region": "asia/japan/chubu"
        },
        "source": "OpenStreetMap",
        "source_confidence": "osm_as_mapped",
        "coordinate_space": "local_east_m, local_north_m",
        "aerialway": null
      }
    },
    {
      "type": "Feature",
      "geometry": {
        "type": "Point",
        "coordinates": [
          2986.6760826529935,
          2117.29405810358
        ]
      },
      "properties": {
        "id": "lifts:nan:8868174617",
        "osm_type": null,
        "osm_id": "8868174617",
        "name": null,
        "tags": {
          "other_tags": "\"aerialway\"=>\"pylon\"",
          "State": "Nagano",
          "Country": "Japan",
          "Ski Area": "\u767d\u99ac\u30b3\u30eb\u30c1\u30ca",
          "region": "asia/japan/chubu"
        },
        "source": "OpenStreetMap",
        "source_confidence": "osm_as_mapped",
        "coordinate_space": "local_east_m, local_north_m",
        "aerialway": null
      }
    },
    {
      "type": "Feature",
      "geometry": {
        "type": "Point",
        "coordinates": [
          3010.1394200682407,
          2116.403059997596
        ]
      },
      "properties": {
        "id": "lifts:nan:8868174618",
        "osm_type": null,
        "osm_id": "8868174618",
        "name": null,
        "tags": {
          "other_tags": "\"aerialway\"=>\"pylon\"",
          "State": "Nagano",
          "Country": "Japan",
          "Ski Area": "\u767d\u99ac\u30b3\u30eb\u30c1\u30ca",
          "region": "asia/japan/chubu"
        },
        "source": "OpenStreetMap",
        "source_confidence": "osm_as_mapped",
        "coordinate_space": "local_east_m, local_north_m",
        "aerialway": null
      }
    },
    {
      "type": "Feature",
      "geometry": {
        "type": "Point",
        "coordinates": [
          2922.0906970010838,
          2119.7761058527976
        ]
      },
      "properties": {
        "id": "lifts:nan:8868174619",
        "osm_type": null,
        "osm_id": "8868174619",
        "name": null,
        "tags": {
          "other_tags": "\"aerialway\"=>\"pylon\"",
          "State": "Nagano",
          "Country": "Japan",
          "Ski Area": "\u767d\u99ac\u30b3\u30eb\u30c1\u30ca",
          "region": "asia/japan/chubu"
        },
        "source": "OpenStreetMap",
        "source_confidence": "osm_as_mapped",
        "coordinate_space": "local_east_m, local_north_m",
        "aerialway": null
      }
    },
    {
      "type": "Feature",
      "geometry": {
        "type": "Point",
        "coordinates": [
          2878.885036468506,
          2121.4265845241025
        ]
      },
      "properties": {
        "id": "lifts:nan:8868174620",
        "osm_type": null,
        "osm_id": "8868174620",
        "name": null,
        "tags": {
          "other_tags": "\"aerialway\"=>\"pylon\"",
          "State": "Nagano",
          "Country": "Japan",
          "Ski Area": "\u767d\u99ac\u30b3\u30eb\u30c1\u30ca",
          "region": "asia/japan/chubu"
        },
        "source": "OpenStreetMap",
        "source_confidence": "osm_as_mapped",
        "coordinate_space": "local_east_m, local_north_m",
        "aerialway": null
      }
    },
    {
      "type": "Feature",
      "geometry": {
        "type": "Point",
        "coordinates": [
          2799.799613710493,
          2124.460496682208
        ]
      },
      "properties": {
        "id": "lifts:nan:8868174621",
        "osm_type": null,
        "osm_id": "8868174621",
        "name": null,
        "tags": {
          "other_tags": "\"aerialway\"=>\"pylon\"",
          "State": "Nagano",
          "Country": "Japan",
          "Ski Area": "\u767d\u99ac\u30b3\u30eb\u30c1\u30ca",
          "region": "asia/japan/chubu"
        },
        "source": "OpenStreetMap",
        "source_confidence": "osm_as_mapped",
        "coordinate_space": "local_east_m, local_north_m",
        "aerialway": null
      }
    },
    {
      "type": "Feature",
      "geometry": {
        "type": "Point",
        "coordinates": [
          2725.2674258665647,
          2127.321465131361
        ]
      },
      "properties": {
        "id": "lifts:nan:8868174622",
        "osm_type": null,
        "osm_id": "8868174622",
        "name": null,
        "tags": {
          "other_tags": "\"aerialway\"=>\"pylon\"",
          "State": "Nagano",
          "Country": "Japan",
          "Ski Area": "\u767d\u99ac\u30b3\u30eb\u30c1\u30ca",
          "region": "asia/japan/chubu"
        },
        "source": "OpenStreetMap",
        "source_confidence": "osm_as_mapped",
        "coordinate_space": "local_east_m, local_north_m",
        "aerialway": null
      }
    },
    {
      "type": "Feature",
      "geometry": {
        "type": "Point",
        "coordinates": [
          2656.093539071968,
          2129.9781114775687
        ]
      },
      "properties": {
        "id": "lifts:nan:8868174623",
        "osm_type": null,
        "osm_id": "8868174623",
        "name": null,
        "tags": {
          "other_tags": "\"aerialway\"=>\"pylon\"",
          "State": "Nagano",
          "Country": "Japan",
          "Ski Area": "\u767d\u99ac\u30b3\u30eb\u30c1\u30ca",
          "region": "asia/japan/chubu"
        },
        "source": "OpenStreetMap",
        "source_confidence": "osm_as_mapped",
        "coordinate_space": "local_east_m, local_north_m",
        "aerialway": null
      }
    },
    {
      "type": "Feature",
      "geometry": {
        "type": "Point",
        "coordinates": [
          2583.50301603158,
          2132.7544609252363
        ]
      },
      "properties": {
        "id": "lifts:nan:8868174624",
        "osm_type": null,
        "osm_id": "8868174624",
        "name": null,
        "tags": {
          "other_tags": "\"aerialway\"=>\"pylon\"",
          "State": "Nagano",
          "Country": "Japan",
          "Ski Area": "\u767d\u99ac\u30b3\u30eb\u30c1\u30ca",
          "region": "asia/japan/chubu"
        },
        "source": "OpenStreetMap",
        "source_confidence": "osm_as_mapped",
        "coordinate_space": "local_east_m, local_north_m",
        "aerialway": null
      }
    },
    {
      "type": "Feature",
      "geometry": {
        "type": "Point",
        "coordinates": [
          2555.9337719420437,
          2133.811645754613
        ]
      },
      "properties": {
        "id": "lifts:nan:8868174625",
        "osm_type": null,
        "osm_id": "8868174625",
        "name": null,
        "tags": {
          "other_tags": "\"aerialway\"=>\"pylon\"",
          "State": "Nagano",
          "Country": "Japan",
          "Ski Area": "\u767d\u99ac\u30b3\u30eb\u30c1\u30ca",
          "region": "asia/japan/chubu"
        },
        "source": "OpenStreetMap",
        "source_confidence": "osm_as_mapped",
        "coordinate_space": "local_east_m, local_north_m",
        "aerialway": null
      }
    },
    {
      "type": "Feature",
      "geometry": {
        "type": "Point",
        "coordinates": [
          2571.086836289265,
          2036.3046867172234
        ]
      },
      "properties": {
        "id": "lifts:nan:8868174627",
        "osm_type": null,
        "osm_id": "8868174627",
        "name": null,
        "tags": {
          "other_tags": "\"aerialway\"=>\"pylon\"",
          "State": "Nagano",
          "Country": "Japan",
          "Ski Area": "\u767d\u99ac\u30b3\u30eb\u30c1\u30ca",
          "region": "asia/japan/chubu"
        },
        "source": "OpenStreetMap",
        "source_confidence": "osm_as_mapped",
        "coordinate_space": "local_east_m, local_north_m",
        "aerialway": null
      }
    },
    {
      "type": "Feature",
      "geometry": {
        "type": "Point",
        "coordinates": [
          2609.0539528193185,
          1954.4243554701097
        ]
      },
      "properties": {
        "id": "lifts:nan:8868174628",
        "osm_type": null,
        "osm_id": "8868174628",
        "name": null,
        "tags": {
          "other_tags": "\"aerialway\"=>\"pylon\"",
          "State": "Nagano",
          "Country": "Japan",
          "Ski Area": "\u767d\u99ac\u30b3\u30eb\u30c1\u30ca",
          "region": "asia/japan/chubu"
        },
        "source": "OpenStreetMap",
        "source_confidence": "osm_as_mapped",
        "coordinate_space": "local_east_m, local_north_m",
        "aerialway": null
      }
    },
    {
      "type": "Feature",
      "geometry": {
        "type": "Point",
        "coordinates": [
          2616.3360277765896,
          1938.7164444779046
        ]
      },
      "properties": {
        "id": "lifts:nan:8868174629",
        "osm_type": null,
        "osm_id": "8868174629",
        "name": null,
        "tags": {
          "other_tags": "\"aerialway\"=>\"pylon\"",
          "State": "Nagano",
          "Country": "Japan",
          "Ski Area": "\u767d\u99ac\u30b3\u30eb\u30c1\u30ca",
          "region": "asia/japan/chubu"
        },
        "source": "OpenStreetMap",
        "source_confidence": "osm_as_mapped",
        "coordinate_space": "local_east_m, local_north_m",
        "aerialway": null
      }
    },
    {
      "type": "Feature",
      "geometry": {
        "type": "Point",
        "coordinates": [
          2635.181584760314,
          1898.0665101148188
        ]
      },
      "properties": {
        "id": "lifts:nan:8868174630",
        "osm_type": null,
        "osm_id": "8868174630",
        "name": null,
        "tags": {
          "other_tags": "\"aerialway\"=>\"pylon\"",
          "State": "Nagano",
          "Country": "Japan",
          "Ski Area": "\u767d\u99ac\u30b3\u30eb\u30c1\u30ca",
          "region": "asia/japan/chubu"
        },
        "source": "OpenStreetMap",
        "source_confidence": "osm_as_mapped",
        "coordinate_space": "local_east_m, local_north_m",
        "aerialway": null
      }
    },
    {
      "type": "Feature",
      "geometry": {
        "type": "Point",
        "coordinates": [
          2671.1621331882197,
          1820.4693201496266
        ]
      },
      "properties": {
        "id": "lifts:nan:8868174631",
        "osm_type": null,
        "osm_id": "8868174631",
        "name": null,
        "tags": {
          "other_tags": "\"aerialway\"=>\"pylon\"",
          "State": "Nagano",
          "Country": "Japan",
          "Ski Area": "\u767d\u99ac\u30b3\u30eb\u30c1\u30ca",
          "region": "asia/japan/chubu"
        },
        "source": "OpenStreetMap",
        "source_confidence": "osm_as_mapped",
        "coordinate_space": "local_east_m, local_north_m",
        "aerialway": null
      }
    },
    {
      "type": "Feature",
      "geometry": {
        "type": "Point",
        "coordinates": [
          2706.923885839409,
          1743.332133834716
        ]
      },
      "properties": {
        "id": "lifts:nan:8868174632",
        "osm_type": null,
        "osm_id": "8868174632",
        "name": null,
        "tags": {
          "other_tags": "\"aerialway\"=>\"pylon\"",
          "State": "Nagano",
          "Country": "Japan",
          "Ski Area": "\u767d\u99ac\u30b3\u30eb\u30c1\u30ca",
          "region": "asia/japan/chubu"
        },
        "source": "OpenStreetMap",
        "source_confidence": "osm_as_mapped",
        "coordinate_space": "local_east_m, local_north_m",
        "aerialway": null
      }
    },
    {
      "type": "Feature",
      "geometry": {
        "type": "Point",
        "coordinates": [
          2728.2360831201077,
          1697.3587220860645
        ]
      },
      "properties": {
        "id": "lifts:nan:8868174633",
        "osm_type": null,
        "osm_id": "8868174633",
        "name": null,
        "tags": {
          "other_tags": "\"aerialway\"=>\"pylon\"",
          "State": "Nagano",
          "Country": "Japan",
          "Ski Area": "\u767d\u99ac\u30b3\u30eb\u30c1\u30ca",
          "region": "asia/japan/chubu"
        },
        "source": "OpenStreetMap",
        "source_confidence": "osm_as_mapped",
        "coordinate_space": "local_east_m, local_north_m",
        "aerialway": null
      }
    },
    {
      "type": "Feature",
      "geometry": {
        "type": "Point",
        "coordinates": [
          2737.4298358816886,
          1677.5323004270904
        ]
      },
      "properties": {
        "id": "lifts:nan:8868174634",
        "osm_type": null,
        "osm_id": "8868174634",
        "name": null,
        "tags": {
          "other_tags": "\"aerialway\"=>\"pylon\"",
          "State": "Nagano",
          "Country": "Japan",
          "Ski Area": "\u767d\u99ac\u30b3\u30eb\u30c1\u30ca",
          "region": "asia/japan/chubu"
        },
        "source": "OpenStreetMap",
        "source_confidence": "osm_as_mapped",
        "coordinate_space": "local_east_m, local_north_m",
        "aerialway": null
      }
    },
    {
      "type": "Feature",
      "geometry": {
        "type": "Point",
        "coordinates": [
          2761.2174950805493,
          1626.2244895249605
        ]
      },
      "properties": {
        "id": "lifts:nan:8868174635",
        "osm_type": null,
        "osm_id": "8868174635",
        "name": null,
        "tags": {
          "other_tags": "\"aerialway\"=>\"pylon\"",
          "State": "Nagano",
          "Country": "Japan",
          "Ski Area": "\u767d\u99ac\u30b3\u30eb\u30c1\u30ca",
          "region": "asia/japan/chubu"
        },
        "source": "OpenStreetMap",
        "source_confidence": "osm_as_mapped",
        "coordinate_space": "local_east_m, local_north_m",
        "aerialway": null
      }
    },
    {
      "type": "Feature",
      "geometry": {
        "type": "Point",
        "coordinates": [
          2791.2275003121467,
          1561.487214055378
        ]
      },
      "properties": {
        "id": "lifts:nan:8868174636",
        "osm_type": null,
        "osm_id": "8868174636",
        "name": null,
        "tags": {
          "other_tags": "\"aerialway\"=>\"pylon\"",
          "State": "Nagano",
          "Country": "Japan",
          "Ski Area": "\u767d\u99ac\u30b3\u30eb\u30c1\u30ca",
          "region": "asia/japan/chubu"
        },
        "source": "OpenStreetMap",
        "source_confidence": "osm_as_mapped",
        "coordinate_space": "local_east_m, local_north_m",
        "aerialway": null
      }
    },
    {
      "type": "Feature",
      "geometry": {
        "type": "Point",
        "coordinates": [
          2819.2302493845345,
          1501.098946491722
        ]
      },
      "properties": {
        "id": "lifts:nan:8868174637",
        "osm_type": null,
        "osm_id": "8868174637",
        "name": null,
        "tags": {
          "other_tags": "\"aerialway\"=>\"pylon\"",
          "State": "Nagano",
          "Country": "Japan",
          "Ski Area": "\u767d\u99ac\u30b3\u30eb\u30c1\u30ca",
          "region": "asia/japan/chubu"
        },
        "source": "OpenStreetMap",
        "source_confidence": "osm_as_mapped",
        "coordinate_space": "local_east_m, local_north_m",
        "aerialway": null
      }
    },
    {
      "type": "Feature",
      "geometry": {
        "type": "Point",
        "coordinates": [
          2748.579678991111,
          1450.0305835250765
        ]
      },
      "properties": {
        "id": "lifts:nan:8868174638",
        "osm_type": null,
        "osm_id": "8868174638",
        "name": null,
        "tags": {
          "other_tags": "\"aerialway\"=>\"pylon\"",
          "State": "Nagano",
          "Country": "Japan",
          "Ski Area": "\u767d\u99ac\u30b3\u30eb\u30c1\u30ca",
          "region": "asia/japan/chubu"
        },
        "source": "OpenStreetMap",
        "source_confidence": "osm_as_mapped",
        "coordinate_space": "local_east_m, local_north_m",
        "aerialway": null
      }
    },
    {
      "type": "Feature",
      "geometry": {
        "type": "Point",
        "coordinates": [
          2710.863361961907,
          1503.3397752959281
        ]
      },
      "properties": {
        "id": "lifts:nan:8868174639",
        "osm_type": null,
        "osm_id": "8868174639",
        "name": null,
        "tags": {
          "other_tags": "\"aerialway\"=>\"pylon\"",
          "State": "Nagano",
          "Country": "Japan",
          "Ski Area": "\u767d\u99ac\u30b3\u30eb\u30c1\u30ca",
          "region": "asia/japan/chubu"
        },
        "source": "OpenStreetMap",
        "source_confidence": "osm_as_mapped",
        "coordinate_space": "local_east_m, local_north_m",
        "aerialway": null
      }
    },
    {
      "type": "Feature",
      "geometry": {
        "type": "Point",
        "coordinates": [
          2660.454223696608,
          1574.5929751982912
        ]
      },
      "properties": {
        "id": "lifts:nan:8868174640",
        "osm_type": null,
        "osm_id": "8868174640",
        "name": null,
        "tags": {
          "other_tags": "\"aerialway\"=>\"pylon\"",
          "State": "Nagano",
          "Country": "Japan",
          "Ski Area": "\u767d\u99ac\u30b3\u30eb\u30c1\u30ca",
          "region": "asia/japan/chubu"
        },
        "source": "OpenStreetMap",
        "source_confidence": "osm_as_mapped",
        "coordinate_space": "local_east_m, local_north_m",
        "aerialway": null
      }
    },
    {
      "type": "Feature",
      "geometry": {
        "type": "Point",
        "coordinates": [
          2621.376017212053,
          1629.8384670270607
        ]
      },
      "properties": {
        "id": "lifts:nan:8868174641",
        "osm_type": null,
        "osm_id": "8868174641",
        "name": null,
        "tags": {
          "other_tags": "\"aerialway\"=>\"pylon\"",
          "State": "Nagano",
          "Country": "Japan",
          "Ski Area": "\u767d\u99ac\u30b3\u30eb\u30c1\u30ca",
          "region": "asia/japan/chubu"
        },
        "source": "OpenStreetMap",
        "source_confidence": "osm_as_mapped",
        "coordinate_space": "local_east_m, local_north_m",
        "aerialway": null
      }
    },
    {
      "type": "Feature",
      "geometry": {
        "type": "Point",
        "coordinates": [
          2611.0445868142415,
          1644.4326289952733
        ]
      },
      "properties": {
        "id": "lifts:nan:8868174642",
        "osm_type": null,
        "osm_id": "8868174642",
        "name": null,
        "tags": {
          "other_tags": "\"aerialway\"=>\"pylon\"",
          "State": "Nagano",
          "Country": "Japan",
          "Ski Area": "\u767d\u99ac\u30b3\u30eb\u30c1\u30ca",
          "region": "asia/japan/chubu"
        },
        "source": "OpenStreetMap",
        "source_confidence": "osm_as_mapped",
        "coordinate_space": "local_east_m, local_north_m",
        "aerialway": null
      }
    },
    {
      "type": "Feature",
      "geometry": {
        "type": "Point",
        "coordinates": [
          2580.945306480746,
          1686.9870595466346
        ]
      },
      "properties": {
        "id": "lifts:nan:8868174643",
        "osm_type": null,
        "osm_id": "8868174643",
        "name": null,
        "tags": {
          "other_tags": "\"aerialway\"=>\"pylon\"",
          "State": "Nagano",
          "Country": "Japan",
          "Ski Area": "\u767d\u99ac\u30b3\u30eb\u30c1\u30ca",
          "region": "asia/japan/chubu"
        },
        "source": "OpenStreetMap",
        "source_confidence": "osm_as_mapped",
        "coordinate_space": "local_east_m, local_north_m",
        "aerialway": null
      }
    },
    {
      "type": "Feature",
      "geometry": {
        "type": "Point",
        "coordinates": [
          2536.4270920306444,
          1749.9215426114388
        ]
      },
      "properties": {
        "id": "lifts:nan:8868174644",
        "osm_type": null,
        "osm_id": "8868174644",
        "name": null,
        "tags": {
          "other_tags": "\"aerialway\"=>\"pylon\"",
          "State": "Nagano",
          "Country": "Japan",
          "Ski Area": "\u767d\u99ac\u30b3\u30eb\u30c1\u30ca",
          "region": "asia/japan/chubu"
        },
        "source": "OpenStreetMap",
        "source_confidence": "osm_as_mapped",
        "coordinate_space": "local_east_m, local_north_m",
        "aerialway": null
      }
    },
    {
      "type": "Feature",
      "geometry": {
        "type": "Point",
        "coordinates": [
          2515.1855832425645,
          1779.947840537876
        ]
      },
      "properties": {
        "id": "lifts:nan:8868174645",
        "osm_type": null,
        "osm_id": "8868174645",
        "name": null,
        "tags": {
          "other_tags": "\"aerialway\"=>\"pylon\"",
          "State": "Nagano",
          "Country": "Japan",
          "Ski Area": "\u767d\u99ac\u30b3\u30eb\u30c1\u30ca",
          "region": "asia/japan/chubu"
        },
        "source": "OpenStreetMap",
        "source_confidence": "osm_as_mapped",
        "coordinate_space": "local_east_m, local_north_m",
        "aerialway": null
      }
    },
    {
      "type": "Feature",
      "geometry": {
        "type": "Point",
        "coordinates": [
          2352.9798156168545,
          1512.4264674438164
        ]
      },
      "properties": {
        "id": "lifts:nan:8868174646",
        "osm_type": null,
        "osm_id": "8868174646",
        "name": null,
        "tags": {
          "other_tags": "\"aerialway\"=>\"pylon\"",
          "State": "Nagano",
          "Country": "Japan",
          "Ski Area": "\u767d\u99ac\u4e57\u978d\u30b9\u30ad\u30fc\u5834",
          "region": "asia/japan/chubu"
        },
        "source": "OpenStreetMap",
        "source_confidence": "osm_as_mapped",
        "coordinate_space": "local_east_m, local_north_m",
        "aerialway": null
      }
    },
    {
      "type": "Feature",
      "geometry": {
        "type": "Point",
        "coordinates": [
          2393.073361192597,
          1486.3217919045128
        ]
      },
      "properties": {
        "id": "lifts:nan:8868174647",
        "osm_type": null,
        "osm_id": "8868174647",
        "name": null,
        "tags": {
          "other_tags": "\"aerialway\"=>\"pylon\"",
          "State": "Nagano",
          "Country": "Japan",
          "Ski Area": "\u767d\u99ac\u4e57\u978d\u30b9\u30ad\u30fc\u5834",
          "region": "asia/japan/chubu"
        },
        "source": "OpenStreetMap",
        "source_confidence": "osm_as_mapped",
        "coordinate_space": "local_east_m, local_north_m",
        "aerialway": null
      }
    },
    {
      "type": "Feature",
      "geometry": {
        "type": "Point",
        "coordinates": [
          2437.760535777197,
          1457.234587205574
        ]
      },
      "properties": {
        "id": "lifts:nan:8868174648",
        "osm_type": null,
        "osm_id": "8868174648",
        "name": null,
        "tags": {
          "other_tags": "\"aerialway\"=>\"pylon\"",
          "State": "Nagano",
          "Country": "Japan",
          "Ski Area": "\u767d\u99ac\u4e57\u978d\u30b9\u30ad\u30fc\u5834",
          "region": "asia/japan/chubu"
        },
        "source": "OpenStreetMap",
        "source_confidence": "osm_as_mapped",
        "coordinate_space": "local_east_m, local_north_m",
        "aerialway": null
      }
    },
    {
      "type": "Feature",
      "geometry": {
        "type": "Point",
        "coordinates": [
          2479.5859430069104,
          1430.016207695473
        ]
      },
      "properties": {
        "id": "lifts:nan:8868174649",
        "osm_type": null,
        "osm_id": "8868174649",
        "name": null,
        "tags": {
          "other_tags": "\"aerialway\"=>\"pylon\"",
          "State": "Nagano",
          "Country": "Japan",
          "Ski Area": "\u767d\u99ac\u4e57\u978d\u30b9\u30ad\u30fc\u5834",
          "region": "asia/japan/chubu"
        },
        "source": "OpenStreetMap",
        "source_confidence": "osm_as_mapped",
        "coordinate_space": "local_east_m, local_north_m",
        "aerialway": null
      }
    },
    {
      "type": "Feature",
      "geometry": {
        "type": "Point",
        "coordinates": [
          2523.681393760373,
          1401.3114304770716
        ]
      },
      "properties": {
        "id": "lifts:nan:8868174650",
        "osm_type": null,
        "osm_id": "8868174650",
        "name": null,
        "tags": {
          "other_tags": "\"aerialway\"=>\"pylon\"",
          "State": "Nagano",
          "Country": "Japan",
          "Ski Area": "\u767d\u99ac\u4e57\u978d\u30b9\u30ad\u30fc\u5834",
          "region": "asia/japan/chubu"
        },
        "source": "OpenStreetMap",
        "source_confidence": "osm_as_mapped",
        "coordinate_space": "local_east_m, local_north_m",
        "aerialway": null
      }
    },
    {
      "type": "Feature",
      "geometry": {
        "type": "Point",
        "coordinates": [
          2577.0464550482575,
          1366.5774334622547
        ]
      },
      "properties": {
        "id": "lifts:nan:8868174651",
        "osm_type": null,
        "osm_id": "8868174651",
        "name": null,
        "tags": {
          "other_tags": "\"aerialway\"=>\"pylon\"",
          "State": "Nagano",
          "Country": "Japan",
          "Ski Area": "\u767d\u99ac\u4e57\u978d\u30b9\u30ad\u30fc\u5834",
          "region": "asia/japan/chubu"
        },
        "source": "OpenStreetMap",
        "source_confidence": "osm_as_mapped",
        "coordinate_space": "local_east_m, local_north_m",
        "aerialway": null
      }
    },
    {
      "type": "Feature",
      "geometry": {
        "type": "Point",
        "coordinates": [
          2623.603542453493,
          1336.2701470172033
        ]
      },
      "properties": {
        "id": "lifts:nan:8868174652",
        "osm_type": null,
        "osm_id": "8868174652",
        "name": null,
        "tags": {
          "other_tags": "\"aerialway\"=>\"pylon\"",
          "State": "Nagano",
          "Country": "Japan",
          "Ski Area": "\u767d\u99ac\u4e57\u978d\u30b9\u30ad\u30fc\u5834",
          "region": "asia/japan/chubu"
        },
        "source": "OpenStreetMap",
        "source_confidence": "osm_as_mapped",
        "coordinate_space": "local_east_m, local_north_m",
        "aerialway": null
      }
    },
    {
      "type": "Feature",
      "geometry": {
        "type": "Point",
        "coordinates": [
          2670.8353315091226,
          1305.5280405501835
        ]
      },
      "properties": {
        "id": "lifts:nan:8868174653",
        "osm_type": null,
        "osm_id": "8868174653",
        "name": null,
        "tags": {
          "other_tags": "\"aerialway\"=>\"pylon\"",
          "State": "Nagano",
          "Country": "Japan",
          "Ski Area": "\u767d\u99ac\u4e57\u978d\u30b9\u30ad\u30fc\u5834",
          "region": "asia/japan/chubu"
        },
        "source": "OpenStreetMap",
        "source_confidence": "osm_as_mapped",
        "coordinate_space": "local_east_m, local_north_m",
        "aerialway": null
      }
    },
    {
      "type": "Feature",
      "geometry": {
        "type": "Point",
        "coordinates": [
          2683.6456344324397,
          1240.4385176980868
        ]
      },
      "properties": {
        "id": "lifts:nan:8868174654",
        "osm_type": null,
        "osm_id": "8868174654",
        "name": null,
        "tags": {
          "other_tags": "\"aerialway\"=>\"pylon\"",
          "State": "Nagano",
          "Country": "Japan",
          "Ski Area": "\u767d\u99ac\u4e57\u978d\u30b9\u30ad\u30fc\u5834",
          "region": "asia/japan/chubu"
        },
        "source": "OpenStreetMap",
        "source_confidence": "osm_as_mapped",
        "coordinate_space": "local_east_m, local_north_m",
        "aerialway": null
      }
    },
    {
      "type": "Feature",
      "geometry": {
        "type": "Point",
        "coordinates": [
          2618.2034907581983,
          1262.2459386722185
        ]
      },
      "properties": {
        "id": "lifts:nan:8868174655",
        "osm_type": null,
        "osm_id": "8868174655",
        "name": null,
        "tags": {
          "other_tags": "\"aerialway\"=>\"pylon\"",
          "State": "Nagano",
          "Country": "Japan",
          "Ski Area": "\u767d\u99ac\u4e57\u978d\u30b9\u30ad\u30fc\u5834",
          "region": "asia/japan/chubu"
        },
        "source": "OpenStreetMap",
        "source_confidence": "osm_as_mapped",
        "coordinate_space": "local_east_m, local_north_m",
        "aerialway": null
      }
    },
    {
      "type": "Feature",
      "geometry": {
        "type": "Point",
        "coordinates": [
          2553.935355637106,
          1283.6560356807895
        ]
      },
      "properties": {
        "id": "lifts:nan:8868174656",
        "osm_type": null,
        "osm_id": "8868174656",
        "name": null,
        "tags": {
          "other_tags": "\"aerialway\"=>\"pylon\"",
          "State": "Nagano",
          "Country": "Japan",
          "Ski Area": "\u767d\u99ac\u4e57\u978d\u30b9\u30ad\u30fc\u5834",
          "region": "asia/japan/chubu"
        },
        "source": "OpenStreetMap",
        "source_confidence": "osm_as_mapped",
        "coordinate_space": "local_east_m, local_north_m",
        "aerialway": null
      }
    },
    {
      "type": "Feature",
      "geometry": {
        "type": "Point",
        "coordinates": [
          2498.964691949659,
          1301.9701597685926
        ]
      },
      "properties": {
        "id": "lifts:nan:8868174657",
        "osm_type": null,
        "osm_id": "8868174657",
        "name": null,
        "tags": {
          "other_tags": "\"aerialway\"=>\"pylon\"",
          "State": "Nagano",
          "Country": "Japan",
          "Ski Area": "\u767d\u99ac\u4e57\u978d\u30b9\u30ad\u30fc\u5834",
          "region": "asia/japan/chubu"
        },
        "source": "OpenStreetMap",
        "source_confidence": "osm_as_mapped",
        "coordinate_space": "local_east_m, local_north_m",
        "aerialway": null
      }
    },
    {
      "type": "Feature",
      "geometry": {
        "type": "Point",
        "coordinates": [
          2455.0245270603336,
          1316.60724484222
        ]
      },
      "properties": {
        "id": "lifts:nan:8868174658",
        "osm_type": null,
        "osm_id": "8868174658",
        "name": null,
        "tags": {
          "other_tags": "\"aerialway\"=>\"pylon\"",
          "State": "Nagano",
          "Country": "Japan",
          "Ski Area": "\u767d\u99ac\u4e57\u978d\u30b9\u30ad\u30fc\u5834",
          "region": "asia/japan/chubu"
        },
        "source": "OpenStreetMap",
        "source_confidence": "osm_as_mapped",
        "coordinate_space": "local_east_m, local_north_m",
        "aerialway": null
      }
    },
    {
      "type": "Feature",
      "geometry": {
        "type": "Point",
        "coordinates": [
          2416.662625471363,
          1329.391072365921
        ]
      },
      "properties": {
        "id": "lifts:nan:8868174659",
        "osm_type": null,
        "osm_id": "8868174659",
        "name": null,
        "tags": {
          "other_tags": "\"aerialway\"=>\"pylon\"",
          "State": "Nagano",
          "Country": "Japan",
          "Ski Area": "\u767d\u99ac\u4e57\u978d\u30b9\u30ad\u30fc\u5834",
          "region": "asia/japan/chubu"
        },
        "source": "OpenStreetMap",
        "source_confidence": "osm_as_mapped",
        "coordinate_space": "local_east_m, local_north_m",
        "aerialway": null
      }
    },
    {
      "type": "Feature",
      "geometry": {
        "type": "Point",
        "coordinates": [
          2359.101988711627,
          1348.5721362559125
        ]
      },
      "properties": {
        "id": "lifts:nan:8868174660",
        "osm_type": null,
        "osm_id": "8868174660",
        "name": null,
        "tags": {
          "other_tags": "\"aerialway\"=>\"pylon\"",
          "State": "Nagano",
          "Country": "Japan",
          "Ski Area": "\u767d\u99ac\u4e57\u978d\u30b9\u30ad\u30fc\u5834",
          "region": "asia/japan/chubu"
        },
        "source": "OpenStreetMap",
        "source_confidence": "osm_as_mapped",
        "coordinate_space": "local_east_m, local_north_m",
        "aerialway": null
      }
    },
    {
      "type": "Feature",
      "geometry": {
        "type": "Point",
        "coordinates": [
          2284.1160457497463,
          1343.1491546998732
        ]
      },
      "properties": {
        "id": "lifts:nan:8868174661",
        "osm_type": null,
        "osm_id": "8868174661",
        "name": null,
        "tags": {
          "other_tags": "\"aerialway\"=>\"pylon\"",
          "State": "Nagano",
          "Country": "Japan",
          "Ski Area": "\u767d\u99ac\u4e57\u978d\u30b9\u30ad\u30fc\u5834",
          "region": "asia/japan/chubu"
        },
        "source": "OpenStreetMap",
        "source_confidence": "osm_as_mapped",
        "coordinate_space": "local_east_m, local_north_m",
        "aerialway": null
      }
    },
    {
      "type": "Feature",
      "geometry": {
        "type": "Point",
        "coordinates": [
          2217.2260396433994,
          1398.2922712787986
        ]
      },
      "properties": {
        "id": "lifts:nan:8868174662",
        "osm_type": null,
        "osm_id": "8868174662",
        "name": null,
        "tags": {
          "other_tags": "\"aerialway\"=>\"pylon\"",
          "State": "Nagano",
          "Country": "Japan",
          "Ski Area": "\u767d\u99ac\u4e57\u978d\u30b9\u30ad\u30fc\u5834",
          "region": "asia/japan/chubu"
        },
        "source": "OpenStreetMap",
        "source_confidence": "osm_as_mapped",
        "coordinate_space": "local_east_m, local_north_m",
        "aerialway": null
      }
    },
    {
      "type": "Feature",
      "geometry": {
        "type": "Point",
        "coordinates": [
          2179.541073251865,
          1429.2906402782537
        ]
      },
      "properties": {
        "id": "lifts:nan:8868174663",
        "osm_type": null,
        "osm_id": "8868174663",
        "name": null,
        "tags": {
          "other_tags": "\"aerialway\"=>\"pylon\"",
          "State": "Nagano",
          "Country": "Japan",
          "Ski Area": "\u767d\u99ac\u4e57\u978d\u30b9\u30ad\u30fc\u5834",
          "region": "asia/japan/chubu"
        },
        "source": "OpenStreetMap",
        "source_confidence": "osm_as_mapped",
        "coordinate_space": "local_east_m, local_north_m",
        "aerialway": null
      }
    },
    {
      "type": "Feature",
      "geometry": {
        "type": "Point",
        "coordinates": [
          2155.1210714395856,
          1450.0478044566698
        ]
      },
      "properties": {
        "id": "lifts:nan:8868174664",
        "osm_type": null,
        "osm_id": "8868174664",
        "name": null,
        "tags": {
          "other_tags": "\"aerialway\"=>\"pylon\"",
          "State": "Nagano",
          "Country": "Japan",
          "Ski Area": "\u767d\u99ac\u4e57\u978d\u30b9\u30ad\u30fc\u5834",
          "region": "asia/japan/chubu"
        },
        "source": "OpenStreetMap",
        "source_confidence": "osm_as_mapped",
        "coordinate_space": "local_east_m, local_north_m",
        "aerialway": null
      }
    },
    {
      "type": "Feature",
      "geometry": {
        "type": "Point",
        "coordinates": [
          2087.9730647760443,
          1510.2599060395733
        ]
      },
      "properties": {
        "id": "lifts:nan:8868174665",
        "osm_type": null,
        "osm_id": "8868174665",
        "name": null,
        "tags": {
          "other_tags": "\"aerialway\"=>\"pylon\"",
          "State": "Nagano",
          "Country": "Japan",
          "Ski Area": "\u767d\u99ac\u4e57\u978d\u30b9\u30ad\u30fc\u5834",
          "region": "asia/japan/chubu"
        },
        "source": "OpenStreetMap",
        "source_confidence": "osm_as_mapped",
        "coordinate_space": "local_east_m, local_north_m",
        "aerialway": null
      }
    },
    {
      "type": "Feature",
      "geometry": {
        "type": "Point",
        "coordinates": [
          1978.2584956838982,
          1599.2700193119235
        ]
      },
      "properties": {
        "id": "lifts:nan:8868174666",
        "osm_type": null,
        "osm_id": "8868174666",
        "name": null,
        "tags": {
          "other_tags": "\"aerialway\"=>\"pylon\"",
          "State": "Nagano",
          "Country": "Japan",
          "Ski Area": "\u767d\u99ac\u4e57\u978d\u30b9\u30ad\u30fc\u5834",
          "region": "asia/japan/chubu"
        },
        "source": "OpenStreetMap",
        "source_confidence": "osm_as_mapped",
        "coordinate_space": "local_east_m, local_north_m",
        "aerialway": null
      }
    },
    {
      "type": "Feature",
      "geometry": {
        "type": "Point",
        "coordinates": [
          1901.2800778185483,
          1665.2632997459732
        ]
      },
      "properties": {
        "id": "lifts:nan:8868174667",
        "osm_type": null,
        "osm_id": "8868174667",
        "name": null,
        "tags": {
          "other_tags": "\"aerialway\"=>\"pylon\"",
          "State": "Nagano",
          "Country": "Japan",
          "Ski Area": "\u767d\u99ac\u4e57\u978d\u30b9\u30ad\u30fc\u5834",
          "region": "asia/japan/chubu"
        },
        "source": "OpenStreetMap",
        "source_confidence": "osm_as_mapped",
        "coordinate_space": "local_east_m, local_north_m",
        "aerialway": null
      }
    },
    {
      "type": "Feature",
      "geometry": {
        "type": "Point",
        "coordinates": [
          1646.5167569576297,
          1393.8871849551797
        ]
      },
      "properties": {
        "id": "lifts:nan:8868174668",
        "osm_type": null,
        "osm_id": "8868174668",
        "name": null,
        "tags": {
          "other_tags": "\"aerialway\"=>\"pylon\"",
          "State": "Nagano",
          "Country": "Japan",
          "Ski Area": "\u767d\u99ac\u4e57\u978d\u30b9\u30ad\u30fc\u5834",
          "region": "asia/japan/chubu"
        },
        "source": "OpenStreetMap",
        "source_confidence": "osm_as_mapped",
        "coordinate_space": "local_east_m, local_north_m",
        "aerialway": null
      }
    },
    {
      "type": "Feature",
      "geometry": {
        "type": "Point",
        "coordinates": [
          1687.536560330307,
          1353.5348129332997
        ]
      },
      "properties": {
        "id": "lifts:nan:8868174669",
        "osm_type": null,
        "osm_id": "8868174669",
        "name": null,
        "tags": {
          "other_tags": "\"aerialway\"=>\"pylon\"",
          "State": "Nagano",
          "Country": "Japan",
          "Ski Area": "\u767d\u99ac\u4e57\u978d\u30b9\u30ad\u30fc\u5834",
          "region": "asia/japan/chubu"
        },
        "source": "OpenStreetMap",
        "source_confidence": "osm_as_mapped",
        "coordinate_space": "local_east_m, local_north_m",
        "aerialway": null
      }
    },
    {
      "type": "Feature",
      "geometry": {
        "type": "Point",
        "coordinates": [
          1784.1524991674814,
          1258.5185058703646
        ]
      },
      "properties": {
        "id": "lifts:nan:8868174670",
        "osm_type": null,
        "osm_id": "8868174670",
        "name": null,
        "tags": {
          "other_tags": "\"aerialway\"=>\"pylon\"",
          "State": "Nagano",
          "Country": "Japan",
          "Ski Area": "\u767d\u99ac\u4e57\u978d\u30b9\u30ad\u30fc\u5834",
          "region": "asia/japan/chubu"
        },
        "source": "OpenStreetMap",
        "source_confidence": "osm_as_mapped",
        "coordinate_space": "local_east_m, local_north_m",
        "aerialway": null
      }
    },
    {
      "type": "Feature",
      "geometry": {
        "type": "Point",
        "coordinates": [
          1840.9650919892592,
          1202.636183120776
        ]
      },
      "properties": {
        "id": "lifts:nan:8868174671",
        "osm_type": null,
        "osm_id": "8868174671",
        "name": null,
        "tags": {
          "other_tags": "\"aerialway\"=>\"pylon\"",
          "State": "Nagano",
          "Country": "Japan",
          "Ski Area": "\u767d\u99ac\u4e57\u978d\u30b9\u30ad\u30fc\u5834",
          "region": "asia/japan/chubu"
        },
        "source": "OpenStreetMap",
        "source_confidence": "osm_as_mapped",
        "coordinate_space": "local_east_m, local_north_m",
        "aerialway": null
      }
    },
    {
      "type": "Feature",
      "geometry": {
        "type": "Point",
        "coordinates": [
          1890.8813986575697,
          1153.5442704195157
        ]
      },
      "properties": {
        "id": "lifts:nan:8868174672",
        "osm_type": null,
        "osm_id": "8868174672",
        "name": null,
        "tags": {
          "other_tags": "\"aerialway\"=>\"pylon\"",
          "State": "Nagano",
          "Country": "Japan",
          "Ski Area": "\u767d\u99ac\u4e57\u978d\u30b9\u30ad\u30fc\u5834",
          "region": "asia/japan/chubu"
        },
        "source": "OpenStreetMap",
        "source_confidence": "osm_as_mapped",
        "coordinate_space": "local_east_m, local_north_m",
        "aerialway": null
      }
    },
    {
      "type": "Feature",
      "geometry": {
        "type": "Point",
        "coordinates": [
          1954.638112450135,
          1090.8406156208366
        ]
      },
      "properties": {
        "id": "lifts:nan:8868174673",
        "osm_type": null,
        "osm_id": "8868174673",
        "name": null,
        "tags": {
          "other_tags": "\"aerialway\"=>\"pylon\"",
          "State": "Nagano",
          "Country": "Japan",
          "Ski Area": "\u767d\u99ac\u4e57\u978d\u30b9\u30ad\u30fc\u5834",
          "region": "asia/japan/chubu"
        },
        "source": "OpenStreetMap",
        "source_confidence": "osm_as_mapped",
        "coordinate_space": "local_east_m, local_north_m",
        "aerialway": null
      }
    },
    {
      "type": "Feature",
      "geometry": {
        "type": "Point",
        "coordinates": [
          2015.5780567291658,
          1030.907149495557
        ]
      },
      "properties": {
        "id": "lifts:nan:8868174674",
        "osm_type": null,
        "osm_id": "8868174674",
        "name": null,
        "tags": {
          "other_tags": "\"aerialway\"=>\"pylon\"",
          "State": "Nagano",
          "Country": "Japan",
          "Ski Area": "\u767d\u99ac\u4e57\u978d\u30b9\u30ad\u30fc\u5834",
          "region": "asia/japan/chubu"
        },
        "source": "OpenStreetMap",
        "source_confidence": "osm_as_mapped",
        "coordinate_space": "local_east_m, local_north_m",
        "aerialway": null
      }
    },
    {
      "type": "Feature",
      "geometry": {
        "type": "Point",
        "coordinates": [
          2059.2532997488743,
          987.948258082848
        ]
      },
      "properties": {
        "id": "lifts:nan:8868174675",
        "osm_type": null,
        "osm_id": "8868174675",
        "name": null,
        "tags": {
          "other_tags": "\"aerialway\"=>\"pylon\"",
          "State": "Nagano",
          "Country": "Japan",
          "Ski Area": "\u767d\u99ac\u4e57\u978d\u30b9\u30ad\u30fc\u5834",
          "region": "asia/japan/chubu"
        },
        "source": "OpenStreetMap",
        "source_confidence": "osm_as_mapped",
        "coordinate_space": "local_east_m, local_north_m",
        "aerialway": null
      }
    },
    {
      "type": "Feature",
      "geometry": {
        "type": "Point",
        "coordinates": [
          2111.5571926343255,
          936.5079286238179
        ]
      },
      "properties": {
        "id": "lifts:nan:8868174676",
        "osm_type": null,
        "osm_id": "8868174676",
        "name": null,
        "tags": {
          "other_tags": "\"aerialway\"=>\"pylon\"",
          "State": "Nagano",
          "Country": "Japan",
          "Ski Area": "\u767d\u99ac\u4e57\u978d\u30b9\u30ad\u30fc\u5834",
          "region": "asia/japan/chubu"
        },
        "source": "OpenStreetMap",
        "source_confidence": "osm_as_mapped",
        "coordinate_space": "local_east_m, local_north_m",
        "aerialway": null
      }
    },
    {
      "type": "Feature",
      "geometry": {
        "type": "Point",
        "coordinates": [
          2100.3502530964324,
          918.1221183841117
        ]
      },
      "properties": {
        "id": "lifts:nan:8868174677",
        "osm_type": null,
        "osm_id": "8868174677",
        "name": null,
        "tags": {
          "other_tags": "\"aerialway\"=>\"pylon\"",
          "State": "Nagano",
          "Country": "Japan",
          "Ski Area": "\u767d\u99ac\u4e57\u978d\u30b9\u30ad\u30fc\u5834",
          "region": "asia/japan/chubu"
        },
        "source": "OpenStreetMap",
        "source_confidence": "osm_as_mapped",
        "coordinate_space": "local_east_m, local_north_m",
        "aerialway": null
      }
    },
    {
      "type": "Feature",
      "geometry": {
        "type": "Point",
        "coordinates": [
          2046.049065557192,
          947.7217988530174
        ]
      },
      "properties": {
        "id": "lifts:nan:8868174678",
        "osm_type": null,
        "osm_id": "8868174678",
        "name": null,
        "tags": {
          "other_tags": "\"aerialway\"=>\"pylon\"",
          "State": "Nagano",
          "Country": "Japan",
          "Ski Area": "\u767d\u99ac\u4e57\u978d\u30b9\u30ad\u30fc\u5834",
          "region": "asia/japan/chubu"
        },
        "source": "OpenStreetMap",
        "source_confidence": "osm_as_mapped",
        "coordinate_space": "local_east_m, local_north_m",
        "aerialway": null
      }
    },
    {
      "type": "Feature",
      "geometry": {
        "type": "Point",
        "coordinates": [
          1984.5261001413455,
          981.2475624964572
        ]
      },
      "properties": {
        "id": "lifts:nan:8868174679",
        "osm_type": null,
        "osm_id": "8868174679",
        "name": null,
        "tags": {
          "other_tags": "\"aerialway\"=>\"pylon\"",
          "State": "Nagano",
          "Country": "Japan",
          "Ski Area": "\u767d\u99ac\u4e57\u978d\u30b9\u30ad\u30fc\u5834",
          "region": "asia/japan/chubu"
        },
        "source": "OpenStreetMap",
        "source_confidence": "osm_as_mapped",
        "coordinate_space": "local_east_m, local_north_m",
        "aerialway": null
      }
    },
    {
      "type": "Feature",
      "geometry": {
        "type": "Point",
        "coordinates": [
          1954.3916756609688,
          997.6684700218029
        ]
      },
      "properties": {
        "id": "lifts:nan:8868174680",
        "osm_type": null,
        "osm_id": "8868174680",
        "name": null,
        "tags": {
          "other_tags": "\"aerialway\"=>\"pylon\"",
          "State": "Nagano",
          "Country": "Japan",
          "Ski Area": "\u767d\u99ac\u4e57\u978d\u30b9\u30ad\u30fc\u5834",
          "region": "asia/japan/chubu"
        },
        "source": "OpenStreetMap",
        "source_confidence": "osm_as_mapped",
        "coordinate_space": "local_east_m, local_north_m",
        "aerialway": null
      }
    },
    {
      "type": "Feature",
      "geometry": {
        "type": "Point",
        "coordinates": [
          1879.4511765646748,
          1038.5109112951905
        ]
      },
      "properties": {
        "id": "lifts:nan:8868174681",
        "osm_type": null,
        "osm_id": "8868174681",
        "name": null,
        "tags": {
          "other_tags": "\"aerialway\"=>\"pylon\"",
          "State": "Nagano",
          "Country": "Japan",
          "Ski Area": "\u767d\u99ac\u4e57\u978d\u30b9\u30ad\u30fc\u5834",
          "region": "asia/japan/chubu"
        },
        "source": "OpenStreetMap",
        "source_confidence": "osm_as_mapped",
        "coordinate_space": "local_east_m, local_north_m",
        "aerialway": null
      }
    },
    {
      "type": "Feature",
      "geometry": {
        "type": "Point",
        "coordinates": [
          1798.070231124293,
          1082.870168064721
        ]
      },
      "properties": {
        "id": "lifts:nan:8868174682",
        "osm_type": null,
        "osm_id": "8868174682",
        "name": null,
        "tags": {
          "other_tags": "\"aerialway\"=>\"pylon\"",
          "State": "Nagano",
          "Country": "Japan",
          "Ski Area": "\u767d\u99ac\u4e57\u978d\u30b9\u30ad\u30fc\u5834",
          "region": "asia/japan/chubu"
        },
        "source": "OpenStreetMap",
        "source_confidence": "osm_as_mapped",
        "coordinate_space": "local_east_m, local_north_m",
        "aerialway": null
      }
    },
    {
      "type": "Feature",
      "geometry": {
        "type": "Point",
        "coordinates": [
          1732.5881138724508,
          1118.5666642398573
        ]
      },
      "properties": {
        "id": "lifts:nan:8868174683",
        "osm_type": null,
        "osm_id": "8868174683",
        "name": null,
        "tags": {
          "other_tags": "\"aerialway\"=>\"pylon\"",
          "State": "Nagano",
          "Country": "Japan",
          "Ski Area": "\u767d\u99ac\u4e57\u978d\u30b9\u30ad\u30fc\u5834",
          "region": "asia/japan/chubu"
        },
        "source": "OpenStreetMap",
        "source_confidence": "osm_as_mapped",
        "coordinate_space": "local_east_m, local_north_m",
        "aerialway": null
      }
    },
    {
      "type": "Feature",
      "geometry": {
        "type": "Point",
        "coordinates": [
          1672.094214959303,
          1151.5367194106802
        ]
      },
      "properties": {
        "id": "lifts:nan:8868174684",
        "osm_type": null,
        "osm_id": "8868174684",
        "name": null,
        "tags": {
          "other_tags": "\"aerialway\"=>\"pylon\"",
          "State": "Nagano",
          "Country": "Japan",
          "Ski Area": "\u767d\u99ac\u4e57\u978d\u30b9\u30ad\u30fc\u5834",
          "region": "asia/japan/chubu"
        },
        "source": "OpenStreetMap",
        "source_confidence": "osm_as_mapped",
        "coordinate_space": "local_east_m, local_north_m",
        "aerialway": null
      }
    },
    {
      "type": "Feature",
      "geometry": {
        "type": "Point",
        "coordinates": [
          1596.5116718539502,
          1192.728668822907
        ]
      },
      "properties": {
        "id": "lifts:nan:8868174685",
        "osm_type": null,
        "osm_id": "8868174685",
        "name": null,
        "tags": {
          "other_tags": "\"aerialway\"=>\"pylon\"",
          "State": "Nagano",
          "Country": "Japan",
          "Ski Area": "\u767d\u99ac\u4e57\u978d\u30b9\u30ad\u30fc\u5834",
          "region": "asia/japan/chubu"
        },
        "source": "OpenStreetMap",
        "source_confidence": "osm_as_mapped",
        "coordinate_space": "local_east_m, local_north_m",
        "aerialway": null
      }
    },
    {
      "type": "Feature",
      "geometry": {
        "type": "Point",
        "coordinates": [
          1507.1955842832103,
          1239.2846516175196
        ]
      },
      "properties": {
        "id": "lifts:nan:8868174686",
        "osm_type": null,
        "osm_id": "8868174686",
        "name": null,
        "tags": {
          "other_tags": "\"aerialway\"=>\"pylon\"",
          "State": "Nagano",
          "Country": "Japan",
          "Ski Area": "\u767d\u99ac\u4e57\u978d\u30b9\u30ad\u30fc\u5834",
          "region": "asia/japan/chubu"
        },
        "source": "OpenStreetMap",
        "source_confidence": "osm_as_mapped",
        "coordinate_space": "local_east_m, local_north_m",
        "aerialway": null
      }
    },
    {
      "type": "Feature",
      "geometry": {
        "type": "Point",
        "coordinates": [
          1430.408122611465,
          1280.4862101157196
        ]
      },
      "properties": {
        "id": "lifts:nan:8868174687",
        "osm_type": null,
        "osm_id": "8868174687",
        "name": null,
        "tags": {
          "other_tags": "\"aerialway\"=>\"pylon\"",
          "State": "Nagano",
          "Country": "Japan",
          "Ski Area": "\u767d\u99ac\u4e57\u978d\u30b9\u30ad\u30fc\u5834",
          "region": "asia/japan/chubu"
        },
        "source": "OpenStreetMap",
        "source_confidence": "osm_as_mapped",
        "coordinate_space": "local_east_m, local_north_m",
        "aerialway": null
      }
    },
    {
      "type": "Feature",
      "geometry": {
        "type": "Point",
        "coordinates": [
          1445.3788066374836,
          1272.6274255979806
        ]
      },
      "properties": {
        "id": "lifts:nan:8868174688",
        "osm_type": null,
        "osm_id": "8868174688",
        "name": null,
        "tags": {
          "other_tags": "\"aerialway\"=>\"pylon\"",
          "State": "Nagano",
          "Country": "Japan",
          "Ski Area": "\u767d\u99ac\u4e57\u978d\u30b9\u30ad\u30fc\u5834",
          "region": "asia/japan/chubu"
        },
        "source": "OpenStreetMap",
        "source_confidence": "osm_as_mapped",
        "coordinate_space": "local_east_m, local_north_m",
        "aerialway": null
      }
    },
    {
      "type": "Feature",
      "geometry": {
        "type": "Point",
        "coordinates": [
          1352.5024929801002,
          1321.7548236222938
        ]
      },
      "properties": {
        "id": "lifts:nan:8868174689",
        "osm_type": null,
        "osm_id": "8868174689",
        "name": null,
        "tags": {
          "other_tags": "\"aerialway\"=>\"pylon\"",
          "State": "Nagano",
          "Country": "Japan",
          "Ski Area": "\u767d\u99ac\u4e57\u978d\u30b9\u30ad\u30fc\u5834",
          "region": "asia/japan/chubu"
        },
        "source": "OpenStreetMap",
        "source_confidence": "osm_as_mapped",
        "coordinate_space": "local_east_m, local_north_m",
        "aerialway": null
      }
    },
    {
      "type": "Feature",
      "geometry": {
        "type": "Point",
        "coordinates": [
          1325.7840413384838,
          1335.7922703456134
        ]
      },
      "properties": {
        "id": "lifts:nan:8868174690",
        "osm_type": null,
        "osm_id": "8868174690",
        "name": null,
        "tags": {
          "other_tags": "\"aerialway\"=>\"pylon\"",
          "State": "Nagano",
          "Country": "Japan",
          "Ski Area": "\u767d\u99ac\u4e57\u978d\u30b9\u30ad\u30fc\u5834",
          "region": "asia/japan/chubu"
        },
        "source": "OpenStreetMap",
        "source_confidence": "osm_as_mapped",
        "coordinate_space": "local_east_m, local_north_m",
        "aerialway": null
      }
    },
    {
      "type": "Feature",
      "geometry": {
        "type": "Point",
        "coordinates": [
          1261.3544677109458,
          1369.902024878189
        ]
      },
      "properties": {
        "id": "lifts:nan:8868174691",
        "osm_type": null,
        "osm_id": "8868174691",
        "name": null,
        "tags": {
          "other_tags": "\"aerialway\"=>\"pylon\"",
          "State": "Nagano",
          "Country": "Japan",
          "Ski Area": "\u767d\u99ac\u4e57\u978d\u30b9\u30ad\u30fc\u5834",
          "region": "asia/japan/chubu"
        },
        "source": "OpenStreetMap",
        "source_confidence": "osm_as_mapped",
        "coordinate_space": "local_east_m, local_north_m",
        "aerialway": null
      }
    },
    {
      "type": "Feature",
      "geometry": {
        "type": "Point",
        "coordinates": [
          1510.6398584515555,
          1107.2385733048432
        ]
      },
      "properties": {
        "id": "lifts:nan:8868174692",
        "osm_type": null,
        "osm_id": "8868174692",
        "name": null,
        "tags": {
          "other_tags": "\"aerialway\"=>\"pylon\"",
          "State": "Nagano",
          "Country": "Japan",
          "Ski Area": "\u767d\u99ac\u4e57\u978d\u30b9\u30ad\u30fc\u5834",
          "region": "asia/japan/chubu"
        },
        "source": "OpenStreetMap",
        "source_confidence": "osm_as_mapped",
        "coordinate_space": "local_east_m, local_north_m",
        "aerialway": null
      }
    },
    {
      "type": "Feature",
      "geometry": {
        "type": "Point",
        "coordinates": [
          1570.6500999305863,
          1074.8859809078276
        ]
      },
      "properties": {
        "id": "lifts:nan:8868174693",
        "osm_type": null,
        "osm_id": "8868174693",
        "name": null,
        "tags": {
          "other_tags": "\"aerialway\"=>\"pylon\"",
          "State": "Nagano",
          "Country": "Japan",
          "Ski Area": "\u767d\u99ac\u4e57\u978d\u30b9\u30ad\u30fc\u5834",
          "region": "asia/japan/chubu"
        },
        "source": "OpenStreetMap",
        "source_confidence": "osm_as_mapped",
        "coordinate_space": "local_east_m, local_north_m",
        "aerialway": null
      }
    },
    {
      "type": "Feature",
      "geometry": {
        "type": "Point",
        "coordinates": [
          1586.0909148296341,
          1066.5639200448059
        ]
      },
      "properties": {
        "id": "lifts:nan:8868174694",
        "osm_type": null,
        "osm_id": "8868174694",
        "name": null,
        "tags": {
          "other_tags": "\"aerialway\"=>\"pylon\"",
          "State": "Nagano",
          "Country": "Japan",
          "Ski Area": "\u767d\u99ac\u4e57\u978d\u30b9\u30ad\u30fc\u5834",
          "region": "asia/japan/chubu"
        },
        "source": "OpenStreetMap",
        "source_confidence": "osm_as_mapped",
        "coordinate_space": "local_east_m, local_north_m",
        "aerialway": null
      }
    },
    {
      "type": "Feature",
      "geometry": {
        "type": "Point",
        "coordinates": [
          1631.5414795398246,
          1042.0715238191187
        ]
      },
      "properties": {
        "id": "lifts:nan:8868174695",
        "osm_type": null,
        "osm_id": "8868174695",
        "name": null,
        "tags": {
          "other_tags": "\"aerialway\"=>\"pylon\"",
          "State": "Nagano",
          "Country": "Japan",
          "Ski Area": "\u767d\u99ac\u4e57\u978d\u30b9\u30ad\u30fc\u5834",
          "region": "asia/japan/chubu"
        },
        "source": "OpenStreetMap",
        "source_confidence": "osm_as_mapped",
        "coordinate_space": "local_east_m, local_north_m",
        "aerialway": null
      }
    },
    {
      "type": "Feature",
      "geometry": {
        "type": "Point",
        "coordinates": [
          1685.0857038209215,
          1013.2019190019928
        ]
      },
      "properties": {
        "id": "lifts:nan:8868174696",
        "osm_type": null,
        "osm_id": "8868174696",
        "name": null,
        "tags": {
          "other_tags": "\"aerialway\"=>\"pylon\"",
          "State": "Nagano",
          "Country": "Japan",
          "Ski Area": "\u767d\u99ac\u4e57\u978d\u30b9\u30ad\u30fc\u5834",
          "region": "asia/japan/chubu"
        },
        "source": "OpenStreetMap",
        "source_confidence": "osm_as_mapped",
        "coordinate_space": "local_east_m, local_north_m",
        "aerialway": null
      }
    },
    {
      "type": "Feature",
      "geometry": {
        "type": "Point",
        "coordinates": [
          1746.2055337739876,
          980.2506774128415
        ]
      },
      "properties": {
        "id": "lifts:nan:8868174697",
        "osm_type": null,
        "osm_id": "8868174697",
        "name": null,
        "tags": {
          "other_tags": "\"aerialway\"=>\"pylon\"",
          "State": "Nagano",
          "Country": "Japan",
          "Ski Area": "\u767d\u99ac\u4e57\u978d\u30b9\u30ad\u30fc\u5834",
          "region": "asia/japan/chubu"
        },
        "source": "OpenStreetMap",
        "source_confidence": "osm_as_mapped",
        "coordinate_space": "local_east_m, local_north_m",
        "aerialway": null
      }
    },
    {
      "type": "Feature",
      "geometry": {
        "type": "Point",
        "coordinates": [
          1798.024581398582,
          952.3184154303744
        ]
      },
      "properties": {
        "id": "lifts:nan:8868174698",
        "osm_type": null,
        "osm_id": "8868174698",
        "name": null,
        "tags": {
          "other_tags": "\"aerialway\"=>\"pylon\"",
          "State": "Nagano",
          "Country": "Japan",
          "Ski Area": "\u767d\u99ac\u4e57\u978d\u30b9\u30ad\u30fc\u5834",
          "region": "asia/japan/chubu"
        },
        "source": "OpenStreetMap",
        "source_confidence": "osm_as_mapped",
        "coordinate_space": "local_east_m, local_north_m",
        "aerialway": null
      }
    },
    {
      "type": "Feature",
      "geometry": {
        "type": "Point",
        "coordinates": [
          1869.872380431043,
          913.5925782467239
        ]
      },
      "properties": {
        "id": "lifts:nan:8868174699",
        "osm_type": null,
        "osm_id": "8868174699",
        "name": null,
        "tags": {
          "other_tags": "\"aerialway\"=>\"pylon\"",
          "State": "Nagano",
          "Country": "Japan",
          "Ski Area": "\u767d\u99ac\u4e57\u978d\u30b9\u30ad\u30fc\u5834",
          "region": "asia/japan/chubu"
        },
        "source": "OpenStreetMap",
        "source_confidence": "osm_as_mapped",
        "coordinate_space": "local_east_m, local_north_m",
        "aerialway": null
      }
    },
    {
      "type": "Feature",
      "geometry": {
        "type": "Point",
        "coordinates": [
          1904.9791705708485,
          894.6662463219836
        ]
      },
      "properties": {
        "id": "lifts:nan:8868174700",
        "osm_type": null,
        "osm_id": "8868174700",
        "name": null,
        "tags": {
          "other_tags": "\"aerialway\"=>\"pylon\"",
          "State": "Nagano",
          "Country": "Japan",
          "Ski Area": "\u767d\u99ac\u4e57\u978d\u30b9\u30ad\u30fc\u5834",
          "region": "asia/japan/chubu"
        },
        "source": "OpenStreetMap",
        "source_confidence": "osm_as_mapped",
        "coordinate_space": "local_east_m, local_north_m",
        "aerialway": null
      }
    },
    {
      "type": "Feature",
      "geometry": {
        "type": "Point",
        "coordinates": [
          1917.9773291712627,
          887.6596871381626
        ]
      },
      "properties": {
        "id": "lifts:nan:8868174701",
        "osm_type": null,
        "osm_id": "8868174701",
        "name": null,
        "tags": {
          "other_tags": "\"aerialway\"=>\"pylon\"",
          "State": "Nagano",
          "Country": "Japan",
          "Ski Area": "\u767d\u99ac\u4e57\u978d\u30b9\u30ad\u30fc\u5834",
          "region": "asia/japan/chubu"
        },
        "source": "OpenStreetMap",
        "source_confidence": "osm_as_mapped",
        "coordinate_space": "local_east_m, local_north_m",
        "aerialway": null
      }
    },
    {
      "type": "Feature",
      "geometry": {
        "type": "Point",
        "coordinates": [
          1968.271612538374,
          860.5488796285354
        ]
      },
      "properties": {
        "id": "lifts:nan:8868174702",
        "osm_type": null,
        "osm_id": "8868174702",
        "name": null,
        "tags": {
          "other_tags": "\"aerialway\"=>\"pylon\"",
          "State": "Nagano",
          "Country": "Japan",
          "Ski Area": "\u767d\u99ac\u4e57\u978d\u30b9\u30ad\u30fc\u5834",
          "region": "asia/japan/chubu"
        },
        "source": "OpenStreetMap",
        "source_confidence": "osm_as_mapped",
        "coordinate_space": "local_east_m, local_north_m",
        "aerialway": null
      }
    },
    {
      "type": "Feature",
      "geometry": {
        "type": "Point",
        "coordinates": [
          2009.500829776749,
          838.33051708946
        ]
      },
      "properties": {
        "id": "lifts:nan:8868174703",
        "osm_type": null,
        "osm_id": "8868174703",
        "name": null,
        "tags": {
          "other_tags": "\"aerialway\"=>\"pylon\"",
          "State": "Nagano",
          "Country": "Japan",
          "Ski Area": "\u767d\u99ac\u4e57\u978d\u30b9\u30ad\u30fc\u5834",
          "region": "asia/japan/chubu"
        },
        "source": "OpenStreetMap",
        "source_confidence": "osm_as_mapped",
        "coordinate_space": "local_east_m, local_north_m",
        "aerialway": null
      }
    },
    {
      "type": "Feature",
      "geometry": {
        "type": "Point",
        "coordinates": [
          1963.6643787263893,
          787.882307919208
        ]
      },
      "properties": {
        "id": "lifts:nan:8868174704",
        "osm_type": null,
        "osm_id": "8868174704",
        "name": null,
        "tags": {
          "other_tags": "\"aerialway\"=>\"pylon\"",
          "State": "Nagano",
          "Country": "Japan",
          "Ski Area": "\u767d\u99ac\u4e57\u978d\u30b9\u30ad\u30fc\u5834",
          "region": "asia/japan/chubu"
        },
        "source": "OpenStreetMap",
        "source_confidence": "osm_as_mapped",
        "coordinate_space": "local_east_m, local_north_m",
        "aerialway": null
      }
    },
    {
      "type": "Feature",
      "geometry": {
        "type": "Point",
        "coordinates": [
          1888.4649434427265,
          816.4661233429797
        ]
      },
      "properties": {
        "id": "lifts:nan:8868174705",
        "osm_type": null,
        "osm_id": "8868174705",
        "name": null,
        "tags": {
          "other_tags": "\"aerialway\"=>\"pylon\"",
          "State": "Nagano",
          "Country": "Japan",
          "Ski Area": "\u767d\u99ac\u4e57\u978d\u30b9\u30ad\u30fc\u5834",
          "region": "asia/japan/chubu"
        },
        "source": "OpenStreetMap",
        "source_confidence": "osm_as_mapped",
        "coordinate_space": "local_east_m, local_north_m",
        "aerialway": null
      }
    },
    {
      "type": "Feature",
      "geometry": {
        "type": "Point",
        "coordinates": [
          1830.3773148996988,
          838.5561875873245
        ]
      },
      "properties": {
        "id": "lifts:nan:8868174706",
        "osm_type": null,
        "osm_id": "8868174706",
        "name": null,
        "tags": {
          "other_tags": "\"aerialway\"=>\"pylon\"",
          "State": "Nagano",
          "Country": "Japan",
          "Ski Area": "\u767d\u99ac\u4e57\u978d\u30b9\u30ad\u30fc\u5834",
          "region": "asia/japan/chubu"
        },
        "source": "OpenStreetMap",
        "source_confidence": "osm_as_mapped",
        "coordinate_space": "local_east_m, local_north_m",
        "aerialway": null
      }
    },
    {
      "type": "Feature",
      "geometry": {
        "type": "Point",
        "coordinates": [
          1758.4961137969512,
          865.8857238697819
        ]
      },
      "properties": {
        "id": "lifts:nan:8868174707",
        "osm_type": null,
        "osm_id": "8868174707",
        "name": null,
        "tags": {
          "other_tags": "\"aerialway\"=>\"pylon\"",
          "State": "Nagano",
          "Country": "Japan",
          "Ski Area": "\u767d\u99ac\u4e57\u978d\u30b9\u30ad\u30fc\u5834",
          "region": "asia/japan/chubu"
        },
        "source": "OpenStreetMap",
        "source_confidence": "osm_as_mapped",
        "coordinate_space": "local_east_m, local_north_m",
        "aerialway": null
      }
    },
    {
      "type": "Feature",
      "geometry": {
        "type": "Point",
        "coordinates": [
          1622.2741123442538,
          917.674034663476
        ]
      },
      "properties": {
        "id": "lifts:nan:8868174708",
        "osm_type": null,
        "osm_id": "8868174708",
        "name": null,
        "tags": {
          "other_tags": "\"aerialway\"=>\"pylon\"",
          "State": "Nagano",
          "Country": "Japan",
          "Ski Area": "\u767d\u99ac\u4e57\u978d\u30b9\u30ad\u30fc\u5834",
          "region": "asia/japan/chubu"
        },
        "source": "OpenStreetMap",
        "source_confidence": "osm_as_mapped",
        "coordinate_space": "local_east_m, local_north_m",
        "aerialway": null
      }
    },
    {
      "type": "Feature",
      "geometry": {
        "type": "Point",
        "coordinates": [
          1590.709116192651,
          929.677129748743
        ]
      },
      "properties": {
        "id": "lifts:nan:8868174709",
        "osm_type": null,
        "osm_id": "8868174709",
        "name": null,
        "tags": {
          "other_tags": "\"aerialway\"=>\"pylon\"",
          "State": "Nagano",
          "Country": "Japan",
          "Ski Area": "\u767d\u99ac\u4e57\u978d\u30b9\u30ad\u30fc\u5834",
          "region": "asia/japan/chubu"
        },
        "source": "OpenStreetMap",
        "source_confidence": "osm_as_mapped",
        "coordinate_space": "local_east_m, local_north_m",
        "aerialway": null
      }
    },
    {
      "type": "Feature",
      "geometry": {
        "type": "Point",
        "coordinates": [
          1472.1426599675324,
          974.75597081054
        ]
      },
      "properties": {
        "id": "lifts:nan:8868174710",
        "osm_type": null,
        "osm_id": "8868174710",
        "name": null,
        "tags": {
          "other_tags": "\"aerialway\"=>\"pylon\"",
          "State": "Nagano",
          "Country": "Japan",
          "Ski Area": "\u767d\u99ac\u4e57\u978d\u30b9\u30ad\u30fc\u5834",
          "region": "asia/japan/chubu"
        },
        "source": "OpenStreetMap",
        "source_confidence": "osm_as_mapped",
        "coordinate_space": "local_east_m, local_north_m",
        "aerialway": null
      }
    },
    {
      "type": "Feature",
      "geometry": {
        "type": "Point",
        "coordinates": [
          1430.273786096368,
          990.6710878242739
        ]
      },
      "properties": {
        "id": "lifts:nan:8868174711",
        "osm_type": null,
        "osm_id": "8868174711",
        "name": null,
        "tags": {
          "other_tags": "\"aerialway\"=>\"pylon\"",
          "State": "Nagano",
          "Country": "Japan",
          "Ski Area": "\u767d\u99ac\u4e57\u978d\u30b9\u30ad\u30fc\u5834",
          "region": "asia/japan/chubu"
        },
        "source": "OpenStreetMap",
        "source_confidence": "osm_as_mapped",
        "coordinate_space": "local_east_m, local_north_m",
        "aerialway": null
      }
    },
    {
      "type": "Feature",
      "geometry": {
        "type": "Point",
        "coordinates": [
          1379.320708452491,
          1010.0458379043266
        ]
      },
      "properties": {
        "id": "lifts:nan:8868174712",
        "osm_type": null,
        "osm_id": "8868174712",
        "name": null,
        "tags": {
          "other_tags": "\"aerialway\"=>\"pylon\"",
          "State": "Nagano",
          "Country": "Japan",
          "Ski Area": "\u767d\u99ac\u4e57\u978d\u30b9\u30ad\u30fc\u5834",
          "region": "asia/japan/chubu"
        },
        "source": "OpenStreetMap",
        "source_confidence": "osm_as_mapped",
        "coordinate_space": "local_east_m, local_north_m",
        "aerialway": null
      }
    },
    {
      "type": "Feature",
      "geometry": {
        "type": "Point",
        "coordinates": [
          1219.7968995823758,
          1069.6602661684155
        ]
      },
      "properties": {
        "id": "lifts:nan:8868174713",
        "osm_type": null,
        "osm_id": "8868174713",
        "name": null,
        "tags": {
          "other_tags": "\"aerialway\"=>\"pylon\"",
          "State": "Nagano",
          "Country": "Japan",
          "Ski Area": "\u767d\u99ac\u4e57\u978d\u30b9\u30ad\u30fc\u5834",
          "region": "asia/japan/chubu"
        },
        "source": "OpenStreetMap",
        "source_confidence": "osm_as_mapped",
        "coordinate_space": "local_east_m, local_north_m",
        "aerialway": null
      }
    },
    {
      "type": "Feature",
      "geometry": {
        "type": "Point",
        "coordinates": [
          1261.0332691093208,
          1054.2472427473404
        ]
      },
      "properties": {
        "id": "lifts:nan:8868174714",
        "osm_type": null,
        "osm_id": "8868174714",
        "name": null,
        "tags": {
          "other_tags": "\"aerialway\"=>\"pylon\"",
          "State": "Nagano",
          "Country": "Japan",
          "Ski Area": "\u767d\u99ac\u4e57\u978d\u30b9\u30ad\u30fc\u5834",
          "region": "asia/japan/chubu"
        },
        "source": "OpenStreetMap",
        "source_confidence": "osm_as_mapped",
        "coordinate_space": "local_east_m, local_north_m",
        "aerialway": null
      }
    },
    {
      "type": "Feature",
      "geometry": {
        "type": "Point",
        "coordinates": [
          1310.195035147015,
          1035.8843770823441
        ]
      },
      "properties": {
        "id": "lifts:nan:8868174715",
        "osm_type": null,
        "osm_id": "8868174715",
        "name": null,
        "tags": {
          "other_tags": "\"aerialway\"=>\"pylon\"",
          "State": "Nagano",
          "Country": "Japan",
          "Ski Area": "\u767d\u99ac\u4e57\u978d\u30b9\u30ad\u30fc\u5834",
          "region": "asia/japan/chubu"
        },
        "source": "OpenStreetMap",
        "source_confidence": "osm_as_mapped",
        "coordinate_space": "local_east_m, local_north_m",
        "aerialway": null
      }
    },
    {
      "type": "Feature",
      "geometry": {
        "type": "Point",
        "coordinates": [
          1420.2056613562163,
          843.4143841122277
        ]
      },
      "properties": {
        "id": "lifts:nan:8868174716",
        "osm_type": null,
        "osm_id": "8868174716",
        "name": null,
        "tags": {
          "other_tags": "\"aerialway\"=>\"pylon\"",
          "State": "Nagano",
          "Country": "Japan",
          "Ski Area": "\u767d\u99ac\u4e57\u978d\u30b9\u30ad\u30fc\u5834",
          "region": "asia/japan/chubu"
        },
        "source": "OpenStreetMap",
        "source_confidence": "osm_as_mapped",
        "coordinate_space": "local_east_m, local_north_m",
        "aerialway": null
      }
    },
    {
      "type": "Feature",
      "geometry": {
        "type": "Point",
        "coordinates": [
          1476.4222299546236,
          830.0288006179035
        ]
      },
      "properties": {
        "id": "lifts:nan:8868174717",
        "osm_type": null,
        "osm_id": "8868174717",
        "name": null,
        "tags": {
          "other_tags": "\"aerialway\"=>\"pylon\"",
          "State": "Nagano",
          "Country": "Japan",
          "Ski Area": "\u767d\u99ac\u4e57\u978d\u30b9\u30ad\u30fc\u5834",
          "region": "asia/japan/chubu"
        },
        "source": "OpenStreetMap",
        "source_confidence": "osm_as_mapped",
        "coordinate_space": "local_east_m, local_north_m",
        "aerialway": null
      }
    },
    {
      "type": "Feature",
      "geometry": {
        "type": "Point",
        "coordinates": [
          1524.1426015464822,
          818.6655264878646
        ]
      },
      "properties": {
        "id": "lifts:nan:8868174718",
        "osm_type": null,
        "osm_id": "8868174718",
        "name": null,
        "tags": {
          "other_tags": "\"aerialway\"=>\"pylon\"",
          "State": "Nagano",
          "Country": "Japan",
          "Ski Area": "\u767d\u99ac\u4e57\u978d\u30b9\u30ad\u30fc\u5834",
          "region": "asia/japan/chubu"
        },
        "source": "OpenStreetMap",
        "source_confidence": "osm_as_mapped",
        "coordinate_space": "local_east_m, local_north_m",
        "aerialway": null
      }
    },
    {
      "type": "Feature",
      "geometry": {
        "type": "Point",
        "coordinates": [
          1548.8037724532187,
          812.7969923904166
        ]
      },
      "properties": {
        "id": "lifts:nan:8868174719",
        "osm_type": null,
        "osm_id": "8868174719",
        "name": null,
        "tags": {
          "other_tags": "\"aerialway\"=>\"pylon\"",
          "State": "Nagano",
          "Country": "Japan",
          "Ski Area": "\u767d\u99ac\u4e57\u978d\u30b9\u30ad\u30fc\u5834",
          "region": "asia/japan/chubu"
        },
        "source": "OpenStreetMap",
        "source_confidence": "osm_as_mapped",
        "coordinate_space": "local_east_m, local_north_m",
        "aerialway": null
      }
    },
    {
      "type": "Feature",
      "geometry": {
        "type": "Point",
        "coordinates": [
          1605.9477345781634,
          799.1957058194093
        ]
      },
      "properties": {
        "id": "lifts:nan:8868174720",
        "osm_type": null,
        "osm_id": "8868174720",
        "name": null,
        "tags": {
          "other_tags": "\"aerialway\"=>\"pylon\"",
          "State": "Nagano",
          "Country": "Japan",
          "Ski Area": "\u767d\u99ac\u4e57\u978d\u30b9\u30ad\u30fc\u5834",
          "region": "asia/japan/chubu"
        },
        "source": "OpenStreetMap",
        "source_confidence": "osm_as_mapped",
        "coordinate_space": "local_east_m, local_north_m",
        "aerialway": null
      }
    },
    {
      "type": "Feature",
      "geometry": {
        "type": "Point",
        "coordinates": [
          1639.9428091957234,
          791.0974486041814
        ]
      },
      "properties": {
        "id": "lifts:nan:8868174721",
        "osm_type": null,
        "osm_id": "8868174721",
        "name": null,
        "tags": {
          "other_tags": "\"aerialway\"=>\"pylon\"",
          "State": "Nagano",
          "Country": "Japan",
          "Ski Area": "\u767d\u99ac\u4e57\u978d\u30b9\u30ad\u30fc\u5834",
          "region": "asia/japan/chubu"
        },
        "source": "OpenStreetMap",
        "source_confidence": "osm_as_mapped",
        "coordinate_space": "local_east_m, local_north_m",
        "aerialway": null
      }
    },
    {
      "type": "Feature",
      "geometry": {
        "type": "Point",
        "coordinates": [
          1690.444811525289,
          779.0744105670601
        ]
      },
      "properties": {
        "id": "lifts:nan:8868174722",
        "osm_type": null,
        "osm_id": "8868174722",
        "name": null,
        "tags": {
          "other_tags": "\"aerialway\"=>\"pylon\"",
          "State": "Nagano",
          "Country": "Japan",
          "Ski Area": "\u767d\u99ac\u4e57\u978d\u30b9\u30ad\u30fc\u5834",
          "region": "asia/japan/chubu"
        },
        "source": "OpenStreetMap",
        "source_confidence": "osm_as_mapped",
        "coordinate_space": "local_east_m, local_north_m",
        "aerialway": null
      }
    },
    {
      "type": "Feature",
      "geometry": {
        "type": "Point",
        "coordinates": [
          1717.2035059295595,
          772.7028726502322
        ]
      },
      "properties": {
        "id": "lifts:nan:8868174723",
        "osm_type": null,
        "osm_id": "8868174723",
        "name": null,
        "tags": {
          "other_tags": "\"aerialway\"=>\"pylon\"",
          "State": "Nagano",
          "Country": "Japan",
          "Ski Area": "\u767d\u99ac\u4e57\u978d\u30b9\u30ad\u30fc\u5834",
          "region": "asia/japan/chubu"
        },
        "source": "OpenStreetMap",
        "source_confidence": "osm_as_mapped",
        "coordinate_space": "local_east_m, local_north_m",
        "aerialway": null
      }
    },
    {
      "type": "Feature",
      "geometry": {
        "type": "Point",
        "coordinates": [
          1758.5699965275126,
          762.8605119921267
        ]
      },
      "properties": {
        "id": "lifts:nan:8868174724",
        "osm_type": null,
        "osm_id": "8868174724",
        "name": null,
        "tags": {
          "other_tags": "\"aerialway\"=>\"pylon\"",
          "State": "Nagano",
          "Country": "Japan",
          "Ski Area": "\u767d\u99ac\u4e57\u978d\u30b9\u30ad\u30fc\u5834",
          "region": "asia/japan/chubu"
        },
        "source": "OpenStreetMap",
        "source_confidence": "osm_as_mapped",
        "coordinate_space": "local_east_m, local_north_m",
        "aerialway": null
      }
    },
    {
      "type": "Feature",
      "geometry": {
        "type": "Point",
        "coordinates": [
          1788.3530135323526,
          755.7692184112966
        ]
      },
      "properties": {
        "id": "lifts:nan:8868174725",
        "osm_type": null,
        "osm_id": "8868174725",
        "name": null,
        "tags": {
          "other_tags": "\"aerialway\"=>\"pylon\"",
          "State": "Nagano",
          "Country": "Japan",
          "Ski Area": "\u767d\u99ac\u4e57\u978d\u30b9\u30ad\u30fc\u5834",
          "region": "asia/japan/chubu"
        },
        "source": "OpenStreetMap",
        "source_confidence": "osm_as_mapped",
        "coordinate_space": "local_east_m, local_north_m",
        "aerialway": null
      }
    },
    {
      "type": "Feature",
      "geometry": {
        "type": "Point",
        "coordinates": [
          1862.599160221871,
          738.0961560118012
        ]
      },
      "properties": {
        "id": "lifts:nan:8868174726",
        "osm_type": null,
        "osm_id": "8868174726",
        "name": null,
        "tags": {
          "other_tags": "\"aerialway\"=>\"pylon\"",
          "State": "Nagano",
          "Country": "Japan",
          "Ski Area": "\u767d\u99ac\u4e57\u978d\u30b9\u30ad\u30fc\u5834",
          "region": "asia/japan/chubu"
        },
        "source": "OpenStreetMap",
        "source_confidence": "osm_as_mapped",
        "coordinate_space": "local_east_m, local_north_m",
        "aerialway": null
      }
    },
    {
      "type": "Feature",
      "geometry": {
        "type": "Point",
        "coordinates": [
          1924.5506433411501,
          723.3529598410241
        ]
      },
      "properties": {
        "id": "lifts:nan:8868174727",
        "osm_type": null,
        "osm_id": "8868174727",
        "name": null,
        "tags": {
          "other_tags": "\"aerialway\"=>\"pylon\"",
          "State": "Nagano",
          "Country": "Japan",
          "Ski Area": "\u767d\u99ac\u4e57\u978d\u30b9\u30ad\u30fc\u5834",
          "region": "asia/japan/chubu"
        },
        "source": "OpenStreetMap",
        "source_confidence": "osm_as_mapped",
        "coordinate_space": "local_east_m, local_north_m",
        "aerialway": null
      }
    },
    {
      "type": "Feature",
      "geometry": {
        "type": "Point",
        "coordinates": [
          2000.2675240793033,
          634.1856712610461
        ]
      },
      "properties": {
        "id": "lifts:nan:8868174728",
        "osm_type": null,
        "osm_id": "8868174728",
        "name": null,
        "tags": {
          "other_tags": "\"aerialway\"=>\"pylon\"",
          "State": "Nagano",
          "Country": "Japan",
          "Ski Area": "\u767d\u99ac\u4e57\u978d\u30b9\u30ad\u30fc\u5834",
          "region": "asia/japan/chubu"
        },
        "source": "OpenStreetMap",
        "source_confidence": "osm_as_mapped",
        "coordinate_space": "local_east_m, local_north_m",
        "aerialway": null
      }
    },
    {
      "type": "Feature",
      "geometry": {
        "type": "Point",
        "coordinates": [
          1942.5920325666666,
          612.1819939510897
        ]
      },
      "properties": {
        "id": "lifts:nan:8868174729",
        "osm_type": null,
        "osm_id": "8868174729",
        "name": null,
        "tags": {
          "other_tags": "\"aerialway\"=>\"pylon\"",
          "State": "Nagano",
          "Country": "Japan",
          "Ski Area": "\u767d\u99ac\u4e57\u978d\u30b9\u30ad\u30fc\u5834",
          "region": "asia/japan/chubu"
        },
        "source": "OpenStreetMap",
        "source_confidence": "osm_as_mapped",
        "coordinate_space": "local_east_m, local_north_m",
        "aerialway": null
      }
    },
    {
      "type": "Feature",
      "geometry": {
        "type": "Point",
        "coordinates": [
          1861.9802682796726,
          581.4259923296049
        ]
      },
      "properties": {
        "id": "lifts:nan:8868174730",
        "osm_type": null,
        "osm_id": "8868174730",
        "name": null,
        "tags": {
          "other_tags": "\"aerialway\"=>\"pylon\"",
          "State": "Nagano",
          "Country": "Japan",
          "Ski Area": "\u767d\u99ac\u4e57\u978d\u30b9\u30ad\u30fc\u5834",
          "region": "asia/japan/chubu"
        },
        "source": "OpenStreetMap",
        "source_confidence": "osm_as_mapped",
        "coordinate_space": "local_east_m, local_north_m",
        "aerialway": null
      }
    },
    {
      "type": "Feature",
      "geometry": {
        "type": "Point",
        "coordinates": [
          1386.3830286986195,
          399.9924022760242
        ]
      },
      "properties": {
        "id": "lifts:nan:8868174731",
        "osm_type": null,
        "osm_id": "8868174731",
        "name": null,
        "tags": {
          "other_tags": "\"aerialway\"=>\"pylon\"",
          "State": "Nagano",
          "Country": "Japan",
          "Ski Area": "\u767d\u99ac\u4e57\u978d\u30b9\u30ad\u30fc\u5834",
          "region": "asia/japan/chubu"
        },
        "source": "OpenStreetMap",
        "source_confidence": "osm_as_mapped",
        "coordinate_space": "local_east_m, local_north_m",
        "aerialway": null
      }
    },
    {
      "type": "Feature",
      "geometry": {
        "type": "Point",
        "coordinates": [
          1501.3586895458866,
          443.85875236662105
        ]
      },
      "properties": {
        "id": "lifts:nan:8868174732",
        "osm_type": null,
        "osm_id": "8868174732",
        "name": null,
        "tags": {
          "other_tags": "\"aerialway\"=>\"pylon\"",
          "State": "Nagano",
          "Country": "Japan",
          "Ski Area": "\u767d\u99ac\u4e57\u978d\u30b9\u30ad\u30fc\u5834",
          "region": "asia/japan/chubu"
        },
        "source": "OpenStreetMap",
        "source_confidence": "osm_as_mapped",
        "coordinate_space": "local_east_m, local_north_m",
        "aerialway": null
      }
    },
    {
      "type": "Feature",
      "geometry": {
        "type": "Point",
        "coordinates": [
          1547.7534489382524,
          461.5556153114885
        ]
      },
      "properties": {
        "id": "lifts:nan:8868174733",
        "osm_type": null,
        "osm_id": "8868174733",
        "name": null,
        "tags": {
          "other_tags": "\"aerialway\"=>\"pylon\"",
          "State": "Nagano",
          "Country": "Japan",
          "Ski Area": "\u767d\u99ac\u4e57\u978d\u30b9\u30ad\u30fc\u5834",
          "region": "asia/japan/chubu"
        },
        "source": "OpenStreetMap",
        "source_confidence": "osm_as_mapped",
        "coordinate_space": "local_east_m, local_north_m",
        "aerialway": null
      }
    },
    {
      "type": "Feature",
      "geometry": {
        "type": "Point",
        "coordinates": [
          1438.4239728327375,
          419.84607074735686
        ]
      },
      "properties": {
        "id": "lifts:nan:8868174734",
        "osm_type": null,
        "osm_id": "8868174734",
        "name": null,
        "tags": {
          "other_tags": "\"aerialway\"=>\"pylon\"",
          "State": "Nagano",
          "Country": "Japan",
          "Ski Area": "\u767d\u99ac\u4e57\u978d\u30b9\u30ad\u30fc\u5834",
          "region": "asia/japan/chubu"
        },
        "source": "OpenStreetMap",
        "source_confidence": "osm_as_mapped",
        "coordinate_space": "local_east_m, local_north_m",
        "aerialway": null
      }
    },
    {
      "type": "Feature",
      "geometry": {
        "type": "Point",
        "coordinates": [
          1618.1889354749583,
          488.4266100185923
        ]
      },
      "properties": {
        "id": "lifts:nan:8868174735",
        "osm_type": null,
        "osm_id": "8868174735",
        "name": null,
        "tags": {
          "other_tags": "\"aerialway\"=>\"pylon\"",
          "State": "Nagano",
          "Country": "Japan",
          "Ski Area": "\u767d\u99ac\u4e57\u978d\u30b9\u30ad\u30fc\u5834",
          "region": "asia/japan/chubu"
        },
        "source": "OpenStreetMap",
        "source_confidence": "osm_as_mapped",
        "coordinate_space": "local_east_m, local_north_m",
        "aerialway": null
      }
    },
    {
      "type": "Feature",
      "geometry": {
        "type": "Point",
        "coordinates": [
          1689.7727219347144,
          515.7325451974757
        ]
      },
      "properties": {
        "id": "lifts:nan:8868174736",
        "osm_type": null,
        "osm_id": "8868174736",
        "name": null,
        "tags": {
          "other_tags": "\"aerialway\"=>\"pylon\"",
          "State": "Nagano",
          "Country": "Japan",
          "Ski Area": "\u767d\u99ac\u4e57\u978d\u30b9\u30ad\u30fc\u5834",
          "region": "asia/japan/chubu"
        },
        "source": "OpenStreetMap",
        "source_confidence": "osm_as_mapped",
        "coordinate_space": "local_east_m, local_north_m",
        "aerialway": null
      }
    },
    {
      "type": "Feature",
      "geometry": {
        "type": "Point",
        "coordinates": [
          1744.8074599198299,
          536.7332347878255
        ]
      },
      "properties": {
        "id": "lifts:nan:8868174737",
        "osm_type": null,
        "osm_id": "8868174737",
        "name": null,
        "tags": {
          "other_tags": "\"aerialway\"=>\"pylon\"",
          "State": "Nagano",
          "Country": "Japan",
          "Ski Area": "\u767d\u99ac\u4e57\u978d\u30b9\u30ad\u30fc\u5834",
          "region": "asia/japan/chubu"
        },
        "source": "OpenStreetMap",
        "source_confidence": "osm_as_mapped",
        "coordinate_space": "local_east_m, local_north_m",
        "aerialway": null
      }
    },
    {
      "type": "Feature",
      "geometry": {
        "type": "Point",
        "coordinates": [
          1803.394170132,
          559.0738557665609
        ]
      },
      "properties": {
        "id": "lifts:nan:8868174738",
        "osm_type": null,
        "osm_id": "8868174738",
        "name": null,
        "tags": {
          "other_tags": "\"aerialway\"=>\"pylon\"",
          "State": "Nagano",
          "Country": "Japan",
          "Ski Area": "\u767d\u99ac\u4e57\u978d\u30b9\u30ad\u30fc\u5834",
          "region": "asia/japan/chubu"
        },
        "source": "OpenStreetMap",
        "source_confidence": "osm_as_mapped",
        "coordinate_space": "local_east_m, local_north_m",
        "aerialway": null
      }
    },
    {
      "type": "Feature",
      "geometry": {
        "type": "Point",
        "coordinates": [
          2326.2079291690607,
          2681.783978612162
        ]
      },
      "properties": {
        "id": "lifts:nan:8868174739",
        "osm_type": null,
        "osm_id": "8868174739",
        "name": null,
        "tags": {
          "other_tags": "\"aerialway\"=>\"pylon\"",
          "State": "Nagano",
          "Country": "Japan",
          "Ski Area": "\u767d\u99ac\u30b3\u30eb\u30c1\u30ca",
          "region": "asia/japan/chubu"
        },
        "source": "OpenStreetMap",
        "source_confidence": "osm_as_mapped",
        "coordinate_space": "local_east_m, local_north_m",
        "aerialway": null
      }
    },
    {
      "type": "Feature",
      "geometry": {
        "type": "Point",
        "coordinates": [
          2326.0568552474724,
          2719.1322054164484
        ]
      },
      "properties": {
        "id": "lifts:nan:8868174740",
        "osm_type": null,
        "osm_id": "8868174740",
        "name": null,
        "tags": {
          "other_tags": "\"aerialway\"=>\"pylon\"",
          "State": "Nagano",
          "Country": "Japan",
          "Ski Area": "\u767d\u99ac\u30b3\u30eb\u30c1\u30ca",
          "region": "asia/japan/chubu"
        },
        "source": "OpenStreetMap",
        "source_confidence": "osm_as_mapped",
        "coordinate_space": "local_east_m, local_north_m",
        "aerialway": null
      }
    },
    {
      "type": "Feature",
      "geometry": {
        "type": "Point",
        "coordinates": [
          2325.8397571223322,
          2775.2825669860467
        ]
      },
      "properties": {
        "id": "lifts:nan:8868174741",
        "osm_type": null,
        "osm_id": "8868174741",
        "name": null,
        "tags": {
          "other_tags": "\"aerialway\"=>\"pylon\"",
          "State": "Nagano",
          "Country": "Japan",
          "Ski Area": "\u767d\u99ac\u30b3\u30eb\u30c1\u30ca",
          "region": "asia/japan/chubu"
        },
        "source": "OpenStreetMap",
        "source_confidence": "osm_as_mapped",
        "coordinate_space": "local_east_m, local_north_m",
        "aerialway": null
      }
    },
    {
      "type": "Feature",
      "geometry": {
        "type": "Point",
        "coordinates": [
          2325.619200349669,
          2829.7667823228985
        ]
      },
      "properties": {
        "id": "lifts:nan:8868174742",
        "osm_type": null,
        "osm_id": "8868174742",
        "name": null,
        "tags": {
          "other_tags": "\"aerialway\"=>\"pylon\"",
          "State": "Nagano",
          "Country": "Japan",
          "Ski Area": "\u767d\u99ac\u30b3\u30eb\u30c1\u30ca",
          "region": "asia/japan/chubu"
        },
        "source": "OpenStreetMap",
        "source_confidence": "osm_as_mapped",
        "coordinate_space": "local_east_m, local_north_m",
        "aerialway": null
      }
    },
    {
      "type": "Feature",
      "geometry": {
        "type": "Point",
        "coordinates": [
          2325.574772005435,
          2842.2163727921434
        ]
      },
      "properties": {
        "id": "lifts:nan:8868174743",
        "osm_type": null,
        "osm_id": "8868174743",
        "name": null,
        "tags": {
          "other_tags": "\"aerialway\"=>\"pylon\"",
          "State": "Nagano",
          "Country": "Japan",
          "Ski Area": "\u767d\u99ac\u30b3\u30eb\u30c1\u30ca",
          "region": "asia/japan/chubu"
        },
        "source": "OpenStreetMap",
        "source_confidence": "osm_as_mapped",
        "coordinate_space": "local_east_m, local_north_m",
        "aerialway": null
      }
    },
    {
      "type": "Feature",
      "geometry": {
        "type": "Point",
        "coordinates": [
          2325.3177770401817,
          2906.8068532012403
        ]
      },
      "properties": {
        "id": "lifts:nan:8868174744",
        "osm_type": null,
        "osm_id": "8868174744",
        "name": null,
        "tags": {
          "other_tags": "\"aerialway\"=>\"pylon\"",
          "State": "Nagano",
          "Country": "Japan",
          "Ski Area": "\u767d\u99ac\u30b3\u30eb\u30c1\u30ca",
          "region": "asia/japan/chubu"
        },
        "source": "OpenStreetMap",
        "source_confidence": "osm_as_mapped",
        "coordinate_space": "local_east_m, local_north_m",
        "aerialway": null
      }
    },
    {
      "type": "Feature",
      "geometry": {
        "type": "Point",
        "coordinates": [
          2325.1292958478443,
          2953.994757316541
        ]
      },
      "properties": {
        "id": "lifts:nan:8868174745",
        "osm_type": null,
        "osm_id": "8868174745",
        "name": null,
        "tags": {
          "other_tags": "\"aerialway\"=>\"pylon\"",
          "State": "Nagano",
          "Country": "Japan",
          "Ski Area": "\u767d\u99ac\u30b3\u30eb\u30c1\u30ca",
          "region": "asia/japan/chubu"
        },
        "source": "OpenStreetMap",
        "source_confidence": "osm_as_mapped",
        "coordinate_space": "local_east_m, local_north_m",
        "aerialway": null
      }
    },
    {
      "type": "Feature",
      "geometry": {
        "type": "Point",
        "coordinates": [
          2324.9929907707265,
          2987.2893964978866
        ]
      },
      "properties": {
        "id": "lifts:nan:8868174746",
        "osm_type": null,
        "osm_id": "8868174746",
        "name": null,
        "tags": {
          "other_tags": "\"aerialway\"=>\"pylon\"",
          "State": "Nagano",
          "Country": "Japan",
          "Ski Area": "\u767d\u99ac\u30b3\u30eb\u30c1\u30ca",
          "region": "asia/japan/chubu"
        },
        "source": "OpenStreetMap",
        "source_confidence": "osm_as_mapped",
        "coordinate_space": "local_east_m, local_north_m",
        "aerialway": null
      }
    },
    {
      "type": "Feature",
      "geometry": {
        "type": "Point",
        "coordinates": [
          2323.3133051510667,
          3032.0777069511823
        ]
      },
      "properties": {
        "id": "lifts:nan:8868174747",
        "osm_type": null,
        "osm_id": "8868174747",
        "name": null,
        "tags": {
          "other_tags": "\"aerialway\"=>\"pylon\"",
          "State": "Nagano",
          "Country": "Japan",
          "Ski Area": "\u767d\u99ac\u30b3\u30eb\u30c1\u30ca",
          "region": "asia/japan/chubu"
        },
        "source": "OpenStreetMap",
        "source_confidence": "osm_as_mapped",
        "coordinate_space": "local_east_m, local_north_m",
        "aerialway": null
      }
    },
    {
      "type": "Feature",
      "geometry": {
        "type": "Point",
        "coordinates": [
          2320.4234639697243,
          3123.2678853706457
        ]
      },
      "properties": {
        "id": "lifts:nan:8868174748",
        "osm_type": null,
        "osm_id": "8868174748",
        "name": null,
        "tags": {
          "other_tags": "\"aerialway\"=>\"pylon\"",
          "State": "Nagano",
          "Country": "Japan",
          "Ski Area": "\u767d\u99ac\u30b3\u30eb\u30c1\u30ca",
          "region": "asia/japan/chubu"
        },
        "source": "OpenStreetMap",
        "source_confidence": "osm_as_mapped",
        "coordinate_space": "local_east_m, local_north_m",
        "aerialway": null
      }
    },
    {
      "type": "Feature",
      "geometry": {
        "type": "Point",
        "coordinates": [
          2318.122232556925,
          3191.950829518959
        ]
      },
      "properties": {
        "id": "lifts:nan:8868174749",
        "osm_type": null,
        "osm_id": "8868174749",
        "name": null,
        "tags": {
          "other_tags": "\"aerialway\"=>\"pylon\"",
          "State": "Nagano",
          "Country": "Japan",
          "Ski Area": "\u767d\u99ac\u30b3\u30eb\u30c1\u30ca",
          "region": "asia/japan/chubu"
        },
        "source": "OpenStreetMap",
        "source_confidence": "osm_as_mapped",
        "coordinate_space": "local_east_m, local_north_m",
        "aerialway": null
      }
    },
    {
      "type": "Feature",
      "geometry": {
        "type": "Point",
        "coordinates": [
          2990.544239089475,
          2933.379159742035
        ]
      },
      "properties": {
        "id": "lifts:nan:8868174750",
        "osm_type": null,
        "osm_id": "8868174750",
        "name": null,
        "tags": {
          "other_tags": "\"aerialway\"=>\"pylon\"",
          "State": "Nagano",
          "Country": "Japan",
          "Ski Area": "\u767d\u99ac\u30b3\u30eb\u30c1\u30ca",
          "region": "asia/japan/chubu"
        },
        "source": "OpenStreetMap",
        "source_confidence": "osm_as_mapped",
        "coordinate_space": "local_east_m, local_north_m",
        "aerialway": null
      }
    },
    {
      "type": "Feature",
      "geometry": {
        "type": "Point",
        "coordinates": [
          2997.78531373071,
          2891.2244122326374
        ]
      },
      "properties": {
        "id": "lifts:nan:8868174751",
        "osm_type": null,
        "osm_id": "8868174751",
        "name": null,
        "tags": {
          "other_tags": "\"aerialway\"=>\"pylon\"",
          "State": "Nagano",
          "Country": "Japan",
          "Ski Area": "\u767d\u99ac\u30b3\u30eb\u30c1\u30ca",
          "region": "asia/japan/chubu"
        },
        "source": "OpenStreetMap",
        "source_confidence": "osm_as_mapped",
        "coordinate_space": "local_east_m, local_north_m",
        "aerialway": null
      }
    },
    {
      "type": "Feature",
      "geometry": {
        "type": "Point",
        "coordinates": [
          3003.086165747023,
          2860.36248585023
        ]
      },
      "properties": {
        "id": "lifts:nan:8868174752",
        "osm_type": null,
        "osm_id": "8868174752",
        "name": null,
        "tags": {
          "other_tags": "\"aerialway\"=>\"pylon\"",
          "State": "Nagano",
          "Country": "Japan",
          "Ski Area": "\u767d\u99ac\u30b3\u30eb\u30c1\u30ca",
          "region": "asia/japan/chubu"
        },
        "source": "OpenStreetMap",
        "source_confidence": "osm_as_mapped",
        "coordinate_space": "local_east_m, local_north_m",
        "aerialway": null
      }
    },
    {
      "type": "Feature",
      "geometry": {
        "type": "Point",
        "coordinates": [
          3015.2285953972023,
          2789.6329177343287
        ]
      },
      "properties": {
        "id": "lifts:nan:8868174753",
        "osm_type": null,
        "osm_id": "8868174753",
        "name": null,
        "tags": {
          "other_tags": "\"aerialway\"=>\"pylon\"",
          "State": "Nagano",
          "Country": "Japan",
          "Ski Area": "\u767d\u99ac\u30b3\u30eb\u30c1\u30ca",
          "region": "asia/japan/chubu"
        },
        "source": "OpenStreetMap",
        "source_confidence": "osm_as_mapped",
        "coordinate_space": "local_east_m, local_north_m",
        "aerialway": null
      }
    },
    {
      "type": "Feature",
      "geometry": {
        "type": "Point",
        "coordinates": [
          3022.3180555016734,
          2748.3621672648005
        ]
      },
      "properties": {
        "id": "lifts:nan:8868174754",
        "osm_type": null,
        "osm_id": "8868174754",
        "name": null,
        "tags": {
          "other_tags": "\"aerialway\"=>\"pylon\"",
          "State": "Nagano",
          "Country": "Japan",
          "Ski Area": "\u767d\u99ac\u30b3\u30eb\u30c1\u30ca",
          "region": "asia/japan/chubu"
        },
        "source": "OpenStreetMap",
        "source_confidence": "osm_as_mapped",
        "coordinate_space": "local_east_m, local_north_m",
        "aerialway": null
      }
    },
    {
      "type": "Feature",
      "geometry": {
        "type": "Point",
        "coordinates": [
          3028.3679887927137,
          2713.113370841369
        ]
      },
      "properties": {
        "id": "lifts:nan:8868174755",
        "osm_type": null,
        "osm_id": "8868174755",
        "name": null,
        "tags": {
          "other_tags": "\"aerialway\"=>\"pylon\"",
          "State": "Nagano",
          "Country": "Japan",
          "Ski Area": "\u767d\u99ac\u30b3\u30eb\u30c1\u30ca",
          "region": "asia/japan/chubu"
        },
        "source": "OpenStreetMap",
        "source_confidence": "osm_as_mapped",
        "coordinate_space": "local_east_m, local_north_m",
        "aerialway": null
      }
    },
    {
      "type": "Feature",
      "geometry": {
        "type": "Point",
        "coordinates": [
          3041.5714877304854,
          2636.2514523216523
        ]
      },
      "properties": {
        "id": "lifts:nan:8868174756",
        "osm_type": null,
        "osm_id": "8868174756",
        "name": null,
        "tags": {
          "other_tags": "\"aerialway\"=>\"pylon\"",
          "State": "Nagano",
          "Country": "Japan",
          "Ski Area": "\u767d\u99ac\u30b3\u30eb\u30c1\u30ca",
          "region": "asia/japan/chubu"
        },
        "source": "OpenStreetMap",
        "source_confidence": "osm_as_mapped",
        "coordinate_space": "local_east_m, local_north_m",
        "aerialway": null
      }
    },
    {
      "type": "Feature",
      "geometry": {
        "type": "Point",
        "coordinates": [
          3051.719971488812,
          2577.124100753106
        ]
      },
      "properties": {
        "id": "lifts:nan:8868174757",
        "osm_type": null,
        "osm_id": "8868174757",
        "name": null,
        "tags": {
          "other_tags": "\"aerialway\"=>\"pylon\"",
          "State": "Nagano",
          "Country": "Japan",
          "Ski Area": "\u767d\u99ac\u30b3\u30eb\u30c1\u30ca",
          "region": "asia/japan/chubu"
        },
        "source": "OpenStreetMap",
        "source_confidence": "osm_as_mapped",
        "coordinate_space": "local_east_m, local_north_m",
        "aerialway": null
      }
    },
    {
      "type": "Feature",
      "geometry": {
        "type": "Point",
        "coordinates": [
          3058.907434554887,
          2535.278759828303
        ]
      },
      "properties": {
        "id": "lifts:nan:8868174758",
        "osm_type": null,
        "osm_id": "8868174758",
        "name": null,
        "tags": {
          "other_tags": "\"aerialway\"=>\"pylon\"",
          "State": "Nagano",
          "Country": "Japan",
          "Ski Area": "\u767d\u99ac\u30b3\u30eb\u30c1\u30ca",
          "region": "asia/japan/chubu"
        },
        "source": "OpenStreetMap",
        "source_confidence": "osm_as_mapped",
        "coordinate_space": "local_east_m, local_north_m",
        "aerialway": null
      }
    },
    {
      "type": "Feature",
      "geometry": {
        "type": "Point",
        "coordinates": [
          3067.602184449788,
          2484.648837777786
        ]
      },
      "properties": {
        "id": "lifts:nan:8868174759",
        "osm_type": null,
        "osm_id": "8868174759",
        "name": null,
        "tags": {
          "other_tags": "\"aerialway\"=>\"pylon\"",
          "State": "Nagano",
          "Country": "Japan",
          "Ski Area": "\u767d\u99ac\u30b3\u30eb\u30c1\u30ca",
          "region": "asia/japan/chubu"
        },
        "source": "OpenStreetMap",
        "source_confidence": "osm_as_mapped",
        "coordinate_space": "local_east_m, local_north_m",
        "aerialway": null
      }
    },
    {
      "type": "Feature",
      "geometry": {
        "type": "Point",
        "coordinates": [
          3075.365421222057,
          2439.4221355812624
        ]
      },
      "properties": {
        "id": "lifts:nan:8868174760",
        "osm_type": null,
        "osm_id": "8868174760",
        "name": null,
        "tags": {
          "other_tags": "\"aerialway\"=>\"pylon\"",
          "State": "Nagano",
          "Country": "Japan",
          "Ski Area": "\u767d\u99ac\u30b3\u30eb\u30c1\u30ca",
          "region": "asia/japan/chubu"
        },
        "source": "OpenStreetMap",
        "source_confidence": "osm_as_mapped",
        "coordinate_space": "local_east_m, local_north_m",
        "aerialway": null
      }
    },
    {
      "type": "Feature",
      "geometry": {
        "type": "Point",
        "coordinates": [
          3080.6563820901792,
          2408.6043648780324
        ]
      },
      "properties": {
        "id": "lifts:nan:8868174761",
        "osm_type": null,
        "osm_id": "8868174761",
        "name": null,
        "tags": {
          "other_tags": "\"aerialway\"=>\"pylon\"",
          "State": "Nagano",
          "Country": "Japan",
          "Ski Area": "\u767d\u99ac\u30b3\u30eb\u30c1\u30ca",
          "region": "asia/japan/chubu"
        },
        "source": "OpenStreetMap",
        "source_confidence": "osm_as_mapped",
        "coordinate_space": "local_east_m, local_north_m",
        "aerialway": null
      }
    },
    {
      "type": "Feature",
      "geometry": {
        "type": "Point",
        "coordinates": [
          3090.793620540877,
          2349.5655553760007
        ]
      },
      "properties": {
        "id": "lifts:nan:8868174762",
        "osm_type": null,
        "osm_id": "8868174762",
        "name": null,
        "tags": {
          "other_tags": "\"aerialway\"=>\"pylon\"",
          "State": "Nagano",
          "Country": "Japan",
          "Ski Area": "\u767d\u99ac\u30b3\u30eb\u30c1\u30ca",
          "region": "asia/japan/chubu"
        },
        "source": "OpenStreetMap",
        "source_confidence": "osm_as_mapped",
        "coordinate_space": "local_east_m, local_north_m",
        "aerialway": null
      }
    },
    {
      "type": "Feature",
      "geometry": {
        "type": "Point",
        "coordinates": [
          3103.001645838842,
          2278.4715036493726
        ]
      },
      "properties": {
        "id": "lifts:nan:8868174763",
        "osm_type": null,
        "osm_id": "8868174763",
        "name": null,
        "tags": {
          "other_tags": "\"aerialway\"=>\"pylon\"",
          "State": "Nagano",
          "Country": "Japan",
          "Ski Area": "\u767d\u99ac\u30b3\u30eb\u30c1\u30ca",
          "region": "asia/japan/chubu"
        },
        "source": "OpenStreetMap",
        "source_confidence": "osm_as_mapped",
        "coordinate_space": "local_east_m, local_north_m",
        "aerialway": null
      }
    },
    {
      "type": "Feature",
      "geometry": {
        "type": "Point",
        "coordinates": [
          3232.8016857606126,
          2038.8596760532819
        ]
      },
      "properties": {
        "id": "lifts:nan:8868174764",
        "osm_type": null,
        "osm_id": "8868174764",
        "name": null,
        "tags": {
          "other_tags": "\"aerialway\"=>\"pylon\"",
          "State": "Nagano",
          "Country": "Japan",
          "region": "asia/japan/chubu"
        },
        "source": "OpenStreetMap",
        "source_confidence": "osm_as_mapped",
        "coordinate_space": "local_east_m, local_north_m",
        "aerialway": null
      }
    },
    {
      "type": "Feature",
      "geometry": {
        "type": "Point",
        "coordinates": [
          3329.4219311005436,
          1995.2413520803675
        ]
      },
      "properties": {
        "id": "lifts:nan:8868174765",
        "osm_type": null,
        "osm_id": "8868174765",
        "name": null,
        "tags": {
          "other_tags": "\"aerialway\"=>\"pylon\"",
          "State": "Nagano",
          "Country": "Japan",
          "region": "asia/japan/chubu"
        },
        "source": "OpenStreetMap",
        "source_confidence": "osm_as_mapped",
        "coordinate_space": "local_east_m, local_north_m",
        "aerialway": null
      }
    },
    {
      "type": "Feature",
      "geometry": {
        "type": "Point",
        "coordinates": [
          3424.9290949725546,
          1952.1235181400552
        ]
      },
      "properties": {
        "id": "lifts:nan:8868174766",
        "osm_type": null,
        "osm_id": "8868174766",
        "name": null,
        "tags": {
          "other_tags": "\"aerialway\"=>\"pylon\"",
          "State": "Nagano",
          "Country": "Japan",
          "region": "asia/japan/chubu"
        },
        "source": "OpenStreetMap",
        "source_confidence": "osm_as_mapped",
        "coordinate_space": "local_east_m, local_north_m",
        "aerialway": null
      }
    },
    {
      "type": "Feature",
      "geometry": {
        "type": "Point",
        "coordinates": [
          3490.099091751734,
          1922.6948065254837
        ]
      },
      "properties": {
        "id": "lifts:nan:8868174767",
        "osm_type": null,
        "osm_id": "8868174767",
        "name": null,
        "tags": {
          "other_tags": "\"aerialway\"=>\"pylon\"",
          "State": "Nagano",
          "Country": "Japan",
          "region": "asia/japan/chubu"
        },
        "source": "OpenStreetMap",
        "source_confidence": "osm_as_mapped",
        "coordinate_space": "local_east_m, local_north_m",
        "aerialway": null
      }
    },
    {
      "type": "Feature",
      "geometry": {
        "type": "Point",
        "coordinates": [
          3530.4024412126746,
          1904.498796554748
        ]
      },
      "properties": {
        "id": "lifts:nan:8868174768",
        "osm_type": null,
        "osm_id": "8868174768",
        "name": null,
        "tags": {
          "other_tags": "\"aerialway\"=>\"pylon\"",
          "State": "Nagano",
          "Country": "Japan",
          "region": "asia/japan/chubu"
        },
        "source": "OpenStreetMap",
        "source_confidence": "osm_as_mapped",
        "coordinate_space": "local_east_m, local_north_m",
        "aerialway": null
      }
    },
    {
      "type": "Feature",
      "geometry": {
        "type": "Point",
        "coordinates": [
          3585.6985984789208,
          1879.536999179516
        ]
      },
      "properties": {
        "id": "lifts:nan:8868174769",
        "osm_type": null,
        "osm_id": "8868174769",
        "name": null,
        "tags": {
          "other_tags": "\"aerialway\"=>\"pylon\"",
          "State": "Nagano",
          "Country": "Japan",
          "region": "asia/japan/chubu"
        },
        "source": "OpenStreetMap",
        "source_confidence": "osm_as_mapped",
        "coordinate_space": "local_east_m, local_north_m",
        "aerialway": null
      }
    },
    {
      "type": "Feature",
      "geometry": {
        "type": "Point",
        "coordinates": [
          3653.0164102311246,
          1849.1525738816708
        ]
      },
      "properties": {
        "id": "lifts:nan:8868174770",
        "osm_type": null,
        "osm_id": "8868174770",
        "name": null,
        "tags": {
          "other_tags": "\"aerialway\"=>\"pylon\"",
          "State": "Nagano",
          "Country": "Japan",
          "region": "asia/japan/chubu"
        },
        "source": "OpenStreetMap",
        "source_confidence": "osm_as_mapped",
        "coordinate_space": "local_east_m, local_north_m",
        "aerialway": null
      }
    },
    {
      "type": "Feature",
      "geometry": {
        "type": "Point",
        "coordinates": [
          3668.0091740286443,
          1842.3867429071106
        ]
      },
      "properties": {
        "id": "lifts:nan:8868174771",
        "osm_type": null,
        "osm_id": "8868174771",
        "name": null,
        "tags": {
          "other_tags": "\"aerialway\"=>\"pylon\"",
          "State": "Nagano",
          "Country": "Japan",
          "region": "asia/japan/chubu"
        },
        "source": "OpenStreetMap",
        "source_confidence": "osm_as_mapped",
        "coordinate_space": "local_east_m, local_north_m",
        "aerialway": null
      }
    },
    {
      "type": "Feature",
      "geometry": {
        "type": "Point",
        "coordinates": [
          3682.9930359667633,
          1835.6206668005325
        ]
      },
      "properties": {
        "id": "lifts:nan:8868174772",
        "osm_type": null,
        "osm_id": "8868174772",
        "name": null,
        "tags": {
          "other_tags": "\"aerialway\"=>\"pylon\"",
          "State": "Nagano",
          "Country": "Japan",
          "region": "asia/japan/chubu"
        },
        "source": "OpenStreetMap",
        "source_confidence": "osm_as_mapped",
        "coordinate_space": "local_east_m, local_north_m",
        "aerialway": null
      }
    },
    {
      "type": "Feature",
      "geometry": {
        "type": "Point",
        "coordinates": [
          3773.394792015082,
          1794.8065679362044
        ]
      },
      "properties": {
        "id": "lifts:nan:8868174773",
        "osm_type": null,
        "osm_id": "8868174773",
        "name": null,
        "tags": {
          "other_tags": "\"aerialway\"=>\"pylon\"",
          "State": "Nagano",
          "Country": "Japan",
          "region": "asia/japan/chubu"
        },
        "source": "OpenStreetMap",
        "source_confidence": "osm_as_mapped",
        "coordinate_space": "local_east_m, local_north_m",
        "aerialway": null
      }
    },
    {
      "type": "Feature",
      "geometry": {
        "type": "Point",
        "coordinates": [
          3906.1496652066708,
          1734.8836427996866
        ]
      },
      "properties": {
        "id": "lifts:nan:8868174774",
        "osm_type": null,
        "osm_id": "8868174774",
        "name": null,
        "tags": {
          "other_tags": "\"aerialway\"=>\"pylon\"",
          "State": "Nagano",
          "Country": "Japan",
          "region": "asia/japan/chubu"
        },
        "source": "OpenStreetMap",
        "source_confidence": "osm_as_mapped",
        "coordinate_space": "local_east_m, local_north_m",
        "aerialway": null
      }
    },
    {
      "type": "Feature",
      "geometry": {
        "type": "Point",
        "coordinates": [
          1752.8636197859887,
          1894.3036130885594
        ]
      },
      "properties": {
        "id": "lifts:nan:8868174775",
        "osm_type": null,
        "osm_id": "8868174775",
        "name": null,
        "tags": {
          "other_tags": "\"aerialway\"=>\"pylon\"",
          "State": "Nagano",
          "Country": "Japan",
          "Ski Area": "\u767d\u99ac\u4e57\u978d\u30b9\u30ad\u30fc\u5834",
          "region": "asia/japan/chubu"
        },
        "source": "OpenStreetMap",
        "source_confidence": "osm_as_mapped",
        "coordinate_space": "local_east_m, local_north_m",
        "aerialway": null
      }
    },
    {
      "type": "Feature",
      "geometry": {
        "type": "Point",
        "coordinates": [
          1780.2550300073344,
          1949.728167342022
        ]
      },
      "properties": {
        "id": "lifts:nan:8868174776",
        "osm_type": null,
        "osm_id": "8868174776",
        "name": null,
        "tags": {
          "other_tags": "\"aerialway\"=>\"pylon\"",
          "State": "Nagano",
          "Country": "Japan",
          "Ski Area": "\u767d\u99ac\u4e57\u978d\u30b9\u30ad\u30fc\u5834",
          "region": "asia/japan/chubu"
        },
        "source": "OpenStreetMap",
        "source_confidence": "osm_as_mapped",
        "coordinate_space": "local_east_m, local_north_m",
        "aerialway": null
      }
    },
    {
      "type": "Feature",
      "geometry": {
        "type": "Point",
        "coordinates": [
          1809.9446944913361,
          2009.8312798910774
        ]
      },
      "properties": {
        "id": "lifts:nan:8868174777",
        "osm_type": null,
        "osm_id": "8868174777",
        "name": null,
        "tags": {
          "other_tags": "\"aerialway\"=>\"pylon\"",
          "State": "Nagano",
          "Country": "Japan",
          "Ski Area": "\u767d\u99ac\u4e57\u978d\u30b9\u30ad\u30fc\u5834",
          "region": "asia/japan/chubu"
        },
        "source": "OpenStreetMap",
        "source_confidence": "osm_as_mapped",
        "coordinate_space": "local_east_m, local_north_m",
        "aerialway": null
      }
    },
    {
      "type": "Feature",
      "geometry": {
        "type": "Point",
        "coordinates": [
          1826.1415719188517,
          2042.605844795704
        ]
      },
      "properties": {
        "id": "lifts:nan:8868174778",
        "osm_type": null,
        "osm_id": "8868174778",
        "name": null,
        "tags": {
          "other_tags": "\"aerialway\"=>\"pylon\"",
          "State": "Nagano",
          "Country": "Japan",
          "Ski Area": "\u767d\u99ac\u4e57\u978d\u30b9\u30ad\u30fc\u5834",
          "region": "asia/japan/chubu"
        },
        "source": "OpenStreetMap",
        "source_confidence": "osm_as_mapped",
        "coordinate_space": "local_east_m, local_north_m",
        "aerialway": null
      }
    },
    {
      "type": "Feature",
      "geometry": {
        "type": "Point",
        "coordinates": [
          1835.8274455572246,
          2062.2118790210225
        ]
      },
      "properties": {
        "id": "lifts:nan:8868174779",
        "osm_type": null,
        "osm_id": "8868174779",
        "name": null,
        "tags": {
          "other_tags": "\"aerialway\"=>\"pylon\"",
          "State": "Nagano",
          "Country": "Japan",
          "Ski Area": "\u767d\u99ac\u4e57\u978d\u30b9\u30ad\u30fc\u5834",
          "region": "asia/japan/chubu"
        },
        "source": "OpenStreetMap",
        "source_confidence": "osm_as_mapped",
        "coordinate_space": "local_east_m, local_north_m",
        "aerialway": null
      }
    },
    {
      "type": "Feature",
      "geometry": {
        "type": "Point",
        "coordinates": [
          1861.9705684753135,
          2115.133546601981
        ]
      },
      "properties": {
        "id": "lifts:nan:8868174780",
        "osm_type": null,
        "osm_id": "8868174780",
        "name": null,
        "tags": {
          "other_tags": "\"aerialway\"=>\"pylon\"",
          "State": "Nagano",
          "Country": "Japan",
          "Ski Area": "\u767d\u99ac\u4e57\u978d\u30b9\u30ad\u30fc\u5834",
          "region": "asia/japan/chubu"
        },
        "source": "OpenStreetMap",
        "source_confidence": "osm_as_mapped",
        "coordinate_space": "local_east_m, local_north_m",
        "aerialway": null
      }
    },
    {
      "type": "Feature",
      "geometry": {
        "type": "Point",
        "coordinates": [
          1891.1454723831266,
          2174.1886372370645
        ]
      },
      "properties": {
        "id": "lifts:nan:8868174781",
        "osm_type": null,
        "osm_id": "8868174781",
        "name": null,
        "tags": {
          "other_tags": "\"aerialway\"=>\"pylon\"",
          "State": "Nagano",
          "Country": "Japan",
          "Ski Area": "\u767d\u99ac\u4e57\u978d\u30b9\u30ad\u30fc\u5834",
          "region": "asia/japan/chubu"
        },
        "source": "OpenStreetMap",
        "source_confidence": "osm_as_mapped",
        "coordinate_space": "local_east_m, local_north_m",
        "aerialway": null
      }
    },
    {
      "type": "Feature",
      "geometry": {
        "type": "Point",
        "coordinates": [
          1133.1135353776626,
          1335.5476497239433
        ]
      },
      "properties": {
        "id": "lifts:nan:10814051431",
        "osm_type": null,
        "osm_id": "10814051431",
        "name": null,
        "tags": {
          "other_tags": "\"aerialway\"=>\"station\"",
          "State": "Nagano",
          "Country": "Japan",
          "Ski Area": "\u767d\u99ac\u4e57\u978d\u30b9\u30ad\u30fc\u5834",
          "region": "asia/japan/chubu"
        },
        "source": "OpenStreetMap",
        "source_confidence": "osm_as_mapped",
        "coordinate_space": "local_east_m, local_north_m",
        "aerialway": null
      }
    },
    {
      "type": "Feature",
      "geometry": {
        "type": "Point",
        "coordinates": [
          357.6418247523252,
          2139.741966431495
        ]
      },
      "properties": {
        "id": "lifts:nan:10814051432",
        "osm_type": null,
        "osm_id": "10814051432",
        "name": null,
        "tags": {
          "other_tags": "\"aerialway\"=>\"station\"",
          "State": "Nagano",
          "Country": "Japan",
          "Ski Area": "\u767d\u99ac\u4e57\u978d\u30b9\u30ad\u30fc\u5834",
          "region": "asia/japan/chubu"
        },
        "source": "OpenStreetMap",
        "source_confidence": "osm_as_mapped",
        "coordinate_space": "local_east_m, local_north_m",
        "aerialway": null
      }
    },
    {
      "type": "Feature",
      "geometry": {
        "type": "Point",
        "coordinates": [
          2479.1847534433473,
          1938.0372594855726
        ]
      },
      "properties": {
        "id": "lifts:nan:13328248460",
        "osm_type": null,
        "osm_id": "13328248460",
        "name": null,
        "tags": {
          "other_tags": "\"aerialway\"=>\"station;pylon\"",
          "State": "Nagano",
          "Country": "Japan",
          "Ski Area": "\u767d\u99ac\u30b3\u30eb\u30c1\u30ca",
          "region": "asia/japan/chubu"
        },
        "source": "OpenStreetMap",
        "source_confidence": "osm_as_mapped",
        "coordinate_space": "local_east_m, local_north_m",
        "aerialway": null
      }
    },
    {
      "type": "Feature",
      "geometry": {
        "type": "Point",
        "coordinates": [
          1586.0813825620571,
          1452.960587227717
        ]
      },
      "properties": {
        "id": "lifts:nan:13328810768",
        "osm_type": null,
        "osm_id": "13328810768",
        "name": null,
        "tags": {
          "other_tags": "\"aerialway\"=>\"station\",\"public_transport\"=>\"station\"",
          "State": "Nagano",
          "Country": "Japan",
          "Ski Area": "\u767d\u99ac\u4e57\u978d\u30b9\u30ad\u30fc\u5834",
          "region": "asia/japan/chubu"
        },
        "source": "OpenStreetMap",
        "source_confidence": "osm_as_mapped",
        "coordinate_space": "local_east_m, local_north_m",
        "aerialway": null
      }
    },
    {
      "type": "Feature",
      "geometry": {
        "type": "Point",
        "coordinates": [
          3019.165362914093,
          2116.053598098457
        ]
      },
      "properties": {
        "id": "lifts:node:3387645895",
        "osm_type": "node",
        "osm_id": "3387645895",
        "name": null,
        "tags": {
          "aerialway": "station",
          "winter_sports_id": "773558919",
          "winter_sports_name": "\u767d\u99ac\u30b3\u30eb\u30c1\u30ca",
          "State": "Nagano",
          "Country": "Japan",
          "Ski Area": "\u767d\u99ac\u30b3\u30eb\u30c1\u30ca",
          "region": "asia/japan/chubu"
        },
        "source": "OpenStreetMap",
        "source_confidence": "osm_as_mapped",
        "coordinate_space": "local_east_m, local_north_m",
        "aerialway": "station"
      }
    },
    {
      "type": "Feature",
      "geometry": {
        "type": "Point",
        "coordinates": [
          2539.635375533835,
          2134.4422202650458
        ]
      },
      "properties": {
        "id": "lifts:node:3387645896",
        "osm_type": "node",
        "osm_id": "3387645896",
        "name": null,
        "tags": {
          "aerialway": "station",
          "winter_sports_id": "773558919",
          "winter_sports_name": "\u767d\u99ac\u30b3\u30eb\u30c1\u30ca",
          "State": "Nagano",
          "Country": "Japan",
          "Ski Area": "\u767d\u99ac\u30b3\u30eb\u30c1\u30ca",
          "region": "asia/japan/chubu"
        },
        "source": "OpenStreetMap",
        "source_confidence": "osm_as_mapped",
        "coordinate_space": "local_east_m, local_north_m",
        "aerialway": "station"
      }
    },
    {
      "type": "Feature",
      "geometry": {
        "type": "Point",
        "coordinates": [
          2547.5493700782536,
          2087.087277235929
        ]
      },
      "properties": {
        "id": "lifts:node:4514402209",
        "osm_type": "node",
        "osm_id": "4514402209",
        "name": null,
        "tags": {
          "aerialway": "station;pylon",
          "winter_sports_id": "773558919",
          "winter_sports_name": "\u767d\u99ac\u30b3\u30eb\u30c1\u30ca",
          "State": "Nagano",
          "Country": "Japan",
          "Ski Area": "\u767d\u99ac\u30b3\u30eb\u30c1\u30ca",
          "region": "asia/japan/chubu"
        },
        "source": "OpenStreetMap",
        "source_confidence": "osm_as_mapped",
        "coordinate_space": "local_east_m, local_north_m",
        "aerialway": "station;pylon"
      }
    },
    {
      "type": "Feature",
      "geometry": {
        "type": "Point",
        "coordinates": [
          2316.5861751332413,
          3233.1559201548807
        ]
      },
      "properties": {
        "id": "lifts:node:4514402211",
        "osm_type": "node",
        "osm_id": "4514402211",
        "name": null,
        "tags": {
          "aerialway": "station",
          "winter_sports_id": "773558919",
          "winter_sports_name": "\u767d\u99ac\u30b3\u30eb\u30c1\u30ca",
          "State": "Nagano",
          "Country": "Japan",
          "Ski Area": "\u767d\u99ac\u30b3\u30eb\u30c1\u30ca",
          "region": "asia/japan/chubu"
        },
        "source": "OpenStreetMap",
        "source_confidence": "osm_as_mapped",
        "coordinate_space": "local_east_m, local_north_m",
        "aerialway": "station"
      }
    },
    {
      "type": "Feature",
      "geometry": {
        "type": "Point",
        "coordinates": [
          2982.5980275565526,
          2979.6555487615988
        ]
      },
      "properties": {
        "id": "lifts:node:4514402213",
        "osm_type": "node",
        "osm_id": "4514402213",
        "name": null,
        "tags": {
          "aerialway": "station",
          "winter_sports_id": "773558919",
          "winter_sports_name": "\u767d\u99ac\u30b3\u30eb\u30c1\u30ca",
          "State": "Nagano",
          "Country": "Japan",
          "Ski Area": "\u767d\u99ac\u30b3\u30eb\u30c1\u30ca",
          "region": "asia/japan/chubu"
        },
        "source": "OpenStreetMap",
        "source_confidence": "osm_as_mapped",
        "coordinate_space": "local_east_m, local_north_m",
        "aerialway": "station"
      }
    },
    {
      "type": "Feature",
      "geometry": {
        "type": "Point",
        "coordinates": [
          3113.116545103141,
          2219.587532581296
        ]
      },
      "properties": {
        "id": "lifts:node:4514402214",
        "osm_type": "node",
        "osm_id": "4514402214",
        "name": null,
        "tags": {
          "aerialway": "station",
          "winter_sports_id": "773558919",
          "winter_sports_name": "\u767d\u99ac\u30b3\u30eb\u30c1\u30ca",
          "State": "Nagano",
          "Country": "Japan",
          "Ski Area": "\u767d\u99ac\u30b3\u30eb\u30c1\u30ca",
          "region": "asia/japan/chubu"
        },
        "source": "OpenStreetMap",
        "source_confidence": "osm_as_mapped",
        "coordinate_space": "local_east_m, local_north_m",
        "aerialway": "station"
      }
    },
    {
      "type": "Feature",
      "geometry": {
        "type": "Point",
        "coordinates": [
          1489.7876467129681,
          2816.1386562618427
        ]
      },
      "properties": {
        "id": "lifts:node:4514402215",
        "osm_type": "node",
        "osm_id": "4514402215",
        "name": null,
        "tags": {
          "aerialway": "station",
          "public_transport": "station",
          "winter_sports_id": "773558919",
          "winter_sports_name": "\u767d\u99ac\u30b3\u30eb\u30c1\u30ca",
          "State": "Nagano",
          "Country": "Japan",
          "Ski Area": "\u767d\u99ac\u30b3\u30eb\u30c1\u30ca",
          "region": "asia/japan/chubu"
        },
        "source": "OpenStreetMap",
        "source_confidence": "osm_as_mapped",
        "coordinate_space": "local_east_m, local_north_m",
        "aerialway": "station"
      }
    },
    {
      "type": "Feature",
      "geometry": {
        "type": "Point",
        "coordinates": [
          2085.8109890378546,
          2726.6828158213757
        ]
      },
      "properties": {
        "id": "lifts:node:4514402216",
        "osm_type": "node",
        "osm_id": "4514402216",
        "name": null,
        "tags": {
          "aerialway": "station",
          "winter_sports_id": "773558919",
          "winter_sports_name": "\u767d\u99ac\u30b3\u30eb\u30c1\u30ca",
          "State": "Nagano",
          "Country": "Japan",
          "Ski Area": "\u767d\u99ac\u30b3\u30eb\u30c1\u30ca",
          "region": "asia/japan/chubu"
        },
        "source": "OpenStreetMap",
        "source_confidence": "osm_as_mapped",
        "coordinate_space": "local_east_m, local_north_m",
        "aerialway": "station"
      }
    },
    {
      "type": "Feature",
      "geometry": {
        "type": "Point",
        "coordinates": [
          2124.6197528288467,
          2703.282129877247
        ]
      },
      "properties": {
        "id": "lifts:node:4514402217",
        "osm_type": "node",
        "osm_id": "4514402217",
        "name": null,
        "tags": {
          "aerialway": "station",
          "winter_sports_id": "773558919",
          "winter_sports_name": "\u767d\u99ac\u30b3\u30eb\u30c1\u30ca",
          "State": "Nagano",
          "Country": "Japan",
          "Ski Area": "\u767d\u99ac\u30b3\u30eb\u30c1\u30ca",
          "region": "asia/japan/chubu"
        },
        "source": "OpenStreetMap",
        "source_confidence": "osm_as_mapped",
        "coordinate_space": "local_east_m, local_north_m",
        "aerialway": "station"
      }
    },
    {
      "type": "Feature",
      "geometry": {
        "type": "Point",
        "coordinates": [
          3030.113360142219,
          2131.056586676743
        ]
      },
      "properties": {
        "id": "lifts:node:4514402218",
        "osm_type": "node",
        "osm_id": "4514402218",
        "name": null,
        "tags": {
          "aerialway": "station",
          "winter_sports_id": "773558919",
          "winter_sports_name": "\u767d\u99ac\u30b3\u30eb\u30c1\u30ca",
          "State": "Nagano",
          "Country": "Japan",
          "Ski Area": "\u767d\u99ac\u30b3\u30eb\u30c1\u30ca",
          "region": "asia/japan/chubu"
        },
        "source": "OpenStreetMap",
        "source_confidence": "osm_as_mapped",
        "coordinate_space": "local_east_m, local_north_m",
        "aerialway": "station"
      }
    },
    {
      "type": "Feature",
      "geometry": {
        "type": "Point",
        "coordinates": [
          3180.3973173483973,
          2062.5225725783966
        ]
      },
      "properties": {
        "id": "lifts:node:5284189228",
        "osm_type": "node",
        "osm_id": "5284189228",
        "name": null,
        "tags": {
          "aerialway": "station",
          "winter_sports_id": "773558919",
          "winter_sports_name": "\u767d\u99ac\u30b3\u30eb\u30c1\u30ca",
          "State": "Nagano",
          "Country": "Japan",
          "Ski Area": "\u767d\u99ac\u30b3\u30eb\u30c1\u30ca",
          "region": "asia/japan/chubu"
        },
        "source": "OpenStreetMap",
        "source_confidence": "osm_as_mapped",
        "coordinate_space": "local_east_m, local_north_m",
        "aerialway": "station"
      }
    },
    {
      "type": "Feature",
      "geometry": {
        "type": "Point",
        "coordinates": [
          2326.2646185366903,
          2667.1466857809573
        ]
      },
      "properties": {
        "id": "lifts:node:8687765290",
        "osm_type": "node",
        "osm_id": "8687765290",
        "name": null,
        "tags": {
          "aerialway": "station",
          "public_transport": "station",
          "winter_sports_id": "773558919",
          "winter_sports_name": "\u767d\u99ac\u30b3\u30eb\u30c1\u30ca",
          "State": "Nagano",
          "Country": "Japan",
          "Ski Area": "\u767d\u99ac\u30b3\u30eb\u30c1\u30ca",
          "region": "asia/japan/chubu"
        },
        "source": "OpenStreetMap",
        "source_confidence": "osm_as_mapped",
        "coordinate_space": "local_east_m, local_north_m",
        "aerialway": "station"
      }
    },
    {
      "type": "Feature",
      "geometry": {
        "type": "Point",
        "coordinates": [
          1530.756178222131,
          2809.993763192091
        ]
      },
      "properties": {
        "id": "lifts:node:8868150891",
        "osm_type": "node",
        "osm_id": "8868150891",
        "name": null,
        "tags": {
          "aerialway": "pylon",
          "winter_sports_id": "773558919",
          "winter_sports_name": "\u767d\u99ac\u30b3\u30eb\u30c1\u30ca",
          "State": "Nagano",
          "Country": "Japan",
          "Ski Area": "\u767d\u99ac\u30b3\u30eb\u30c1\u30ca",
          "region": "asia/japan/chubu"
        },
        "source": "OpenStreetMap",
        "source_confidence": "osm_as_mapped",
        "coordinate_space": "local_east_m, local_north_m",
        "aerialway": "pylon"
      }
    },
    {
      "type": "Feature",
      "geometry": {
        "type": "Point",
        "coordinates": [
          1825.9934059313964,
          2765.673029762227
        ]
      },
      "properties": {
        "id": "lifts:node:8868150892",
        "osm_type": "node",
        "osm_id": "8868150892",
        "name": null,
        "tags": {
          "aerialway": "pylon",
          "winter_sports_id": "773558919",
          "winter_sports_name": "\u767d\u99ac\u30b3\u30eb\u30c1\u30ca",
          "State": "Nagano",
          "Country": "Japan",
          "Ski Area": "\u767d\u99ac\u30b3\u30eb\u30c1\u30ca",
          "region": "asia/japan/chubu"
        },
        "source": "OpenStreetMap",
        "source_confidence": "osm_as_mapped",
        "coordinate_space": "local_east_m, local_north_m",
        "aerialway": "pylon"
      }
    },
    {
      "type": "Feature",
      "geometry": {
        "type": "Point",
        "coordinates": [
          1800.137578978436,
          2769.5496027003974
        ]
      },
      "properties": {
        "id": "lifts:node:8868150893",
        "osm_type": "node",
        "osm_id": "8868150893",
        "name": null,
        "tags": {
          "aerialway": "pylon",
          "winter_sports_id": "773558919",
          "winter_sports_name": "\u767d\u99ac\u30b3\u30eb\u30c1\u30ca",
          "State": "Nagano",
          "Country": "Japan",
          "Ski Area": "\u767d\u99ac\u30b3\u30eb\u30c1\u30ca",
          "region": "asia/japan/chubu"
        },
        "source": "OpenStreetMap",
        "source_confidence": "osm_as_mapped",
        "coordinate_space": "local_east_m, local_north_m",
        "aerialway": "pylon"
      }
    },
    {
      "type": "Feature",
      "geometry": {
        "type": "Point",
        "coordinates": [
          1754.7168759419583,
          2776.3702400936745
        ]
      },
      "properties": {
        "id": "lifts:node:8868150894",
        "osm_type": "node",
        "osm_id": "8868150894",
        "name": null,
        "tags": {
          "aerialway": "pylon",
          "winter_sports_id": "773558919",
          "winter_sports_name": "\u767d\u99ac\u30b3\u30eb\u30c1\u30ca",
          "State": "Nagano",
          "Country": "Japan",
          "Ski Area": "\u767d\u99ac\u30b3\u30eb\u30c1\u30ca",
          "region": "asia/japan/chubu"
        },
        "source": "OpenStreetMap",
        "source_confidence": "osm_as_mapped",
        "coordinate_space": "local_east_m, local_north_m",
        "aerialway": "pylon"
      }
    },
    {
      "type": "Feature",
      "geometry": {
        "type": "Point",
        "coordinates": [
          1944.4500179479364,
          2747.898417404853
        ]
      },
      "properties": {
        "id": "lifts:node:8868150895",
        "osm_type": "node",
        "osm_id": "8868150895",
        "name": null,
        "tags": {
          "aerialway": "pylon",
          "winter_sports_id": "773558919",
          "winter_sports_name": "\u767d\u99ac\u30b3\u30eb\u30c1\u30ca",
          "State": "Nagano",
          "Country": "Japan",
          "Ski Area": "\u767d\u99ac\u30b3\u30eb\u30c1\u30ca",
          "region": "asia/japan/chubu"
        },
        "source": "OpenStreetMap",
        "source_confidence": "osm_as_mapped",
        "coordinate_space": "local_east_m, local_north_m",
        "aerialway": "pylon"
      }
    },
    {
      "type": "Feature",
      "geometry": {
        "type": "Point",
        "coordinates": [
          2076.369594829157,
          2728.0980779328384
        ]
      },
      "properties": {
        "id": "lifts:node:8868150896",
        "osm_type": "node",
        "osm_id": "8868150896",
        "name": null,
        "tags": {
          "aerialway": "pylon",
          "winter_sports_id": "773558919",
          "winter_sports_name": "\u767d\u99ac\u30b3\u30eb\u30c1\u30ca",
          "State": "Nagano",
          "Country": "Japan",
          "Ski Area": "\u767d\u99ac\u30b3\u30eb\u30c1\u30ca",
          "region": "asia/japan/chubu"
        },
        "source": "OpenStreetMap",
        "source_confidence": "osm_as_mapped",
        "coordinate_space": "local_east_m, local_north_m",
        "aerialway": "pylon"
      }
    },
    {
      "type": "Feature",
      "geometry": {
        "type": "Point",
        "coordinates": [
          2036.4590260679834,
          2734.083436780609
        ]
      },
      "properties": {
        "id": "lifts:node:8868150897",
        "osm_type": "node",
        "osm_id": "8868150897",
        "name": null,
        "tags": {
          "aerialway": "pylon",
          "winter_sports_id": "773558919",
          "winter_sports_name": "\u767d\u99ac\u30b3\u30eb\u30c1\u30ca",
          "State": "Nagano",
          "Country": "Japan",
          "Ski Area": "\u767d\u99ac\u30b3\u30eb\u30c1\u30ca",
          "region": "asia/japan/chubu"
        },
        "source": "OpenStreetMap",
        "source_confidence": "osm_as_mapped",
        "coordinate_space": "local_east_m, local_north_m",
        "aerialway": "pylon"
      }
    },
    {
      "type": "Feature",
      "geometry": {
        "type": "Point",
        "coordinates": [
          2150.3756674122997,
          2687.0081315813586
        ]
      },
      "properties": {
        "id": "lifts:node:8868150898",
        "osm_type": "node",
        "osm_id": "8868150898",
        "name": null,
        "tags": {
          "aerialway": "pylon",
          "winter_sports_id": "773558919",
          "winter_sports_name": "\u767d\u99ac\u30b3\u30eb\u30c1\u30ca",
          "State": "Nagano",
          "Country": "Japan",
          "Ski Area": "\u767d\u99ac\u30b3\u30eb\u30c1\u30ca",
          "region": "asia/japan/chubu"
        },
        "source": "OpenStreetMap",
        "source_confidence": "osm_as_mapped",
        "coordinate_space": "local_east_m, local_north_m",
        "aerialway": "pylon"
      }
    },
    {
      "type": "Feature",
      "geometry": {
        "type": "Point",
        "coordinates": [
          2165.8677567341365,
          2677.2116052792408
        ]
      },
      "properties": {
        "id": "lifts:node:8868150899",
        "osm_type": "node",
        "osm_id": "8868150899",
        "name": null,
        "tags": {
          "aerialway": "pylon",
          "winter_sports_id": "773558919",
          "winter_sports_name": "\u767d\u99ac\u30b3\u30eb\u30c1\u30ca",
          "State": "Nagano",
          "Country": "Japan",
          "Ski Area": "\u767d\u99ac\u30b3\u30eb\u30c1\u30ca",
          "region": "asia/japan/chubu"
        },
        "source": "OpenStreetMap",
        "source_confidence": "osm_as_mapped",
        "coordinate_space": "local_east_m, local_north_m",
        "aerialway": "pylon"
      }
    },
    {
      "type": "Feature",
      "geometry": {
        "type": "Point",
        "coordinates": [
          2215.1307959768455,
          2646.0734261604957
        ]
      },
      "properties": {
        "id": "lifts:node:8868150900",
        "osm_type": "node",
        "osm_id": "8868150900",
        "name": null,
        "tags": {
          "aerialway": "pylon",
          "winter_sports_id": "773558919",
          "winter_sports_name": "\u767d\u99ac\u30b3\u30eb\u30c1\u30ca",
          "State": "Nagano",
          "Country": "Japan",
          "Ski Area": "\u767d\u99ac\u30b3\u30eb\u30c1\u30ca",
          "region": "asia/japan/chubu"
        },
        "source": "OpenStreetMap",
        "source_confidence": "osm_as_mapped",
        "coordinate_space": "local_east_m, local_north_m",
        "aerialway": "pylon"
      }
    },
    {
      "type": "Feature",
      "geometry": {
        "type": "Point",
        "coordinates": [
          2238.52805514005,
          2631.2947396077216
        ]
      },
      "properties": {
        "id": "lifts:node:8868150901",
        "osm_type": "node",
        "osm_id": "8868150901",
        "name": null,
        "tags": {
          "aerialway": "pylon",
          "winter_sports_id": "773558919",
          "winter_sports_name": "\u767d\u99ac\u30b3\u30eb\u30c1\u30ca",
          "State": "Nagano",
          "Country": "Japan",
          "Ski Area": "\u767d\u99ac\u30b3\u30eb\u30c1\u30ca",
          "region": "asia/japan/chubu"
        },
        "source": "OpenStreetMap",
        "source_confidence": "osm_as_mapped",
        "coordinate_space": "local_east_m, local_north_m",
        "aerialway": "pylon"
      }
    },
    {
      "type": "Feature",
      "geometry": {
        "type": "Point",
        "coordinates": [
          2297.8375143843004,
          2593.8064025356434
        ]
      },
      "properties": {
        "id": "lifts:node:8868150902",
        "osm_type": "node",
        "osm_id": "8868150902",
        "name": null,
        "tags": {
          "aerialway": "pylon",
          "winter_sports_id": "773558919",
          "winter_sports_name": "\u767d\u99ac\u30b3\u30eb\u30c1\u30ca",
          "State": "Nagano",
          "Country": "Japan",
          "Ski Area": "\u767d\u99ac\u30b3\u30eb\u30c1\u30ca",
          "region": "asia/japan/chubu"
        },
        "source": "OpenStreetMap",
        "source_confidence": "osm_as_mapped",
        "coordinate_space": "local_east_m, local_north_m",
        "aerialway": "pylon"
      }
    },
    {
      "type": "Feature",
      "geometry": {
        "type": "Point",
        "coordinates": [
          2371.501227192115,
          2547.2543519148603
        ]
      },
      "properties": {
        "id": "lifts:node:8868150903",
        "osm_type": "node",
        "osm_id": "8868150903",
        "name": null,
        "tags": {
          "aerialway": "pylon",
          "winter_sports_id": "773558919",
          "winter_sports_name": "\u767d\u99ac\u30b3\u30eb\u30c1\u30ca",
          "State": "Nagano",
          "Country": "Japan",
          "Ski Area": "\u767d\u99ac\u30b3\u30eb\u30c1\u30ca",
          "region": "asia/japan/chubu"
        },
        "source": "OpenStreetMap",
        "source_confidence": "osm_as_mapped",
        "coordinate_space": "local_east_m, local_north_m",
        "aerialway": "pylon"
      }
    },
    {
      "type": "Feature",
      "geometry": {
        "type": "Point",
        "coordinates": [
          2402.17663683719,
          2527.863775180187
        ]
      },
      "properties": {
        "id": "lifts:node:8868150904",
        "osm_type": "node",
        "osm_id": "8868150904",
        "name": null,
        "tags": {
          "aerialway": "pylon",
          "winter_sports_id": "773558919",
          "winter_sports_name": "\u767d\u99ac\u30b3\u30eb\u30c1\u30ca",
          "State": "Nagano",
          "Country": "Japan",
          "Ski Area": "\u767d\u99ac\u30b3\u30eb\u30c1\u30ca",
          "region": "asia/japan/chubu"
        },
        "source": "OpenStreetMap",
        "source_confidence": "osm_as_mapped",
        "coordinate_space": "local_east_m, local_north_m",
        "aerialway": "pylon"
      }
    },
    {
      "type": "Feature",
      "geometry": {
        "type": "Point",
        "coordinates": [
          2456.614636833314,
          2493.4618008406833
        ]
      },
      "properties": {
        "id": "lifts:node:8868150905",
        "osm_type": "node",
        "osm_id": "8868150905",
        "name": null,
        "tags": {
          "aerialway": "pylon",
          "winter_sports_id": "773558919",
          "winter_sports_name": "\u767d\u99ac\u30b3\u30eb\u30c1\u30ca",
          "State": "Nagano",
          "Country": "Japan",
          "Ski Area": "\u767d\u99ac\u30b3\u30eb\u30c1\u30ca",
          "region": "asia/japan/chubu"
        },
        "source": "OpenStreetMap",
        "source_confidence": "osm_as_mapped",
        "coordinate_space": "local_east_m, local_north_m",
        "aerialway": "pylon"
      }
    },
    {
      "type": "Feature",
      "geometry": {
        "type": "Point",
        "coordinates": [
          2488.4924769086065,
          2473.319138640072
        ]
      },
      "properties": {
        "id": "lifts:node:8868150906",
        "osm_type": "node",
        "osm_id": "8868150906",
        "name": null,
        "tags": {
          "aerialway": "pylon",
          "winter_sports_id": "773558919",
          "winter_sports_name": "\u767d\u99ac\u30b3\u30eb\u30c1\u30ca",
          "State": "Nagano",
          "Country": "Japan",
          "Ski Area": "\u767d\u99ac\u30b3\u30eb\u30c1\u30ca",
          "region": "asia/japan/chubu"
        },
        "source": "OpenStreetMap",
        "source_confidence": "osm_as_mapped",
        "coordinate_space": "local_east_m, local_north_m",
        "aerialway": "pylon"
      }
    },
    {
      "type": "Feature",
      "geometry": {
        "type": "Point",
        "coordinates": [
          2578.6166647137143,
          2416.3688022359274
        ]
      },
      "properties": {
        "id": "lifts:node:8868150907",
        "osm_type": "node",
        "osm_id": "8868150907",
        "name": null,
        "tags": {
          "aerialway": "pylon",
          "winter_sports_id": "773558919",
          "winter_sports_name": "\u767d\u99ac\u30b3\u30eb\u30c1\u30ca",
          "State": "Nagano",
          "Country": "Japan",
          "Ski Area": "\u767d\u99ac\u30b3\u30eb\u30c1\u30ca",
          "region": "asia/japan/chubu"
        },
        "source": "OpenStreetMap",
        "source_confidence": "osm_as_mapped",
        "coordinate_space": "local_east_m, local_north_m",
        "aerialway": "pylon"
      }
    },
    {
      "type": "Feature",
      "geometry": {
        "type": "Point",
        "coordinates": [
          2592.807512889849,
          2407.388982792385
        ]
      },
      "properties": {
        "id": "lifts:node:8868150908",
        "osm_type": "node",
        "osm_id": "8868150908",
        "name": null,
        "tags": {
          "aerialway": "pylon",
          "winter_sports_id": "773558919",
          "winter_sports_name": "\u767d\u99ac\u30b3\u30eb\u30c1\u30ca",
          "State": "Nagano",
          "Country": "Japan",
          "Ski Area": "\u767d\u99ac\u30b3\u30eb\u30c1\u30ca",
          "region": "asia/japan/chubu"
        },
        "source": "OpenStreetMap",
        "source_confidence": "osm_as_mapped",
        "coordinate_space": "local_east_m, local_north_m",
        "aerialway": "pylon"
      }
    },
    {
      "type": "Feature",
      "geometry": {
        "type": "Point",
        "coordinates": [
          2647.01924393652,
          2373.1367742856964
        ]
      },
      "properties": {
        "id": "lifts:node:8868150909",
        "osm_type": "node",
        "osm_id": "8868150909",
        "name": null,
        "tags": {
          "aerialway": "pylon",
          "winter_sports_id": "773558919",
          "winter_sports_name": "\u767d\u99ac\u30b3\u30eb\u30c1\u30ca",
          "State": "Nagano",
          "Country": "Japan",
          "Ski Area": "\u767d\u99ac\u30b3\u30eb\u30c1\u30ca",
          "region": "asia/japan/chubu"
        },
        "source": "OpenStreetMap",
        "source_confidence": "osm_as_mapped",
        "coordinate_space": "local_east_m, local_north_m",
        "aerialway": "pylon"
      }
    },
    {
      "type": "Feature",
      "geometry": {
        "type": "Point",
        "coordinates": [
          2709.237874787883,
          2333.8172120801173
        ]
      },
      "properties": {
        "id": "lifts:node:8868150910",
        "osm_type": "node",
        "osm_id": "8868150910",
        "name": null,
        "tags": {
          "aerialway": "pylon",
          "winter_sports_id": "773558919",
          "winter_sports_name": "\u767d\u99ac\u30b3\u30eb\u30c1\u30ca",
          "State": "Nagano",
          "Country": "Japan",
          "Ski Area": "\u767d\u99ac\u30b3\u30eb\u30c1\u30ca",
          "region": "asia/japan/chubu"
        },
        "source": "OpenStreetMap",
        "source_confidence": "osm_as_mapped",
        "coordinate_space": "local_east_m, local_north_m",
        "aerialway": "pylon"
      }
    },
    {
      "type": "Feature",
      "geometry": {
        "type": "Point",
        "coordinates": [
          2739.2772786209825,
          2314.8306062100455
        ]
      },
      "properties": {
        "id": "lifts:node:8868150911",
        "osm_type": "node",
        "osm_id": "8868150911",
        "name": null,
        "tags": {
          "aerialway": "pylon",
          "winter_sports_id": "773558919",
          "winter_sports_name": "\u767d\u99ac\u30b3\u30eb\u30c1\u30ca",
          "State": "Nagano",
          "Country": "Japan",
          "Ski Area": "\u767d\u99ac\u30b3\u30eb\u30c1\u30ca",
          "region": "asia/japan/chubu"
        },
        "source": "OpenStreetMap",
        "source_confidence": "osm_as_mapped",
        "coordinate_space": "local_east_m, local_north_m",
        "aerialway": "pylon"
      }
    },
    {
      "type": "Feature",
      "geometry": {
        "type": "Point",
        "coordinates": [
          2761.911502727773,
          2300.5300062349997
        ]
      },
      "properties": {
        "id": "lifts:node:8868150912",
        "osm_type": "node",
        "osm_id": "8868150912",
        "name": null,
        "tags": {
          "aerialway": "pylon",
          "winter_sports_id": "773558919",
          "winter_sports_name": "\u767d\u99ac\u30b3\u30eb\u30c1\u30ca",
          "State": "Nagano",
          "Country": "Japan",
          "Ski Area": "\u767d\u99ac\u30b3\u30eb\u30c1\u30ca",
          "region": "asia/japan/chubu"
        },
        "source": "OpenStreetMap",
        "source_confidence": "osm_as_mapped",
        "coordinate_space": "local_east_m, local_north_m",
        "aerialway": "pylon"
      }
    },
    {
      "type": "Feature",
      "geometry": {
        "type": "Point",
        "coordinates": [
          2829.322891726042,
          2257.9358090511523
        ]
      },
      "properties": {
        "id": "lifts:node:8868150913",
        "osm_type": "node",
        "osm_id": "8868150913",
        "name": null,
        "tags": {
          "aerialway": "pylon",
          "winter_sports_id": "773558919",
          "winter_sports_name": "\u767d\u99ac\u30b3\u30eb\u30c1\u30ca",
          "State": "Nagano",
          "Country": "Japan",
          "Ski Area": "\u767d\u99ac\u30b3\u30eb\u30c1\u30ca",
          "region": "asia/japan/chubu"
        },
        "source": "OpenStreetMap",
        "source_confidence": "osm_as_mapped",
        "coordinate_space": "local_east_m, local_north_m",
        "aerialway": "pylon"
      }
    },
    {
      "type": "Feature",
      "geometry": {
        "type": "Point",
        "coordinates": [
          2900.569822693011,
          2212.9143420038745
        ]
      },
      "properties": {
        "id": "lifts:node:8868150914",
        "osm_type": "node",
        "osm_id": "8868150914",
        "name": null,
        "tags": {
          "aerialway": "pylon",
          "winter_sports_id": "773558919",
          "winter_sports_name": "\u767d\u99ac\u30b3\u30eb\u30c1\u30ca",
          "State": "Nagano",
          "Country": "Japan",
          "Ski Area": "\u767d\u99ac\u30b3\u30eb\u30c1\u30ca",
          "region": "asia/japan/chubu"
        },
        "source": "OpenStreetMap",
        "source_confidence": "osm_as_mapped",
        "coordinate_space": "local_east_m, local_north_m",
        "aerialway": "pylon"
      }
    },
    {
      "type": "Feature",
      "geometry": {
        "type": "Point",
        "coordinates": [
          2971.234821630991,
          2168.2534792334773
        ]
      },
      "properties": {
        "id": "lifts:node:8868150915",
        "osm_type": "node",
        "osm_id": "8868150915",
        "name": null,
        "tags": {
          "aerialway": "pylon",
          "winter_sports_id": "773558919",
          "winter_sports_name": "\u767d\u99ac\u30b3\u30eb\u30c1\u30ca",
          "State": "Nagano",
          "Country": "Japan",
          "Ski Area": "\u767d\u99ac\u30b3\u30eb\u30c1\u30ca",
          "region": "asia/japan/chubu"
        },
        "source": "OpenStreetMap",
        "source_confidence": "osm_as_mapped",
        "coordinate_space": "local_east_m, local_north_m",
        "aerialway": "pylon"
      }
    },
    {
      "type": "Feature",
      "geometry": {
        "type": "Point",
        "coordinates": [
          3013.325825269334,
          2141.6678331024013
        ]
      },
      "properties": {
        "id": "lifts:node:8868150916",
        "osm_type": "node",
        "osm_id": "8868150916",
        "name": null,
        "tags": {
          "aerialway": "pylon",
          "winter_sports_id": "773558919",
          "winter_sports_name": "\u767d\u99ac\u30b3\u30eb\u30c1\u30ca",
          "State": "Nagano",
          "Country": "Japan",
          "Ski Area": "\u767d\u99ac\u30b3\u30eb\u30c1\u30ca",
          "region": "asia/japan/chubu"
        },
        "source": "OpenStreetMap",
        "source_confidence": "osm_as_mapped",
        "coordinate_space": "local_east_m, local_north_m",
        "aerialway": "pylon"
      }
    },
    {
      "type": "Feature",
      "geometry": {
        "type": "Point",
        "coordinates": [
          2986.6760826529935,
          2117.29405810358
        ]
      },
      "properties": {
        "id": "lifts:node:8868174617",
        "osm_type": "node",
        "osm_id": "8868174617",
        "name": null,
        "tags": {
          "aerialway": "pylon",
          "winter_sports_id": "773558919",
          "winter_sports_name": "\u767d\u99ac\u30b3\u30eb\u30c1\u30ca",
          "State": "Nagano",
          "Country": "Japan",
          "Ski Area": "\u767d\u99ac\u30b3\u30eb\u30c1\u30ca",
          "region": "asia/japan/chubu"
        },
        "source": "OpenStreetMap",
        "source_confidence": "osm_as_mapped",
        "coordinate_space": "local_east_m, local_north_m",
        "aerialway": "pylon"
      }
    },
    {
      "type": "Feature",
      "geometry": {
        "type": "Point",
        "coordinates": [
          3010.1394200682407,
          2116.403059997596
        ]
      },
      "properties": {
        "id": "lifts:node:8868174618",
        "osm_type": "node",
        "osm_id": "8868174618",
        "name": null,
        "tags": {
          "aerialway": "pylon",
          "winter_sports_id": "773558919",
          "winter_sports_name": "\u767d\u99ac\u30b3\u30eb\u30c1\u30ca",
          "State": "Nagano",
          "Country": "Japan",
          "Ski Area": "\u767d\u99ac\u30b3\u30eb\u30c1\u30ca",
          "region": "asia/japan/chubu"
        },
        "source": "OpenStreetMap",
        "source_confidence": "osm_as_mapped",
        "coordinate_space": "local_east_m, local_north_m",
        "aerialway": "pylon"
      }
    },
    {
      "type": "Feature",
      "geometry": {
        "type": "Point",
        "coordinates": [
          2922.0906970010838,
          2119.7761058527976
        ]
      },
      "properties": {
        "id": "lifts:node:8868174619",
        "osm_type": "node",
        "osm_id": "8868174619",
        "name": null,
        "tags": {
          "aerialway": "pylon",
          "winter_sports_id": "773558919",
          "winter_sports_name": "\u767d\u99ac\u30b3\u30eb\u30c1\u30ca",
          "State": "Nagano",
          "Country": "Japan",
          "Ski Area": "\u767d\u99ac\u30b3\u30eb\u30c1\u30ca",
          "region": "asia/japan/chubu"
        },
        "source": "OpenStreetMap",
        "source_confidence": "osm_as_mapped",
        "coordinate_space": "local_east_m, local_north_m",
        "aerialway": "pylon"
      }
    },
    {
      "type": "Feature",
      "geometry": {
        "type": "Point",
        "coordinates": [
          2878.885036468506,
          2121.4265845241025
        ]
      },
      "properties": {
        "id": "lifts:node:8868174620",
        "osm_type": "node",
        "osm_id": "8868174620",
        "name": null,
        "tags": {
          "aerialway": "pylon",
          "winter_sports_id": "773558919",
          "winter_sports_name": "\u767d\u99ac\u30b3\u30eb\u30c1\u30ca",
          "State": "Nagano",
          "Country": "Japan",
          "Ski Area": "\u767d\u99ac\u30b3\u30eb\u30c1\u30ca",
          "region": "asia/japan/chubu"
        },
        "source": "OpenStreetMap",
        "source_confidence": "osm_as_mapped",
        "coordinate_space": "local_east_m, local_north_m",
        "aerialway": "pylon"
      }
    },
    {
      "type": "Feature",
      "geometry": {
        "type": "Point",
        "coordinates": [
          2799.799613710493,
          2124.460496682208
        ]
      },
      "properties": {
        "id": "lifts:node:8868174621",
        "osm_type": "node",
        "osm_id": "8868174621",
        "name": null,
        "tags": {
          "aerialway": "pylon",
          "winter_sports_id": "773558919",
          "winter_sports_name": "\u767d\u99ac\u30b3\u30eb\u30c1\u30ca",
          "State": "Nagano",
          "Country": "Japan",
          "Ski Area": "\u767d\u99ac\u30b3\u30eb\u30c1\u30ca",
          "region": "asia/japan/chubu"
        },
        "source": "OpenStreetMap",
        "source_confidence": "osm_as_mapped",
        "coordinate_space": "local_east_m, local_north_m",
        "aerialway": "pylon"
      }
    },
    {
      "type": "Feature",
      "geometry": {
        "type": "Point",
        "coordinates": [
          2725.2674258665647,
          2127.321465131361
        ]
      },
      "properties": {
        "id": "lifts:node:8868174622",
        "osm_type": "node",
        "osm_id": "8868174622",
        "name": null,
        "tags": {
          "aerialway": "pylon",
          "winter_sports_id": "773558919",
          "winter_sports_name": "\u767d\u99ac\u30b3\u30eb\u30c1\u30ca",
          "State": "Nagano",
          "Country": "Japan",
          "Ski Area": "\u767d\u99ac\u30b3\u30eb\u30c1\u30ca",
          "region": "asia/japan/chubu"
        },
        "source": "OpenStreetMap",
        "source_confidence": "osm_as_mapped",
        "coordinate_space": "local_east_m, local_north_m",
        "aerialway": "pylon"
      }
    },
    {
      "type": "Feature",
      "geometry": {
        "type": "Point",
        "coordinates": [
          2656.093539071968,
          2129.9781114775687
        ]
      },
      "properties": {
        "id": "lifts:node:8868174623",
        "osm_type": "node",
        "osm_id": "8868174623",
        "name": null,
        "tags": {
          "aerialway": "pylon",
          "winter_sports_id": "773558919",
          "winter_sports_name": "\u767d\u99ac\u30b3\u30eb\u30c1\u30ca",
          "State": "Nagano",
          "Country": "Japan",
          "Ski Area": "\u767d\u99ac\u30b3\u30eb\u30c1\u30ca",
          "region": "asia/japan/chubu"
        },
        "source": "OpenStreetMap",
        "source_confidence": "osm_as_mapped",
        "coordinate_space": "local_east_m, local_north_m",
        "aerialway": "pylon"
      }
    },
    {
      "type": "Feature",
      "geometry": {
        "type": "Point",
        "coordinates": [
          2583.50301603158,
          2132.7544609252363
        ]
      },
      "properties": {
        "id": "lifts:node:8868174624",
        "osm_type": "node",
        "osm_id": "8868174624",
        "name": null,
        "tags": {
          "aerialway": "pylon",
          "winter_sports_id": "773558919",
          "winter_sports_name": "\u767d\u99ac\u30b3\u30eb\u30c1\u30ca",
          "State": "Nagano",
          "Country": "Japan",
          "Ski Area": "\u767d\u99ac\u30b3\u30eb\u30c1\u30ca",
          "region": "asia/japan/chubu"
        },
        "source": "OpenStreetMap",
        "source_confidence": "osm_as_mapped",
        "coordinate_space": "local_east_m, local_north_m",
        "aerialway": "pylon"
      }
    },
    {
      "type": "Feature",
      "geometry": {
        "type": "Point",
        "coordinates": [
          2555.9337719420437,
          2133.811645754613
        ]
      },
      "properties": {
        "id": "lifts:node:8868174625",
        "osm_type": "node",
        "osm_id": "8868174625",
        "name": null,
        "tags": {
          "aerialway": "pylon",
          "winter_sports_id": "773558919",
          "winter_sports_name": "\u767d\u99ac\u30b3\u30eb\u30c1\u30ca",
          "State": "Nagano",
          "Country": "Japan",
          "Ski Area": "\u767d\u99ac\u30b3\u30eb\u30c1\u30ca",
          "region": "asia/japan/chubu"
        },
        "source": "OpenStreetMap",
        "source_confidence": "osm_as_mapped",
        "coordinate_space": "local_east_m, local_north_m",
        "aerialway": "pylon"
      }
    },
    {
      "type": "Feature",
      "geometry": {
        "type": "Point",
        "coordinates": [
          2571.086836289265,
          2036.3046867172234
        ]
      },
      "properties": {
        "id": "lifts:node:8868174627",
        "osm_type": "node",
        "osm_id": "8868174627",
        "name": null,
        "tags": {
          "aerialway": "pylon",
          "winter_sports_id": "773558919",
          "winter_sports_name": "\u767d\u99ac\u30b3\u30eb\u30c1\u30ca",
          "State": "Nagano",
          "Country": "Japan",
          "Ski Area": "\u767d\u99ac\u30b3\u30eb\u30c1\u30ca",
          "region": "asia/japan/chubu"
        },
        "source": "OpenStreetMap",
        "source_confidence": "osm_as_mapped",
        "coordinate_space": "local_east_m, local_north_m",
        "aerialway": "pylon"
      }
    },
    {
      "type": "Feature",
      "geometry": {
        "type": "Point",
        "coordinates": [
          2609.0539528193185,
          1954.4243554701097
        ]
      },
      "properties": {
        "id": "lifts:node:8868174628",
        "osm_type": "node",
        "osm_id": "8868174628",
        "name": null,
        "tags": {
          "aerialway": "pylon",
          "winter_sports_id": "773558919",
          "winter_sports_name": "\u767d\u99ac\u30b3\u30eb\u30c1\u30ca",
          "State": "Nagano",
          "Country": "Japan",
          "Ski Area": "\u767d\u99ac\u30b3\u30eb\u30c1\u30ca",
          "region": "asia/japan/chubu"
        },
        "source": "OpenStreetMap",
        "source_confidence": "osm_as_mapped",
        "coordinate_space": "local_east_m, local_north_m",
        "aerialway": "pylon"
      }
    },
    {
      "type": "Feature",
      "geometry": {
        "type": "Point",
        "coordinates": [
          2616.3360277765896,
          1938.7164444779046
        ]
      },
      "properties": {
        "id": "lifts:node:8868174629",
        "osm_type": "node",
        "osm_id": "8868174629",
        "name": null,
        "tags": {
          "aerialway": "pylon",
          "winter_sports_id": "773558919",
          "winter_sports_name": "\u767d\u99ac\u30b3\u30eb\u30c1\u30ca",
          "State": "Nagano",
          "Country": "Japan",
          "Ski Area": "\u767d\u99ac\u30b3\u30eb\u30c1\u30ca",
          "region": "asia/japan/chubu"
        },
        "source": "OpenStreetMap",
        "source_confidence": "osm_as_mapped",
        "coordinate_space": "local_east_m, local_north_m",
        "aerialway": "pylon"
      }
    },
    {
      "type": "Feature",
      "geometry": {
        "type": "Point",
        "coordinates": [
          2326.2079291690607,
          2681.783978612162
        ]
      },
      "properties": {
        "id": "lifts:node:8868174739",
        "osm_type": "node",
        "osm_id": "8868174739",
        "name": null,
        "tags": {
          "aerialway": "pylon",
          "winter_sports_id": "773558919",
          "winter_sports_name": "\u767d\u99ac\u30b3\u30eb\u30c1\u30ca",
          "State": "Nagano",
          "Country": "Japan",
          "Ski Area": "\u767d\u99ac\u30b3\u30eb\u30c1\u30ca",
          "region": "asia/japan/chubu"
        },
        "source": "OpenStreetMap",
        "source_confidence": "osm_as_mapped",
        "coordinate_space": "local_east_m, local_north_m",
        "aerialway": "pylon"
      }
    },
    {
      "type": "Feature",
      "geometry": {
        "type": "Point",
        "coordinates": [
          2326.0568552474724,
          2719.1322054164484
        ]
      },
      "properties": {
        "id": "lifts:node:8868174740",
        "osm_type": "node",
        "osm_id": "8868174740",
        "name": null,
        "tags": {
          "aerialway": "pylon",
          "winter_sports_id": "773558919",
          "winter_sports_name": "\u767d\u99ac\u30b3\u30eb\u30c1\u30ca",
          "State": "Nagano",
          "Country": "Japan",
          "Ski Area": "\u767d\u99ac\u30b3\u30eb\u30c1\u30ca",
          "region": "asia/japan/chubu"
        },
        "source": "OpenStreetMap",
        "source_confidence": "osm_as_mapped",
        "coordinate_space": "local_east_m, local_north_m",
        "aerialway": "pylon"
      }
    },
    {
      "type": "Feature",
      "geometry": {
        "type": "Point",
        "coordinates": [
          2325.8397571223322,
          2775.2825669860467
        ]
      },
      "properties": {
        "id": "lifts:node:8868174741",
        "osm_type": "node",
        "osm_id": "8868174741",
        "name": null,
        "tags": {
          "aerialway": "pylon",
          "winter_sports_id": "773558919",
          "winter_sports_name": "\u767d\u99ac\u30b3\u30eb\u30c1\u30ca",
          "State": "Nagano",
          "Country": "Japan",
          "Ski Area": "\u767d\u99ac\u30b3\u30eb\u30c1\u30ca",
          "region": "asia/japan/chubu"
        },
        "source": "OpenStreetMap",
        "source_confidence": "osm_as_mapped",
        "coordinate_space": "local_east_m, local_north_m",
        "aerialway": "pylon"
      }
    },
    {
      "type": "Feature",
      "geometry": {
        "type": "Point",
        "coordinates": [
          2325.619200349669,
          2829.7667823228985
        ]
      },
      "properties": {
        "id": "lifts:node:8868174742",
        "osm_type": "node",
        "osm_id": "8868174742",
        "name": null,
        "tags": {
          "aerialway": "pylon",
          "winter_sports_id": "773558919",
          "winter_sports_name": "\u767d\u99ac\u30b3\u30eb\u30c1\u30ca",
          "State": "Nagano",
          "Country": "Japan",
          "Ski Area": "\u767d\u99ac\u30b3\u30eb\u30c1\u30ca",
          "region": "asia/japan/chubu"
        },
        "source": "OpenStreetMap",
        "source_confidence": "osm_as_mapped",
        "coordinate_space": "local_east_m, local_north_m",
        "aerialway": "pylon"
      }
    },
    {
      "type": "Feature",
      "geometry": {
        "type": "Point",
        "coordinates": [
          2325.574772005435,
          2842.2163727921434
        ]
      },
      "properties": {
        "id": "lifts:node:8868174743",
        "osm_type": "node",
        "osm_id": "8868174743",
        "name": null,
        "tags": {
          "aerialway": "pylon",
          "winter_sports_id": "773558919",
          "winter_sports_name": "\u767d\u99ac\u30b3\u30eb\u30c1\u30ca",
          "State": "Nagano",
          "Country": "Japan",
          "Ski Area": "\u767d\u99ac\u30b3\u30eb\u30c1\u30ca",
          "region": "asia/japan/chubu"
        },
        "source": "OpenStreetMap",
        "source_confidence": "osm_as_mapped",
        "coordinate_space": "local_east_m, local_north_m",
        "aerialway": "pylon"
      }
    },
    {
      "type": "Feature",
      "geometry": {
        "type": "Point",
        "coordinates": [
          2325.3177770401817,
          2906.8068532012403
        ]
      },
      "properties": {
        "id": "lifts:node:8868174744",
        "osm_type": "node",
        "osm_id": "8868174744",
        "name": null,
        "tags": {
          "aerialway": "pylon",
          "winter_sports_id": "773558919",
          "winter_sports_name": "\u767d\u99ac\u30b3\u30eb\u30c1\u30ca",
          "State": "Nagano",
          "Country": "Japan",
          "Ski Area": "\u767d\u99ac\u30b3\u30eb\u30c1\u30ca",
          "region": "asia/japan/chubu"
        },
        "source": "OpenStreetMap",
        "source_confidence": "osm_as_mapped",
        "coordinate_space": "local_east_m, local_north_m",
        "aerialway": "pylon"
      }
    },
    {
      "type": "Feature",
      "geometry": {
        "type": "Point",
        "coordinates": [
          2325.1292958478443,
          2953.994757316541
        ]
      },
      "properties": {
        "id": "lifts:node:8868174745",
        "osm_type": "node",
        "osm_id": "8868174745",
        "name": null,
        "tags": {
          "aerialway": "pylon",
          "winter_sports_id": "773558919",
          "winter_sports_name": "\u767d\u99ac\u30b3\u30eb\u30c1\u30ca",
          "State": "Nagano",
          "Country": "Japan",
          "Ski Area": "\u767d\u99ac\u30b3\u30eb\u30c1\u30ca",
          "region": "asia/japan/chubu"
        },
        "source": "OpenStreetMap",
        "source_confidence": "osm_as_mapped",
        "coordinate_space": "local_east_m, local_north_m",
        "aerialway": "pylon"
      }
    },
    {
      "type": "Feature",
      "geometry": {
        "type": "Point",
        "coordinates": [
          2324.9929907707265,
          2987.2893964978866
        ]
      },
      "properties": {
        "id": "lifts:node:8868174746",
        "osm_type": "node",
        "osm_id": "8868174746",
        "name": null,
        "tags": {
          "aerialway": "pylon",
          "winter_sports_id": "773558919",
          "winter_sports_name": "\u767d\u99ac\u30b3\u30eb\u30c1\u30ca",
          "State": "Nagano",
          "Country": "Japan",
          "Ski Area": "\u767d\u99ac\u30b3\u30eb\u30c1\u30ca",
          "region": "asia/japan/chubu"
        },
        "source": "OpenStreetMap",
        "source_confidence": "osm_as_mapped",
        "coordinate_space": "local_east_m, local_north_m",
        "aerialway": "pylon"
      }
    },
    {
      "type": "Feature",
      "geometry": {
        "type": "Point",
        "coordinates": [
          2323.3133051510667,
          3032.0777069511823
        ]
      },
      "properties": {
        "id": "lifts:node:8868174747",
        "osm_type": "node",
        "osm_id": "8868174747",
        "name": null,
        "tags": {
          "aerialway": "pylon",
          "winter_sports_id": "773558919",
          "winter_sports_name": "\u767d\u99ac\u30b3\u30eb\u30c1\u30ca",
          "State": "Nagano",
          "Country": "Japan",
          "Ski Area": "\u767d\u99ac\u30b3\u30eb\u30c1\u30ca",
          "region": "asia/japan/chubu"
        },
        "source": "OpenStreetMap",
        "source_confidence": "osm_as_mapped",
        "coordinate_space": "local_east_m, local_north_m",
        "aerialway": "pylon"
      }
    },
    {
      "type": "Feature",
      "geometry": {
        "type": "Point",
        "coordinates": [
          2320.4234639697243,
          3123.2678853706457
        ]
      },
      "properties": {
        "id": "lifts:node:8868174748",
        "osm_type": "node",
        "osm_id": "8868174748",
        "name": null,
        "tags": {
          "aerialway": "pylon",
          "winter_sports_id": "773558919",
          "winter_sports_name": "\u767d\u99ac\u30b3\u30eb\u30c1\u30ca",
          "State": "Nagano",
          "Country": "Japan",
          "Ski Area": "\u767d\u99ac\u30b3\u30eb\u30c1\u30ca",
          "region": "asia/japan/chubu"
        },
        "source": "OpenStreetMap",
        "source_confidence": "osm_as_mapped",
        "coordinate_space": "local_east_m, local_north_m",
        "aerialway": "pylon"
      }
    },
    {
      "type": "Feature",
      "geometry": {
        "type": "Point",
        "coordinates": [
          2318.122232556925,
          3191.950829518959
        ]
      },
      "properties": {
        "id": "lifts:node:8868174749",
        "osm_type": "node",
        "osm_id": "8868174749",
        "name": null,
        "tags": {
          "aerialway": "pylon",
          "winter_sports_id": "773558919",
          "winter_sports_name": "\u767d\u99ac\u30b3\u30eb\u30c1\u30ca",
          "State": "Nagano",
          "Country": "Japan",
          "Ski Area": "\u767d\u99ac\u30b3\u30eb\u30c1\u30ca",
          "region": "asia/japan/chubu"
        },
        "source": "OpenStreetMap",
        "source_confidence": "osm_as_mapped",
        "coordinate_space": "local_east_m, local_north_m",
        "aerialway": "pylon"
      }
    },
    {
      "type": "Feature",
      "geometry": {
        "type": "Point",
        "coordinates": [
          2990.544239089475,
          2933.379159742035
        ]
      },
      "properties": {
        "id": "lifts:node:8868174750",
        "osm_type": "node",
        "osm_id": "8868174750",
        "name": null,
        "tags": {
          "aerialway": "pylon",
          "winter_sports_id": "773558919",
          "winter_sports_name": "\u767d\u99ac\u30b3\u30eb\u30c1\u30ca",
          "State": "Nagano",
          "Country": "Japan",
          "Ski Area": "\u767d\u99ac\u30b3\u30eb\u30c1\u30ca",
          "region": "asia/japan/chubu"
        },
        "source": "OpenStreetMap",
        "source_confidence": "osm_as_mapped",
        "coordinate_space": "local_east_m, local_north_m",
        "aerialway": "pylon"
      }
    },
    {
      "type": "Feature",
      "geometry": {
        "type": "Point",
        "coordinates": [
          2997.78531373071,
          2891.2244122326374
        ]
      },
      "properties": {
        "id": "lifts:node:8868174751",
        "osm_type": "node",
        "osm_id": "8868174751",
        "name": null,
        "tags": {
          "aerialway": "pylon",
          "winter_sports_id": "773558919",
          "winter_sports_name": "\u767d\u99ac\u30b3\u30eb\u30c1\u30ca",
          "State": "Nagano",
          "Country": "Japan",
          "Ski Area": "\u767d\u99ac\u30b3\u30eb\u30c1\u30ca",
          "region": "asia/japan/chubu"
        },
        "source": "OpenStreetMap",
        "source_confidence": "osm_as_mapped",
        "coordinate_space": "local_east_m, local_north_m",
        "aerialway": "pylon"
      }
    },
    {
      "type": "Feature",
      "geometry": {
        "type": "Point",
        "coordinates": [
          3003.086165747023,
          2860.36248585023
        ]
      },
      "properties": {
        "id": "lifts:node:8868174752",
        "osm_type": "node",
        "osm_id": "8868174752",
        "name": null,
        "tags": {
          "aerialway": "pylon",
          "winter_sports_id": "773558919",
          "winter_sports_name": "\u767d\u99ac\u30b3\u30eb\u30c1\u30ca",
          "State": "Nagano",
          "Country": "Japan",
          "Ski Area": "\u767d\u99ac\u30b3\u30eb\u30c1\u30ca",
          "region": "asia/japan/chubu"
        },
        "source": "OpenStreetMap",
        "source_confidence": "osm_as_mapped",
        "coordinate_space": "local_east_m, local_north_m",
        "aerialway": "pylon"
      }
    },
    {
      "type": "Feature",
      "geometry": {
        "type": "Point",
        "coordinates": [
          3015.2285953972023,
          2789.6329177343287
        ]
      },
      "properties": {
        "id": "lifts:node:8868174753",
        "osm_type": "node",
        "osm_id": "8868174753",
        "name": null,
        "tags": {
          "aerialway": "pylon",
          "winter_sports_id": "773558919",
          "winter_sports_name": "\u767d\u99ac\u30b3\u30eb\u30c1\u30ca",
          "State": "Nagano",
          "Country": "Japan",
          "Ski Area": "\u767d\u99ac\u30b3\u30eb\u30c1\u30ca",
          "region": "asia/japan/chubu"
        },
        "source": "OpenStreetMap",
        "source_confidence": "osm_as_mapped",
        "coordinate_space": "local_east_m, local_north_m",
        "aerialway": "pylon"
      }
    },
    {
      "type": "Feature",
      "geometry": {
        "type": "Point",
        "coordinates": [
          3022.3180555016734,
          2748.3621672648005
        ]
      },
      "properties": {
        "id": "lifts:node:8868174754",
        "osm_type": "node",
        "osm_id": "8868174754",
        "name": null,
        "tags": {
          "aerialway": "pylon",
          "winter_sports_id": "773558919",
          "winter_sports_name": "\u767d\u99ac\u30b3\u30eb\u30c1\u30ca",
          "State": "Nagano",
          "Country": "Japan",
          "Ski Area": "\u767d\u99ac\u30b3\u30eb\u30c1\u30ca",
          "region": "asia/japan/chubu"
        },
        "source": "OpenStreetMap",
        "source_confidence": "osm_as_mapped",
        "coordinate_space": "local_east_m, local_north_m",
        "aerialway": "pylon"
      }
    },
    {
      "type": "Feature",
      "geometry": {
        "type": "Point",
        "coordinates": [
          3028.3679887927137,
          2713.113370841369
        ]
      },
      "properties": {
        "id": "lifts:node:8868174755",
        "osm_type": "node",
        "osm_id": "8868174755",
        "name": null,
        "tags": {
          "aerialway": "pylon",
          "winter_sports_id": "773558919",
          "winter_sports_name": "\u767d\u99ac\u30b3\u30eb\u30c1\u30ca",
          "State": "Nagano",
          "Country": "Japan",
          "Ski Area": "\u767d\u99ac\u30b3\u30eb\u30c1\u30ca",
          "region": "asia/japan/chubu"
        },
        "source": "OpenStreetMap",
        "source_confidence": "osm_as_mapped",
        "coordinate_space": "local_east_m, local_north_m",
        "aerialway": "pylon"
      }
    },
    {
      "type": "Feature",
      "geometry": {
        "type": "Point",
        "coordinates": [
          3041.5714877304854,
          2636.2514523216523
        ]
      },
      "properties": {
        "id": "lifts:node:8868174756",
        "osm_type": "node",
        "osm_id": "8868174756",
        "name": null,
        "tags": {
          "aerialway": "pylon",
          "winter_sports_id": "773558919",
          "winter_sports_name": "\u767d\u99ac\u30b3\u30eb\u30c1\u30ca",
          "State": "Nagano",
          "Country": "Japan",
          "Ski Area": "\u767d\u99ac\u30b3\u30eb\u30c1\u30ca",
          "region": "asia/japan/chubu"
        },
        "source": "OpenStreetMap",
        "source_confidence": "osm_as_mapped",
        "coordinate_space": "local_east_m, local_north_m",
        "aerialway": "pylon"
      }
    },
    {
      "type": "Feature",
      "geometry": {
        "type": "Point",
        "coordinates": [
          3051.719971488812,
          2577.124100753106
        ]
      },
      "properties": {
        "id": "lifts:node:8868174757",
        "osm_type": "node",
        "osm_id": "8868174757",
        "name": null,
        "tags": {
          "aerialway": "pylon",
          "winter_sports_id": "773558919",
          "winter_sports_name": "\u767d\u99ac\u30b3\u30eb\u30c1\u30ca",
          "State": "Nagano",
          "Country": "Japan",
          "Ski Area": "\u767d\u99ac\u30b3\u30eb\u30c1\u30ca",
          "region": "asia/japan/chubu"
        },
        "source": "OpenStreetMap",
        "source_confidence": "osm_as_mapped",
        "coordinate_space": "local_east_m, local_north_m",
        "aerialway": "pylon"
      }
    },
    {
      "type": "Feature",
      "geometry": {
        "type": "Point",
        "coordinates": [
          3058.907434554887,
          2535.278759828303
        ]
      },
      "properties": {
        "id": "lifts:node:8868174758",
        "osm_type": "node",
        "osm_id": "8868174758",
        "name": null,
        "tags": {
          "aerialway": "pylon",
          "winter_sports_id": "773558919",
          "winter_sports_name": "\u767d\u99ac\u30b3\u30eb\u30c1\u30ca",
          "State": "Nagano",
          "Country": "Japan",
          "Ski Area": "\u767d\u99ac\u30b3\u30eb\u30c1\u30ca",
          "region": "asia/japan/chubu"
        },
        "source": "OpenStreetMap",
        "source_confidence": "osm_as_mapped",
        "coordinate_space": "local_east_m, local_north_m",
        "aerialway": "pylon"
      }
    },
    {
      "type": "Feature",
      "geometry": {
        "type": "Point",
        "coordinates": [
          3067.602184449788,
          2484.648837777786
        ]
      },
      "properties": {
        "id": "lifts:node:8868174759",
        "osm_type": "node",
        "osm_id": "8868174759",
        "name": null,
        "tags": {
          "aerialway": "pylon",
          "winter_sports_id": "773558919",
          "winter_sports_name": "\u767d\u99ac\u30b3\u30eb\u30c1\u30ca",
          "State": "Nagano",
          "Country": "Japan",
          "Ski Area": "\u767d\u99ac\u30b3\u30eb\u30c1\u30ca",
          "region": "asia/japan/chubu"
        },
        "source": "OpenStreetMap",
        "source_confidence": "osm_as_mapped",
        "coordinate_space": "local_east_m, local_north_m",
        "aerialway": "pylon"
      }
    },
    {
      "type": "Feature",
      "geometry": {
        "type": "Point",
        "coordinates": [
          3075.365421222057,
          2439.4221355812624
        ]
      },
      "properties": {
        "id": "lifts:node:8868174760",
        "osm_type": "node",
        "osm_id": "8868174760",
        "name": null,
        "tags": {
          "aerialway": "pylon",
          "winter_sports_id": "773558919",
          "winter_sports_name": "\u767d\u99ac\u30b3\u30eb\u30c1\u30ca",
          "State": "Nagano",
          "Country": "Japan",
          "Ski Area": "\u767d\u99ac\u30b3\u30eb\u30c1\u30ca",
          "region": "asia/japan/chubu"
        },
        "source": "OpenStreetMap",
        "source_confidence": "osm_as_mapped",
        "coordinate_space": "local_east_m, local_north_m",
        "aerialway": "pylon"
      }
    },
    {
      "type": "Feature",
      "geometry": {
        "type": "Point",
        "coordinates": [
          3080.6563820901792,
          2408.6043648780324
        ]
      },
      "properties": {
        "id": "lifts:node:8868174761",
        "osm_type": "node",
        "osm_id": "8868174761",
        "name": null,
        "tags": {
          "aerialway": "pylon",
          "winter_sports_id": "773558919",
          "winter_sports_name": "\u767d\u99ac\u30b3\u30eb\u30c1\u30ca",
          "State": "Nagano",
          "Country": "Japan",
          "Ski Area": "\u767d\u99ac\u30b3\u30eb\u30c1\u30ca",
          "region": "asia/japan/chubu"
        },
        "source": "OpenStreetMap",
        "source_confidence": "osm_as_mapped",
        "coordinate_space": "local_east_m, local_north_m",
        "aerialway": "pylon"
      }
    },
    {
      "type": "Feature",
      "geometry": {
        "type": "Point",
        "coordinates": [
          3090.793620540877,
          2349.5655553760007
        ]
      },
      "properties": {
        "id": "lifts:node:8868174762",
        "osm_type": "node",
        "osm_id": "8868174762",
        "name": null,
        "tags": {
          "aerialway": "pylon",
          "winter_sports_id": "773558919",
          "winter_sports_name": "\u767d\u99ac\u30b3\u30eb\u30c1\u30ca",
          "State": "Nagano",
          "Country": "Japan",
          "Ski Area": "\u767d\u99ac\u30b3\u30eb\u30c1\u30ca",
          "region": "asia/japan/chubu"
        },
        "source": "OpenStreetMap",
        "source_confidence": "osm_as_mapped",
        "coordinate_space": "local_east_m, local_north_m",
        "aerialway": "pylon"
      }
    },
    {
      "type": "Feature",
      "geometry": {
        "type": "Point",
        "coordinates": [
          3103.001645838842,
          2278.4715036493726
        ]
      },
      "properties": {
        "id": "lifts:node:8868174763",
        "osm_type": "node",
        "osm_id": "8868174763",
        "name": null,
        "tags": {
          "aerialway": "pylon",
          "winter_sports_id": "773558919",
          "winter_sports_name": "\u767d\u99ac\u30b3\u30eb\u30c1\u30ca",
          "State": "Nagano",
          "Country": "Japan",
          "Ski Area": "\u767d\u99ac\u30b3\u30eb\u30c1\u30ca",
          "region": "asia/japan/chubu"
        },
        "source": "OpenStreetMap",
        "source_confidence": "osm_as_mapped",
        "coordinate_space": "local_east_m, local_north_m",
        "aerialway": "pylon"
      }
    },
    {
      "type": "Feature",
      "geometry": {
        "type": "Point",
        "coordinates": [
          3232.8016857606126,
          2038.8596760532819
        ]
      },
      "properties": {
        "id": "lifts:node:8868174764",
        "osm_type": "node",
        "osm_id": "8868174764",
        "name": null,
        "tags": {
          "aerialway": "pylon",
          "winter_sports_id": "773558919",
          "winter_sports_name": "\u767d\u99ac\u30b3\u30eb\u30c1\u30ca",
          "State": "Nagano",
          "Country": "Japan",
          "Ski Area": "\u767d\u99ac\u30b3\u30eb\u30c1\u30ca",
          "region": "asia/japan/chubu"
        },
        "source": "OpenStreetMap",
        "source_confidence": "osm_as_mapped",
        "coordinate_space": "local_east_m, local_north_m",
        "aerialway": "pylon"
      }
    },
    {
      "type": "Feature",
      "geometry": {
        "type": "Point",
        "coordinates": [
          3329.4219311005436,
          1995.2413520803675
        ]
      },
      "properties": {
        "id": "lifts:node:8868174765",
        "osm_type": "node",
        "osm_id": "8868174765",
        "name": null,
        "tags": {
          "aerialway": "pylon",
          "winter_sports_id": "773558919",
          "winter_sports_name": "\u767d\u99ac\u30b3\u30eb\u30c1\u30ca",
          "State": "Nagano",
          "Country": "Japan",
          "Ski Area": "\u767d\u99ac\u30b3\u30eb\u30c1\u30ca",
          "region": "asia/japan/chubu"
        },
        "source": "OpenStreetMap",
        "source_confidence": "osm_as_mapped",
        "coordinate_space": "local_east_m, local_north_m",
        "aerialway": "pylon"
      }
    },
    {
      "type": "Feature",
      "geometry": {
        "type": "Point",
        "coordinates": [
          3424.9290949725546,
          1952.1235181400552
        ]
      },
      "properties": {
        "id": "lifts:node:8868174766",
        "osm_type": "node",
        "osm_id": "8868174766",
        "name": null,
        "tags": {
          "aerialway": "pylon",
          "winter_sports_id": "773558919",
          "winter_sports_name": "\u767d\u99ac\u30b3\u30eb\u30c1\u30ca",
          "State": "Nagano",
          "Country": "Japan",
          "Ski Area": "\u767d\u99ac\u30b3\u30eb\u30c1\u30ca",
          "region": "asia/japan/chubu"
        },
        "source": "OpenStreetMap",
        "source_confidence": "osm_as_mapped",
        "coordinate_space": "local_east_m, local_north_m",
        "aerialway": "pylon"
      }
    },
    {
      "type": "Feature",
      "geometry": {
        "type": "Point",
        "coordinates": [
          3490.099091751734,
          1922.6948065254837
        ]
      },
      "properties": {
        "id": "lifts:node:8868174767",
        "osm_type": "node",
        "osm_id": "8868174767",
        "name": null,
        "tags": {
          "aerialway": "pylon",
          "winter_sports_id": "773558919",
          "winter_sports_name": "\u767d\u99ac\u30b3\u30eb\u30c1\u30ca",
          "State": "Nagano",
          "Country": "Japan",
          "Ski Area": "\u767d\u99ac\u30b3\u30eb\u30c1\u30ca",
          "region": "asia/japan/chubu"
        },
        "source": "OpenStreetMap",
        "source_confidence": "osm_as_mapped",
        "coordinate_space": "local_east_m, local_north_m",
        "aerialway": "pylon"
      }
    },
    {
      "type": "Feature",
      "geometry": {
        "type": "Point",
        "coordinates": [
          3530.4024412126746,
          1904.498796554748
        ]
      },
      "properties": {
        "id": "lifts:node:8868174768",
        "osm_type": "node",
        "osm_id": "8868174768",
        "name": null,
        "tags": {
          "aerialway": "pylon",
          "winter_sports_id": "773558919",
          "winter_sports_name": "\u767d\u99ac\u30b3\u30eb\u30c1\u30ca",
          "State": "Nagano",
          "Country": "Japan",
          "Ski Area": "\u767d\u99ac\u30b3\u30eb\u30c1\u30ca",
          "region": "asia/japan/chubu"
        },
        "source": "OpenStreetMap",
        "source_confidence": "osm_as_mapped",
        "coordinate_space": "local_east_m, local_north_m",
        "aerialway": "pylon"
      }
    },
    {
      "type": "Feature",
      "geometry": {
        "type": "Point",
        "coordinates": [
          3585.6985984789208,
          1879.536999179516
        ]
      },
      "properties": {
        "id": "lifts:node:8868174769",
        "osm_type": "node",
        "osm_id": "8868174769",
        "name": null,
        "tags": {
          "aerialway": "pylon",
          "winter_sports_id": "773558919",
          "winter_sports_name": "\u767d\u99ac\u30b3\u30eb\u30c1\u30ca",
          "State": "Nagano",
          "Country": "Japan",
          "Ski Area": "\u767d\u99ac\u30b3\u30eb\u30c1\u30ca",
          "region": "asia/japan/chubu"
        },
        "source": "OpenStreetMap",
        "source_confidence": "osm_as_mapped",
        "coordinate_space": "local_east_m, local_north_m",
        "aerialway": "pylon"
      }
    },
    {
      "type": "Feature",
      "geometry": {
        "type": "LineString",
        "coordinates": [
          [
            3019.165362914093,
            2116.053598098457
          ],
          [
            3010.1394200682407,
            2116.403059997596
          ],
          [
            2986.6760826529935,
            2117.29405810358
          ],
          [
            2922.0906970010838,
            2119.7761058527976
          ],
          [
            2878.885036468506,
            2121.4265845241025
          ],
          [
            2799.799613708281,
            2124.460496682208
          ],
          [
            2725.2674258665647,
            2127.321465131361
          ],
          [
            2656.093539071968,
            2129.9781114775687
          ],
          [
            2583.50301603158,
            2132.7544609252363
          ],
          [
            2555.9337719420437,
            2133.811645754613
          ],
          [
            2539.6353755315067,
            2134.44222026458
          ]
        ]
      },
      "properties": {
        "id": "lifts:way:331661403",
        "osm_type": "way",
        "osm_id": "331661403",
        "name": "\u30b3\u30eb\u30c1\u30ca\u7b2c\uff11\u30da\u30a2\u30ea\u30d5\u30c8",
        "tags": {
          "name": "\u30b3\u30eb\u30c1\u30ca\u7b2c\uff11\u30da\u30a2\u30ea\u30d5\u30c8",
          "aerialway": "chair_lift",
          "z_order": "0",
          "aerialway:occupancy": "2",
          "name:en": "Cortina Number 1 Pair Lift",
          "ref": "1",
          "winter_sports_id": "773558919",
          "winter_sports_name": "\u767d\u99ac\u30b3\u30eb\u30c1\u30ca",
          "State": "Nagano",
          "Country": "Japan",
          "Ski Area": "\u767d\u99ac\u30b3\u30eb\u30c1\u30ca",
          "region": "asia/japan/chubu"
        },
        "source": "OpenStreetMap",
        "source_confidence": "osm_as_mapped",
        "coordinate_space": "local_east_m, local_north_m",
        "aerialway": "chair_lift"
      }
    },
    {
      "type": "Feature",
      "geometry": {
        "type": "LineString",
        "coordinates": [
          [
            2326.2646185366903,
            2667.1466857809573
          ],
          [
            2326.2079291690607,
            2681.783978612162
          ],
          [
            2326.0568552474724,
            2719.1322054164484
          ],
          [
            2325.8397571202368,
            2775.2825669860467
          ],
          [
            2325.6192003473407,
            2829.7667823228985
          ],
          [
            2325.5747720033396,
            2842.2163727921434
          ],
          [
            2325.3177770401817,
            2906.8068532012403
          ],
          [
            2325.1292958478443,
            2953.994757316541
          ],
          [
            2324.9929907707265,
            2987.2893964978866
          ],
          [
            2323.3133051510667,
            3032.0777069511823
          ],
          [
            2320.4234639697243,
            3123.2678853706457
          ],
          [
            2318.122232554597,
            3191.950829518959
          ],
          [
            2316.5861751310294,
            3233.1559201548807
          ]
        ]
      },
      "properties": {
        "id": "lifts:way:454962228",
        "osm_type": "way",
        "osm_id": "454962228",
        "name": "\u30b3\u30eb\u30c1\u30ca\u7b2c5\u30da\u30a2\u30ea\u30d5\u30c8",
        "tags": {
          "name": "\u30b3\u30eb\u30c1\u30ca\u7b2c5\u30da\u30a2\u30ea\u30d5\u30c8",
          "aerialway": "chair_lift",
          "z_order": "0",
          "aerialway:occupancy": "2",
          "name:en": "Cortina No.5 Pair Lift",
          "ref": "5",
          "winter_sports_id": "773558919",
          "winter_sports_name": "\u767d\u99ac\u30b3\u30eb\u30c1\u30ca",
          "State": "Nagano",
          "Country": "Japan",
          "Ski Area": "\u767d\u99ac\u30b3\u30eb\u30c1\u30ca",
          "region": "asia/japan/chubu"
        },
        "source": "OpenStreetMap",
        "source_confidence": "osm_as_mapped",
        "coordinate_space": "local_east_m, local_north_m",
        "aerialway": "chair_lift"
      }
    },
    {
      "type": "Feature",
      "geometry": {
        "type": "LineString",
        "coordinates": [
          [
            3113.116545100929,
            2219.587532581296
          ],
          [
            3103.0016458365135,
            2278.4715036493726
          ],
          [
            3090.793620538665,
            2349.5655553760007
          ],
          [
            3080.6563820901792,
            2408.6043648780324
          ],
          [
            3075.365421222057,
            2439.4221355812624
          ],
          [
            3067.6021844451316,
            2484.648837777786
          ],
          [
            3058.907434554887,
            2535.278759828303
          ],
          [
            3051.7199714866,
            2577.124100753106
          ],
          [
            3041.5714877304854,
            2636.2514523216523
          ],
          [
            3028.3679887927137,
            2713.113370841369
          ],
          [
            3022.3180555016734,
            2748.3621672648005
          ],
          [
            3015.2285953925457,
            2789.6329177343287
          ],
          [
            3003.086165744695,
            2860.36248585023
          ],
          [
            2997.7853137284983,
            2891.2244122326374
          ],
          [
            2990.544239089475,
            2933.379159742035
          ],
          [
            2982.5980275565526,
            2979.6555487615988
          ]
        ]
      },
      "properties": {
        "id": "lifts:way:454962229",
        "osm_type": "way",
        "osm_id": "454962229",
        "name": "\u30b3\u30eb\u30c1\u30ca\u7b2c3\u30af\u30ef\u30c3\u30c9\u30ea\u30d5\u30c8",
        "tags": {
          "name": "\u30b3\u30eb\u30c1\u30ca\u7b2c3\u30af\u30ef\u30c3\u30c9\u30ea\u30d5\u30c8",
          "aerialway": "chair_lift",
          "z_order": "0",
          "aerialway:occupancy": "4",
          "name:en": "Cortina Number 3 Quad Lift",
          "ref": "3",
          "winter_sports_id": "773558919",
          "winter_sports_name": "\u767d\u99ac\u30b3\u30eb\u30c1\u30ca",
          "State": "Nagano",
          "Country": "Japan",
          "Ski Area": "\u767d\u99ac\u30b3\u30eb\u30c1\u30ca",
          "region": "asia/japan/chubu"
        },
        "source": "OpenStreetMap",
        "source_confidence": "osm_as_mapped",
        "coordinate_space": "local_east_m, local_north_m",
        "aerialway": "chair_lift"
      }
    },
    {
      "type": "Feature",
      "geometry": {
        "type": "LineString",
        "coordinates": [
          [
            2085.8109890378546,
            2726.6828158213757
          ],
          [
            2076.3695948268287,
            2728.0980779328384
          ],
          [
            2036.4590260679834,
            2734.083436780609
          ],
          [
            1944.4500179479364,
            2747.898417404853
          ],
          [
            1825.9934059313964,
            2765.673029762227
          ],
          [
            1800.137578978436,
            2769.5496027003974
          ],
          [
            1754.7168759419583,
            2776.3702400936745
          ],
          [
            1530.756178222131,
            2809.993763192091
          ],
          [
            1489.7876467129681,
            2816.1386562618427
          ]
        ]
      },
      "properties": {
        "id": "lifts:way:454962230",
        "osm_type": "way",
        "osm_id": "454962230",
        "name": "\u30b3\u30eb\u30c1\u30ca\u7b2c4\u30da\u30a2\u30ea\u30d5\u30c8",
        "tags": {
          "name": "\u30b3\u30eb\u30c1\u30ca\u7b2c4\u30da\u30a2\u30ea\u30d5\u30c8",
          "aerialway": "chair_lift",
          "z_order": "0",
          "aerialway:occupancy": "2",
          "name:en": "Cortina Number 4 Pair Lift",
          "ref": "4",
          "winter_sports_id": "773558919",
          "winter_sports_name": "\u767d\u99ac\u30b3\u30eb\u30c1\u30ca",
          "State": "Nagano",
          "Country": "Japan",
          "Ski Area": "\u767d\u99ac\u30b3\u30eb\u30c1\u30ca",
          "region": "asia/japan/chubu"
        },
        "source": "OpenStreetMap",
        "source_confidence": "osm_as_mapped",
        "coordinate_space": "local_east_m, local_north_m",
        "aerialway": "chair_lift"
      }
    },
    {
      "type": "Feature",
      "geometry": {
        "type": "LineString",
        "coordinates": [
          [
            3030.113360140007,
            2131.056586676743
          ],
          [
            3013.3258252646774,
            2141.6678331024013
          ],
          [
            2971.234821630991,
            2168.2534792334773
          ],
          [
            2900.569822693011,
            2212.9143420038745
          ],
          [
            2829.322891726042,
            2257.9358090511523
          ],
          [
            2761.911502727773,
            2300.5300062349997
          ],
          [
            2739.2772786209825,
            2314.8306062100455
          ],
          [
            2709.237874787883,
            2333.8172120801173
          ],
          [
            2647.01924393652,
            2373.1367742856964
          ],
          [
            2592.807512889849,
            2407.388982792385
          ],
          [
            2578.616664711386,
            2416.3688022359274
          ],
          [
            2488.4924769063946,
            2473.319138640072
          ],
          [
            2456.6146368309855,
            2493.4618008406833
          ],
          [
            2402.17663683719,
            2527.863775180187
          ],
          [
            2371.501227189903,
            2547.2543519148603
          ],
          [
            2297.8375143843004,
            2593.8064025356434
          ],
          [
            2238.52805514005,
            2631.2947396077216
          ],
          [
            2215.1307959768455,
            2646.0734261604957
          ],
          [
            2165.8677567341365,
            2677.2116052792408
          ],
          [
            2150.3756674122997,
            2687.0081315813586
          ],
          [
            2124.6197528288467,
            2703.282129877247
          ]
        ]
      },
      "properties": {
        "id": "lifts:way:454962231",
        "osm_type": "way",
        "osm_id": "454962231",
        "name": "\u30b3\u30eb\u30c1\u30ca\u7b2c\uff12\u30af\u30ef\u30c3\u30c9\u30ea\u30d5\u30c8",
        "tags": {
          "name": "\u30b3\u30eb\u30c1\u30ca\u7b2c\uff12\u30af\u30ef\u30c3\u30c9\u30ea\u30d5\u30c8",
          "aerialway": "chair_lift",
          "z_order": "0",
          "aerialway:occupancy": "4",
          "name:en": "Cortina Number 2 Quad Lift",
          "ref": "2",
          "winter_sports_id": "773558919",
          "winter_sports_name": "\u767d\u99ac\u30b3\u30eb\u30c1\u30ca",
          "State": "Nagano",
          "Country": "Japan",
          "Ski Area": "\u767d\u99ac\u30b3\u30eb\u30c1\u30ca",
          "region": "asia/japan/chubu"
        },
        "source": "OpenStreetMap",
        "source_confidence": "osm_as_mapped",
        "coordinate_space": "local_east_m, local_north_m",
        "aerialway": "chair_lift"
      }
    }
  ]
}