{
  "type": "FeatureCollection",
  "coordinate_system": {
    "kind": "local_game_meters",
    "not_wgs84": true,
    "axes": {
      "geojson_x": "local_east_m",
      "geojson_y": "local_north_m"
    },
    "game_axes": {
      "x": "east_m",
      "y": "elevation_m",
      "z": "negative_north_m"
    },
    "local_origin": {
      "easting_m": 754656.9597849031,
      "northing_m": 4071830.496376684,
      "longitude": 137.8527326822244,
      "latitude": 36.75806982606003
    },
    "projected_crs": "EPSG:32653",
    "note": "This is not RFC 7946 WGS84 GeoJSON. Convert X,Y to game X,Z via game_axes."
  },
  "attribution": "\u00a9 OpenStreetMap contributors (ODbL)",
  "layer": "tree-points",
  "features": [
    {
      "type": "Feature",
      "geometry": {
        "type": "Point",
        "coordinates": [
          2401.4167778325423,
          3016.703239817906
        ]
      },
      "properties": {
        "elevation_m": 1226.4539794921875,
        "kind": "tree"
      }
    },
    {
      "type": "Feature",
      "geometry": {
        "type": "Point",
        "coordinates": [
          2451.484708907126,
          3026.9733645815904
        ]
      },
      "properties": {
        "elevation_m": 1239.06982421875,
        "kind": "tree"
      }
    },
    {
      "type": "Feature",
      "geometry": {
        "type": "Point",
        "coordinates": [
          2350.7600085713743,
          2760.1680963773265
        ]
      },
      "properties": {
        "elevation_m": 1086.0767822265625,
        "kind": "tree"
      }
    },
    {
      "type": "Feature",
      "geometry": {
        "type": "Point",
        "coordinates": [
          2349.6799962976766,
          3146.531627293382
        ]
      },
      "properties": {
        "elevation_m": 1309.4207763671875,
        "kind": "tree"
      }
    },
    {
      "type": "Feature",
      "geometry": {
        "type": "Point",
        "coordinates": [
          2364.5317802596724,
          2770.7693223515366
        ]
      },
      "properties": {
        "elevation_m": 1092.60400390625,
        "kind": "tree"
      }
    },
    {
      "type": "Feature",
      "geometry": {
        "type": "Point",
        "coordinates": [
          2367.218306324896,
          2784.016632594092
        ]
      },
      "properties": {
        "elevation_m": 1094.7529296875,
        "kind": "tree"
      }
    },
    {
      "type": "Feature",
      "geometry": {
        "type": "Point",
        "coordinates": [
          2457.4072874772105,
          3040.1334529117066
        ]
      },
      "properties": {
        "elevation_m": 1249.9610595703125,
        "kind": "tree"
      }
    },
    {
      "type": "Feature",
      "geometry": {
        "type": "Point",
        "coordinates": [
          2443.231886502519,
          2966.497057728773
        ]
      },
      "properties": {
        "elevation_m": 1208.5750732421875,
        "kind": "tree"
      }
    },
    {
      "type": "Feature",
      "geometry": {
        "type": "Point",
        "coordinates": [
          2351.669478867442,
          3122.8873517483953
        ]
      },
      "properties": {
        "elevation_m": 1287.2908935546875,
        "kind": "tree"
      }
    },
    {
      "type": "Feature",
      "geometry": {
        "type": "Point",
        "coordinates": [
          2444.075541433135,
          3075.7287118491927
        ]
      },
      "properties": {
        "elevation_m": 1269.2510986328125,
        "kind": "tree"
      }
    },
    {
      "type": "Feature",
      "geometry": {
        "type": "Point",
        "coordinates": [
          2416.3687602862715,
          2849.41319711271
        ]
      },
      "properties": {
        "elevation_m": 1136.40576171875,
        "kind": "tree"
      }
    },
    {
      "type": "Feature",
      "geometry": {
        "type": "Point",
        "coordinates": [
          2375.4638106490575,
          2893.9191778142613
        ]
      },
      "properties": {
        "elevation_m": 1145.2591552734375,
        "kind": "tree"
      }
    },
    {
      "type": "Feature",
      "geometry": {
        "type": "Point",
        "coordinates": [
          2408.3787664537767,
          2949.349675008167
        ]
      },
      "properties": {
        "elevation_m": 1187.330078125,
        "kind": "tree"
      }
    },
    {
      "type": "Feature",
      "geometry": {
        "type": "Point",
        "coordinates": [
          2450.94837892507,
          3107.8949808324383
        ]
      },
      "properties": {
        "elevation_m": 1287.0313720703125,
        "kind": "tree"
      }
    },
    {
      "type": "Feature",
      "geometry": {
        "type": "Point",
        "coordinates": [
          2389.602402118729,
          3003.1510928514726
        ]
      },
      "properties": {
        "elevation_m": 1213.2618408203125,
        "kind": "tree"
      }
    },
    {
      "type": "Feature",
      "geometry": {
        "type": "Point",
        "coordinates": [
          2394.190204437011,
          2837.988132605064
        ]
      },
      "properties": {
        "elevation_m": 1128.2783203125,
        "kind": "tree"
      }
    },
    {
      "type": "Feature",
      "geometry": {
        "type": "Point",
        "coordinates": [
          2435.1514247620235,
          2957.935283918637
        ]
      },
      "properties": {
        "elevation_m": 1200.3438720703125,
        "kind": "tree"
      }
    },
    {
      "type": "Feature",
      "geometry": {
        "type": "Point",
        "coordinates": [
          2400.8465747471523,
          2869.3833997860415
        ]
      },
      "properties": {
        "elevation_m": 1148.7818603515625,
        "kind": "tree"
      }
    },
    {
      "type": "Feature",
      "geometry": {
        "type": "Point",
        "coordinates": [
          2444.1803895744856,
          3117.1942314893786
        ]
      },
      "properties": {
        "elevation_m": 1295.7845458984375,
        "kind": "tree"
      }
    },
    {
      "type": "Feature",
      "geometry": {
        "type": "Point",
        "coordinates": [
          2358.57289584037,
          2994.7412156548835
        ]
      },
      "properties": {
        "elevation_m": 1195.39013671875,
        "kind": "tree"
      }
    },
    {
      "type": "Feature",
      "geometry": {
        "type": "Point",
        "coordinates": [
          2435.2447376037253,
          2954.5978551862554
        ]
      },
      "properties": {
        "elevation_m": 1200.3438720703125,
        "kind": "tree"
      }
    },
    {
      "type": "Feature",
      "geometry": {
        "type": "Point",
        "coordinates": [
          2357.9904952493994,
          3001.200830272969
        ]
      },
      "properties": {
        "elevation_m": 1204.8995361328125,
        "kind": "tree"
      }
    },
    {
      "type": "Feature",
      "geometry": {
        "type": "Point",
        "coordinates": [
          2376.5086954809867,
          3160.4995051991377
        ]
      },
      "properties": {
        "elevation_m": 1317.5738525390625,
        "kind": "tree"
      }
    },
    {
      "type": "Feature",
      "geometry": {
        "type": "Point",
        "coordinates": [
          2392.7499568153817,
          3131.457154273391
        ]
      },
      "properties": {
        "elevation_m": 1303.9154052734375,
        "kind": "tree"
      }
    },
    {
      "type": "Feature",
      "geometry": {
        "type": "Point",
        "coordinates": [
          2370.1337848231565,
          2785.9468749380903
        ]
      },
      "properties": {
        "elevation_m": 1094.7529296875,
        "kind": "tree"
      }
    },
    {
      "type": "Feature",
      "geometry": {
        "type": "Point",
        "coordinates": [
          2371.7133240958974,
          3149.4587338006395
        ]
      },
      "properties": {
        "elevation_m": 1310.3563232421875,
        "kind": "tree"
      }
    },
    {
      "type": "Feature",
      "geometry": {
        "type": "Point",
        "coordinates": [
          2421.1676378755787,
          2995.747698931193
        ]
      },
      "properties": {
        "elevation_m": 1213.365478515625,
        "kind": "tree"
      }
    },
    {
      "type": "Feature",
      "geometry": {
        "type": "Point",
        "coordinates": [
          2374.781209265995,
          3178.587991574121
        ]
      },
      "properties": {
        "elevation_m": 1323.814697265625,
        "kind": "tree"
      }
    },
    {
      "type": "Feature",
      "geometry": {
        "type": "Point",
        "coordinates": [
          2671.266724268175,
          2764.383900684163
        ]
      },
      "properties": {
        "elevation_m": 1073.757080078125,
        "kind": "tree"
      }
    },
    {
      "type": "Feature",
      "geometry": {
        "type": "Point",
        "coordinates": [
          2474.7648530046786,
          2739.250851802643
        ]
      },
      "properties": {
        "elevation_m": 1088.2598876953125,
        "kind": "tree"
      }
    },
    {
      "type": "Feature",
      "geometry": {
        "type": "Point",
        "coordinates": [
          2615.193593415754,
          2924.363479880774
        ]
      },
      "properties": {
        "elevation_m": 1176.5745849609375,
        "kind": "tree"
      }
    },
    {
      "type": "Feature",
      "geometry": {
        "type": "Point",
        "coordinates": [
          2822.7046229958823,
          2650.5238032660804
        ]
      },
      "properties": {
        "elevation_m": 976.1907348632812,
        "kind": "tree"
      }
    },
    {
      "type": "Feature",
      "geometry": {
        "type": "Point",
        "coordinates": [
          2723.139799802215,
          2942.15445916103
        ]
      },
      "properties": {
        "elevation_m": 1146.9736328125,
        "kind": "tree"
      }
    },
    {
      "type": "Feature",
      "geometry": {
        "type": "Point",
        "coordinates": [
          2822.652019651422,
          2990.9018933067473
        ]
      },
      "properties": {
        "elevation_m": 1130.841796875,
        "kind": "tree"
      }
    },
    {
      "type": "Feature",
      "geometry": {
        "type": "Point",
        "coordinates": [
          2551.770896913327,
          2753.5426434032474
        ]
      },
      "properties": {
        "elevation_m": 1077.9578857421875,
        "kind": "tree"
      }
    },
    {
      "type": "Feature",
      "geometry": {
        "type": "Point",
        "coordinates": [
          2821.910577044251,
          2493.657862735021
        ]
      },
      "properties": {
        "elevation_m": 928.5579223632812,
        "kind": "tree"
      }
    },
    {
      "type": "Feature",
      "geometry": {
        "type": "Point",
        "coordinates": [
          2592.4640880290635,
          2569.46327312529
        ]
      },
      "properties": {
        "elevation_m": 981.819580078125,
        "kind": "tree"
      }
    },
    {
      "type": "Feature",
      "geometry": {
        "type": "Point",
        "coordinates": [
          2668.592774036115,
          2738.46057279878
        ]
      },
      "properties": {
        "elevation_m": 1065.095703125,
        "kind": "tree"
      }
    },
    {
      "type": "Feature",
      "geometry": {
        "type": "Point",
        "coordinates": [
          2538.9482448949366,
          2860.5341736580376
        ]
      },
      "properties": {
        "elevation_m": 1149.1427001953125,
        "kind": "tree"
      }
    },
    {
      "type": "Feature",
      "geometry": {
        "type": "Point",
        "coordinates": [
          2707.7535240283223,
          3008.8140854242674
        ]
      },
      "properties": {
        "elevation_m": 1171.766357421875,
        "kind": "tree"
      }
    },
    {
      "type": "Feature",
      "geometry": {
        "type": "Point",
        "coordinates": [
          2524.432154211824,
          2719.2705258322103
        ]
      },
      "properties": {
        "elevation_m": 1061.2918701171875,
        "kind": "tree"
      }
    },
    {
      "type": "Feature",
      "geometry": {
        "type": "Point",
        "coordinates": [
          2772.8750826682867,
          2737.6590113456305
        ]
      },
      "properties": {
        "elevation_m": 1032.5889892578125,
        "kind": "tree"
      }
    },
    {
      "type": "Feature",
      "geometry": {
        "type": "Point",
        "coordinates": [
          2730.8095846992624,
          2897.8785090622887
        ]
      },
      "properties": {
        "elevation_m": 1128.787841796875,
        "kind": "tree"
      }
    },
    {
      "type": "Feature",
      "geometry": {
        "type": "Point",
        "coordinates": [
          2560.65010225751,
          3063.0865246703706
        ]
      },
      "properties": {
        "elevation_m": 1251.0277099609375,
        "kind": "tree"
      }
    },
    {
      "type": "Feature",
      "geometry": {
        "type": "Point",
        "coordinates": [
          2924.1934899051557,
          2473.9120794723926
        ]
      },
      "properties": {
        "elevation_m": 903.8001098632812,
        "kind": "tree"
      }
    },
    {
      "type": "Feature",
      "geometry": {
        "type": "Point",
        "coordinates": [
          2894.9678196382965,
          2722.7515822035484
        ]
      },
      "properties": {
        "elevation_m": 996.5504760742188,
        "kind": "tree"
      }
    },
    {
      "type": "Feature",
      "geometry": {
        "type": "Point",
        "coordinates": [
          2595.885171917475,
          2855.3413376893004
        ]
      },
      "properties": {
        "elevation_m": 1140.591552734375,
        "kind": "tree"
      }
    },
    {
      "type": "Feature",
      "geometry": {
        "type": "Point",
        "coordinates": [
          2701.6395139566484,
          2506.455073038442
        ]
      },
      "properties": {
        "elevation_m": 949.711669921875,
        "kind": "tree"
      }
    },
    {
      "type": "Feature",
      "geometry": {
        "type": "Point",
        "coordinates": [
          2565.315216447409,
          2591.5295813096086
        ]
      },
      "properties": {
        "elevation_m": 993.3692016601562,
        "kind": "tree"
      }
    },
    {
      "type": "Feature",
      "geometry": {
        "type": "Point",
        "coordinates": [
          2961.7371277893317,
          2926.1282641546277
        ]
      },
      "properties": {
        "elevation_m": 1073.6339111328125,
        "kind": "tree"
      }
    },
    {
      "type": "Feature",
      "geometry": {
        "type": "Point",
        "coordinates": [
          2488.960328203811,
          2683.6403491797187
        ]
      },
      "properties": {
        "elevation_m": 1050.26708984375,
        "kind": "tree"
      }
    },
    {
      "type": "Feature",
      "geometry": {
        "type": "Point",
        "coordinates": [
          2466.1278774079756,
          2851.1999028293235
        ]
      },
      "properties": {
        "elevation_m": 1139.5999755859375,
        "kind": "tree"
      }
    },
    {
      "type": "Feature",
      "geometry": {
        "type": "Point",
        "coordinates": [
          2933.5739315282185,
          2942.6662717193544
        ]
      },
      "properties": {
        "elevation_m": 1081.7337646484375,
        "kind": "tree"
      }
    },
    {
      "type": "Feature",
      "geometry": {
        "type": "Point",
        "coordinates": [
          2525.858255740995,
          2702.615027818918
        ]
      },
      "properties": {
        "elevation_m": 1052.9888916015625,
        "kind": "tree"
      }
    },
    {
      "type": "Feature",
      "geometry": {
        "type": "Point",
        "coordinates": [
          2767.69488318764,
          2483.875340890229
        ]
      },
      "properties": {
        "elevation_m": 935.0119018554688,
        "kind": "tree"
      }
    },
    {
      "type": "Feature",
      "geometry": {
        "type": "Point",
        "coordinates": [
          2878.568175382683,
          2615.327275474003
        ]
      },
      "properties": {
        "elevation_m": 952.8084106445312,
        "kind": "tree"
      }
    },
    {
      "type": "Feature",
      "geometry": {
        "type": "Point",
        "coordinates": [
          2662.570526949344,
          2694.746269308628
        ]
      },
      "properties": {
        "elevation_m": 1036.8350830078125,
        "kind": "tree"
      }
    },
    {
      "type": "Feature",
      "geometry": {
        "type": "Point",
        "coordinates": [
          2524.0624197995517,
          2869.1321460391346
        ]
      },
      "properties": {
        "elevation_m": 1162.16259765625,
        "kind": "tree"
      }
    },
    {
      "type": "Feature",
      "geometry": {
        "type": "Point",
        "coordinates": [
          2945.656492971418,
          2873.621153050162
        ]
      },
      "properties": {
        "elevation_m": 1049.7647705078125,
        "kind": "tree"
      }
    },
    {
      "type": "Feature",
      "geometry": {
        "type": "Point",
        "coordinates": [
          2968.2855001510093,
          2411.2141994733233
        ]
      },
      "properties": {
        "elevation_m": 895.19873046875,
        "kind": "tree"
      }
    },
    {
      "type": "Feature",
      "geometry": {
        "type": "Point",
        "coordinates": [
          2494.664745419362,
          2808.6735350055897
        ]
      },
      "properties": {
        "elevation_m": 1119.4117431640625,
        "kind": "tree"
      }
    },
    {
      "type": "Feature",
      "geometry": {
        "type": "Point",
        "coordinates": [
          2939.1145971205588,
          2551.16266606357
        ]
      },
      "properties": {
        "elevation_m": 916.2874145507812,
        "kind": "tree"
      }
    },
    {
      "type": "Feature",
      "geometry": {
        "type": "Point",
        "coordinates": [
          2918.983460474827,
          2742.9870648852525
        ]
      },
      "properties": {
        "elevation_m": 989.0415649414062,
        "kind": "tree"
      }
    },
    {
      "type": "Feature",
      "geometry": {
        "type": "Point",
        "coordinates": [
          2884.627769102029,
          2980.2886828379796
        ]
      },
      "properties": {
        "elevation_m": 1103.7989501953125,
        "kind": "tree"
      }
    },
    {
      "type": "Feature",
      "geometry": {
        "type": "Point",
        "coordinates": [
          2522.22935734061,
          2739.356774319156
        ]
      },
      "properties": {
        "elevation_m": 1079.765380859375,
        "kind": "tree"
      }
    },
    {
      "type": "Feature",
      "geometry": {
        "type": "Point",
        "coordinates": [
          2936.7968739697303,
          2736.563939523232
        ]
      },
      "properties": {
        "elevation_m": 974.6876831054688,
        "kind": "tree"
      }
    },
    {
      "type": "Feature",
      "geometry": {
        "type": "Point",
        "coordinates": [
          2897.622957681301,
          2676.973118931355
        ]
      },
      "properties": {
        "elevation_m": 978.3426513671875,
        "kind": "tree"
      }
    },
    {
      "type": "Feature",
      "geometry": {
        "type": "Point",
        "coordinates": [
          2856.9684338724064,
          2829.740409369977
        ]
      },
      "properties": {
        "elevation_m": 1049.867919921875,
        "kind": "tree"
      }
    },
    {
      "type": "Feature",
      "geometry": {
        "type": "Point",
        "coordinates": [
          2763.673427209042,
          2766.454116818878
        ]
      },
      "properties": {
        "elevation_m": 1050.1839599609375,
        "kind": "tree"
      }
    },
    {
      "type": "Feature",
      "geometry": {
        "type": "Point",
        "coordinates": [
          2954.529502596579,
          2825.4904889665354
        ]
      },
      "properties": {
        "elevation_m": 1025.654052734375,
        "kind": "tree"
      }
    },
    {
      "type": "Feature",
      "geometry": {
        "type": "Point",
        "coordinates": [
          2591.0826283788947,
          2793.19626623763
        ]
      },
      "properties": {
        "elevation_m": 1103.53759765625,
        "kind": "tree"
      }
    },
    {
      "type": "Feature",
      "geometry": {
        "type": "Point",
        "coordinates": [
          2484.810817872175,
          2882.7995054445296
        ]
      },
      "properties": {
        "elevation_m": 1163.8162841796875,
        "kind": "tree"
      }
    },
    {
      "type": "Feature",
      "geometry": {
        "type": "Point",
        "coordinates": [
          2921.183454946126,
          2892.5482737961415
        ]
      },
      "properties": {
        "elevation_m": 1060.2607421875,
        "kind": "tree"
      }
    },
    {
      "type": "Feature",
      "geometry": {
        "type": "Point",
        "coordinates": [
          2543.3910583624993,
          2734.438844239377
        ]
      },
      "properties": {
        "elevation_m": 1069.627685546875,
        "kind": "tree"
      }
    },
    {
      "type": "Feature",
      "geometry": {
        "type": "Point",
        "coordinates": [
          2756.155591832463,
          2513.392488486973
        ]
      },
      "properties": {
        "elevation_m": 942.896484375,
        "kind": "tree"
      }
    },
    {
      "type": "Feature",
      "geometry": {
        "type": "Point",
        "coordinates": [
          2441.902172738386,
          2705.2678708652493
        ]
      },
      "properties": {
        "elevation_m": 1064.21044921875,
        "kind": "tree"
      }
    },
    {
      "type": "Feature",
      "geometry": {
        "type": "Point",
        "coordinates": [
          2772.2240262980413,
          2652.7291685816026
        ]
      },
      "properties": {
        "elevation_m": 983.9290771484375,
        "kind": "tree"
      }
    },
    {
      "type": "Feature",
      "geometry": {
        "type": "Point",
        "coordinates": [
          2927.437333771308,
          2478.5627003533173
        ]
      },
      "properties": {
        "elevation_m": 903.8001098632812,
        "kind": "tree"
      }
    },
    {
      "type": "Feature",
      "geometry": {
        "type": "Point",
        "coordinates": [
          2749.834259281125,
          2655.3850566607844
        ]
      },
      "properties": {
        "elevation_m": 992.3032836914062,
        "kind": "tree"
      }
    },
    {
      "type": "Feature",
      "geometry": {
        "type": "Point",
        "coordinates": [
          2797.7288523465204,
          2492.7005439337136
        ]
      },
      "properties": {
        "elevation_m": 932.7098999023438,
        "kind": "tree"
      }
    },
    {
      "type": "Feature",
      "geometry": {
        "type": "Point",
        "coordinates": [
          2820.6690614186487,
          2810.3521729435374
        ]
      },
      "properties": {
        "elevation_m": 1056.2562255859375,
        "kind": "tree"
      }
    },
    {
      "type": "Feature",
      "geometry": {
        "type": "Point",
        "coordinates": [
          2679.8903455848804,
          2596.214428256146
        ]
      },
      "properties": {
        "elevation_m": 980.3909301757812,
        "kind": "tree"
      }
    },
    {
      "type": "Feature",
      "geometry": {
        "type": "Point",
        "coordinates": [
          2899.099827041917,
          2797.136346917261
        ]
      },
      "properties": {
        "elevation_m": 1020.641845703125,
        "kind": "tree"
      }
    },
    {
      "type": "Feature",
      "geometry": {
        "type": "Point",
        "coordinates": [
          2750.4273222768434,
          2609.67097803868
        ]
      },
      "properties": {
        "elevation_m": 972.140625,
        "kind": "tree"
      }
    },
    {
      "type": "Feature",
      "geometry": {
        "type": "Point",
        "coordinates": [
          2560.946343364486,
          2786.319368222989
        ]
      },
      "properties": {
        "elevation_m": 1096.9625244140625,
        "kind": "tree"
      }
    },
    {
      "type": "Feature",
      "geometry": {
        "type": "Point",
        "coordinates": [
          2546.8157117083883,
          2792.9738298387942
        ]
      },
      "properties": {
        "elevation_m": 1104.4892578125,
        "kind": "tree"
      }
    },
    {
      "type": "Feature",
      "geometry": {
        "type": "Point",
        "coordinates": [
          2714.9765017659247,
          2506.2321675290323
        ]
      },
      "properties": {
        "elevation_m": 946.6531372070312,
        "kind": "tree"
      }
    },
    {
      "type": "Feature",
      "geometry": {
        "type": "Point",
        "coordinates": [
          2876.914780069773,
          2652.301523861551
        ]
      },
      "properties": {
        "elevation_m": 967.5921020507812,
        "kind": "tree"
      }
    },
    {
      "type": "Feature",
      "geometry": {
        "type": "Point",
        "coordinates": [
          2883.0827174470505,
          2790.0468179205136
        ]
      },
      "properties": {
        "elevation_m": 1027.547119140625,
        "kind": "tree"
      }
    },
    {
      "type": "Feature",
      "geometry": {
        "type": "Point",
        "coordinates": [
          2604.397969396854,
          2688.9920752919456
        ]
      },
      "properties": {
        "elevation_m": 1033.433349609375,
        "kind": "tree"
      }
    },
    {
      "type": "Feature",
      "geometry": {
        "type": "Point",
        "coordinates": [
          2632.7118317111135,
          2681.947741994808
        ]
      },
      "properties": {
        "elevation_m": 1031.4617919921875,
        "kind": "tree"
      }
    },
    {
      "type": "Feature",
      "geometry": {
        "type": "Point",
        "coordinates": [
          2951.5834369379077,
          2883.8812569234083
        ]
      },
      "properties": {
        "elevation_m": 1057.8145751953125,
        "kind": "tree"
      }
    },
    {
      "type": "Feature",
      "geometry": {
        "type": "Point",
        "coordinates": [
          2668.6766272656337,
          2698.9910948874967
        ]
      },
      "properties": {
        "elevation_m": 1036.8350830078125,
        "kind": "tree"
      }
    },
    {
      "type": "Feature",
      "geometry": {
        "type": "Point",
        "coordinates": [
          2790.8062279785345,
          2889.9681027196243
        ]
      },
      "properties": {
        "elevation_m": 1105.544921875,
        "kind": "tree"
      }
    },
    {
      "type": "Feature",
      "geometry": {
        "type": "Point",
        "coordinates": [
          2721.537704945605,
          3032.2949893328077
        ]
      },
      "properties": {
        "elevation_m": 1186.1112060546875,
        "kind": "tree"
      }
    },
    {
      "type": "Feature",
      "geometry": {
        "type": "Point",
        "coordinates": [
          2767.0291416282025,
          2667.3571287758095
        ]
      },
      "properties": {
        "elevation_m": 1001.1336059570312,
        "kind": "tree"
      }
    },
    {
      "type": "Feature",
      "geometry": {
        "type": "Point",
        "coordinates": [
          2955.683805091907,
          2668.6949040378317
        ]
      },
      "properties": {
        "elevation_m": 957.9486694335938,
        "kind": "tree"
      }
    },
    {
      "type": "Feature",
      "geometry": {
        "type": "Point",
        "coordinates": [
          2720.4000676403475,
          2792.3303865171442
        ]
      },
      "properties": {
        "elevation_m": 1082.3670654296875,
        "kind": "tree"
      }
    },
    {
      "type": "Feature",
      "geometry": {
        "type": "Point",
        "coordinates": [
          2487.6057396720585,
          2861.8154501136255
        ]
      },
      "properties": {
        "elevation_m": 1151.74365234375,
        "kind": "tree"
      }
    },
    {
      "type": "Feature",
      "geometry": {
        "type": "Point",
        "coordinates": [
          2877.399272945057,
          2562.6752650129533
        ]
      },
      "properties": {
        "elevation_m": 934.7353515625,
        "kind": "tree"
      }
    },
    {
      "type": "Feature",
      "geometry": {
        "type": "Point",
        "coordinates": [
          2809.7857542164816,
          2958.5739690987707
        ]
      },
      "properties": {
        "elevation_m": 1123.77197265625,
        "kind": "tree"
      }
    },
    {
      "type": "Feature",
      "geometry": {
        "type": "Point",
        "coordinates": [
          2611.647875193896,
          2624.7759913455902
        ]
      },
      "properties": {
        "elevation_m": 1006.2943115234375,
        "kind": "tree"
      }
    },
    {
      "type": "Feature",
      "geometry": {
        "type": "Point",
        "coordinates": [
          2654.832185832099,
          2615.9747589237677
        ]
      },
      "properties": {
        "elevation_m": 993.5365600585938,
        "kind": "tree"
      }
    },
    {
      "type": "Feature",
      "geometry": {
        "type": "Point",
        "coordinates": [
          2756.4893758855133,
          2589.64691852104
        ]
      },
      "properties": {
        "elevation_m": 957.2550048828125,
        "kind": "tree"
      }
    },
    {
      "type": "Feature",
      "geometry": {
        "type": "Point",
        "coordinates": [
          2949.0723034184102,
          2672.114672394441
        ]
      },
      "properties": {
        "elevation_m": 957.9486694335938,
        "kind": "tree"
      }
    },
    {
      "type": "Feature",
      "geometry": {
        "type": "Point",
        "coordinates": [
          2691.5747613839503,
          2994.077455641428
        ]
      },
      "properties": {
        "elevation_m": 1172.371337890625,
        "kind": "tree"
      }
    },
    {
      "type": "Feature",
      "geometry": {
        "type": "Point",
        "coordinates": [
          2758.010656755768,
          2702.1843766746297
        ]
      },
      "properties": {
        "elevation_m": 1021.3303833007812,
        "kind": "tree"
      }
    },
    {
      "type": "Feature",
      "geometry": {
        "type": "Point",
        "coordinates": [
          2573.5239577933685,
          2721.3290825911477
        ]
      },
      "properties": {
        "elevation_m": 1056.8099365234375,
        "kind": "tree"
      }
    },
    {
      "type": "Feature",
      "geometry": {
        "type": "Point",
        "coordinates": [
          2526.777796738975,
          2905.8084181012227
        ]
      },
      "properties": {
        "elevation_m": 1181.5296630859375,
        "kind": "tree"
      }
    },
    {
      "type": "Feature",
      "geometry": {
        "type": "Point",
        "coordinates": [
          2469.765020188101,
          2853.3904407450746
        ]
      },
      "properties": {
        "elevation_m": 1150.5408935546875,
        "kind": "tree"
      }
    },
    {
      "type": "Feature",
      "geometry": {
        "type": "Point",
        "coordinates": [
          2788.2454746812023,
          2613.9939635537917
        ]
      },
      "properties": {
        "elevation_m": 963.7848510742188,
        "kind": "tree"
      }
    },
    {
      "type": "Feature",
      "geometry": {
        "type": "Point",
        "coordinates": [
          2604.003284210405,
          2886.603519192864
        ]
      },
      "properties": {
        "elevation_m": 1160.953125,
        "kind": "tree"
      }
    },
    {
      "type": "Feature",
      "geometry": {
        "type": "Point",
        "coordinates": [
          2695.621494719133,
          2655.6418197278194
        ]
      },
      "properties": {
        "elevation_m": 1005.3685302734375,
        "kind": "tree"
      }
    },
    {
      "type": "Feature",
      "geometry": {
        "type": "Point",
        "coordinates": [
          2765.943177708433,
          2701.266332462771
        ]
      },
      "properties": {
        "elevation_m": 1021.3303833007812,
        "kind": "tree"
      }
    },
    {
      "type": "Feature",
      "geometry": {
        "type": "Point",
        "coordinates": [
          2976.2994597302404,
          2928.257376287204
        ]
      },
      "properties": {
        "elevation_m": 1073.18603515625,
        "kind": "tree"
      }
    },
    {
      "type": "Feature",
      "geometry": {
        "type": "Point",
        "coordinates": [
          2882.5582456555353,
          2928.9074974064256
        ]
      },
      "properties": {
        "elevation_m": 1083.608642578125,
        "kind": "tree"
      }
    },
    {
      "type": "Feature",
      "geometry": {
        "type": "Point",
        "coordinates": [
          2957.8041420705104,
          2757.0336822084623
        ]
      },
      "properties": {
        "elevation_m": 989.6671142578125,
        "kind": "tree"
      }
    },
    {
      "type": "Feature",
      "geometry": {
        "type": "Point",
        "coordinates": [
          2729.3938699143396,
          2939.142598957085
        ]
      },
      "properties": {
        "elevation_m": 1146.9736328125,
        "kind": "tree"
      }
    },
    {
      "type": "Feature",
      "geometry": {
        "type": "Point",
        "coordinates": [
          2998.4324269961076,
          2768.876395715112
        ]
      },
      "properties": {
        "elevation_m": 994.054931640625,
        "kind": "tree"
      }
    },
    {
      "type": "Feature",
      "geometry": {
        "type": "Point",
        "coordinates": [
          2588.1245751580987,
          2634.840296537267
        ]
      },
      "properties": {
        "elevation_m": 1009.6485595703125,
        "kind": "tree"
      }
    },
    {
      "type": "Feature",
      "geometry": {
        "type": "Point",
        "coordinates": [
          2865.0630752046764,
          2793.735731678279
        ]
      },
      "properties": {
        "elevation_m": 1035.5968017578125,
        "kind": "tree"
      }
    },
    {
      "type": "Feature",
      "geometry": {
        "type": "Point",
        "coordinates": [
          2881.5403511542067,
          2607.9891129584535
        ]
      },
      "properties": {
        "elevation_m": 946.4413452148438,
        "kind": "tree"
      }
    },
    {
      "type": "Feature",
      "geometry": {
        "type": "Point",
        "coordinates": [
          2728.9888107173224,
          2721.5074313183704
        ]
      },
      "properties": {
        "elevation_m": 1032.6470947265625,
        "kind": "tree"
      }
    },
    {
      "type": "Feature",
      "geometry": {
        "type": "Point",
        "coordinates": [
          2677.07090334814,
          2870.561072456422
        ]
      },
      "properties": {
        "elevation_m": 1135.7720947265625,
        "kind": "tree"
      }
    },
    {
      "type": "Feature",
      "geometry": {
        "type": "Point",
        "coordinates": [
          2970.9952507703943,
          2756.734599139312
        ]
      },
      "properties": {
        "elevation_m": 990.4641723632812,
        "kind": "tree"
      }
    },
    {
      "type": "Feature",
      "geometry": {
        "type": "Point",
        "coordinates": [
          2872.861391841761,
          2771.687787808044
        ]
      },
      "properties": {
        "elevation_m": 1020.522216796875,
        "kind": "tree"
      }
    },
    {
      "type": "Feature",
      "geometry": {
        "type": "Point",
        "coordinates": [
          2938.493517498095,
          2948.4543318918995
        ]
      },
      "properties": {
        "elevation_m": 1089.9713134765625,
        "kind": "tree"
      }
    },
    {
      "type": "Feature",
      "geometry": {
        "type": "Point",
        "coordinates": [
          2501.243356283106,
          2734.751710719426
        ]
      },
      "properties": {
        "elevation_m": 1072.58154296875,
        "kind": "tree"
      }
    },
    {
      "type": "Feature",
      "geometry": {
        "type": "Point",
        "coordinates": [
          2736.6785467624304,
          2535.5938559988676
        ]
      },
      "properties": {
        "elevation_m": 949.1918334960938,
        "kind": "tree"
      }
    },
    {
      "type": "Feature",
      "geometry": {
        "type": "Point",
        "coordinates": [
          2538.7302238883594,
          2928.9055223880478
        ]
      },
      "properties": {
        "elevation_m": 1184.9716796875,
        "kind": "tree"
      }
    },
    {
      "type": "Feature",
      "geometry": {
        "type": "Point",
        "coordinates": [
          2697.077225024818,
          2610.6153955648515
        ]
      },
      "properties": {
        "elevation_m": 987.2208862304688,
        "kind": "tree"
      }
    },
    {
      "type": "Feature",
      "geometry": {
        "type": "Point",
        "coordinates": [
          2539.8837860519307,
          2947.6290606521707
        ]
      },
      "properties": {
        "elevation_m": 1193.5819091796875,
        "kind": "tree"
      }
    },
    {
      "type": "Feature",
      "geometry": {
        "type": "Point",
        "coordinates": [
          2824.1516957878184,
          2771.7518114550753
        ]
      },
      "properties": {
        "elevation_m": 1041.89404296875,
        "kind": "tree"
      }
    },
    {
      "type": "Feature",
      "geometry": {
        "type": "Point",
        "coordinates": [
          2730.5546142420562,
          2716.344423059193
        ]
      },
      "properties": {
        "elevation_m": 1032.6470947265625,
        "kind": "tree"
      }
    },
    {
      "type": "Feature",
      "geometry": {
        "type": "Point",
        "coordinates": [
          2624.2602471094997,
          2899.010130109639
        ]
      },
      "properties": {
        "elevation_m": 1159.9931640625,
        "kind": "tree"
      }
    },
    {
      "type": "Feature",
      "geometry": {
        "type": "Point",
        "coordinates": [
          2819.6277377279553,
          2702.8672999582705
        ]
      },
      "properties": {
        "elevation_m": 1003.3041381835938,
        "kind": "tree"
      }
    },
    {
      "type": "Feature",
      "geometry": {
        "type": "Point",
        "coordinates": [
          2872.775543242668,
          2967.091434050378
        ]
      },
      "properties": {
        "elevation_m": 1107.2144775390625,
        "kind": "tree"
      }
    },
    {
      "type": "Feature",
      "geometry": {
        "type": "Point",
        "coordinates": [
          2837.6422516950056,
          2888.0075501981946
        ]
      },
      "properties": {
        "elevation_m": 1086.7342529296875,
        "kind": "tree"
      }
    },
    {
      "type": "Feature",
      "geometry": {
        "type": "Point",
        "coordinates": [
          2872.1387363897625,
          2628.4802673340796
        ]
      },
      "properties": {
        "elevation_m": 959.5968017578125,
        "kind": "tree"
      }
    },
    {
      "type": "Feature",
      "geometry": {
        "type": "Point",
        "coordinates": [
          2696.6254000742415,
          3046.340477240192
        ]
      },
      "properties": {
        "elevation_m": 1195.908447265625,
        "kind": "tree"
      }
    },
    {
      "type": "Feature",
      "geometry": {
        "type": "Point",
        "coordinates": [
          2704.9896808223093,
          2598.715998908043
        ]
      },
      "properties": {
        "elevation_m": 977.4775390625,
        "kind": "tree"
      }
    },
    {
      "type": "Feature",
      "geometry": {
        "type": "Point",
        "coordinates": [
          2532.9693104976827,
          2824.755402582211
        ]
      },
      "properties": {
        "elevation_m": 1125.4622802734375,
        "kind": "tree"
      }
    },
    {
      "type": "Feature",
      "geometry": {
        "type": "Point",
        "coordinates": [
          2990.8422091140483,
          2803.903383716307
        ]
      },
      "properties": {
        "elevation_m": 1019.0177001953125,
        "kind": "tree"
      }
    },
    {
      "type": "Feature",
      "geometry": {
        "type": "Point",
        "coordinates": [
          2464.386004004168,
          2675.867504853783
        ]
      },
      "properties": {
        "elevation_m": 1051.5218505859375,
        "kind": "tree"
      }
    },
    {
      "type": "Feature",
      "geometry": {
        "type": "Point",
        "coordinates": [
          2536.5121152987413,
          2881.0000576313005
        ]
      },
      "properties": {
        "elevation_m": 1160.3448486328125,
        "kind": "tree"
      }
    },
    {
      "type": "Feature",
      "geometry": {
        "type": "Point",
        "coordinates": [
          2873.1416395092874,
          2851.3577120816644
        ]
      },
      "properties": {
        "elevation_m": 1055.6224365234375,
        "kind": "tree"
      }
    },
    {
      "type": "Feature",
      "geometry": {
        "type": "Point",
        "coordinates": [
          2452.817879094977,
          2718.262741017361
        ]
      },
      "properties": {
        "elevation_m": 1072.1807861328125,
        "kind": "tree"
      }
    },
    {
      "type": "Feature",
      "geometry": {
        "type": "Point",
        "coordinates": [
          2824.2001816408906,
          2824.1920829246233
        ]
      },
      "properties": {
        "elevation_m": 1063.309814453125,
        "kind": "tree"
      }
    },
    {
      "type": "Feature",
      "geometry": {
        "type": "Point",
        "coordinates": [
          2564.4978547689193,
          3015.858503366854
        ]
      },
      "properties": {
        "elevation_m": 1230.545166015625,
        "kind": "tree"
      }
    },
    {
      "type": "Feature",
      "geometry": {
        "type": "Point",
        "coordinates": [
          2720.461034424755,
          2973.219764656981
        ]
      },
      "properties": {
        "elevation_m": 1160.4874267578125,
        "kind": "tree"
      }
    },
    {
      "type": "Feature",
      "geometry": {
        "type": "Point",
        "coordinates": [
          2493.4758151257493,
          2639.8223524299547
        ]
      },
      "properties": {
        "elevation_m": 1022.7452392578125,
        "kind": "tree"
      }
    },
    {
      "type": "Feature",
      "geometry": {
        "type": "Point",
        "coordinates": [
          2603.2329422721473,
          2891.183612925299
        ]
      },
      "properties": {
        "elevation_m": 1160.953125,
        "kind": "tree"
      }
    },
    {
      "type": "Feature",
      "geometry": {
        "type": "Point",
        "coordinates": [
          2544.2687852206864,
          2908.5038715350483
        ]
      },
      "properties": {
        "elevation_m": 1174.3690185546875,
        "kind": "tree"
      }
    },
    {
      "type": "Feature",
      "geometry": {
        "type": "Point",
        "coordinates": [
          2590.37190169732,
          2821.773318266073
        ]
      },
      "properties": {
        "elevation_m": 1119.6109619140625,
        "kind": "tree"
      }
    },
    {
      "type": "Feature",
      "geometry": {
        "type": "Point",
        "coordinates": [
          2669.528683873735,
          2988.2307637803424
        ]
      },
      "properties": {
        "elevation_m": 1189.421630859375,
        "kind": "tree"
      }
    },
    {
      "type": "Feature",
      "geometry": {
        "type": "Point",
        "coordinates": [
          2901.110874729905,
          2835.820834741925
        ]
      },
      "properties": {
        "elevation_m": 1037.578369140625,
        "kind": "tree"
      }
    },
    {
      "type": "Feature",
      "geometry": {
        "type": "Point",
        "coordinates": [
          2527.499585418368,
          2814.143336635489
        ]
      },
      "properties": {
        "elevation_m": 1113.65771484375,
        "kind": "tree"
      }
    },
    {
      "type": "Feature",
      "geometry": {
        "type": "Point",
        "coordinates": [
          2488.239036828375,
          2747.190134038917
        ]
      },
      "properties": {
        "elevation_m": 1084.7545166015625,
        "kind": "tree"
      }
    },
    {
      "type": "Feature",
      "geometry": {
        "type": "Point",
        "coordinates": [
          2658.7821212472486,
          2895.5002948663187
        ]
      },
      "properties": {
        "elevation_m": 1150.9073486328125,
        "kind": "tree"
      }
    },
    {
      "type": "Feature",
      "geometry": {
        "type": "Point",
        "coordinates": [
          2640.9383880089213,
          2875.803966848428
        ]
      },
      "properties": {
        "elevation_m": 1144.7506103515625,
        "kind": "tree"
      }
    },
    {
      "type": "Feature",
      "geometry": {
        "type": "Point",
        "coordinates": [
          2829.2898319184087,
          2895.47563140752
        ]
      },
      "properties": {
        "elevation_m": 1094.955322265625,
        "kind": "tree"
      }
    },
    {
      "type": "Feature",
      "geometry": {
        "type": "Point",
        "coordinates": [
          2919.7031177655854,
          2454.2411997389913
        ]
      },
      "properties": {
        "elevation_m": 901.1561889648438,
        "kind": "tree"
      }
    },
    {
      "type": "Feature",
      "geometry": {
        "type": "Point",
        "coordinates": [
          2760.088647361412,
          2523.7915336765413
        ]
      },
      "properties": {
        "elevation_m": 942.896484375,
        "kind": "tree"
      }
    },
    {
      "type": "Feature",
      "geometry": {
        "type": "Point",
        "coordinates": [
          2846.4788045873247,
          2818.333844765695
        ]
      },
      "properties": {
        "elevation_m": 1050.9886474609375,
        "kind": "tree"
      }
    },
    {
      "type": "Feature",
      "geometry": {
        "type": "Point",
        "coordinates": [
          2690.959041613407,
          2674.128330688054
        ]
      },
      "properties": {
        "elevation_m": 1021.6137084960938,
        "kind": "tree"
      }
    },
    {
      "type": "Feature",
      "geometry": {
        "type": "Point",
        "coordinates": [
          2513.2075873219947,
          2858.2571310967305
        ]
      },
      "properties": {
        "elevation_m": 1150.5087890625,
        "kind": "tree"
      }
    },
    {
      "type": "Feature",
      "geometry": {
        "type": "Point",
        "coordinates": [
          2941.482710323636,
          2872.098173937894
        ]
      },
      "properties": {
        "elevation_m": 1049.7647705078125,
        "kind": "tree"
      }
    },
    {
      "type": "Feature",
      "geometry": {
        "type": "Point",
        "coordinates": [
          2789.974853850934,
          2768.3460427926007
        ]
      },
      "properties": {
        "elevation_m": 1043.740478515625,
        "kind": "tree"
      }
    },
    {
      "type": "Feature",
      "geometry": {
        "type": "Point",
        "coordinates": [
          2668.3201330146026,
          2986.6950457530534
        ]
      },
      "properties": {
        "elevation_m": 1189.421630859375,
        "kind": "tree"
      }
    },
    {
      "type": "Feature",
      "geometry": {
        "type": "Point",
        "coordinates": [
          2714.0593764638315,
          2795.9368143010233
        ]
      },
      "properties": {
        "elevation_m": 1082.3670654296875,
        "kind": "tree"
      }
    },
    {
      "type": "Feature",
      "geometry": {
        "type": "Point",
        "coordinates": [
          2815.3089227456317,
          2623.097348325351
        ]
      },
      "properties": {
        "elevation_m": 961.2467041015625,
        "kind": "tree"
      }
    },
    {
      "type": "Feature",
      "geometry": {
        "type": "Point",
        "coordinates": [
          2997.904541918265,
          2417.4066436847665
        ]
      },
      "properties": {
        "elevation_m": 897.03955078125,
        "kind": "tree"
      }
    },
    {
      "type": "Feature",
      "geometry": {
        "type": "Point",
        "coordinates": [
          2517.9439451822504,
          2922.8967680613523
        ]
      },
      "properties": {
        "elevation_m": 1189.79541015625,
        "kind": "tree"
      }
    },
    {
      "type": "Feature",
      "geometry": {
        "type": "Point",
        "coordinates": [
          2906.020780034532,
          2674.115622432215
        ]
      },
      "properties": {
        "elevation_m": 973.2887573242188,
        "kind": "tree"
      }
    },
    {
      "type": "Feature",
      "geometry": {
        "type": "Point",
        "coordinates": [
          2516.133215953005,
          2710.1416619989104
        ]
      },
      "properties": {
        "elevation_m": 1061.2918701171875,
        "kind": "tree"
      }
    },
    {
      "type": "Feature",
      "geometry": {
        "type": "Point",
        "coordinates": [
          2896.531177870331,
          2995.0619243185906
        ]
      },
      "properties": {
        "elevation_m": 1111.4840087890625,
        "kind": "tree"
      }
    },
    {
      "type": "Feature",
      "geometry": {
        "type": "Point",
        "coordinates": [
          2952.4460150961672,
          2424.4278251712567
        ]
      },
      "properties": {
        "elevation_m": 898.5134887695312,
        "kind": "tree"
      }
    },
    {
      "type": "Feature",
      "geometry": {
        "type": "Point",
        "coordinates": [
          2943.19222475725,
          2863.72546160941
        ]
      },
      "properties": {
        "elevation_m": 1040.074951171875,
        "kind": "tree"
      }
    },
    {
      "type": "Feature",
      "geometry": {
        "type": "Point",
        "coordinates": [
          2528.0138981788236,
          3020.762527061748
        ]
      },
      "properties": {
        "elevation_m": 1238.57958984375,
        "kind": "tree"
      }
    },
    {
      "type": "Feature",
      "geometry": {
        "type": "Point",
        "coordinates": [
          2844.6018566578778,
          2558.0476083991975
        ]
      },
      "properties": {
        "elevation_m": 937.8250122070312,
        "kind": "tree"
      }
    },
    {
      "type": "Feature",
      "geometry": {
        "type": "Point",
        "coordinates": [
          2570.2767838204286,
          2640.027770749723
        ]
      },
      "properties": {
        "elevation_m": 1010.5401611328125,
        "kind": "tree"
      }
    },
    {
      "type": "Feature",
      "geometry": {
        "type": "Point",
        "coordinates": [
          2892.2399236894935,
          2586.75271273619
        ]
      },
      "properties": {
        "elevation_m": 937.4346313476562,
        "kind": "tree"
      }
    },
    {
      "type": "Feature",
      "geometry": {
        "type": "Point",
        "coordinates": [
          2807.845057737088,
          2909.5614764144525
        ]
      },
      "properties": {
        "elevation_m": 1106.6029052734375,
        "kind": "tree"
      }
    },
    {
      "type": "Feature",
      "geometry": {
        "type": "Point",
        "coordinates": [
          2723.041217827479,
          2648.7554590631926
        ]
      },
      "properties": {
        "elevation_m": 997.1533203125,
        "kind": "tree"
      }
    },
    {
      "type": "Feature",
      "geometry": {
        "type": "Point",
        "coordinates": [
          2935.731228854463,
          2467.2335376372353
        ]
      },
      "properties": {
        "elevation_m": 904.9769287109375,
        "kind": "tree"
      }
    },
    {
      "type": "Feature",
      "geometry": {
        "type": "Point",
        "coordinates": [
          2535.7776201559886,
          2666.0198591366548
        ]
      },
      "properties": {
        "elevation_m": 1033.43017578125,
        "kind": "tree"
      }
    },
    {
      "type": "Feature",
      "geometry": {
        "type": "Point",
        "coordinates": [
          2699.1044688368993,
          2680.6888564164883
        ]
      },
      "properties": {
        "elevation_m": 1021.6137084960938,
        "kind": "tree"
      }
    },
    {
      "type": "Feature",
      "geometry": {
        "type": "Point",
        "coordinates": [
          2913.481940728224,
          2606.1433524350437
        ]
      },
      "properties": {
        "elevation_m": 939.9349975585938,
        "kind": "tree"
      }
    },
    {
      "type": "Feature",
      "geometry": {
        "type": "Point",
        "coordinates": [
          2594.0759590911207,
          2998.9019840533792
        ]
      },
      "properties": {
        "elevation_m": 1218.616943359375,
        "kind": "tree"
      }
    },
    {
      "type": "Feature",
      "geometry": {
        "type": "Point",
        "coordinates": [
          2629.418864890102,
          2894.4425286913597
        ]
      },
      "properties": {
        "elevation_m": 1158.73388671875,
        "kind": "tree"
      }
    },
    {
      "type": "Feature",
      "geometry": {
        "type": "Point",
        "coordinates": [
          2612.6968423404605,
          2602.9080820642703
        ]
      },
      "properties": {
        "elevation_m": 990.9893798828125,
        "kind": "tree"
      }
    },
    {
      "type": "Feature",
      "geometry": {
        "type": "Point",
        "coordinates": [
          2736.2902264982336,
          2754.042964756318
        ]
      },
      "properties": {
        "elevation_m": 1058.707763671875,
        "kind": "tree"
      }
    },
    {
      "type": "Feature",
      "geometry": {
        "type": "Point",
        "coordinates": [
          2707.968440222369,
          2779.8375034702726
        ]
      },
      "properties": {
        "elevation_m": 1073.49169921875,
        "kind": "tree"
      }
    },
    {
      "type": "Feature",
      "geometry": {
        "type": "Point",
        "coordinates": [
          2935.6424520500427,
          2834.7697829894155
        ]
      },
      "properties": {
        "elevation_m": 1024.5203857421875,
        "kind": "tree"
      }
    },
    {
      "type": "Feature",
      "geometry": {
        "type": "Point",
        "coordinates": [
          2831.0275489140768,
          2504.47017354594
        ]
      },
      "properties": {
        "elevation_m": 932.546630859375,
        "kind": "tree"
      }
    },
    {
      "type": "Feature",
      "geometry": {
        "type": "Point",
        "coordinates": [
          2933.867698280564,
          2807.304795936316
        ]
      },
      "properties": {
        "elevation_m": 1016.545654296875,
        "kind": "tree"
      }
    },
    {
      "type": "Feature",
      "geometry": {
        "type": "Point",
        "coordinates": [
          2751.543285306904,
          2596.720957643875
        ]
      },
      "properties": {
        "elevation_m": 963.4483642578125,
        "kind": "tree"
      }
    },
    {
      "type": "Feature",
      "geometry": {
        "type": "Point",
        "coordinates": [
          2548.281363019161,
          2844.5727892686823
        ]
      },
      "properties": {
        "elevation_m": 1135.6060791015625,
        "kind": "tree"
      }
    },
    {
      "type": "Feature",
      "geometry": {
        "type": "Point",
        "coordinates": [
          2631.293653048148,
          2676.860874843404
        ]
      },
      "properties": {
        "elevation_m": 1031.4617919921875,
        "kind": "tree"
      }
    },
    {
      "type": "Feature",
      "geometry": {
        "type": "Point",
        "coordinates": [
          2708.8511506053246,
          2963.378334387767
        ]
      },
      "properties": {
        "elevation_m": 1156.6795654296875,
        "kind": "tree"
      }
    },
    {
      "type": "Feature",
      "geometry": {
        "type": "Point",
        "coordinates": [
          2596.7392828705533,
          2839.0443575266327
        ]
      },
      "properties": {
        "elevation_m": 1128.78564453125,
        "kind": "tree"
      }
    },
    {
      "type": "Feature",
      "geometry": {
        "type": "Point",
        "coordinates": [
          2590.839897027651,
          2967.339189689926
        ]
      },
      "properties": {
        "elevation_m": 1204.10498046875,
        "kind": "tree"
      }
    },
    {
      "type": "Feature",
      "geometry": {
        "type": "Point",
        "coordinates": [
          2665.074405229896,
          2813.236875064217
        ]
      },
      "properties": {
        "elevation_m": 1105.35009765625,
        "kind": "tree"
      }
    },
    {
      "type": "Feature",
      "geometry": {
        "type": "Point",
        "coordinates": [
          2671.769243554142,
          2766.9053878003706
        ]
      },
      "properties": {
        "elevation_m": 1073.757080078125,
        "kind": "tree"
      }
    },
    {
      "type": "Feature",
      "geometry": {
        "type": "Point",
        "coordinates": [
          2814.13375637709,
          2912.1904229353086
        ]
      },
      "properties": {
        "elevation_m": 1106.6029052734375,
        "kind": "tree"
      }
    },
    {
      "type": "Feature",
      "geometry": {
        "type": "Point",
        "coordinates": [
          2685.687865775336,
          2619.3313115373817
        ]
      },
      "properties": {
        "elevation_m": 989.9483032226562,
        "kind": "tree"
      }
    },
    {
      "type": "Feature",
      "geometry": {
        "type": "Point",
        "coordinates": [
          2738.7459056008684,
          2878.627282603771
        ]
      },
      "properties": {
        "elevation_m": 1115.346923828125,
        "kind": "tree"
      }
    },
    {
      "type": "Feature",
      "geometry": {
        "type": "Point",
        "coordinates": [
          2749.781559734261,
          2835.4195977533577
        ]
      },
      "properties": {
        "elevation_m": 1097.8531494140625,
        "kind": "tree"
      }
    },
    {
      "type": "Feature",
      "geometry": {
        "type": "Point",
        "coordinates": [
          2753.2938357627227,
          2525.8542540308727
        ]
      },
      "properties": {
        "elevation_m": 943.9537353515625,
        "kind": "tree"
      }
    },
    {
      "type": "Feature",
      "geometry": {
        "type": "Point",
        "coordinates": [
          2695.029955913275,
          3021.929980431776
        ]
      },
      "properties": {
        "elevation_m": 1185.142578125,
        "kind": "tree"
      }
    },
    {
      "type": "Feature",
      "geometry": {
        "type": "Point",
        "coordinates": [
          2819.2230794467487,
          2470.39900987489
        ]
      },
      "properties": {
        "elevation_m": 924.1978759765625,
        "kind": "tree"
      }
    },
    {
      "type": "Feature",
      "geometry": {
        "type": "Point",
        "coordinates": [
          2719.9932621023395,
          2736.9155447999333
        ]
      },
      "properties": {
        "elevation_m": 1044.627197265625,
        "kind": "tree"
      }
    },
    {
      "type": "Feature",
      "geometry": {
        "type": "Point",
        "coordinates": [
          2708.398532760752,
          2489.8799565133972
        ]
      },
      "properties": {
        "elevation_m": 942.5498657226562,
        "kind": "tree"
      }
    },
    {
      "type": "Feature",
      "geometry": {
        "type": "Point",
        "coordinates": [
          2862.8237966035476,
          2596.539992719345
        ]
      },
      "properties": {
        "elevation_m": 948.0730590820312,
        "kind": "tree"
      }
    },
    {
      "type": "Feature",
      "geometry": {
        "type": "Point",
        "coordinates": [
          2630.1283670212906,
          2907.121742550503
        ]
      },
      "properties": {
        "elevation_m": 1169.0924072265625,
        "kind": "tree"
      }
    },
    {
      "type": "Feature",
      "geometry": {
        "type": "Point",
        "coordinates": [
          2625.456376813946,
          2666.1830158344346
        ]
      },
      "properties": {
        "elevation_m": 1021.2669067382812,
        "kind": "tree"
      }
    },
    {
      "type": "Feature",
      "geometry": {
        "type": "Point",
        "coordinates": [
          2509.4679119201332,
          2632.0817717172026
        ]
      },
      "properties": {
        "elevation_m": 1020.6085815429688,
        "kind": "tree"
      }
    },
    {
      "type": "Feature",
      "geometry": {
        "type": "Point",
        "coordinates": [
          2685.5235311191745,
          2937.6947261473374
        ]
      },
      "properties": {
        "elevation_m": 1165.947998046875,
        "kind": "tree"
      }
    },
    {
      "type": "Feature",
      "geometry": {
        "type": "Point",
        "coordinates": [
          2852.3695274444544,
          2990.2146039028553
        ]
      },
      "properties": {
        "elevation_m": 1117.512451171875,
        "kind": "tree"
      }
    },
    {
      "type": "Feature",
      "geometry": {
        "type": "Point",
        "coordinates": [
          2633.3989195358668,
          2789.484655222017
        ]
      },
      "properties": {
        "elevation_m": 1101.22314453125,
        "kind": "tree"
      }
    },
    {
      "type": "Feature",
      "geometry": {
        "type": "Point",
        "coordinates": [
          2761.2638868478107,
          2923.419247660269
        ]
      },
      "properties": {
        "elevation_m": 1125.471923828125,
        "kind": "tree"
      }
    },
    {
      "type": "Feature",
      "geometry": {
        "type": "Point",
        "coordinates": [
          2942.3781905318447,
          2987.8218915501557
        ]
      },
      "properties": {
        "elevation_m": 1105.32421875,
        "kind": "tree"
      }
    },
    {
      "type": "Feature",
      "geometry": {
        "type": "Point",
        "coordinates": [
          2655.305190115983,
          2829.548886752262
        ]
      },
      "properties": {
        "elevation_m": 1118.4227294921875,
        "kind": "tree"
      }
    },
    {
      "type": "Feature",
      "geometry": {
        "type": "Point",
        "coordinates": [
          2963.235262231815,
          2686.395074658542
        ]
      },
      "properties": {
        "elevation_m": 962.0527954101562,
        "kind": "tree"
      }
    },
    {
      "type": "Feature",
      "geometry": {
        "type": "Point",
        "coordinates": [
          2539.3365285523387,
          2689.9717873480126
        ]
      },
      "properties": {
        "elevation_m": 1052.148681640625,
        "kind": "tree"
      }
    },
    {
      "type": "Feature",
      "geometry": {
        "type": "Point",
        "coordinates": [
          2560.247407345084,
          3073.453553372998
        ]
      },
      "properties": {
        "elevation_m": 1251.0277099609375,
        "kind": "tree"
      }
    },
    {
      "type": "Feature",
      "geometry": {
        "type": "Point",
        "coordinates": [
          2527.018553357401,
          2742.706504892416
        ]
      },
      "properties": {
        "elevation_m": 1079.765380859375,
        "kind": "tree"
      }
    },
    {
      "type": "Feature",
      "geometry": {
        "type": "Point",
        "coordinates": [
          2991.5109514306855,
          2709.406882783259
        ]
      },
      "properties": {
        "elevation_m": 972.5615234375,
        "kind": "tree"
      }
    },
    {
      "type": "Feature",
      "geometry": {
        "type": "Point",
        "coordinates": [
          2756.9844702428973,
          2902.816084435828
        ]
      },
      "properties": {
        "elevation_m": 1120.6912841796875,
        "kind": "tree"
      }
    },
    {
      "type": "Feature",
      "geometry": {
        "type": "Point",
        "coordinates": [
          2967.133056968822,
          2707.3398039896656
        ]
      },
      "properties": {
        "elevation_m": 970.7026977539062,
        "kind": "tree"
      }
    },
    {
      "type": "Feature",
      "geometry": {
        "type": "Point",
        "coordinates": [
          2866.049152190321,
          2750.661204185815
        ]
      },
      "properties": {
        "elevation_m": 1013.0338134765625,
        "kind": "tree"
      }
    },
    {
      "type": "Feature",
      "geometry": {
        "type": "Point",
        "coordinates": [
          2590.5778876827053,
          2646.036224596275
        ]
      },
      "properties": {
        "elevation_m": 1017.7828369140625,
        "kind": "tree"
      }
    },
    {
      "type": "Feature",
      "geometry": {
        "type": "Point",
        "coordinates": [
          2506.2706668298656,
          2761.1835150003963
        ]
      },
      "properties": {
        "elevation_m": 1090.9520263671875,
        "kind": "tree"
      }
    },
    {
      "type": "Feature",
      "geometry": {
        "type": "Point",
        "coordinates": [
          2746.0573771303616,
          2114.1287464949733
        ]
      },
      "properties": {
        "elevation_m": 942.7935180664062,
        "kind": "tree"
      }
    },
    {
      "type": "Feature",
      "geometry": {
        "type": "Point",
        "coordinates": [
          2807.1978597651773,
          2114.41402607282
        ]
      },
      "properties": {
        "elevation_m": 922.6320190429688,
        "kind": "tree"
      }
    },
    {
      "type": "Feature",
      "geometry": {
        "type": "Point",
        "coordinates": [
          2821.446131781969,
          2117.2613482493734
        ]
      },
      "properties": {
        "elevation_m": 920.1485595703125,
        "kind": "tree"
      }
    },
    {
      "type": "Feature",
      "geometry": {
        "type": "Point",
        "coordinates": [
          2705.739661497948,
          2114.5338227043653
        ]
      },
      "properties": {
        "elevation_m": 952.2567138671875,
        "kind": "tree"
      }
    },
    {
      "type": "Feature",
      "geometry": {
        "type": "Point",
        "coordinates": [
          2808.8456239810785,
          2091.0254155732364
        ]
      },
      "properties": {
        "elevation_m": 929.049560546875,
        "kind": "tree"
      }
    },
    {
      "type": "Feature",
      "geometry": {
        "type": "Point",
        "coordinates": [
          1813.7581022677039,
          2991.3158548675074
        ]
      },
      "properties": {
        "elevation_m": 1254.3994140625,
        "kind": "tree"
      }
    },
    {
      "type": "Feature",
      "geometry": {
        "type": "Point",
        "coordinates": [
          1881.2246719661932,
          2982.9705233210925
        ]
      },
      "properties": {
        "elevation_m": 1228.3592529296875,
        "kind": "tree"
      }
    },
    {
      "type": "Feature",
      "geometry": {
        "type": "Point",
        "coordinates": [
          1921.4410408721544,
          2989.05202727563
        ]
      },
      "properties": {
        "elevation_m": 1217.378662109375,
        "kind": "tree"
      }
    },
    {
      "type": "Feature",
      "geometry": {
        "type": "Point",
        "coordinates": [
          1961.7321940594545,
          2935.322152869863
        ]
      },
      "properties": {
        "elevation_m": 1178.1842041015625,
        "kind": "tree"
      }
    },
    {
      "type": "Feature",
      "geometry": {
        "type": "Point",
        "coordinates": [
          1913.196728305273,
          2968.418881049218
        ]
      },
      "properties": {
        "elevation_m": 1210.753662109375,
        "kind": "tree"
      }
    },
    {
      "type": "Feature",
      "geometry": {
        "type": "Point",
        "coordinates": [
          1889.3698125446183,
          2908.4952477458237
        ]
      },
      "properties": {
        "elevation_m": 1198.7725830078125,
        "kind": "tree"
      }
    },
    {
      "type": "Feature",
      "geometry": {
        "type": "Point",
        "coordinates": [
          1940.881619053345,
          2986.76426204372
        ]
      },
      "properties": {
        "elevation_m": 1211.535400390625,
        "kind": "tree"
      }
    },
    {
      "type": "Feature",
      "geometry": {
        "type": "Point",
        "coordinates": [
          2064.984713025338,
          2790.0199817053804
        ]
      },
      "properties": {
        "elevation_m": 1105.8729248046875,
        "kind": "tree"
      }
    },
    {
      "type": "Feature",
      "geometry": {
        "type": "Point",
        "coordinates": [
          1790.2169805818835,
          3082.5725375680972
        ]
      },
      "properties": {
        "elevation_m": 1292.327880859375,
        "kind": "tree"
      }
    },
    {
      "type": "Feature",
      "geometry": {
        "type": "Point",
        "coordinates": [
          1893.7621594646284,
          2831.460705375459
        ]
      },
      "properties": {
        "elevation_m": 1178.358154296875,
        "kind": "tree"
      }
    },
    {
      "type": "Feature",
      "geometry": {
        "type": "Point",
        "coordinates": [
          1975.605429610576,
          2904.1968796455135
        ]
      },
      "properties": {
        "elevation_m": 1166.895751953125,
        "kind": "tree"
      }
    },
    {
      "type": "Feature",
      "geometry": {
        "type": "Point",
        "coordinates": [
          1826.6045575245396,
          2986.805024009774
        ]
      },
      "properties": {
        "elevation_m": 1247.84814453125,
        "kind": "tree"
      }
    },
    {
      "type": "Feature",
      "geometry": {
        "type": "Point",
        "coordinates": [
          1790.1353498479616,
          2998.755405553493
        ]
      },
      "properties": {
        "elevation_m": 1263.68701171875,
        "kind": "tree"
      }
    },
    {
      "type": "Feature",
      "geometry": {
        "type": "Point",
        "coordinates": [
          1878.964468259188,
          2944.060872876531
        ]
      },
      "properties": {
        "elevation_m": 1212.635986328125,
        "kind": "tree"
      }
    },
    {
      "type": "Feature",
      "geometry": {
        "type": "Point",
        "coordinates": [
          1966.8415966861558,
          2815.2918491393298
        ]
      },
      "properties": {
        "elevation_m": 1141.4991455078125,
        "kind": "tree"
      }
    },
    {
      "type": "Feature",
      "geometry": {
        "type": "Point",
        "coordinates": [
          1809.1413759540055,
          3044.4653453821825
        ]
      },
      "properties": {
        "elevation_m": 1267.8267822265625,
        "kind": "tree"
      }
    },
    {
      "type": "Feature",
      "geometry": {
        "type": "Point",
        "coordinates": [
          1834.7276875847667,
          2862.4677915533057
        ]
      },
      "properties": {
        "elevation_m": 1206.7034912109375,
        "kind": "tree"
      }
    },
    {
      "type": "Feature",
      "geometry": {
        "type": "Point",
        "coordinates": [
          1801.981258368281,
          3107.863977659201
        ]
      },
      "properties": {
        "elevation_m": 1294.73291015625,
        "kind": "tree"
      }
    },
    {
      "type": "Feature",
      "geometry": {
        "type": "Point",
        "coordinates": [
          1888.792762586432,
          2944.5238556629406
        ]
      },
      "properties": {
        "elevation_m": 1207.685791015625,
        "kind": "tree"
      }
    },
    {
      "type": "Feature",
      "geometry": {
        "type": "Point",
        "coordinates": [
          1849.6780300293876,
          3079.148237777564
        ]
      },
      "properties": {
        "elevation_m": 1277.4490966796875,
        "kind": "tree"
      }
    },
    {
      "type": "Feature",
      "geometry": {
        "type": "Point",
        "coordinates": [
          1923.4650917652643,
          2810.671358198511
        ]
      },
      "properties": {
        "elevation_m": 1161.672607421875,
        "kind": "tree"
      }
    },
    {
      "type": "Feature",
      "geometry": {
        "type": "Point",
        "coordinates": [
          1861.2662919977163,
          3064.3425740569214
        ]
      },
      "properties": {
        "elevation_m": 1271.806396484375,
        "kind": "tree"
      }
    },
    {
      "type": "Feature",
      "geometry": {
        "type": "Point",
        "coordinates": [
          1848.2337230564422,
          2855.6196748775747
        ]
      },
      "properties": {
        "elevation_m": 1200.0733642578125,
        "kind": "tree"
      }
    },
    {
      "type": "Feature",
      "geometry": {
        "type": "Point",
        "coordinates": [
          1754.8857651310852,
          2897.528482300397
        ]
      },
      "properties": {
        "elevation_m": 1240.7496337890625,
        "kind": "tree"
      }
    },
    {
      "type": "Feature",
      "geometry": {
        "type": "Point",
        "coordinates": [
          1976.6066644757498,
          2921.7959824739837
        ]
      },
      "properties": {
        "elevation_m": 1168.287353515625,
        "kind": "tree"
      }
    },
    {
      "type": "Feature",
      "geometry": {
        "type": "Point",
        "coordinates": [
          1973.1116172497332,
          2871.982761803352
        ]
      },
      "properties": {
        "elevation_m": 1157.7064208984375,
        "kind": "tree"
      }
    },
    {
      "type": "Feature",
      "geometry": {
        "type": "Point",
        "coordinates": [
          1946.9078417233995,
          2992.666311830114
        ]
      },
      "properties": {
        "elevation_m": 1204.9730224609375,
        "kind": "tree"
      }
    },
    {
      "type": "Feature",
      "geometry": {
        "type": "Point",
        "coordinates": [
          1935.302293582604,
          2878.19131152002
        ]
      },
      "properties": {
        "elevation_m": 1169.1552734375,
        "kind": "tree"
      }
    },
    {
      "type": "Feature",
      "geometry": {
        "type": "Point",
        "coordinates": [
          1829.0833362416383,
          3050.566855474276
        ]
      },
      "properties": {
        "elevation_m": 1271.7069091796875,
        "kind": "tree"
      }
    },
    {
      "type": "Feature",
      "geometry": {
        "type": "Point",
        "coordinates": [
          1851.8021300604255,
          2871.6222687028703
        ]
      },
      "properties": {
        "elevation_m": 1206.5887451171875,
        "kind": "tree"
      }
    },
    {
      "type": "Feature",
      "geometry": {
        "type": "Point",
        "coordinates": [
          1809.068847885934,
          2912.1982515600553
        ]
      },
      "properties": {
        "elevation_m": 1231.349609375,
        "kind": "tree"
      }
    },
    {
      "type": "Feature",
      "geometry": {
        "type": "Point",
        "coordinates": [
          1933.461926790168,
          2908.3147779707133
        ]
      },
      "properties": {
        "elevation_m": 1177.552734375,
        "kind": "tree"
      }
    },
    {
      "type": "Feature",
      "geometry": {
        "type": "Point",
        "coordinates": [
          1990.7353728848027,
          2918.1251752993608
        ]
      },
      "properties": {
        "elevation_m": 1168.287353515625,
        "kind": "tree"
      }
    },
    {
      "type": "Feature",
      "geometry": {
        "type": "Point",
        "coordinates": [
          2025.4778745628978,
          2795.8553065526667
        ]
      },
      "properties": {
        "elevation_m": 1113.808837890625,
        "kind": "tree"
      }
    },
    {
      "type": "Feature",
      "geometry": {
        "type": "Point",
        "coordinates": [
          1801.1528830823863,
          2907.203455452874
        ]
      },
      "properties": {
        "elevation_m": 1231.349609375,
        "kind": "tree"
      }
    },
    {
      "type": "Feature",
      "geometry": {
        "type": "Point",
        "coordinates": [
          1783.929144350121,
          2897.13685117328
        ]
      },
      "properties": {
        "elevation_m": 1232.60693359375,
        "kind": "tree"
      }
    },
    {
      "type": "Feature",
      "geometry": {
        "type": "Point",
        "coordinates": [
          1764.6260094795628,
          2913.00754895673
        ]
      },
      "properties": {
        "elevation_m": 1246.409423828125,
        "kind": "tree"
      }
    },
    {
      "type": "Feature",
      "geometry": {
        "type": "Point",
        "coordinates": [
          1916.1208854710512,
          2897.645355608154
        ]
      },
      "properties": {
        "elevation_m": 1178.511962890625,
        "kind": "tree"
      }
    },
    {
      "type": "Feature",
      "geometry": {
        "type": "Point",
        "coordinates": [
          1962.63861096812,
          2975.0203060340273
        ]
      },
      "properties": {
        "elevation_m": 1192.189208984375,
        "kind": "tree"
      }
    },
    {
      "type": "Feature",
      "geometry": {
        "type": "Point",
        "coordinates": [
          1767.0981832641921,
          2915.5614571893652
        ]
      },
      "properties": {
        "elevation_m": 1242.0242919921875,
        "kind": "tree"
      }
    },
    {
      "type": "Feature",
      "geometry": {
        "type": "Point",
        "coordinates": [
          1800.0291775889784,
          2987.4814418386354
        ]
      },
      "properties": {
        "elevation_m": 1254.3994140625,
        "kind": "tree"
      }
    },
    {
      "type": "Feature",
      "geometry": {
        "type": "Point",
        "coordinates": [
          1826.086498434945,
          3061.379451082269
        ]
      },
      "properties": {
        "elevation_m": 1271.7069091796875,
        "kind": "tree"
      }
    },
    {
      "type": "Feature",
      "geometry": {
        "type": "Point",
        "coordinates": [
          1740.576911787394,
          3042.3137703732596
        ]
      },
      "properties": {
        "elevation_m": 1307.9134521484375,
        "kind": "tree"
      }
    },
    {
      "type": "Feature",
      "geometry": {
        "type": "Point",
        "coordinates": [
          1753.6202615571456,
          3055.5594359486026
        ]
      },
      "properties": {
        "elevation_m": 1299.9588623046875,
        "kind": "tree"
      }
    },
    {
      "type": "Feature",
      "geometry": {
        "type": "Point",
        "coordinates": [
          1643.312594106384,
          2942.554189382
        ]
      },
      "properties": {
        "elevation_m": 1305.3729248046875,
        "kind": "tree"
      }
    },
    {
      "type": "Feature",
      "geometry": {
        "type": "Point",
        "coordinates": [
          1678.2006344446638,
          3004.7197713153205
        ]
      },
      "properties": {
        "elevation_m": 1321.537841796875,
        "kind": "tree"
      }
    },
    {
      "type": "Feature",
      "geometry": {
        "type": "Point",
        "coordinates": [
          1769.9592210814533,
          3100.3717620849725
        ]
      },
      "properties": {
        "elevation_m": 1302.238525390625,
        "kind": "tree"
      }
    },
    {
      "type": "Feature",
      "geometry": {
        "type": "Point",
        "coordinates": [
          1729.9637585150438,
          2984.5182826051123
        ]
      },
      "properties": {
        "elevation_m": 1298.8572998046875,
        "kind": "tree"
      }
    },
    {
      "type": "Feature",
      "geometry": {
        "type": "Point",
        "coordinates": [
          1708.8857592000431,
          2918.775141710079
        ]
      },
      "properties": {
        "elevation_m": 1274.4237060546875,
        "kind": "tree"
      }
    },
    {
      "type": "Feature",
      "geometry": {
        "type": "Point",
        "coordinates": [
          1715.9207110847033,
          2937.271082324015
        ]
      },
      "properties": {
        "elevation_m": 1282.4173583984375,
        "kind": "tree"
      }
    },
    {
      "type": "Feature",
      "geometry": {
        "type": "Point",
        "coordinates": [
          1728.970568761129,
          2987.9737602867735
        ]
      },
      "properties": {
        "elevation_m": 1298.8572998046875,
        "kind": "tree"
      }
    },
    {
      "type": "Feature",
      "geometry": {
        "type": "Point",
        "coordinates": [
          1677.5716323921224,
          2928.3826640959055
        ]
      },
      "properties": {
        "elevation_m": 1288.62646484375,
        "kind": "tree"
      }
    },
    {
      "type": "Feature",
      "geometry": {
        "type": "Point",
        "coordinates": [
          1660.0363899084048,
          2903.2083667589995
        ]
      },
      "properties": {
        "elevation_m": 1287.07373046875,
        "kind": "tree"
      }
    },
    {
      "type": "Feature",
      "geometry": {
        "type": "Point",
        "coordinates": [
          1781.159705059156,
          3127.690609056793
        ]
      },
      "properties": {
        "elevation_m": 1313.6156005859375,
        "kind": "tree"
      }
    },
    {
      "type": "Feature",
      "geometry": {
        "type": "Point",
        "coordinates": [
          1657.2367379175762,
          2995.476840194011
        ]
      },
      "properties": {
        "elevation_m": 1320.48583984375,
        "kind": "tree"
      }
    },
    {
      "type": "Feature",
      "geometry": {
        "type": "Point",
        "coordinates": [
          1520.5118949557814,
          2789.1055150525904
        ]
      },
      "properties": {
        "elevation_m": 1374.286865234375,
        "kind": "tree"
      }
    },
    {
      "type": "Feature",
      "geometry": {
        "type": "Point",
        "coordinates": [
          1507.6348375291798,
          2797.4239543885474
        ]
      },
      "properties": {
        "elevation_m": 1374.286865234375,
        "kind": "tree"
      }
    },
    {
      "type": "Feature",
      "geometry": {
        "type": "Point",
        "coordinates": [
          1586.6086304228822,
          2867.968291977877
        ]
      },
      "properties": {
        "elevation_m": 1317.7701416015625,
        "kind": "tree"
      }
    },
    {
      "type": "Feature",
      "geometry": {
        "type": "Point",
        "coordinates": [
          1548.9058145454562,
          2864.061517122744
        ]
      },
      "properties": {
        "elevation_m": 1340.73974609375,
        "kind": "tree"
      }
    },
    {
      "type": "Feature",
      "geometry": {
        "type": "Point",
        "coordinates": [
          1602.612062308431,
          2840.083534111754
        ]
      },
      "properties": {
        "elevation_m": 1307.173583984375,
        "kind": "tree"
      }
    },
    {
      "type": "Feature",
      "geometry": {
        "type": "Point",
        "coordinates": [
          1685.123377320706,
          2801.153250819448
        ]
      },
      "properties": {
        "elevation_m": 1266.156494140625,
        "kind": "tree"
      }
    },
    {
      "type": "Feature",
      "geometry": {
        "type": "Point",
        "coordinates": [
          1585.3229695079388,
          2868.5317344453015
        ]
      },
      "properties": {
        "elevation_m": 1317.7701416015625,
        "kind": "tree"
      }
    },
    {
      "type": "Feature",
      "geometry": {
        "type": "Point",
        "coordinates": [
          1607.6340969417984,
          2873.7091534570977
        ]
      },
      "properties": {
        "elevation_m": 1295.963623046875,
        "kind": "tree"
      }
    },
    {
      "type": "Feature",
      "geometry": {
        "type": "Point",
        "coordinates": [
          1554.7075105074264,
          2904.895400734391
        ]
      },
      "properties": {
        "elevation_m": 1343.5494384765625,
        "kind": "tree"
      }
    },
    {
      "type": "Feature",
      "geometry": {
        "type": "Point",
        "coordinates": [
          1545.7702663976102,
          2819.6172135051543
        ]
      },
      "properties": {
        "elevation_m": 1345.84765625,
        "kind": "tree"
      }
    },
    {
      "type": "Feature",
      "geometry": {
        "type": "Point",
        "coordinates": [
          1803.7973236475887,
          2793.6927696262364
        ]
      },
      "properties": {
        "elevation_m": 1201.6505126953125,
        "kind": "tree"
      }
    },
    {
      "type": "Feature",
      "geometry": {
        "type": "Point",
        "coordinates": [
          1834.6199959380037,
          2776.1846186812363
        ]
      },
      "properties": {
        "elevation_m": 1187.7335205078125,
        "kind": "tree"
      }
    },
    {
      "type": "Feature",
      "geometry": {
        "type": "Point",
        "coordinates": [
          1991.730202723545,
          3191.8576138841336
        ]
      },
      "properties": {
        "elevation_m": 1251.4228515625,
        "kind": "tree"
      }
    },
    {
      "type": "Feature",
      "geometry": {
        "type": "Point",
        "coordinates": [
          2076.5945480427367,
          3138.6644799682917
        ]
      },
      "properties": {
        "elevation_m": 1224.9393310546875,
        "kind": "tree"
      }
    },
    {
      "type": "Feature",
      "geometry": {
        "type": "Point",
        "coordinates": [
          1986.991952286904,
          3196.430189207868
        ]
      },
      "properties": {
        "elevation_m": 1251.4228515625,
        "kind": "tree"
      }
    },
    {
      "type": "Feature",
      "geometry": {
        "type": "Point",
        "coordinates": [
          2059.3498197764734,
          3026.6364043249528
        ]
      },
      "properties": {
        "elevation_m": 1170.15185546875,
        "kind": "tree"
      }
    },
    {
      "type": "Feature",
      "geometry": {
        "type": "Point",
        "coordinates": [
          2219.1473327700805,
          2860.234127853108
        ]
      },
      "properties": {
        "elevation_m": 1134.642333984375,
        "kind": "tree"
      }
    },
    {
      "type": "Feature",
      "geometry": {
        "type": "Point",
        "coordinates": [
          2254.9767407125846,
          3113.3619644436376
        ]
      },
      "properties": {
        "elevation_m": 1273.4896240234375,
        "kind": "tree"
      }
    },
    {
      "type": "Feature",
      "geometry": {
        "type": "Point",
        "coordinates": [
          2171.9012593023185,
          2932.478836718402
        ]
      },
      "properties": {
        "elevation_m": 1154.859130859375,
        "kind": "tree"
      }
    },
    {
      "type": "Feature",
      "geometry": {
        "type": "Point",
        "coordinates": [
          2208.5993701803145,
          3109.0466272184112
        ]
      },
      "properties": {
        "elevation_m": 1237.01611328125,
        "kind": "tree"
      }
    },
    {
      "type": "Feature",
      "geometry": {
        "type": "Point",
        "coordinates": [
          2140.2345718797988,
          3097.884838421302
        ]
      },
      "properties": {
        "elevation_m": 1216.96337890625,
        "kind": "tree"
      }
    },
    {
      "type": "Feature",
      "geometry": {
        "type": "Point",
        "coordinates": [
          2110.340190597678,
          3069.1266869670635
        ]
      },
      "properties": {
        "elevation_m": 1200.823486328125,
        "kind": "tree"
      }
    },
    {
      "type": "Feature",
      "geometry": {
        "type": "Point",
        "coordinates": [
          2252.2417820801984,
          2793.1860686843784
        ]
      },
      "properties": {
        "elevation_m": 1105.4620361328125,
        "kind": "tree"
      }
    },
    {
      "type": "Feature",
      "geometry": {
        "type": "Point",
        "coordinates": [
          2090.3092642386514,
          3014.95002977678
        ]
      },
      "properties": {
        "elevation_m": 1172.2978515625,
        "kind": "tree"
      }
    },
    {
      "type": "Feature",
      "geometry": {
        "type": "Point",
        "coordinates": [
          2147.626913460674,
          3195.8406990485064
        ]
      },
      "properties": {
        "elevation_m": 1277.9298095703125,
        "kind": "tree"
      }
    },
    {
      "type": "Feature",
      "geometry": {
        "type": "Point",
        "coordinates": [
          2232.2244032596004,
          3198.0147979000603
        ]
      },
      "properties": {
        "elevation_m": 1303.40185546875,
        "kind": "tree"
      }
    },
    {
      "type": "Feature",
      "geometry": {
        "type": "Point",
        "coordinates": [
          2218.4424810182763,
          3275.7062300357343
        ]
      },
      "properties": {
        "elevation_m": 1319.8385009765625,
        "kind": "tree"
      }
    },
    {
      "type": "Feature",
      "geometry": {
        "type": "Point",
        "coordinates": [
          2107.305401805321,
          2997.9178816624635
        ]
      },
      "properties": {
        "elevation_m": 1164.57958984375,
        "kind": "tree"
      }
    },
    {
      "type": "Feature",
      "geometry": {
        "type": "Point",
        "coordinates": [
          2131.1723771463903,
          2909.040440827049
        ]
      },
      "properties": {
        "elevation_m": 1127.6290283203125,
        "kind": "tree"
      }
    },
    {
      "type": "Feature",
      "geometry": {
        "type": "Point",
        "coordinates": [
          2054.5103617482287,
          3127.8885432823886
        ]
      },
      "properties": {
        "elevation_m": 1219.844970703125,
        "kind": "tree"
      }
    },
    {
      "type": "Feature",
      "geometry": {
        "type": "Point",
        "coordinates": [
          2208.9773751495645,
          3218.36770185258
        ]
      },
      "properties": {
        "elevation_m": 1302.181884765625,
        "kind": "tree"
      }
    },
    {
      "type": "Feature",
      "geometry": {
        "type": "Point",
        "coordinates": [
          2278.510575008826,
          2792.914170283153
        ]
      },
      "properties": {
        "elevation_m": 1104.16552734375,
        "kind": "tree"
      }
    },
    {
      "type": "Feature",
      "geometry": {
        "type": "Point",
        "coordinates": [
          2187.880604722041,
          3021.055471160527
        ]
      },
      "properties": {
        "elevation_m": 1196.4036865234375,
        "kind": "tree"
      }
    },
    {
      "type": "Feature",
      "geometry": {
        "type": "Point",
        "coordinates": [
          2152.200375891672,
          2835.413146746087
        ]
      },
      "properties": {
        "elevation_m": 1100.7725830078125,
        "kind": "tree"
      }
    },
    {
      "type": "Feature",
      "geometry": {
        "type": "Point",
        "coordinates": [
          2272.770267147219,
          2863.1493992032733
        ]
      },
      "properties": {
        "elevation_m": 1135.765869140625,
        "kind": "tree"
      }
    },
    {
      "type": "Feature",
      "geometry": {
        "type": "Point",
        "coordinates": [
          2060.3464204457787,
          3029.159943331539
        ]
      },
      "properties": {
        "elevation_m": 1170.15185546875,
        "kind": "tree"
      }
    },
    {
      "type": "Feature",
      "geometry": {
        "type": "Point",
        "coordinates": [
          1877.1988480806965,
          3233.9786704057087
        ]
      },
      "properties": {
        "elevation_m": 1300.1396484375,
        "kind": "tree"
      }
    },
    {
      "type": "Feature",
      "geometry": {
        "type": "Point",
        "coordinates": [
          2007.8588440202423,
          3007.264925752802
        ]
      },
      "properties": {
        "elevation_m": 1182.601806640625,
        "kind": "tree"
      }
    },
    {
      "type": "Feature",
      "geometry": {
        "type": "Point",
        "coordinates": [
          1963.292204009691,
          3266.728105271237
        ]
      },
      "properties": {
        "elevation_m": 1295.00390625,
        "kind": "tree"
      }
    },
    {
      "type": "Feature",
      "geometry": {
        "type": "Point",
        "coordinates": [
          2092.560552248233,
          3023.697552674357
        ]
      },
      "properties": {
        "elevation_m": 1172.2978515625,
        "kind": "tree"
      }
    },
    {
      "type": "Feature",
      "geometry": {
        "type": "Point",
        "coordinates": [
          2267.428210842609,
          2997.781432497323
        ]
      },
      "properties": {
        "elevation_m": 1207.6575927734375,
        "kind": "tree"
      }
    },
    {
      "type": "Feature",
      "geometry": {
        "type": "Point",
        "coordinates": [
          2071.434401456106,
          2954.6729851178607
        ]
      },
      "properties": {
        "elevation_m": 1147.0555419921875,
        "kind": "tree"
      }
    },
    {
      "type": "Feature",
      "geometry": {
        "type": "Point",
        "coordinates": [
          2144.250389467467,
          2958.713403207159
        ]
      },
      "properties": {
        "elevation_m": 1155.5992431640625,
        "kind": "tree"
      }
    },
    {
      "type": "Feature",
      "geometry": {
        "type": "Point",
        "coordinates": [
          1921.1023152159262,
          3258.0850460318634
        ]
      },
      "properties": {
        "elevation_m": 1299.3387451171875,
        "kind": "tree"
      }
    },
    {
      "type": "Feature",
      "geometry": {
        "type": "Point",
        "coordinates": [
          2221.1166583472527,
          3017.1604203981096
        ]
      },
      "properties": {
        "elevation_m": 1207.90625,
        "kind": "tree"
      }
    },
    {
      "type": "Feature",
      "geometry": {
        "type": "Point",
        "coordinates": [
          2245.4808809847773,
          2744.0016661522122
        ]
      },
      "properties": {
        "elevation_m": 1079.92138671875,
        "kind": "tree"
      }
    },
    {
      "type": "Feature",
      "geometry": {
        "type": "Point",
        "coordinates": [
          2202.625470633949,
          3195.0504690790162
        ]
      },
      "properties": {
        "elevation_m": 1290.880615234375,
        "kind": "tree"
      }
    },
    {
      "type": "Feature",
      "geometry": {
        "type": "Point",
        "coordinates": [
          2053.75982910133,
          3145.86838992483
        ]
      },
      "properties": {
        "elevation_m": 1229.6361083984375,
        "kind": "tree"
      }
    },
    {
      "type": "Feature",
      "geometry": {
        "type": "Point",
        "coordinates": [
          1913.1851881557548,
          3119.9432068417
        ]
      },
      "properties": {
        "elevation_m": 1259.2431640625,
        "kind": "tree"
      }
    },
    {
      "type": "Feature",
      "geometry": {
        "type": "Point",
        "coordinates": [
          2263.6594115972753,
          2854.884003030377
        ]
      },
      "properties": {
        "elevation_m": 1140.6365966796875,
        "kind": "tree"
      }
    },
    {
      "type": "Feature",
      "geometry": {
        "type": "Point",
        "coordinates": [
          2275.9104574678963,
          2913.9345208080053
        ]
      },
      "properties": {
        "elevation_m": 1161.10986328125,
        "kind": "tree"
      }
    },
    {
      "type": "Feature",
      "geometry": {
        "type": "Point",
        "coordinates": [
          2135.6016660846853,
          2894.9890352510315
        ]
      },
      "properties": {
        "elevation_m": 1117.3416748046875,
        "kind": "tree"
      }
    },
    {
      "type": "Feature",
      "geometry": {
        "type": "Point",
        "coordinates": [
          2255.9995443897424,
          2865.8538539802557
        ]
      },
      "properties": {
        "elevation_m": 1140.6365966796875,
        "kind": "tree"
      }
    },
    {
      "type": "Feature",
      "geometry": {
        "type": "Point",
        "coordinates": [
          2299.7605524313344,
          3111.5272565694213
        ]
      },
      "properties": {
        "elevation_m": 1279.688232421875,
        "kind": "tree"
      }
    },
    {
      "type": "Feature",
      "geometry": {
        "type": "Point",
        "coordinates": [
          2173.0854410129446,
          3200.6384032754063
        ]
      },
      "properties": {
        "elevation_m": 1285.162841796875,
        "kind": "tree"
      }
    },
    {
      "type": "Feature",
      "geometry": {
        "type": "Point",
        "coordinates": [
          1886.616055522438,
          3277.2648967026644
        ]
      },
      "properties": {
        "elevation_m": 1308.301513671875,
        "kind": "tree"
      }
    },
    {
      "type": "Feature",
      "geometry": {
        "type": "Point",
        "coordinates": [
          2248.676792142347,
          2985.471331534387
        ]
      },
      "properties": {
        "elevation_m": 1201.6905517578125,
        "kind": "tree"
      }
    },
    {
      "type": "Feature",
      "geometry": {
        "type": "Point",
        "coordinates": [
          2285.3847268603326,
          3159.0310577097453
        ]
      },
      "properties": {
        "elevation_m": 1310.2293701171875,
        "kind": "tree"
      }
    },
    {
      "type": "Feature",
      "geometry": {
        "type": "Point",
        "coordinates": [
          1917.9680376995213,
          3125.5902037481856
        ]
      },
      "properties": {
        "elevation_m": 1259.2431640625,
        "kind": "tree"
      }
    },
    {
      "type": "Feature",
      "geometry": {
        "type": "Point",
        "coordinates": [
          2186.963597855246,
          3205.4912110421
        ]
      },
      "properties": {
        "elevation_m": 1285.162841796875,
        "kind": "tree"
      }
    },
    {
      "type": "Feature",
      "geometry": {
        "type": "Point",
        "coordinates": [
          1862.0798166106688,
          3232.123423349771
        ]
      },
      "properties": {
        "elevation_m": 1306.877197265625,
        "kind": "tree"
      }
    },
    {
      "type": "Feature",
      "geometry": {
        "type": "Point",
        "coordinates": [
          2296.099593851671,
          2944.7910156800212
        ]
      },
      "properties": {
        "elevation_m": 1174.6971435546875,
        "kind": "tree"
      }
    },
    {
      "type": "Feature",
      "geometry": {
        "type": "Point",
        "coordinates": [
          2206.4187837512018,
          3166.4386044770276
        ]
      },
      "properties": {
        "elevation_m": 1280.9439697265625,
        "kind": "tree"
      }
    },
    {
      "type": "Feature",
      "geometry": {
        "type": "Point",
        "coordinates": [
          2161.9592389237982,
          3037.9315743863817
        ]
      },
      "properties": {
        "elevation_m": 1192.6204833984375,
        "kind": "tree"
      }
    },
    {
      "type": "Feature",
      "geometry": {
        "type": "Point",
        "coordinates": [
          1975.1631281342945,
          3281.644889472257
        ]
      },
      "properties": {
        "elevation_m": 1309.9232177734375,
        "kind": "tree"
      }
    },
    {
      "type": "Feature",
      "geometry": {
        "type": "Point",
        "coordinates": [
          1967.2154509832537,
          3185.4366585699854
        ]
      },
      "properties": {
        "elevation_m": 1248.1522216796875,
        "kind": "tree"
      }
    },
    {
      "type": "Feature",
      "geometry": {
        "type": "Point",
        "coordinates": [
          2186.7358302364855,
          3281.712303580937
        ]
      },
      "properties": {
        "elevation_m": 1315.690185546875,
        "kind": "tree"
      }
    },
    {
      "type": "Feature",
      "geometry": {
        "type": "Point",
        "coordinates": [
          2037.1130844063246,
          3056.2070446435914
        ]
      },
      "properties": {
        "elevation_m": 1183.5733642578125,
        "kind": "tree"
      }
    },
    {
      "type": "Feature",
      "geometry": {
        "type": "Point",
        "coordinates": [
          2255.383703143667,
          2753.6216469019237
        ]
      },
      "properties": {
        "elevation_m": 1081.051513671875,
        "kind": "tree"
      }
    },
    {
      "type": "Feature",
      "geometry": {
        "type": "Point",
        "coordinates": [
          1875.0242366626787,
          3243.6923608517354
        ]
      },
      "properties": {
        "elevation_m": 1303.1195068359375,
        "kind": "tree"
      }
    },
    {
      "type": "Feature",
      "geometry": {
        "type": "Point",
        "coordinates": [
          2206.50821953166,
          2958.5463853700535
        ]
      },
      "properties": {
        "elevation_m": 1183.2083740234375,
        "kind": "tree"
      }
    },
    {
      "type": "Feature",
      "geometry": {
        "type": "Point",
        "coordinates": [
          1897.9873416781475,
          3140.9754998350763
        ]
      },
      "properties": {
        "elevation_m": 1271.4586181640625,
        "kind": "tree"
      }
    },
    {
      "type": "Feature",
      "geometry": {
        "type": "Point",
        "coordinates": [
          1935.660723959364,
          3138.9777576291604
        ]
      },
      "properties": {
        "elevation_m": 1256.15283203125,
        "kind": "tree"
      }
    },
    {
      "type": "Feature",
      "geometry": {
        "type": "Point",
        "coordinates": [
          2042.584100361443,
          3067.5323284516003
        ]
      },
      "properties": {
        "elevation_m": 1190.437744140625,
        "kind": "tree"
      }
    },
    {
      "type": "Feature",
      "geometry": {
        "type": "Point",
        "coordinates": [
          2026.2219875441433,
          3011.450527827813
        ]
      },
      "properties": {
        "elevation_m": 1168.344482421875,
        "kind": "tree"
      }
    },
    {
      "type": "Feature",
      "geometry": {
        "type": "Point",
        "coordinates": [
          2032.7304924958091,
          3176.3434569434176
        ]
      },
      "properties": {
        "elevation_m": 1249.5062255859375,
        "kind": "tree"
      }
    },
    {
      "type": "Feature",
      "geometry": {
        "type": "Point",
        "coordinates": [
          2243.197066893284,
          3239.482233570874
        ]
      },
      "properties": {
        "elevation_m": 1317.3740234375,
        "kind": "tree"
      }
    },
    {
      "type": "Feature",
      "geometry": {
        "type": "Point",
        "coordinates": [
          1989.9705819821652,
          3053.1546227127274
        ]
      },
      "properties": {
        "elevation_m": 1199.39599609375,
        "kind": "tree"
      }
    },
    {
      "type": "Feature",
      "geometry": {
        "type": "Point",
        "coordinates": [
          2099.5753755934966,
          3302.4477926737613
        ]
      },
      "properties": {
        "elevation_m": 1318.7767333984375,
        "kind": "tree"
      }
    },
    {
      "type": "Feature",
      "geometry": {
        "type": "Point",
        "coordinates": [
          2138.555989943815,
          3181.4349359154417
        ]
      },
      "properties": {
        "elevation_m": 1269.0189208984375,
        "kind": "tree"
      }
    },
    {
      "type": "Feature",
      "geometry": {
        "type": "Point",
        "coordinates": [
          2170.8943036782466,
          3120.0187994535336
        ]
      },
      "properties": {
        "elevation_m": 1232.674072265625,
        "kind": "tree"
      }
    },
    {
      "type": "Feature",
      "geometry": {
        "type": "Point",
        "coordinates": [
          2262.477556033644,
          3078.339748854124
        ]
      },
      "properties": {
        "elevation_m": 1251.128173828125,
        "kind": "tree"
      }
    },
    {
      "type": "Feature",
      "geometry": {
        "type": "Point",
        "coordinates": [
          2275.5452256604376,
          3062.9887452625608
        ]
      },
      "properties": {
        "elevation_m": 1245.263916015625,
        "kind": "tree"
      }
    },
    {
      "type": "Feature",
      "geometry": {
        "type": "Point",
        "coordinates": [
          2133.518589221387,
          3012.862045540246
        ]
      },
      "properties": {
        "elevation_m": 1168.2872314453125,
        "kind": "tree"
      }
    },
    {
      "type": "Feature",
      "geometry": {
        "type": "Point",
        "coordinates": [
          2161.957228960736,
          3029.787643432444
        ]
      },
      "properties": {
        "elevation_m": 1192.6204833984375,
        "kind": "tree"
      }
    },
    {
      "type": "Feature",
      "geometry": {
        "type": "Point",
        "coordinates": [
          2194.5342550169817,
          2877.313644398554
        ]
      },
      "properties": {
        "elevation_m": 1131.7362060546875,
        "kind": "tree"
      }
    },
    {
      "type": "Feature",
      "geometry": {
        "type": "Point",
        "coordinates": [
          2290.312514235327,
          3161.5022904972816
        ]
      },
      "properties": {
        "elevation_m": 1310.2293701171875,
        "kind": "tree"
      }
    },
    {
      "type": "Feature",
      "geometry": {
        "type": "Point",
        "coordinates": [
          2152.730684288668,
          3215.6133948284464
        ]
      },
      "properties": {
        "elevation_m": 1283.624755859375,
        "kind": "tree"
      }
    },
    {
      "type": "Feature",
      "geometry": {
        "type": "Point",
        "coordinates": [
          2239.203294432634,
          3100.0451690400578
        ]
      },
      "properties": {
        "elevation_m": 1254.982421875,
        "kind": "tree"
      }
    },
    {
      "type": "Feature",
      "geometry": {
        "type": "Point",
        "coordinates": [
          2135.263132257339,
          3075.114995935384
        ]
      },
      "properties": {
        "elevation_m": 1203.9246826171875,
        "kind": "tree"
      }
    },
    {
      "type": "Feature",
      "geometry": {
        "type": "Point",
        "coordinates": [
          2142.9484512371164,
          2883.1659245006203
        ]
      },
      "properties": {
        "elevation_m": 1112.018310546875,
        "kind": "tree"
      }
    },
    {
      "type": "Feature",
      "geometry": {
        "type": "Point",
        "coordinates": [
          2274.5121822928795,
          3117.5004468615975
        ]
      },
      "properties": {
        "elevation_m": 1277.41064453125,
        "kind": "tree"
      }
    },
    {
      "type": "Feature",
      "geometry": {
        "type": "Point",
        "coordinates": [
          2065.4307408537,
          3166.2842809562485
        ]
      },
      "properties": {
        "elevation_m": 1240.87109375,
        "kind": "tree"
      }
    },
    {
      "type": "Feature",
      "geometry": {
        "type": "Point",
        "coordinates": [
          2308.1751155112916,
          2889.7481137568116
        ]
      },
      "properties": {
        "elevation_m": 1145.7376708984375,
        "kind": "tree"
      }
    },
    {
      "type": "Feature",
      "geometry": {
        "type": "Point",
        "coordinates": [
          2158.1623040421937,
          2921.433880227512
        ]
      },
      "properties": {
        "elevation_m": 1141.817626953125,
        "kind": "tree"
      }
    },
    {
      "type": "Feature",
      "geometry": {
        "type": "Point",
        "coordinates": [
          2107.378490925362,
          3009.065270994521
        ]
      },
      "properties": {
        "elevation_m": 1164.57958984375,
        "kind": "tree"
      }
    },
    {
      "type": "Feature",
      "geometry": {
        "type": "Point",
        "coordinates": [
          2301.4811122017722,
          2888.123304367664
        ]
      },
      "properties": {
        "elevation_m": 1145.7376708984375,
        "kind": "tree"
      }
    },
    {
      "type": "Feature",
      "geometry": {
        "type": "Point",
        "coordinates": [
          2126.9317204251074,
          2949.5529460755765
        ]
      },
      "properties": {
        "elevation_m": 1151.097900390625,
        "kind": "tree"
      }
    },
    {
      "type": "Feature",
      "geometry": {
        "type": "Point",
        "coordinates": [
          2121.7682310844198,
          2903.283714232806
        ]
      },
      "properties": {
        "elevation_m": 1126.2274169921875,
        "kind": "tree"
      }
    },
    {
      "type": "Feature",
      "geometry": {
        "type": "Point",
        "coordinates": [
          2138.703941583672,
          3219.682922829348
        ]
      },
      "properties": {
        "elevation_m": 1283.624755859375,
        "kind": "tree"
      }
    },
    {
      "type": "Feature",
      "geometry": {
        "type": "Point",
        "coordinates": [
          2261.55274830074,
          2731.887432364056
        ]
      },
      "properties": {
        "elevation_m": 1072.0283203125,
        "kind": "tree"
      }
    },
    {
      "type": "Feature",
      "geometry": {
        "type": "Point",
        "coordinates": [
          2089.364088178011,
          3129.019760222153
        ]
      },
      "properties": {
        "elevation_m": 1224.9393310546875,
        "kind": "tree"
      }
    },
    {
      "type": "Feature",
      "geometry": {
        "type": "Point",
        "coordinates": [
          2242.1101528818754,
          3095.8043898042997
        ]
      },
      "properties": {
        "elevation_m": 1254.982421875,
        "kind": "tree"
      }
    },
    {
      "type": "Feature",
      "geometry": {
        "type": "Point",
        "coordinates": [
          1943.8262058716991,
          3205.332991297184
        ]
      },
      "properties": {
        "elevation_m": 1263.979248046875,
        "kind": "tree"
      }
    },
    {
      "type": "Feature",
      "geometry": {
        "type": "Point",
        "coordinates": [
          2092.312972267901,
          3098.503745179533
        ]
      },
      "properties": {
        "elevation_m": 1211.27197265625,
        "kind": "tree"
      }
    },
    {
      "type": "Feature",
      "geometry": {
        "type": "Point",
        "coordinates": [
          2269.779538737826,
          3209.1511082922807
        ]
      },
      "properties": {
        "elevation_m": 1322.5662841796875,
        "kind": "tree"
      }
    },
    {
      "type": "Feature",
      "geometry": {
        "type": "Point",
        "coordinates": [
          2219.753291927156,
          2787.856260895714
        ]
      },
      "properties": {
        "elevation_m": 1103.797119140625,
        "kind": "tree"
      }
    },
    {
      "type": "Feature",
      "geometry": {
        "type": "Point",
        "coordinates": [
          2145.62132860052,
          3286.18034205223
        ]
      },
      "properties": {
        "elevation_m": 1312.8765869140625,
        "kind": "tree"
      }
    },
    {
      "type": "Feature",
      "geometry": {
        "type": "Point",
        "coordinates": [
          2313.0212184144125,
          2917.9215849298134
        ]
      },
      "properties": {
        "elevation_m": 1164.92578125,
        "kind": "tree"
      }
    },
    {
      "type": "Feature",
      "geometry": {
        "type": "Point",
        "coordinates": [
          2148.290079352099,
          3251.556490153715
        ]
      },
      "properties": {
        "elevation_m": 1298.5941162109375,
        "kind": "tree"
      }
    },
    {
      "type": "Feature",
      "geometry": {
        "type": "Point",
        "coordinates": [
          2117.1256511096335,
          3111.194361212627
        ]
      },
      "properties": {
        "elevation_m": 1222.3790283203125,
        "kind": "tree"
      }
    },
    {
      "type": "Feature",
      "geometry": {
        "type": "Point",
        "coordinates": [
          2155.0268672841908,
          3283.170808183133
        ]
      },
      "properties": {
        "elevation_m": 1313.91943359375,
        "kind": "tree"
      }
    },
    {
      "type": "Feature",
      "geometry": {
        "type": "Point",
        "coordinates": [
          2049.650362390749,
          3000.190406894388
        ]
      },
      "properties": {
        "elevation_m": 1164.5885009765625,
        "kind": "tree"
      }
    },
    {
      "type": "Feature",
      "geometry": {
        "type": "Point",
        "coordinates": [
          2164.064581273586,
          2928.688928337411
        ]
      },
      "properties": {
        "elevation_m": 1141.817626953125,
        "kind": "tree"
      }
    },
    {
      "type": "Feature",
      "geometry": {
        "type": "Point",
        "coordinates": [
          2154.534234070899,
          2865.7178899904716
        ]
      },
      "properties": {
        "elevation_m": 1105.4544677734375,
        "kind": "tree"
      }
    },
    {
      "type": "Feature",
      "geometry": {
        "type": "Point",
        "coordinates": [
          1949.7049838129378,
          3186.7678997324506
        ]
      },
      "properties": {
        "elevation_m": 1252.94384765625,
        "kind": "tree"
      }
    },
    {
      "type": "Feature",
      "geometry": {
        "type": "Point",
        "coordinates": [
          2006.6889973716482,
          3116.9956856421077
        ]
      },
      "properties": {
        "elevation_m": 1216.3409423828125,
        "kind": "tree"
      }
    },
    {
      "type": "Feature",
      "geometry": {
        "type": "Point",
        "coordinates": [
          1986.9135972213137,
          3270.0640320386246
        ]
      },
      "properties": {
        "elevation_m": 1293.0789794921875,
        "kind": "tree"
      }
    },
    {
      "type": "Feature",
      "geometry": {
        "type": "Point",
        "coordinates": [
          1951.8118445378338,
          3118.6250931349678
        ]
      },
      "properties": {
        "elevation_m": 1241.44775390625,
        "kind": "tree"
      }
    },
    {
      "type": "Feature",
      "geometry": {
        "type": "Point",
        "coordinates": [
          2043.3987721222907,
          3025.4799874698883
        ]
      },
      "properties": {
        "elevation_m": 1170.3310546875,
        "kind": "tree"
      }
    },
    {
      "type": "Feature",
      "geometry": {
        "type": "Point",
        "coordinates": [
          2125.1574059920613,
          3168.1624746832476
        ]
      },
      "properties": {
        "elevation_m": 1253.5548095703125,
        "kind": "tree"
      }
    },
    {
      "type": "Feature",
      "geometry": {
        "type": "Point",
        "coordinates": [
          2116.4649798064356,
          2868.1299853481305
        ]
      },
      "properties": {
        "elevation_m": 1111.6220703125,
        "kind": "tree"
      }
    },
    {
      "type": "Feature",
      "geometry": {
        "type": "Point",
        "coordinates": [
          1962.420233007872,
          3048.498106366349
        ]
      },
      "properties": {
        "elevation_m": 1209.3646240234375,
        "kind": "tree"
      }
    },
    {
      "type": "Feature",
      "geometry": {
        "type": "Point",
        "coordinates": [
          1944.8386332395607,
          3209.033068191152
        ]
      },
      "properties": {
        "elevation_m": 1264.5914306640625,
        "kind": "tree"
      }
    },
    {
      "type": "Feature",
      "geometry": {
        "type": "Point",
        "coordinates": [
          2265.02448365624,
          3143.7129304312803
        ]
      },
      "properties": {
        "elevation_m": 1296.305908203125,
        "kind": "tree"
      }
    },
    {
      "type": "Feature",
      "geometry": {
        "type": "Point",
        "coordinates": [
          2271.747876082414,
          3159.677085408367
        ]
      },
      "properties": {
        "elevation_m": 1307.4912109375,
        "kind": "tree"
      }
    },
    {
      "type": "Feature",
      "geometry": {
        "type": "Point",
        "coordinates": [
          2307.0348887936434,
          3081.3629940460087
        ]
      },
      "properties": {
        "elevation_m": 1260.1024169921875,
        "kind": "tree"
      }
    },
    {
      "type": "Feature",
      "geometry": {
        "type": "Point",
        "coordinates": [
          2229.4964160529767,
          3181.0227371229894
        ]
      },
      "properties": {
        "elevation_m": 1295.85205078125,
        "kind": "tree"
      }
    },
    {
      "type": "Feature",
      "geometry": {
        "type": "Point",
        "coordinates": [
          2253.489159241155,
          2852.836646225415
        ]
      },
      "properties": {
        "elevation_m": 1140.6365966796875,
        "kind": "tree"
      }
    },
    {
      "type": "Feature",
      "geometry": {
        "type": "Point",
        "coordinates": [
          2157.2213262736027,
          3310.531373532615
        ]
      },
      "properties": {
        "elevation_m": 1318.4908447265625,
        "kind": "tree"
      }
    },
    {
      "type": "Feature",
      "geometry": {
        "type": "Point",
        "coordinates": [
          2162.7141235223366,
          2910.817300976755
        ]
      },
      "properties": {
        "elevation_m": 1132.476806640625,
        "kind": "tree"
      }
    },
    {
      "type": "Feature",
      "geometry": {
        "type": "Point",
        "coordinates": [
          2067.7785434119173,
          3207.7027412631223
        ]
      },
      "properties": {
        "elevation_m": 1272.779296875,
        "kind": "tree"
      }
    },
    {
      "type": "Feature",
      "geometry": {
        "type": "Point",
        "coordinates": [
          2094.749088623229,
          3184.646261548432
        ]
      },
      "properties": {
        "elevation_m": 1257.7779541015625,
        "kind": "tree"
      }
    },
    {
      "type": "Feature",
      "geometry": {
        "type": "Point",
        "coordinates": [
          1992.693094349816,
          3056.2390653661623
        ]
      },
      "properties": {
        "elevation_m": 1193.1441650390625,
        "kind": "tree"
      }
    },
    {
      "type": "Feature",
      "geometry": {
        "type": "Point",
        "coordinates": [
          1926.5182980986938,
          3151.1522731284554
        ]
      },
      "properties": {
        "elevation_m": 1264.8035888671875,
        "kind": "tree"
      }
    },
    {
      "type": "Feature",
      "geometry": {
        "type": "Point",
        "coordinates": [
          2243.9258545824514,
          3233.5607199784563
        ]
      },
      "properties": {
        "elevation_m": 1317.3740234375,
        "kind": "tree"
      }
    },
    {
      "type": "Feature",
      "geometry": {
        "type": "Point",
        "coordinates": [
          2163.819127866919,
          2835.431689839035
        ]
      },
      "properties": {
        "elevation_m": 1103.8275146484375,
        "kind": "tree"
      }
    },
    {
      "type": "Feature",
      "geometry": {
        "type": "Point",
        "coordinates": [
          2223.6654591524016,
          3012.025470363001
        ]
      },
      "properties": {
        "elevation_m": 1203.19970703125,
        "kind": "tree"
      }
    },
    {
      "type": "Feature",
      "geometry": {
        "type": "Point",
        "coordinates": [
          2175.9697703945594,
          2841.4209110285956
        ]
      },
      "properties": {
        "elevation_m": 1109.9222412109375,
        "kind": "tree"
      }
    },
    {
      "type": "Feature",
      "geometry": {
        "type": "Point",
        "coordinates": [
          2077.478086972546,
          2982.932478626954
        ]
      },
      "properties": {
        "elevation_m": 1154.9490966796875,
        "kind": "tree"
      }
    },
    {
      "type": "Feature",
      "geometry": {
        "type": "Point",
        "coordinates": [
          2241.238695089579,
          2898.46168413125
        ]
      },
      "properties": {
        "elevation_m": 1152.75244140625,
        "kind": "tree"
      }
    },
    {
      "type": "Feature",
      "geometry": {
        "type": "Point",
        "coordinates": [
          3046.51315237398,
          2458.3024949614028
        ]
      },
      "properties": {
        "elevation_m": 908.05810546875,
        "kind": "tree"
      }
    },
    {
      "type": "Feature",
      "geometry": {
        "type": "Point",
        "coordinates": [
          3047.7165572500826,
          2476.7378579410724
        ]
      },
      "properties": {
        "elevation_m": 912.12548828125,
        "kind": "tree"
      }
    },
    {
      "type": "Feature",
      "geometry": {
        "type": "Point",
        "coordinates": [
          3045.8408341398776,
          2476.167253982504
        ]
      },
      "properties": {
        "elevation_m": 912.12548828125,
        "kind": "tree"
      }
    },
    {
      "type": "Feature",
      "geometry": {
        "type": "Point",
        "coordinates": [
          3039.916121735445,
          2490.47607276501
        ]
      },
      "properties": {
        "elevation_m": 912.4064331054688,
        "kind": "tree"
      }
    },
    {
      "type": "Feature",
      "geometry": {
        "type": "Point",
        "coordinates": [
          3013.588996623207,
          2581.422749072851
        ]
      },
      "properties": {
        "elevation_m": 936.2601928710938,
        "kind": "tree"
      }
    },
    {
      "type": "Feature",
      "geometry": {
        "type": "Point",
        "coordinates": [
          3021.419187950455,
          2606.8449177547536
        ]
      },
      "properties": {
        "elevation_m": 944.2434692382812,
        "kind": "tree"
      }
    },
    {
      "type": "Feature",
      "geometry": {
        "type": "Point",
        "coordinates": [
          3071.8540931931157,
          2328.3305021465553
        ]
      },
      "properties": {
        "elevation_m": 886.62841796875,
        "kind": "tree"
      }
    },
    {
      "type": "Feature",
      "geometry": {
        "type": "Point",
        "coordinates": [
          3122.6619252798178,
          2395.7728516497486
        ]
      },
      "properties": {
        "elevation_m": 903.95947265625,
        "kind": "tree"
      }
    },
    {
      "type": "Feature",
      "geometry": {
        "type": "Point",
        "coordinates": [
          3075.1003673256996,
          2564.5783278327553
        ]
      },
      "properties": {
        "elevation_m": 954.2927856445312,
        "kind": "tree"
      }
    },
    {
      "type": "Feature",
      "geometry": {
        "type": "Point",
        "coordinates": [
          3183.9401073447143,
          2438.8481290678333
        ]
      },
      "properties": {
        "elevation_m": 940.5286865234375,
        "kind": "tree"
      }
    },
    {
      "type": "Feature",
      "geometry": {
        "type": "Point",
        "coordinates": [
          3073.291130582872,
          2586.237296969822
        ]
      },
      "properties": {
        "elevation_m": 960.08740234375,
        "kind": "tree"
      }
    },
    {
      "type": "Feature",
      "geometry": {
        "type": "Point",
        "coordinates": [
          3109.8170423465344,
          2456.371058651263
        ]
      },
      "properties": {
        "elevation_m": 920.0253295898438,
        "kind": "tree"
      }
    },
    {
      "type": "Feature",
      "geometry": {
        "type": "Point",
        "coordinates": [
          3184.504169642057,
          2498.8068352526925
        ]
      },
      "properties": {
        "elevation_m": 961.585693359375,
        "kind": "tree"
      }
    },
    {
      "type": "Feature",
      "geometry": {
        "type": "Point",
        "coordinates": [
          3156.034353357645,
          2509.8576626231047
        ]
      },
      "properties": {
        "elevation_m": 949.8184204101562,
        "kind": "tree"
      }
    },
    {
      "type": "Feature",
      "geometry": {
        "type": "Point",
        "coordinates": [
          3177.442767398339,
          2451.6329552189786
        ]
      },
      "properties": {
        "elevation_m": 944.0040283203125,
        "kind": "tree"
      }
    },
    {
      "type": "Feature",
      "geometry": {
        "type": "Point",
        "coordinates": [
          3182.3374105878993,
          2429.9578810110793
        ]
      },
      "properties": {
        "elevation_m": 936.7344360351562,
        "kind": "tree"
      }
    },
    {
      "type": "Feature",
      "geometry": {
        "type": "Point",
        "coordinates": [
          3190.666807564421,
          2414.6488218870204
        ]
      },
      "properties": {
        "elevation_m": 936.7344360351562,
        "kind": "tree"
      }
    },
    {
      "type": "Feature",
      "geometry": {
        "type": "Point",
        "coordinates": [
          3195.8722932284236,
          2386.839185396461
        ]
      },
      "properties": {
        "elevation_m": 933.7129516601562,
        "kind": "tree"
      }
    },
    {
      "type": "Feature",
      "geometry": {
        "type": "Point",
        "coordinates": [
          3137.347875056699,
          2354.6317397653074
        ]
      },
      "properties": {
        "elevation_m": 898.140869140625,
        "kind": "tree"
      }
    },
    {
      "type": "Feature",
      "geometry": {
        "type": "Point",
        "coordinates": [
          3186.4730095733403,
          2453.077905807093
        ]
      },
      "properties": {
        "elevation_m": 944.0040283203125,
        "kind": "tree"
      }
    },
    {
      "type": "Feature",
      "geometry": {
        "type": "Point",
        "coordinates": [
          3112.778234424641,
          2563.4061449999144
        ]
      },
      "properties": {
        "elevation_m": 970.9542236328125,
        "kind": "tree"
      }
    },
    {
      "type": "Feature",
      "geometry": {
        "type": "Point",
        "coordinates": [
          3129.148482675947,
          2511.3217689484727
        ]
      },
      "properties": {
        "elevation_m": 951.9209594726562,
        "kind": "tree"
      }
    },
    {
      "type": "Feature",
      "geometry": {
        "type": "Point",
        "coordinates": [
          3246.7250083320996,
          2422.5123919036496
        ]
      },
      "properties": {
        "elevation_m": 958.0464477539062,
        "kind": "tree"
      }
    },
    {
      "type": "Feature",
      "geometry": {
        "type": "Point",
        "coordinates": [
          3156.8862299171183,
          2463.8254427151937
        ]
      },
      "properties": {
        "elevation_m": 937.0665283203125,
        "kind": "tree"
      }
    },
    {
      "type": "Feature",
      "geometry": {
        "type": "Point",
        "coordinates": [
          3124.2293228664357,
          2495.024380533583
        ]
      },
      "properties": {
        "elevation_m": 939.9463500976562,
        "kind": "tree"
      }
    },
    {
      "type": "Feature",
      "geometry": {
        "type": "Point",
        "coordinates": [
          3117.659805987197,
          2618.8991077060828
        ]
      },
      "properties": {
        "elevation_m": 984.5015258789062,
        "kind": "tree"
      }
    },
    {
      "type": "Feature",
      "geometry": {
        "type": "Point",
        "coordinates": [
          3140.74379810034,
          2403.2277331422943
        ]
      },
      "properties": {
        "elevation_m": 914.4046630859375,
        "kind": "tree"
      }
    },
    {
      "type": "Feature",
      "geometry": {
        "type": "Point",
        "coordinates": [
          3080.338812900313,
          2532.694290203079
        ]
      },
      "properties": {
        "elevation_m": 945.9380493164062,
        "kind": "tree"
      }
    },
    {
      "type": "Feature",
      "geometry": {
        "type": "Point",
        "coordinates": [
          3088.0201066450277,
          2647.504405770182
        ]
      },
      "properties": {
        "elevation_m": 979.6507568359375,
        "kind": "tree"
      }
    },
    {
      "type": "Feature",
      "geometry": {
        "type": "Point",
        "coordinates": [
          3124.8445192144254,
          2508.0082449452702
        ]
      },
      "properties": {
        "elevation_m": 939.9463500976562,
        "kind": "tree"
      }
    },
    {
      "type": "Feature",
      "geometry": {
        "type": "Point",
        "coordinates": [
          3198.7324800511287,
          2481.6320897671453
        ]
      },
      "properties": {
        "elevation_m": 961.3394775390625,
        "kind": "tree"
      }
    },
    {
      "type": "Feature",
      "geometry": {
        "type": "Point",
        "coordinates": [
          3085.9539214486745,
          2490.703445219717
        ]
      },
      "properties": {
        "elevation_m": 924.3875122070312,
        "kind": "tree"
      }
    },
    {
      "type": "Feature",
      "geometry": {
        "type": "Point",
        "coordinates": [
          3041.9049037489995,
          2824.2010803194453
        ]
      },
      "properties": {
        "elevation_m": 1034.95556640625,
        "kind": "tree"
      }
    },
    {
      "type": "Feature",
      "geometry": {
        "type": "Point",
        "coordinates": [
          3061.478795784851,
          2720.4730366712724
        ]
      },
      "properties": {
        "elevation_m": 982.8619995117188,
        "kind": "tree"
      }
    },
    {
      "type": "Feature",
      "geometry": {
        "type": "Point",
        "coordinates": [
          3053.68038651318,
          2748.1219893926764
        ]
      },
      "properties": {
        "elevation_m": 997.5390625,
        "kind": "tree"
      }
    },
    {
      "type": "Feature",
      "geometry": {
        "type": "Point",
        "coordinates": [
          3046.9154448449494,
          2784.550872649954
        ]
      },
      "properties": {
        "elevation_m": 1012.3952026367188,
        "kind": "tree"
      }
    },
    {
      "type": "Feature",
      "geometry": {
        "type": "Point",
        "coordinates": [
          3286.8092646872115,
          2714.6583111841855
        ]
      },
      "properties": {
        "elevation_m": 989.4817504882812,
        "kind": "tree"
      }
    },
    {
      "type": "Feature",
      "geometry": {
        "type": "Point",
        "coordinates": [
          3310.089322474758,
          2721.236826982901
        ]
      },
      "properties": {
        "elevation_m": 987.03662109375,
        "kind": "tree"
      }
    },
    {
      "type": "Feature",
      "geometry": {
        "type": "Point",
        "coordinates": [
          3441.86872008337,
          2716.405543830968
        ]
      },
      "properties": {
        "elevation_m": 990.6279296875,
        "kind": "tree"
      }
    },
    {
      "type": "Feature",
      "geometry": {
        "type": "Point",
        "coordinates": [
          3436.362383078911,
          2691.6984459547843
        ]
      },
      "properties": {
        "elevation_m": 989.2112426757812,
        "kind": "tree"
      }
    },
    {
      "type": "Feature",
      "geometry": {
        "type": "Point",
        "coordinates": [
          3244.8178283133616,
          2365.8275822107853
        ]
      },
      "properties": {
        "elevation_m": 941.5048828125,
        "kind": "tree"
      }
    },
    {
      "type": "Feature",
      "geometry": {
        "type": "Point",
        "coordinates": [
          3235.4312728195237,
          2256.1056730324194
        ]
      },
      "properties": {
        "elevation_m": 913.4273071289062,
        "kind": "tree"
      }
    },
    {
      "type": "Feature",
      "geometry": {
        "type": "Point",
        "coordinates": [
          3259.3230405855356,
          2322.5107763488945
        ]
      },
      "properties": {
        "elevation_m": 944.7938842773438,
        "kind": "tree"
      }
    },
    {
      "type": "Feature",
      "geometry": {
        "type": "Point",
        "coordinates": [
          3240.370330344248,
          2361.9620602929335
        ]
      },
      "properties": {
        "elevation_m": 940.0595092773438,
        "kind": "tree"
      }
    },
    {
      "type": "Feature",
      "geometry": {
        "type": "Point",
        "coordinates": [
          3269.2715496517467,
          2375.053297577427
        ]
      },
      "properties": {
        "elevation_m": 949.4132690429688,
        "kind": "tree"
      }
    },
    {
      "type": "Feature",
      "geometry": {
        "type": "Point",
        "coordinates": [
          3262.2702201008096,
          2375.795726474459
        ]
      },
      "properties": {
        "elevation_m": 949.4132690429688,
        "kind": "tree"
      }
    },
    {
      "type": "Feature",
      "geometry": {
        "type": "Point",
        "coordinates": [
          3264.5076044574253,
          2308.2680460165693
        ]
      },
      "properties": {
        "elevation_m": 942.5181274414062,
        "kind": "tree"
      }
    },
    {
      "type": "Feature",
      "geometry": {
        "type": "Point",
        "coordinates": [
          4148.270849715304,
          3090.8992625476953
        ]
      },
      "properties": {
        "elevation_m": 844.279541015625,
        "kind": "tree"
      }
    },
    {
      "type": "Feature",
      "geometry": {
        "type": "Point",
        "coordinates": [
          2147.8282329598937,
          573.7476237926998
        ]
      },
      "properties": {
        "elevation_m": 846.2239379882812,
        "kind": "tree"
      }
    },
    {
      "type": "Feature",
      "geometry": {
        "type": "Point",
        "coordinates": [
          1982.911474993064,
          1334.719139963718
        ]
      },
      "properties": {
        "elevation_m": 930.0421142578125,
        "kind": "tree"
      }
    },
    {
      "type": "Feature",
      "geometry": {
        "type": "Point",
        "coordinates": [
          1352.8915677664966,
          2207.056038727716
        ]
      },
      "properties": {
        "elevation_m": 1132.4984130859375,
        "kind": "tree"
      }
    },
    {
      "type": "Feature",
      "geometry": {
        "type": "Point",
        "coordinates": [
          829.6172201480355,
          828.0504846841238
        ]
      },
      "properties": {
        "elevation_m": 1081.1761474609375,
        "kind": "tree"
      }
    },
    {
      "type": "Feature",
      "geometry": {
        "type": "Point",
        "coordinates": [
          1277.0819366847477,
          1297.9092851765204
        ]
      },
      "properties": {
        "elevation_m": 1086.1123046875,
        "kind": "tree"
      }
    },
    {
      "type": "Feature",
      "geometry": {
        "type": "Point",
        "coordinates": [
          832.1490247029966,
          2283.3611181335614
        ]
      },
      "properties": {
        "elevation_m": 1353.676025390625,
        "kind": "tree"
      }
    },
    {
      "type": "Feature",
      "geometry": {
        "type": "Point",
        "coordinates": [
          3120.469276918575,
          2056.242625752845
        ]
      },
      "properties": {
        "elevation_m": 879.075439453125,
        "kind": "tree"
      }
    },
    {
      "type": "Feature",
      "geometry": {
        "type": "Point",
        "coordinates": [
          3933.677622033998,
          751.5436638491045
        ]
      },
      "properties": {
        "elevation_m": 618.7088012695312,
        "kind": "tree"
      }
    },
    {
      "type": "Feature",
      "geometry": {
        "type": "Point",
        "coordinates": [
          685.5819970358872,
          3257.4410963348128
        ]
      },
      "properties": {
        "elevation_m": 1253.61376953125,
        "kind": "tree"
      }
    },
    {
      "type": "Feature",
      "geometry": {
        "type": "Point",
        "coordinates": [
          2932.5394235006543,
          1232.9799355461068
        ]
      },
      "properties": {
        "elevation_m": 795.5787353515625,
        "kind": "tree"
      }
    },
    {
      "type": "Feature",
      "geometry": {
        "type": "Point",
        "coordinates": [
          3105.8948402635388,
          453.2006611161687
        ]
      },
      "properties": {
        "elevation_m": 753.4566040039062,
        "kind": "tree"
      }
    },
    {
      "type": "Feature",
      "geometry": {
        "type": "Point",
        "coordinates": [
          1931.9068128763759,
          1236.130029798765
        ]
      },
      "properties": {
        "elevation_m": 918.2135620117188,
        "kind": "tree"
      }
    },
    {
      "type": "Feature",
      "geometry": {
        "type": "Point",
        "coordinates": [
          4034.506506781845,
          2646.263535030609
        ]
      },
      "properties": {
        "elevation_m": 828.1246337890625,
        "kind": "tree"
      }
    },
    {
      "type": "Feature",
      "geometry": {
        "type": "Point",
        "coordinates": [
          1781.7898078435808,
          577.6670870482388
        ]
      },
      "properties": {
        "elevation_m": 887.4473266601562,
        "kind": "tree"
      }
    },
    {
      "type": "Feature",
      "geometry": {
        "type": "Point",
        "coordinates": [
          4244.934294311505,
          1186.482143365067
        ]
      },
      "properties": {
        "elevation_m": 570.3919067382812,
        "kind": "tree"
      }
    },
    {
      "type": "Feature",
      "geometry": {
        "type": "Point",
        "coordinates": [
          1425.2524384202366,
          3402.961010183778
        ]
      },
      "properties": {
        "elevation_m": 1105.514892578125,
        "kind": "tree"
      }
    },
    {
      "type": "Feature",
      "geometry": {
        "type": "Point",
        "coordinates": [
          62.28818627646094,
          2597.6121750524358
        ]
      },
      "properties": {
        "elevation_m": 1563.8994140625,
        "kind": "tree"
      }
    },
    {
      "type": "Feature",
      "geometry": {
        "type": "Point",
        "coordinates": [
          2311.7970789740766,
          1920.6286367841028
        ]
      },
      "properties": {
        "elevation_m": 1050.4915771484375,
        "kind": "tree"
      }
    },
    {
      "type": "Feature",
      "geometry": {
        "type": "Point",
        "coordinates": [
          2604.927997736874,
          2410.6104837883718
        ]
      },
      "properties": {
        "elevation_m": 945.47509765625,
        "kind": "tree"
      }
    },
    {
      "type": "Feature",
      "geometry": {
        "type": "Point",
        "coordinates": [
          3923.277550243527,
          3007.242791352611
        ]
      },
      "properties": {
        "elevation_m": 949.3527221679688,
        "kind": "tree"
      }
    },
    {
      "type": "Feature",
      "geometry": {
        "type": "Point",
        "coordinates": [
          2567.2802552881953,
          3471.2468920340602
        ]
      },
      "properties": {
        "elevation_m": 1226.6607666015625,
        "kind": "tree"
      }
    },
    {
      "type": "Feature",
      "geometry": {
        "type": "Point",
        "coordinates": [
          2712.3808848557696,
          3388.8670132580014
        ]
      },
      "properties": {
        "elevation_m": 1199.2244873046875,
        "kind": "tree"
      }
    },
    {
      "type": "Feature",
      "geometry": {
        "type": "Point",
        "coordinates": [
          1671.3728686094187,
          2010.861573522916
        ]
      },
      "properties": {
        "elevation_m": 1147.9481201171875,
        "kind": "tree"
      }
    },
    {
      "type": "Feature",
      "geometry": {
        "type": "Point",
        "coordinates": [
          3297.656491921437,
          892.1738380933891
        ]
      },
      "properties": {
        "elevation_m": 744.8214721679688,
        "kind": "tree"
      }
    },
    {
      "type": "Feature",
      "geometry": {
        "type": "Point",
        "coordinates": [
          1099.357446017414,
          2872.2330752484277
        ]
      },
      "properties": {
        "elevation_m": 1370.131103515625,
        "kind": "tree"
      }
    },
    {
      "type": "Feature",
      "geometry": {
        "type": "Point",
        "coordinates": [
          2974.9993296976527,
          3407.236351181624
        ]
      },
      "properties": {
        "elevation_m": 1141.28857421875,
        "kind": "tree"
      }
    },
    {
      "type": "Feature",
      "geometry": {
        "type": "Point",
        "coordinates": [
          1555.1139044233935,
          1339.3930475466057
        ]
      },
      "properties": {
        "elevation_m": 1019.576171875,
        "kind": "tree"
      }
    },
    {
      "type": "Feature",
      "geometry": {
        "type": "Point",
        "coordinates": [
          1028.6112676475475,
          51.25740955548982
        ]
      },
      "properties": {
        "elevation_m": 953.3527221679688,
        "kind": "tree"
      }
    },
    {
      "type": "Feature",
      "geometry": {
        "type": "Point",
        "coordinates": [
          3968.026867347109,
          209.39570659014993
        ]
      },
      "properties": {
        "elevation_m": 601.8054809570312,
        "kind": "tree"
      }
    },
    {
      "type": "Feature",
      "geometry": {
        "type": "Point",
        "coordinates": [
          836.5102031683941,
          2869.6006033388976
        ]
      },
      "properties": {
        "elevation_m": 1391.9962158203125,
        "kind": "tree"
      }
    },
    {
      "type": "Feature",
      "geometry": {
        "type": "Point",
        "coordinates": [
          3650.094049175121,
          287.16253393608145
        ]
      },
      "properties": {
        "elevation_m": 669.6339721679688,
        "kind": "tree"
      }
    },
    {
      "type": "Feature",
      "geometry": {
        "type": "Point",
        "coordinates": [
          2286.50135350024,
          1946.426078072233
        ]
      },
      "properties": {
        "elevation_m": 1065.31201171875,
        "kind": "tree"
      }
    },
    {
      "type": "Feature",
      "geometry": {
        "type": "Point",
        "coordinates": [
          3251.9176136635842,
          206.1777129917627
        ]
      },
      "properties": {
        "elevation_m": 713.7407836914062,
        "kind": "tree"
      }
    },
    {
      "type": "Feature",
      "geometry": {
        "type": "Point",
        "coordinates": [
          423.9822654858648,
          2223.183969259652
        ]
      },
      "properties": {
        "elevation_m": 1518.0299072265625,
        "kind": "tree"
      }
    },
    {
      "type": "Feature",
      "geometry": {
        "type": "Point",
        "coordinates": [
          504.3170278883126,
          275.1251021599586
        ]
      },
      "properties": {
        "elevation_m": 1091.4835205078125,
        "kind": "tree"
      }
    },
    {
      "type": "Feature",
      "geometry": {
        "type": "Point",
        "coordinates": [
          1505.832484278069,
          2104.523819765655
        ]
      },
      "properties": {
        "elevation_m": 1119.730712890625,
        "kind": "tree"
      }
    },
    {
      "type": "Feature",
      "geometry": {
        "type": "Point",
        "coordinates": [
          3958.6666246615528,
          1274.2624283942132
        ]
      },
      "properties": {
        "elevation_m": 685.5109252929688,
        "kind": "tree"
      }
    },
    {
      "type": "Feature",
      "geometry": {
        "type": "Point",
        "coordinates": [
          4126.853138905098,
          3072.5611032268334
        ]
      },
      "properties": {
        "elevation_m": 852.7493286132812,
        "kind": "tree"
      }
    },
    {
      "type": "Feature",
      "geometry": {
        "type": "Point",
        "coordinates": [
          591.3601701363816,
          813.732314342741
        ]
      },
      "properties": {
        "elevation_m": 1084.3114013671875,
        "kind": "tree"
      }
    },
    {
      "type": "Feature",
      "geometry": {
        "type": "Point",
        "coordinates": [
          1161.1922358735576,
          1812.941956197096
        ]
      },
      "properties": {
        "elevation_m": 1191.3177490234375,
        "kind": "tree"
      }
    },
    {
      "type": "Feature",
      "geometry": {
        "type": "Point",
        "coordinates": [
          2773.4930890945975,
          1311.781793438101
        ]
      },
      "properties": {
        "elevation_m": 803.8721313476562,
        "kind": "tree"
      }
    },
    {
      "type": "Feature",
      "geometry": {
        "type": "Point",
        "coordinates": [
          3988.9270024502684,
          851.267112680465
        ]
      },
      "properties": {
        "elevation_m": 604.773681640625,
        "kind": "tree"
      }
    },
    {
      "type": "Feature",
      "geometry": {
        "type": "Point",
        "coordinates": [
          108.94688831870968,
          1043.2730640980965
        ]
      },
      "properties": {
        "elevation_m": 1142.544921875,
        "kind": "tree"
      }
    },
    {
      "type": "Feature",
      "geometry": {
        "type": "Point",
        "coordinates": [
          3539.0010940583425,
          937.0908326645553
        ]
      },
      "properties": {
        "elevation_m": 706.228759765625,
        "kind": "tree"
      }
    },
    {
      "type": "Feature",
      "geometry": {
        "type": "Point",
        "coordinates": [
          314.8488942771004,
          2764.5154227184407
        ]
      },
      "properties": {
        "elevation_m": 1526.7554931640625,
        "kind": "tree"
      }
    },
    {
      "type": "Feature",
      "geometry": {
        "type": "Point",
        "coordinates": [
          3854.076653628823,
          248.44209535914644
        ]
      },
      "properties": {
        "elevation_m": 607.8096923828125,
        "kind": "tree"
      }
    },
    {
      "type": "Feature",
      "geometry": {
        "type": "Point",
        "coordinates": [
          466.0705000095901,
          1496.4018083966996
        ]
      },
      "properties": {
        "elevation_m": 1279.412841796875,
        "kind": "tree"
      }
    },
    {
      "type": "Feature",
      "geometry": {
        "type": "Point",
        "coordinates": [
          1889.5176042975238,
          322.38851630663487
        ]
      },
      "properties": {
        "elevation_m": 882.3450317382812,
        "kind": "tree"
      }
    },
    {
      "type": "Feature",
      "geometry": {
        "type": "Point",
        "coordinates": [
          2025.831813471093,
          2641.0859481862203
        ]
      },
      "properties": {
        "elevation_m": 1134.4957275390625,
        "kind": "tree"
      }
    },
    {
      "type": "Feature",
      "geometry": {
        "type": "Point",
        "coordinates": [
          3883.840485123475,
          1624.3725768670297
        ]
      },
      "properties": {
        "elevation_m": 747.1162719726562,
        "kind": "tree"
      }
    },
    {
      "type": "Feature",
      "geometry": {
        "type": "Point",
        "coordinates": [
          1135.603867051812,
          1147.0704486295926
        ]
      },
      "properties": {
        "elevation_m": 1157.1900634765625,
        "kind": "tree"
      }
    },
    {
      "type": "Feature",
      "geometry": {
        "type": "Point",
        "coordinates": [
          741.8783153005492,
          686.7565853825014
        ]
      },
      "properties": {
        "elevation_m": 1036.579345703125,
        "kind": "tree"
      }
    },
    {
      "type": "Feature",
      "geometry": {
        "type": "Point",
        "coordinates": [
          4063.906679394027,
          3234.8913320053903
        ]
      },
      "properties": {
        "elevation_m": 862.143310546875,
        "kind": "tree"
      }
    },
    {
      "type": "Feature",
      "geometry": {
        "type": "Point",
        "coordinates": [
          533.3602111643584,
          3331.337746009711
        ]
      },
      "properties": {
        "elevation_m": 1385.5882568359375,
        "kind": "tree"
      }
    },
    {
      "type": "Feature",
      "geometry": {
        "type": "Point",
        "coordinates": [
          2629.75366821523,
          2848.253945940599
        ]
      },
      "properties": {
        "elevation_m": 1129.86279296875,
        "kind": "tree"
      }
    },
    {
      "type": "Feature",
      "geometry": {
        "type": "Point",
        "coordinates": [
          1641.9270169064973,
          2323.165743260875
        ]
      },
      "properties": {
        "elevation_m": 1294.00732421875,
        "kind": "tree"
      }
    },
    {
      "type": "Feature",
      "geometry": {
        "type": "Point",
        "coordinates": [
          1016.5699051851064,
          1177.626024842798
        ]
      },
      "properties": {
        "elevation_m": 1162.4970703125,
        "kind": "tree"
      }
    },
    {
      "type": "Feature",
      "geometry": {
        "type": "Point",
        "coordinates": [
          3444.5418043793243,
          2046.7902550558802
        ]
      },
      "properties": {
        "elevation_m": 906.95166015625,
        "kind": "tree"
      }
    },
    {
      "type": "Feature",
      "geometry": {
        "type": "Point",
        "coordinates": [
          3520.229409477184,
          249.72731544064698
        ]
      },
      "properties": {
        "elevation_m": 673.0949096679688,
        "kind": "tree"
      }
    },
    {
      "type": "Feature",
      "geometry": {
        "type": "Point",
        "coordinates": [
          2475.4421237336815,
          2731.5826903447205
        ]
      },
      "properties": {
        "elevation_m": 1078.4024658203125,
        "kind": "tree"
      }
    },
    {
      "type": "Feature",
      "geometry": {
        "type": "Point",
        "coordinates": [
          3487.8169134640543,
          233.7967455137428
        ]
      },
      "properties": {
        "elevation_m": 673.2992553710938,
        "kind": "tree"
      }
    },
    {
      "type": "Feature",
      "geometry": {
        "type": "Point",
        "coordinates": [
          2664.380230386068,
          1772.323152921544
        ]
      },
      "properties": {
        "elevation_m": 886.3013916015625,
        "kind": "tree"
      }
    },
    {
      "type": "Feature",
      "geometry": {
        "type": "Point",
        "coordinates": [
          2592.7619455680665,
          873.8331819514447
        ]
      },
      "properties": {
        "elevation_m": 813.3331909179688,
        "kind": "tree"
      }
    },
    {
      "type": "Feature",
      "geometry": {
        "type": "Point",
        "coordinates": [
          233.13208687111492,
          214.43380337661299
        ]
      },
      "properties": {
        "elevation_m": 1094.90185546875,
        "kind": "tree"
      }
    },
    {
      "type": "Feature",
      "geometry": {
        "type": "Point",
        "coordinates": [
          566.131420814087,
          360.0971959309394
        ]
      },
      "properties": {
        "elevation_m": 1110.2772216796875,
        "kind": "tree"
      }
    },
    {
      "type": "Feature",
      "geometry": {
        "type": "Point",
        "coordinates": [
          1579.0634432115064,
          3432.2687973448983
        ]
      },
      "properties": {
        "elevation_m": 1080.1070556640625,
        "kind": "tree"
      }
    },
    {
      "type": "Feature",
      "geometry": {
        "type": "Point",
        "coordinates": [
          463.7062301781101,
          834.0329476250888
        ]
      },
      "properties": {
        "elevation_m": 1068.92333984375,
        "kind": "tree"
      }
    },
    {
      "type": "Feature",
      "geometry": {
        "type": "Point",
        "coordinates": [
          2285.1426306540216,
          1144.2048258934183
        ]
      },
      "properties": {
        "elevation_m": 865.3196411132812,
        "kind": "tree"
      }
    },
    {
      "type": "Feature",
      "geometry": {
        "type": "Point",
        "coordinates": [
          1799.3545222690752,
          3258.5205126151372
        ]
      },
      "properties": {
        "elevation_m": 1300.650390625,
        "kind": "tree"
      }
    },
    {
      "type": "Feature",
      "geometry": {
        "type": "Point",
        "coordinates": [
          1213.7741756736045,
          450.4195284141782
        ]
      },
      "properties": {
        "elevation_m": 960.8519897460938,
        "kind": "tree"
      }
    },
    {
      "type": "Feature",
      "geometry": {
        "type": "Point",
        "coordinates": [
          2755.1325602899233,
          1992.2356673737434
        ]
      },
      "properties": {
        "elevation_m": 925.8192138671875,
        "kind": "tree"
      }
    },
    {
      "type": "Feature",
      "geometry": {
        "type": "Point",
        "coordinates": [
          238.22938160734313,
          2975.8366991799476
        ]
      },
      "properties": {
        "elevation_m": 1559.7816162109375,
        "kind": "tree"
      }
    },
    {
      "type": "Feature",
      "geometry": {
        "type": "Point",
        "coordinates": [
          3293.74244420537,
          841.9030086356537
        ]
      },
      "properties": {
        "elevation_m": 742.3140258789062,
        "kind": "tree"
      }
    },
    {
      "type": "Feature",
      "geometry": {
        "type": "Point",
        "coordinates": [
          2372.5276103747115,
          2760.8382073808684
        ]
      },
      "properties": {
        "elevation_m": 1088.396240234375,
        "kind": "tree"
      }
    },
    {
      "type": "Feature",
      "geometry": {
        "type": "Point",
        "coordinates": [
          3100.9270459038175,
          519.3617481157476
        ]
      },
      "properties": {
        "elevation_m": 754.3543701171875,
        "kind": "tree"
      }
    },
    {
      "type": "Feature",
      "geometry": {
        "type": "Point",
        "coordinates": [
          3350.0156834392933,
          793.4796769062715
        ]
      },
      "properties": {
        "elevation_m": 736.1353149414062,
        "kind": "tree"
      }
    },
    {
      "type": "Feature",
      "geometry": {
        "type": "Point",
        "coordinates": [
          817.4795719316517,
          3303.846342475695
        ]
      },
      "properties": {
        "elevation_m": 1192.31494140625,
        "kind": "tree"
      }
    },
    {
      "type": "Feature",
      "geometry": {
        "type": "Point",
        "coordinates": [
          4096.310327825185,
          2035.9624350741801
        ]
      },
      "properties": {
        "elevation_m": 750.3888549804688,
        "kind": "tree"
      }
    },
    {
      "type": "Feature",
      "geometry": {
        "type": "Point",
        "coordinates": [
          476.9685099096158,
          3163.86607742497
        ]
      },
      "properties": {
        "elevation_m": 1373.0391845703125,
        "kind": "tree"
      }
    },
    {
      "type": "Feature",
      "geometry": {
        "type": "Point",
        "coordinates": [
          834.1360913960384,
          2262.2892833684273
        ]
      },
      "properties": {
        "elevation_m": 1343.648681640625,
        "kind": "tree"
      }
    },
    {
      "type": "Feature",
      "geometry": {
        "type": "Point",
        "coordinates": [
          1777.560423704787,
          1795.3649775272117
        ]
      },
      "properties": {
        "elevation_m": 1110.9339599609375,
        "kind": "tree"
      }
    },
    {
      "type": "Feature",
      "geometry": {
        "type": "Point",
        "coordinates": [
          1077.5915616424231,
          2623.039317863319
        ]
      },
      "properties": {
        "elevation_m": 1313.637939453125,
        "kind": "tree"
      }
    },
    {
      "type": "Feature",
      "geometry": {
        "type": "Point",
        "coordinates": [
          156.4168210946694,
          2008.0493712137195
        ]
      },
      "properties": {
        "elevation_m": 1488.466552734375,
        "kind": "tree"
      }
    },
    {
      "type": "Feature",
      "geometry": {
        "type": "Point",
        "coordinates": [
          277.10745322833156,
          3526.1148642454054
        ]
      },
      "properties": {
        "elevation_m": 1472.68994140625,
        "kind": "tree"
      }
    },
    {
      "type": "Feature",
      "geometry": {
        "type": "Point",
        "coordinates": [
          3836.593478557277,
          1642.5261045561954
        ]
      },
      "properties": {
        "elevation_m": 768.5408935546875,
        "kind": "tree"
      }
    },
    {
      "type": "Feature",
      "geometry": {
        "type": "Point",
        "coordinates": [
          725.6054460835137,
          1187.2322633749407
        ]
      },
      "properties": {
        "elevation_m": 1235.0899658203125,
        "kind": "tree"
      }
    },
    {
      "type": "Feature",
      "geometry": {
        "type": "Point",
        "coordinates": [
          3885.2707600695358,
          2261.4335290170675
        ]
      },
      "properties": {
        "elevation_m": 769.4911499023438,
        "kind": "tree"
      }
    },
    {
      "type": "Feature",
      "geometry": {
        "type": "Point",
        "coordinates": [
          686.5097872346091,
          1024.563051095988
        ]
      },
      "properties": {
        "elevation_m": 1149.4111328125,
        "kind": "tree"
      }
    },
    {
      "type": "Feature",
      "geometry": {
        "type": "Point",
        "coordinates": [
          808.5785933163127,
          3148.7812175119134
        ]
      },
      "properties": {
        "elevation_m": 1225.6934814453125,
        "kind": "tree"
      }
    },
    {
      "type": "Feature",
      "geometry": {
        "type": "Point",
        "coordinates": [
          2228.8959137625893,
          1134.5880338806528
        ]
      },
      "properties": {
        "elevation_m": 874.1209106445312,
        "kind": "tree"
      }
    },
    {
      "type": "Feature",
      "geometry": {
        "type": "Point",
        "coordinates": [
          3350.838110321731,
          3287.0936572288715
        ]
      },
      "properties": {
        "elevation_m": 1054.4853515625,
        "kind": "tree"
      }
    },
    {
      "type": "Feature",
      "geometry": {
        "type": "Point",
        "coordinates": [
          2837.3792042076334,
          3428.7884067250748
        ]
      },
      "properties": {
        "elevation_m": 1166.2510986328125,
        "kind": "tree"
      }
    },
    {
      "type": "Feature",
      "geometry": {
        "type": "Point",
        "coordinates": [
          565.5375379932136,
          1187.301611230856
        ]
      },
      "properties": {
        "elevation_m": 1229.2244873046875,
        "kind": "tree"
      }
    },
    {
      "type": "Feature",
      "geometry": {
        "type": "Point",
        "coordinates": [
          4213.262787268796,
          2358.2327901774256
        ]
      },
      "properties": {
        "elevation_m": 708.0,
        "kind": "tree"
      }
    },
    {
      "type": "Feature",
      "geometry": {
        "type": "Point",
        "coordinates": [
          1477.6539441908392,
          1161.962657587663
        ]
      },
      "properties": {
        "elevation_m": 995.9044799804688,
        "kind": "tree"
      }
    },
    {
      "type": "Feature",
      "geometry": {
        "type": "Point",
        "coordinates": [
          1988.6600530844403,
          2649.145680923274
        ]
      },
      "properties": {
        "elevation_m": 1161.5062255859375,
        "kind": "tree"
      }
    },
    {
      "type": "Feature",
      "geometry": {
        "type": "Point",
        "coordinates": [
          616.4118576371859,
          2746.826874412166
        ]
      },
      "properties": {
        "elevation_m": 1443.5880126953125,
        "kind": "tree"
      }
    },
    {
      "type": "Feature",
      "geometry": {
        "type": "Point",
        "coordinates": [
          3317.5021768086594,
          709.4244866269643
        ]
      },
      "properties": {
        "elevation_m": 738.4756469726562,
        "kind": "tree"
      }
    },
    {
      "type": "Feature",
      "geometry": {
        "type": "Point",
        "coordinates": [
          1864.2388298044407,
          666.7812775726766
        ]
      },
      "properties": {
        "elevation_m": 873.774169921875,
        "kind": "tree"
      }
    },
    {
      "type": "Feature",
      "geometry": {
        "type": "Point",
        "coordinates": [
          4136.06782471191,
          560.9576114702515
        ]
      },
      "properties": {
        "elevation_m": 567.447509765625,
        "kind": "tree"
      }
    },
    {
      "type": "Feature",
      "geometry": {
        "type": "Point",
        "coordinates": [
          595.5969653134191,
          1756.8687774682887
        ]
      },
      "properties": {
        "elevation_m": 1421.000244140625,
        "kind": "tree"
      }
    },
    {
      "type": "Feature",
      "geometry": {
        "type": "Point",
        "coordinates": [
          1312.5093684466194,
          3039.1421582130292
        ]
      },
      "properties": {
        "elevation_m": 1248.865478515625,
        "kind": "tree"
      }
    },
    {
      "type": "Feature",
      "geometry": {
        "type": "Point",
        "coordinates": [
          3498.954971296846,
          697.5547908732137
        ]
      },
      "properties": {
        "elevation_m": 685.94384765625,
        "kind": "tree"
      }
    },
    {
      "type": "Feature",
      "geometry": {
        "type": "Point",
        "coordinates": [
          3791.352754417585,
          904.9096280671055
        ]
      },
      "properties": {
        "elevation_m": 628.2112426757812,
        "kind": "tree"
      }
    },
    {
      "type": "Feature",
      "geometry": {
        "type": "Point",
        "coordinates": [
          1886.0858462870317,
          546.5543750315878
        ]
      },
      "properties": {
        "elevation_m": 874.857177734375,
        "kind": "tree"
      }
    },
    {
      "type": "Feature",
      "geometry": {
        "type": "Point",
        "coordinates": [
          2879.077586169356,
          122.73291555907996
        ]
      },
      "properties": {
        "elevation_m": 703.982421875,
        "kind": "tree"
      }
    },
    {
      "type": "Feature",
      "geometry": {
        "type": "Point",
        "coordinates": [
          1340.7154047593192,
          654.9907420851315
        ]
      },
      "properties": {
        "elevation_m": 1018.8175659179688,
        "kind": "tree"
      }
    },
    {
      "type": "Feature",
      "geometry": {
        "type": "Point",
        "coordinates": [
          1717.4378015854418,
          1231.896938270606
        ]
      },
      "properties": {
        "elevation_m": 955.2816162109375,
        "kind": "tree"
      }
    },
    {
      "type": "Feature",
      "geometry": {
        "type": "Point",
        "coordinates": [
          3259.503888273877,
          2294.550091572391
        ]
      },
      "properties": {
        "elevation_m": 937.0319213867188,
        "kind": "tree"
      }
    },
    {
      "type": "Feature",
      "geometry": {
        "type": "Point",
        "coordinates": [
          2883.9272060173744,
          2806.688413856416
        ]
      },
      "properties": {
        "elevation_m": 1027.2386474609375,
        "kind": "tree"
      }
    },
    {
      "type": "Feature",
      "geometry": {
        "type": "Point",
        "coordinates": [
          2756.6559363493134,
          220.4556032479024
        ]
      },
      "properties": {
        "elevation_m": 770.161376953125,
        "kind": "tree"
      }
    },
    {
      "type": "Feature",
      "geometry": {
        "type": "Point",
        "coordinates": [
          2374.79273900776,
          2195.608813054261
        ]
      },
      "properties": {
        "elevation_m": 1083.623291015625,
        "kind": "tree"
      }
    },
    {
      "type": "Feature",
      "geometry": {
        "type": "Point",
        "coordinates": [
          4173.61331066563,
          580.2235860364755
        ]
      },
      "properties": {
        "elevation_m": 561.70703125,
        "kind": "tree"
      }
    },
    {
      "type": "Feature",
      "geometry": {
        "type": "Point",
        "coordinates": [
          1684.9130857536954,
          1124.379498008193
        ]
      },
      "properties": {
        "elevation_m": 956.930908203125,
        "kind": "tree"
      }
    },
    {
      "type": "Feature",
      "geometry": {
        "type": "Point",
        "coordinates": [
          722.5676999118938,
          2234.008327111241
        ]
      },
      "properties": {
        "elevation_m": 1376.0997314453125,
        "kind": "tree"
      }
    },
    {
      "type": "Feature",
      "geometry": {
        "type": "Point",
        "coordinates": [
          1205.9154471204915,
          1390.5211211387414
        ]
      },
      "properties": {
        "elevation_m": 1124.6085205078125,
        "kind": "tree"
      }
    },
    {
      "type": "Feature",
      "geometry": {
        "type": "Point",
        "coordinates": [
          2723.213483069069,
          2110.461485806495
        ]
      },
      "properties": {
        "elevation_m": 947.6001586914062,
        "kind": "tree"
      }
    },
    {
      "type": "Feature",
      "geometry": {
        "type": "Point",
        "coordinates": [
          1750.3529215618632,
          3187.8842986858804
        ]
      },
      "properties": {
        "elevation_m": 1325.2117919921875,
        "kind": "tree"
      }
    },
    {
      "type": "Feature",
      "geometry": {
        "type": "Point",
        "coordinates": [
          1324.1763391895224,
          851.7467697545768
        ]
      },
      "properties": {
        "elevation_m": 1067.724609375,
        "kind": "tree"
      }
    },
    {
      "type": "Feature",
      "geometry": {
        "type": "Point",
        "coordinates": [
          3820.191332855295,
          2639.893333071284
        ]
      },
      "properties": {
        "elevation_m": 870.8316040039062,
        "kind": "tree"
      }
    },
    {
      "type": "Feature",
      "geometry": {
        "type": "Point",
        "coordinates": [
          511.50368938489646,
          3020.103723390647
        ]
      },
      "properties": {
        "elevation_m": 1404.423583984375,
        "kind": "tree"
      }
    },
    {
      "type": "Feature",
      "geometry": {
        "type": "Point",
        "coordinates": [
          414.84776888728106,
          3045.2125061614875
        ]
      },
      "properties": {
        "elevation_m": 1437.0325927734375,
        "kind": "tree"
      }
    },
    {
      "type": "Feature",
      "geometry": {
        "type": "Point",
        "coordinates": [
          3547.4013800008556,
          2631.216628106441
        ]
      },
      "properties": {
        "elevation_m": 969.789306640625,
        "kind": "tree"
      }
    },
    {
      "type": "Feature",
      "geometry": {
        "type": "Point",
        "coordinates": [
          2529.638857914355,
          1103.74990011738
        ]
      },
      "properties": {
        "elevation_m": 832.1762084960938,
        "kind": "tree"
      }
    },
    {
      "type": "Feature",
      "geometry": {
        "type": "Point",
        "coordinates": [
          3712.1656432307736,
          1746.806470281078
        ]
      },
      "properties": {
        "elevation_m": 781.6793823242188,
        "kind": "tree"
      }
    },
    {
      "type": "Feature",
      "geometry": {
        "type": "Point",
        "coordinates": [
          2350.133906012648,
          849.0472771072579
        ]
      },
      "properties": {
        "elevation_m": 841.8350219726562,
        "kind": "tree"
      }
    },
    {
      "type": "Feature",
      "geometry": {
        "type": "Point",
        "coordinates": [
          3348.7241603808006,
          646.4216565960818
        ]
      },
      "properties": {
        "elevation_m": 726.5333251953125,
        "kind": "tree"
      }
    },
    {
      "type": "Feature",
      "geometry": {
        "type": "Point",
        "coordinates": [
          2148.2438448181692,
          3377.862008404109
        ]
      },
      "properties": {
        "elevation_m": 1316.736572265625,
        "kind": "tree"
      }
    },
    {
      "type": "Feature",
      "geometry": {
        "type": "Point",
        "coordinates": [
          1584.8551620582916,
          387.9915697725346
        ]
      },
      "properties": {
        "elevation_m": 917.86279296875,
        "kind": "tree"
      }
    },
    {
      "type": "Feature",
      "geometry": {
        "type": "Point",
        "coordinates": [
          2634.8532873148174,
          3642.3815126252885
        ]
      },
      "properties": {
        "elevation_m": 1177.7720947265625,
        "kind": "tree"
      }
    },
    {
      "type": "Feature",
      "geometry": {
        "type": "Point",
        "coordinates": [
          4099.366707055173,
          3582.9545012654935
        ]
      },
      "properties": {
        "elevation_m": 840.8655395507812,
        "kind": "tree"
      }
    },
    {
      "type": "Feature",
      "geometry": {
        "type": "Point",
        "coordinates": [
          2787.529273601334,
          671.2778877581266
        ]
      },
      "properties": {
        "elevation_m": 785.3283081054688,
        "kind": "tree"
      }
    },
    {
      "type": "Feature",
      "geometry": {
        "type": "Point",
        "coordinates": [
          2205.5305332348435,
          1431.8015293515366
        ]
      },
      "properties": {
        "elevation_m": 912.4189453125,
        "kind": "tree"
      }
    },
    {
      "type": "Feature",
      "geometry": {
        "type": "Point",
        "coordinates": [
          2245.8049352399435,
          153.72002199529152
        ]
      },
      "properties": {
        "elevation_m": 802.341552734375,
        "kind": "tree"
      }
    },
    {
      "type": "Feature",
      "geometry": {
        "type": "Point",
        "coordinates": [
          948.7486551660448,
          118.99247832999332
        ]
      },
      "properties": {
        "elevation_m": 970.0518798828125,
        "kind": "tree"
      }
    },
    {
      "type": "Feature",
      "geometry": {
        "type": "Point",
        "coordinates": [
          304.0375374914614,
          951.5805267419091
        ]
      },
      "properties": {
        "elevation_m": 1090.89208984375,
        "kind": "tree"
      }
    },
    {
      "type": "Feature",
      "geometry": {
        "type": "Point",
        "coordinates": [
          1189.3865527951218,
          3063.6362300694655
        ]
      },
      "properties": {
        "elevation_m": 1216.92431640625,
        "kind": "tree"
      }
    },
    {
      "type": "Feature",
      "geometry": {
        "type": "Point",
        "coordinates": [
          807.3266586615941,
          557.8398982282389
        ]
      },
      "properties": {
        "elevation_m": 1018.14306640625,
        "kind": "tree"
      }
    },
    {
      "type": "Feature",
      "geometry": {
        "type": "Point",
        "coordinates": [
          1189.3264034329152,
          2855.780249223983
        ]
      },
      "properties": {
        "elevation_m": 1377.12060546875,
        "kind": "tree"
      }
    },
    {
      "type": "Feature",
      "geometry": {
        "type": "Point",
        "coordinates": [
          3405.3227152105014,
          1614.9114714083646
        ]
      },
      "properties": {
        "elevation_m": 878.6768798828125,
        "kind": "tree"
      }
    },
    {
      "type": "Feature",
      "geometry": {
        "type": "Point",
        "coordinates": [
          1706.4837336648527,
          491.5566909163372
        ]
      },
      "properties": {
        "elevation_m": 897.57763671875,
        "kind": "tree"
      }
    },
    {
      "type": "Feature",
      "geometry": {
        "type": "Point",
        "coordinates": [
          1402.8463908748972,
          2917.7378042174196
        ]
      },
      "properties": {
        "elevation_m": 1409.4036865234375,
        "kind": "tree"
      }
    },
    {
      "type": "Feature",
      "geometry": {
        "type": "Point",
        "coordinates": [
          1932.5210328533815,
          1506.9477372873896
        ]
      },
      "properties": {
        "elevation_m": 1021.7957763671875,
        "kind": "tree"
      }
    },
    {
      "type": "Feature",
      "geometry": {
        "type": "Point",
        "coordinates": [
          3376.8806376692014,
          2310.1083950969864
        ]
      },
      "properties": {
        "elevation_m": 963.6926879882812,
        "kind": "tree"
      }
    },
    {
      "type": "Feature",
      "geometry": {
        "type": "Point",
        "coordinates": [
          3445.7362383656264,
          3273.796164195781
        ]
      },
      "properties": {
        "elevation_m": 1051.150146484375,
        "kind": "tree"
      }
    },
    {
      "type": "Feature",
      "geometry": {
        "type": "Point",
        "coordinates": [
          4050.8344003622815,
          1149.2427334080771
        ]
      },
      "properties": {
        "elevation_m": 619.0821533203125,
        "kind": "tree"
      }
    },
    {
      "type": "Feature",
      "geometry": {
        "type": "Point",
        "coordinates": [
          1934.083755242052,
          595.9085161545141
        ]
      },
      "properties": {
        "elevation_m": 864.5479736328125,
        "kind": "tree"
      }
    },
    {
      "type": "Feature",
      "geometry": {
        "type": "Point",
        "coordinates": [
          828.1138657619183,
          2346.6134759366746
        ]
      },
      "properties": {
        "elevation_m": 1378.7994384765625,
        "kind": "tree"
      }
    },
    {
      "type": "Feature",
      "geometry": {
        "type": "Point",
        "coordinates": [
          3379.328073699457,
          3606.9250517931887
        ]
      },
      "properties": {
        "elevation_m": 1046.2144775390625,
        "kind": "tree"
      }
    },
    {
      "type": "Feature",
      "geometry": {
        "type": "Point",
        "coordinates": [
          2723.91642651531,
          742.1024935883381
        ]
      },
      "properties": {
        "elevation_m": 793.7296752929688,
        "kind": "tree"
      }
    },
    {
      "type": "Feature",
      "geometry": {
        "type": "Point",
        "coordinates": [
          899.2262828692961,
          1917.3325011320053
        ]
      },
      "properties": {
        "elevation_m": 1353.0250244140625,
        "kind": "tree"
      }
    },
    {
      "type": "Feature",
      "geometry": {
        "type": "Point",
        "coordinates": [
          1192.5712969267563,
          2734.880936618023
        ]
      },
      "properties": {
        "elevation_m": 1302.6624755859375,
        "kind": "tree"
      }
    },
    {
      "type": "Feature",
      "geometry": {
        "type": "Point",
        "coordinates": [
          2276.331179390374,
          1917.3606676880156
        ]
      },
      "properties": {
        "elevation_m": 1071.400634765625,
        "kind": "tree"
      }
    },
    {
      "type": "Feature",
      "geometry": {
        "type": "Point",
        "coordinates": [
          3694.695925610989,
          866.338862381371
        ]
      },
      "properties": {
        "elevation_m": 660.2374267578125,
        "kind": "tree"
      }
    },
    {
      "type": "Feature",
      "geometry": {
        "type": "Point",
        "coordinates": [
          2711.001910468614,
          2056.8147994330393
        ]
      },
      "properties": {
        "elevation_m": 955.3277587890625,
        "kind": "tree"
      }
    },
    {
      "type": "Feature",
      "geometry": {
        "type": "Point",
        "coordinates": [
          3632.8340001089055,
          281.05309802946283
        ]
      },
      "properties": {
        "elevation_m": 673.4591064453125,
        "kind": "tree"
      }
    },
    {
      "type": "Feature",
      "geometry": {
        "type": "Point",
        "coordinates": [
          852.1335457669917,
          155.47130178000754
        ]
      },
      "properties": {
        "elevation_m": 996.6336669921875,
        "kind": "tree"
      }
    },
    {
      "type": "Feature",
      "geometry": {
        "type": "Point",
        "coordinates": [
          654.8633741685046,
          1763.5917266742806
        ]
      },
      "properties": {
        "elevation_m": 1439.3162841796875,
        "kind": "tree"
      }
    },
    {
      "type": "Feature",
      "geometry": {
        "type": "Point",
        "coordinates": [
          1000.153893230944,
          66.35317086306537
        ]
      },
      "properties": {
        "elevation_m": 959.5404052734375,
        "kind": "tree"
      }
    },
    {
      "type": "Feature",
      "geometry": {
        "type": "Point",
        "coordinates": [
          532.391586836362,
          709.8128234088468
        ]
      },
      "properties": {
        "elevation_m": 1051.1199951171875,
        "kind": "tree"
      }
    },
    {
      "type": "Feature",
      "geometry": {
        "type": "Point",
        "coordinates": [
          1620.5871234632948,
          887.9674255819538
        ]
      },
      "properties": {
        "elevation_m": 965.6105346679688,
        "kind": "tree"
      }
    },
    {
      "type": "Feature",
      "geometry": {
        "type": "Point",
        "coordinates": [
          3467.684701523315,
          2392.1468630746076
        ]
      },
      "properties": {
        "elevation_m": 935.1195678710938,
        "kind": "tree"
      }
    },
    {
      "type": "Feature",
      "geometry": {
        "type": "Point",
        "coordinates": [
          1867.6215662449813,
          1887.5832750649554
        ]
      },
      "properties": {
        "elevation_m": 1136.88037109375,
        "kind": "tree"
      }
    },
    {
      "type": "Feature",
      "geometry": {
        "type": "Point",
        "coordinates": [
          1401.964333867813,
          2399.6021563024356
        ]
      },
      "properties": {
        "elevation_m": 1234.0906982421875,
        "kind": "tree"
      }
    },
    {
      "type": "Feature",
      "geometry": {
        "type": "Point",
        "coordinates": [
          2994.1817587836254,
          3344.2116018464512
        ]
      },
      "properties": {
        "elevation_m": 1111.5736083984375,
        "kind": "tree"
      }
    },
    {
      "type": "Feature",
      "geometry": {
        "type": "Point",
        "coordinates": [
          1033.3263522914197,
          1416.143844623102
        ]
      },
      "properties": {
        "elevation_m": 1207.466064453125,
        "kind": "tree"
      }
    },
    {
      "type": "Feature",
      "geometry": {
        "type": "Point",
        "coordinates": [
          2328.4183559785824,
          3279.3952633491363
        ]
      },
      "properties": {
        "elevation_m": 1334.9427490234375,
        "kind": "tree"
      }
    },
    {
      "type": "Feature",
      "geometry": {
        "type": "Point",
        "coordinates": [
          3212.936075483995,
          2377.45216125963
        ]
      },
      "properties": {
        "elevation_m": 933.7249145507812,
        "kind": "tree"
      }
    },
    {
      "type": "Feature",
      "geometry": {
        "type": "Point",
        "coordinates": [
          4257.071078930021,
          940.3047154387766
        ]
      },
      "properties": {
        "elevation_m": 553.8048095703125,
        "kind": "tree"
      }
    },
    {
      "type": "Feature",
      "geometry": {
        "type": "Point",
        "coordinates": [
          540.0210793887984,
          681.2896231430115
        ]
      },
      "properties": {
        "elevation_m": 1047.830078125,
        "kind": "tree"
      }
    },
    {
      "type": "Feature",
      "geometry": {
        "type": "Point",
        "coordinates": [
          3060.4721714727393,
          615.8454209741558
        ]
      },
      "properties": {
        "elevation_m": 760.128173828125,
        "kind": "tree"
      }
    },
    {
      "type": "Feature",
      "geometry": {
        "type": "Point",
        "coordinates": [
          77.28055385173565,
          1287.608749232143
        ]
      },
      "properties": {
        "elevation_m": 1223.8916015625,
        "kind": "tree"
      }
    },
    {
      "type": "Feature",
      "geometry": {
        "type": "Point",
        "coordinates": [
          958.1638803588413,
          440.8820429081861
        ]
      },
      "properties": {
        "elevation_m": 977.3682250976562,
        "kind": "tree"
      }
    },
    {
      "type": "Feature",
      "geometry": {
        "type": "Point",
        "coordinates": [
          401.37727720650275,
          199.9214076669336
        ]
      },
      "properties": {
        "elevation_m": 1069.9642333984375,
        "kind": "tree"
      }
    },
    {
      "type": "Feature",
      "geometry": {
        "type": "Point",
        "coordinates": [
          2613.821838554921,
          234.11671398480692
        ]
      },
      "properties": {
        "elevation_m": 780.3922119140625,
        "kind": "tree"
      }
    },
    {
      "type": "Feature",
      "geometry": {
        "type": "Point",
        "coordinates": [
          271.9080306150664,
          2566.7444356525043
        ]
      },
      "properties": {
        "elevation_m": 1467.503662109375,
        "kind": "tree"
      }
    },
    {
      "type": "Feature",
      "geometry": {
        "type": "Point",
        "coordinates": [
          125.10188774605237,
          779.9525693838837
        ]
      },
      "properties": {
        "elevation_m": 1246.10791015625,
        "kind": "tree"
      }
    },
    {
      "type": "Feature",
      "geometry": {
        "type": "Point",
        "coordinates": [
          610.2880944033504,
          1127.8211854664007
        ]
      },
      "properties": {
        "elevation_m": 1206.1514892578125,
        "kind": "tree"
      }
    },
    {
      "type": "Feature",
      "geometry": {
        "type": "Point",
        "coordinates": [
          136.11893104047834,
          1241.3575566231113
        ]
      },
      "properties": {
        "elevation_m": 1233.425048828125,
        "kind": "tree"
      }
    },
    {
      "type": "Feature",
      "geometry": {
        "type": "Point",
        "coordinates": [
          807.2677178487336,
          1146.0743599159744
        ]
      },
      "properties": {
        "elevation_m": 1231.313232421875,
        "kind": "tree"
      }
    },
    {
      "type": "Feature",
      "geometry": {
        "type": "Point",
        "coordinates": [
          1413.3866497557553,
          58.39556656060846
        ]
      },
      "properties": {
        "elevation_m": 923.0,
        "kind": "tree"
      }
    },
    {
      "type": "Feature",
      "geometry": {
        "type": "Point",
        "coordinates": [
          483.29021478511277,
          2393.067319651757
        ]
      },
      "properties": {
        "elevation_m": 1452.2945556640625,
        "kind": "tree"
      }
    },
    {
      "type": "Feature",
      "geometry": {
        "type": "Point",
        "coordinates": [
          791.9905563644211,
          2952.4656025849226
        ]
      },
      "properties": {
        "elevation_m": 1385.970458984375,
        "kind": "tree"
      }
    },
    {
      "type": "Feature",
      "geometry": {
        "type": "Point",
        "coordinates": [
          3341.8232729447677,
          2610.039070761842
        ]
      },
      "properties": {
        "elevation_m": 999.1788940429688,
        "kind": "tree"
      }
    },
    {
      "type": "Feature",
      "geometry": {
        "type": "Point",
        "coordinates": [
          1284.59154747116,
          3229.612385746591
        ]
      },
      "properties": {
        "elevation_m": 1135.2960205078125,
        "kind": "tree"
      }
    },
    {
      "type": "Feature",
      "geometry": {
        "type": "Point",
        "coordinates": [
          3910.340174337033,
          3538.1861624046383
        ]
      },
      "properties": {
        "elevation_m": 926.5892333984375,
        "kind": "tree"
      }
    },
    {
      "type": "Feature",
      "geometry": {
        "type": "Point",
        "coordinates": [
          133.73223588657123,
          2069.942636871996
        ]
      },
      "properties": {
        "elevation_m": 1492.29248046875,
        "kind": "tree"
      }
    },
    {
      "type": "Feature",
      "geometry": {
        "type": "Point",
        "coordinates": [
          457.49234152027043,
          138.73901710038746
        ]
      },
      "properties": {
        "elevation_m": 1044.6302490234375,
        "kind": "tree"
      }
    },
    {
      "type": "Feature",
      "geometry": {
        "type": "Point",
        "coordinates": [
          200.3130892302831,
          2120.831048096633
        ]
      },
      "properties": {
        "elevation_m": 1533.2705078125,
        "kind": "tree"
      }
    },
    {
      "type": "Feature",
      "geometry": {
        "type": "Point",
        "coordinates": [
          373.84631391054756,
          1376.2159340839112
        ]
      },
      "properties": {
        "elevation_m": 1234.9005126953125,
        "kind": "tree"
      }
    },
    {
      "type": "Feature",
      "geometry": {
        "type": "Point",
        "coordinates": [
          3320.899970515948,
          1766.8802596415505
        ]
      },
      "properties": {
        "elevation_m": 895.6402587890625,
        "kind": "tree"
      }
    },
    {
      "type": "Feature",
      "geometry": {
        "type": "Point",
        "coordinates": [
          2028.568689034406,
          1546.5847993390594
        ]
      },
      "properties": {
        "elevation_m": 994.2577514648438,
        "kind": "tree"
      }
    },
    {
      "type": "Feature",
      "geometry": {
        "type": "Point",
        "coordinates": [
          988.9415879719178,
          3295.1450093905346
        ]
      },
      "properties": {
        "elevation_m": 1196.9503173828125,
        "kind": "tree"
      }
    },
    {
      "type": "Feature",
      "geometry": {
        "type": "Point",
        "coordinates": [
          3394.4520780518596,
          1236.8356122573998
        ]
      },
      "properties": {
        "elevation_m": 801.9959106445312,
        "kind": "tree"
      }
    },
    {
      "type": "Feature",
      "geometry": {
        "type": "Point",
        "coordinates": [
          2087.527029421144,
          1909.8785337270506
        ]
      },
      "properties": {
        "elevation_m": 1141.5296630859375,
        "kind": "tree"
      }
    },
    {
      "type": "Feature",
      "geometry": {
        "type": "Point",
        "coordinates": [
          313.9430761835356,
          2370.4393885623176
        ]
      },
      "properties": {
        "elevation_m": 1482.0089111328125,
        "kind": "tree"
      }
    },
    {
      "type": "Feature",
      "geometry": {
        "type": "Point",
        "coordinates": [
          2872.0416604769084,
          769.7931445940877
        ]
      },
      "properties": {
        "elevation_m": 774.9937744140625,
        "kind": "tree"
      }
    },
    {
      "type": "Feature",
      "geometry": {
        "type": "Point",
        "coordinates": [
          4139.733089347029,
          2193.1046429308876
        ]
      },
      "properties": {
        "elevation_m": 746.8696899414062,
        "kind": "tree"
      }
    },
    {
      "type": "Feature",
      "geometry": {
        "type": "Point",
        "coordinates": [
          1285.4071740259703,
          1286.079978758139
        ]
      },
      "properties": {
        "elevation_m": 1076.4447021484375,
        "kind": "tree"
      }
    }
  ]
}