{
  "type": "FeatureCollection",
  "coordinate_system": {
    "kind": "local_game_meters",
    "not_wgs84": true,
    "axes": {
      "geojson_x": "local_east_m",
      "geojson_y": "local_north_m"
    },
    "game_axes": {
      "x": "east_m",
      "y": "elevation_m",
      "z": "negative_north_m"
    },
    "local_origin": {
      "easting_m": 443705.1338582366,
      "northing_m": 4577060.134462881,
      "longitude": -75.67286687662333,
      "latitude": 41.343065953264166
    },
    "projected_crs": "EPSG:32618",
    "note": "This is not RFC 7946 WGS84 GeoJSON. Convert X,Y to game X,Z via game_axes."
  },
  "attribution": "\u00a9 OpenStreetMap contributors (ODbL)",
  "layer": "piste-trails",
  "features": [
    {
      "type": "Feature",
      "geometry": {
        "type": "LineString",
        "coordinates": [
          [
            618.4956717247842,
            1198.5529458336532
          ],
          [
            610.4956717247842,
            1212.4093522942042
          ],
          [
            610.4956717247842,
            1228.4093522942042
          ],
          [
            596.6392652642331,
            1236.4093522942042
          ],
          [
            580.6392652642331,
            1236.4093522942042
          ],
          [
            572.6392652642331,
            1250.265758754755
          ],
          [
            556.6392652642331,
            1250.265758754755
          ],
          [
            548.6392652642331,
            1264.122165215306
          ],
          [
            534.7828588036821,
            1272.122165215306
          ],
          [
            534.7828588036821,
            1288.122165215306
          ],
          [
            520.926452343131,
            1296.122165215306
          ],
          [
            512.926452343131,
            1309.978571675857
          ],
          [
            504.926452343131,
            1323.834978136408
          ],
          [
            496.926452343131,
            1337.6913845969589
          ],
          [
            483.07004588258,
            1345.6913845969589
          ],
          [
            499.07004588258,
            1345.6913845969589
          ]
        ]
      },
      "properties": {
        "id": "pistes:nan:nan",
        "name": "White Lightning",
        "piste_type": "downhill",
        "tags": {
          "osm_way_id": "419774825",
          "name": "White Lightning",
          "other_tags": "\"lit\"=>\"yes\",\"piste:difficulty\"=>\"expert\",\"piste:grooming\"=>\"mogul\",\"piste:type\"=>\"downhill\"",
          "State": "Pennsylvania",
          "Country": "United States of America",
          "Ski Area": "Montage Mountain Ski Area",
          "region": "north-america/us/pennsylvania",
          "natural": "grassland"
        }
      }
    },
    {
      "type": "Feature",
      "geometry": {
        "type": "LineString",
        "coordinates": [
          [
            806.4105012491345,
            1017.9761739233509
          ],
          [
            806.4105012491345,
            1033.9761739233509
          ],
          [
            798.4105012491345,
            1047.8325803839018
          ],
          [
            790.4105012491345,
            1061.6889868444528
          ],
          [
            776.5540947885835,
            1069.6889868444528
          ],
          [
            760.5540947885835,
            1069.6889868444528
          ],
          [
            752.5540947885835,
            1083.5453933050037
          ],
          [
            736.5540947885835,
            1083.5453933050037
          ],
          [
            720.5540947885835,
            1083.5453933050037
          ],
          [
            712.5540947885835,
            1097.4017997655546
          ],
          [
            720.5540947885835,
            1111.2582062261056
          ],
          [
            720.5540947885835,
            1127.2582062261056
          ],
          [
            712.5540947885835,
            1141.1146126866565
          ],
          [
            704.5540947885835,
            1154.9710191472075
          ],
          [
            696.5540947885835,
            1168.8274256077584
          ],
          [
            682.6976883280324,
            1176.8274256077584
          ],
          [
            674.6976883280324,
            1190.6838320683094
          ],
          [
            658.6976883280324,
            1190.6838320683094
          ],
          [
            658.6976883280324,
            1206.6838320683094
          ],
          [
            644.8412818674814,
            1214.6838320683094
          ],
          [
            636.8412818674814,
            1228.5402385288603
          ],
          [
            636.8412818674814,
            1244.5402385288603
          ],
          [
            636.8412818674814,
            1260.5402385288603
          ],
          [
            636.8412818674814,
            1276.5402385288603
          ],
          [
            636.8412818674814,
            1292.5402385288603
          ],
          [
            636.8412818674814,
            1308.5402385288603
          ],
          [
            636.8412818674814,
            1324.5402385288603
          ],
          [
            636.8412818674814,
            1340.5402385288603
          ],
          [
            636.8412818674814,
            1356.5402385288603
          ],
          [
            636.8412818674814,
            1372.5402385288603
          ],
          [
            650.6976883280324,
            1380.5402385288603
          ],
          [
            650.6976883280324,
            1396.5402385288603
          ],
          [
            650.6976883280324,
            1412.5402385288603
          ],
          [
            650.6976883280324,
            1428.5402385288603
          ],
          [
            650.6976883280324,
            1444.5402385288603
          ],
          [
            636.8412818674814,
            1452.5402385288603
          ],
          [
            636.8412818674814,
            1468.5402385288603
          ],
          [
            628.8412818674814,
            1482.3966449894112
          ],
          [
            614.9848754069303,
            1490.3966449894112
          ],
          [
            606.9848754069303,
            1504.2530514499622
          ],
          [
            606.9848754069303,
            1520.2530514499622
          ],
          [
            606.9848754069303,
            1536.2530514499622
          ],
          [
            598.9848754069303,
            1550.1094579105131
          ],
          [
            582.9848754069303,
            1550.1094579105131
          ],
          [
            582.9848754069303,
            1566.1094579105131
          ],
          [
            582.9848754069303,
            1582.1094579105131
          ],
          [
            569.1284689463793,
            1590.1094579105131
          ],
          [
            577.1284689463793,
            1603.965864371064
          ],
          [
            577.1284689463793,
            1619.965864371064
          ],
          [
            569.1284689463793,
            1633.822270831615
          ],
          [
            577.1284689463793,
            1647.678677292166
          ],
          [
            577.1284689463793,
            1663.678677292166
          ],
          [
            590.9848754069303,
            1671.678677292166
          ]
        ]
      },
      "properties": {
        "id": "pistes:nan:nan",
        "name": "Boomer",
        "piste_type": "downhill",
        "tags": {
          "osm_way_id": "419774830",
          "name": "Boomer",
          "other_tags": "\"lit\"=>\"yes\",\"piste:difficulty\"=>\"expert\",\"piste:grooming\"=>\"mogul\",\"piste:type\"=>\"downhill\"",
          "State": "Pennsylvania",
          "Country": "United States of America",
          "Ski Area": "Montage Mountain Ski Area",
          "region": "north-america/us/pennsylvania",
          "natural": "grassland"
        }
      }
    },
    {
      "type": "Feature",
      "geometry": {
        "type": "LineString",
        "coordinates": [
          [
            791.9544582752278,
            1062.8071375517175
          ],
          [
            783.9544582752278,
            1076.6635440122684
          ],
          [
            783.9544582752278,
            1092.6635440122684
          ],
          [
            783.9544582752278,
            1108.6635440122684
          ],
          [
            770.0980518146768,
            1116.6635440122684
          ],
          [
            778.0980518146768,
            1130.5199504728193
          ],
          [
            778.0980518146768,
            1146.5199504728193
          ],
          [
            786.0980518146768,
            1160.3763569333703
          ],
          [
            786.0980518146768,
            1176.3763569333703
          ],
          [
            786.0980518146768,
            1192.3763569333703
          ],
          [
            794.0980518146768,
            1206.2327633939212
          ],
          [
            807.9544582752278,
            1214.2327633939212
          ],
          [
            807.9544582752278,
            1230.2327633939212
          ],
          [
            821.8108647357789,
            1238.2327633939212
          ],
          [
            821.8108647357789,
            1254.2327633939212
          ],
          [
            829.8108647357789,
            1268.0891698544722
          ],
          [
            821.8108647357789,
            1281.9455763150231
          ],
          [
            821.8108647357789,
            1297.9455763150231
          ],
          [
            821.8108647357789,
            1313.9455763150231
          ],
          [
            807.9544582752278,
            1321.9455763150231
          ],
          [
            807.9544582752278,
            1337.9455763150231
          ],
          [
            794.0980518146768,
            1345.9455763150231
          ],
          [
            786.0980518146768,
            1359.801982775574
          ],
          [
            778.0980518146768,
            1373.658389236125
          ],
          [
            764.2416453541257,
            1381.658389236125
          ],
          [
            756.2416453541257,
            1395.514795696676
          ],
          [
            748.2416453541257,
            1409.371202157227
          ],
          [
            734.3852388935746,
            1417.371202157227
          ],
          [
            726.3852388935746,
            1431.2276086177778
          ],
          [
            710.3852388935746,
            1431.2276086177778
          ],
          [
            702.3852388935746,
            1445.0840150783288
          ],
          [
            702.3852388935746,
            1461.0840150783288
          ],
          [
            702.3852388935746,
            1477.0840150783288
          ],
          [
            694.3852388935746,
            1490.9404215388797
          ],
          [
            702.3852388935746,
            1504.7968279994307
          ],
          [
            702.3852388935746,
            1520.7968279994307
          ],
          [
            710.3852388935746,
            1534.6532344599816
          ],
          [
            710.3852388935746,
            1550.6532344599816
          ],
          [
            710.3852388935746,
            1566.6532344599816
          ]
        ]
      },
      "properties": {
        "id": "pistes:nan:nan",
        "name": "Smoke",
        "piste_type": "downhill",
        "tags": {
          "osm_way_id": "419774835",
          "name": "Smoke",
          "other_tags": "\"lit\"=>\"yes\",\"piste:difficulty\"=>\"expert\",\"piste:grooming\"=>\"mogul\",\"piste:type\"=>\"downhill\"",
          "State": "Pennsylvania",
          "Country": "United States of America",
          "Ski Area": "Montage Mountain Ski Area",
          "region": "north-america/us/pennsylvania",
          "natural": "grassland"
        }
      }
    },
    {
      "type": "Feature",
      "geometry": {
        "type": "LineString",
        "coordinates": [
          [
            825.5535479927785,
            1017.1636273534968
          ],
          [
            825.5535479927785,
            1033.1636273534968
          ],
          [
            841.5535479927785,
            1033.1636273534968
          ],
          [
            855.4099544533295,
            1025.1636273534968
          ],
          [
            871.4099544533295,
            1025.1636273534968
          ],
          [
            887.4099544533295,
            1025.1636273534968
          ],
          [
            903.4099544533295,
            1025.1636273534968
          ],
          [
            917.2663609138806,
            1033.1636273534968
          ],
          [
            933.2663609138806,
            1033.1636273534968
          ],
          [
            949.2663609138806,
            1033.1636273534968
          ],
          [
            949.2663609138806,
            1049.1636273534968
          ],
          [
            963.1227673744316,
            1057.1636273534968
          ],
          [
            963.1227673744316,
            1073.1636273534968
          ],
          [
            963.1227673744316,
            1089.1636273534968
          ],
          [
            963.1227673744316,
            1105.1636273534968
          ],
          [
            963.1227673744316,
            1121.1636273534968
          ],
          [
            976.9791738349827,
            1129.1636273534968
          ],
          [
            968.9791738349827,
            1143.0200338140478
          ],
          [
            968.9791738349827,
            1159.0200338140478
          ],
          [
            955.1227673744316,
            1167.0200338140478
          ],
          [
            947.1227673744316,
            1180.8764402745987
          ],
          [
            933.2663609138806,
            1188.8764402745987
          ],
          [
            933.2663609138806,
            1204.8764402745987
          ],
          [
            919.4099544533295,
            1212.8764402745987
          ],
          [
            911.4099544533295,
            1226.7328467351497
          ],
          [
            911.4099544533295,
            1242.7328467351497
          ],
          [
            897.5535479927785,
            1250.7328467351497
          ],
          [
            897.5535479927785,
            1266.7328467351497
          ],
          [
            883.6971415322274,
            1274.7328467351497
          ],
          [
            883.6971415322274,
            1290.7328467351497
          ],
          [
            883.6971415322274,
            1306.7328467351497
          ],
          [
            875.6971415322274,
            1320.5892531957006
          ],
          [
            875.6971415322274,
            1336.5892531957006
          ],
          [
            875.6971415322274,
            1352.5892531957006
          ],
          [
            861.8407350716764,
            1360.5892531957006
          ]
        ]
      },
      "properties": {
        "id": "pistes:nan:nan",
        "name": "Cannonball",
        "piste_type": "downhill",
        "tags": {
          "osm_way_id": "419774851",
          "name": "Cannonball",
          "other_tags": "\"lit\"=>\"yes\",\"piste:difficulty\"=>\"advanced\",\"piste:grooming\"=>\"classic\",\"piste:type\"=>\"downhill\"",
          "State": "Pennsylvania",
          "Country": "United States of America",
          "Ski Area": "Montage Mountain Ski Area",
          "region": "north-america/us/pennsylvania",
          "natural": "grassland"
        }
      }
    },
    {
      "type": "Feature",
      "geometry": {
        "type": "LineString",
        "coordinates": [
          [
            1189.436248923943,
            1230.3757485337555
          ],
          [
            1173.436248923943,
            1230.3757485337555
          ],
          [
            1159.579842463392,
            1238.3757485337555
          ],
          [
            1143.579842463392,
            1238.3757485337555
          ],
          [
            1127.579842463392,
            1238.3757485337555
          ],
          [
            1111.579842463392,
            1238.3757485337555
          ],
          [
            1103.579842463392,
            1252.2321549943065
          ],
          [
            1089.723436002841,
            1260.2321549943065
          ],
          [
            1073.723436002841,
            1260.2321549943065
          ],
          [
            1065.723436002841,
            1274.0885614548574
          ],
          [
            1051.86702954229,
            1282.0885614548574
          ],
          [
            1038.0106230817391,
            1290.0885614548574
          ],
          [
            1030.0106230817391,
            1303.9449679154084
          ],
          [
            1016.1542166211881,
            1311.9449679154084
          ]
        ]
      },
      "properties": {
        "id": "pistes:nan:nan",
        "name": "Lower Runaway",
        "piste_type": "downhill",
        "tags": {
          "osm_way_id": "419774856",
          "name": "Lower Runaway",
          "other_tags": "\"lit\"=>\"yes\",\"piste:difficulty\"=>\"advanced\",\"piste:grooming\"=>\"classic\",\"piste:type\"=>\"downhill\"",
          "State": "Pennsylvania",
          "Country": "United States of America",
          "Ski Area": "Montage Mountain Ski Area",
          "region": "north-america/us/pennsylvania",
          "natural": "grassland"
        }
      }
    },
    {
      "type": "Feature",
      "geometry": {
        "type": "LineString",
        "coordinates": [
          [
            1238.117982912052,
            1315.6053415518254
          ],
          [
            1222.117982912052,
            1315.6053415518254
          ],
          [
            1206.117982912052,
            1315.6053415518254
          ],
          [
            1190.117982912052,
            1315.6053415518254
          ],
          [
            1174.117982912052,
            1315.6053415518254
          ],
          [
            1160.261576451501,
            1323.6053415518254
          ],
          [
            1146.40516999095,
            1331.6053415518254
          ],
          [
            1138.40516999095,
            1345.4617480123763
          ],
          [
            1122.40516999095,
            1345.4617480123763
          ],
          [
            1114.40516999095,
            1359.3181544729273
          ],
          [
            1098.40516999095,
            1359.3181544729273
          ],
          [
            1090.40516999095,
            1373.1745609334782
          ],
          [
            1076.5487635303991,
            1381.1745609334782
          ],
          [
            1060.5487635303991,
            1381.1745609334782
          ],
          [
            1052.5487635303991,
            1395.0309673940292
          ],
          [
            1036.5487635303991,
            1395.0309673940292
          ],
          [
            1028.5487635303991,
            1408.8873738545801
          ],
          [
            1014.6923570698481,
            1416.8873738545801
          ],
          [
            1006.6923570698481,
            1430.743780315131
          ],
          [
            990.6923570698481,
            1430.743780315131
          ],
          [
            982.6923570698481,
            1444.600186775682
          ],
          [
            968.835950609297,
            1452.600186775682
          ],
          [
            952.835950609297,
            1452.600186775682
          ],
          [
            944.835950609297,
            1466.456593236233
          ],
          [
            944.835950609297,
            1482.456593236233
          ],
          [
            930.979544148746,
            1490.456593236233
          ],
          [
            922.979544148746,
            1504.312999696784
          ],
          [
            909.1231376881949,
            1512.312999696784
          ],
          [
            909.1231376881949,
            1528.312999696784
          ],
          [
            909.1231376881949,
            1544.312999696784
          ],
          [
            895.2667312276438,
            1552.312999696784
          ],
          [
            895.2667312276438,
            1568.312999696784
          ],
          [
            887.2667312276438,
            1582.1694061573348
          ],
          [
            887.2667312276438,
            1598.1694061573348
          ],
          [
            887.2667312276438,
            1614.1694061573348
          ],
          [
            873.4103247670928,
            1622.1694061573348
          ],
          [
            873.4103247670928,
            1638.1694061573348
          ],
          [
            873.4103247670928,
            1654.1694061573348
          ],
          [
            873.4103247670928,
            1670.1694061573348
          ],
          [
            873.4103247670928,
            1686.1694061573348
          ],
          [
            859.5539183065417,
            1694.1694061573348
          ],
          [
            851.5539183065417,
            1708.0258126178858
          ],
          [
            837.6975118459907,
            1716.0258126178858
          ],
          [
            821.6975118459907,
            1716.0258126178858
          ],
          [
            807.8411053854396,
            1708.0258126178858
          ],
          [
            799.8411053854396,
            1694.1694061573348
          ],
          [
            791.8411053854396,
            1680.312999696784
          ],
          [
            775.8411053854396,
            1680.312999696784
          ]
        ]
      },
      "properties": {
        "id": "pistes:nan:nan",
        "name": "Lower Fast Track",
        "piste_type": "downhill",
        "tags": {
          "osm_way_id": "419774862",
          "name": "Lower Fast Track",
          "other_tags": "\"lit\"=>\"yes\",\"piste:difficulty\"=>\"advanced\",\"piste:grooming\"=>\"classic\",\"piste:type\"=>\"downhill\"",
          "State": "Pennsylvania",
          "Country": "United States of America",
          "Ski Area": "Montage Mountain Ski Area",
          "region": "north-america/us/pennsylvania",
          "natural": "grassland"
        }
      }
    },
    {
      "type": "Feature",
      "geometry": {
        "type": "LineString",
        "coordinates": [
          [
            1792.0568443349912,
            819.8653072165325
          ],
          [
            1784.0568443349912,
            833.7217136770836
          ],
          [
            1784.0568443349912,
            849.7217136770836
          ],
          [
            1784.0568443349912,
            865.7217136770836
          ],
          [
            1784.0568443349912,
            881.7217136770836
          ],
          [
            1784.0568443349912,
            897.7217136770836
          ],
          [
            1784.0568443349912,
            913.7217136770836
          ],
          [
            1776.0568443349912,
            927.5781201376346
          ],
          [
            1776.0568443349912,
            943.5781201376346
          ],
          [
            1768.0568443349912,
            957.4345265981857
          ],
          [
            1768.0568443349912,
            973.4345265981857
          ],
          [
            1760.0568443349912,
            987.2909330587368
          ],
          [
            1760.0568443349912,
            1003.2909330587368
          ],
          [
            1746.2004378744402,
            1011.2909330587368
          ],
          [
            1738.2004378744402,
            1025.1473395192877
          ],
          [
            1724.3440314138893,
            1033.1473395192877
          ],
          [
            1724.3440314138893,
            1049.1473395192877
          ],
          [
            1710.4876249533384,
            1057.1473395192877
          ],
          [
            1702.4876249533384,
            1071.0037459798386
          ],
          [
            1686.4876249533384,
            1071.0037459798386
          ],
          [
            1678.4876249533384,
            1084.8601524403896
          ],
          [
            1664.6312184927874,
            1092.8601524403896
          ],
          [
            1648.6312184927874,
            1092.8601524403896
          ],
          [
            1640.6312184927874,
            1106.7165589009405
          ],
          [
            1640.6312184927874,
            1122.7165589009405
          ],
          [
            1626.7748120322365,
            1130.7165589009405
          ],
          [
            1618.7748120322365,
            1144.5729653614915
          ],
          [
            1604.9184055716855,
            1152.5729653614915
          ],
          [
            1588.9184055716855,
            1152.5729653614915
          ],
          [
            1580.9184055716855,
            1166.4293718220424
          ],
          [
            1564.9184055716855,
            1166.4293718220424
          ],
          [
            1556.9184055716855,
            1180.2857782825934
          ],
          [
            1543.0619991111346,
            1188.2857782825934
          ],
          [
            1535.0619991111346,
            1202.1421847431443
          ],
          [
            1519.0619991111346,
            1202.1421847431443
          ],
          [
            1511.0619991111346,
            1215.9985912036952
          ],
          [
            1495.0619991111346,
            1215.9985912036952
          ],
          [
            1487.0619991111346,
            1229.8549976642462
          ],
          [
            1473.2055926505836,
            1237.8549976642462
          ],
          [
            1457.2055926505836,
            1237.8549976642462
          ],
          [
            1449.2055926505836,
            1251.7114041247971
          ],
          [
            1433.2055926505836,
            1251.7114041247971
          ],
          [
            1425.2055926505836,
            1265.567810585348
          ],
          [
            1411.3491861900327,
            1273.567810585348
          ],
          [
            1403.3491861900327,
            1287.424217045899
          ],
          [
            1387.3491861900327,
            1287.424217045899
          ],
          [
            1371.3491861900327,
            1287.424217045899
          ],
          [
            1355.3491861900327,
            1287.424217045899
          ],
          [
            1339.3491861900327,
            1287.424217045899
          ],
          [
            1323.3491861900327,
            1287.424217045899
          ],
          [
            1307.3491861900327,
            1287.424217045899
          ],
          [
            1291.3491861900327,
            1287.424217045899
          ],
          [
            1275.3491861900327,
            1287.424217045899
          ],
          [
            1259.3491861900327,
            1287.424217045899
          ],
          [
            1243.3491861900327,
            1287.424217045899
          ],
          [
            1235.3491861900327,
            1301.28062350645
          ]
        ]
      },
      "properties": {
        "id": "pistes:nan:nan",
        "name": "Upper Fast Track",
        "piste_type": "downhill",
        "tags": {
          "osm_way_id": "419774868",
          "name": "Upper Fast Track",
          "other_tags": "\"lit\"=>\"yes\",\"piste:difficulty\"=>\"intermediate\",\"piste:grooming\"=>\"classic\",\"piste:type\"=>\"downhill\"",
          "State": "Pennsylvania",
          "Country": "United States of America",
          "Ski Area": "Montage Mountain Ski Area",
          "region": "north-america/us/pennsylvania",
          "natural": "grassland"
        }
      }
    },
    {
      "type": "Feature",
      "geometry": {
        "type": "LineString",
        "coordinates": [
          [
            743.2415906997048,
            1619.9645228767768
          ],
          [
            743.2415906997048,
            1635.9645228767768
          ],
          [
            727.2415906997048,
            1635.9645228767768
          ]
        ]
      },
      "properties": {
        "id": "pistes:nan:nan",
        "piste_type": "downhill",
        "tags": {
          "osm_way_id": "419774873",
          "other_tags": "\"lit\"=>\"yes\",\"piste:difficulty\"=>\"intermediate\",\"piste:grooming\"=>\"classic\",\"piste:type\"=>\"downhill\"",
          "State": "Pennsylvania",
          "Country": "United States of America",
          "Ski Area": "Montage Mountain Ski Area",
          "region": "north-america/us/pennsylvania",
          "natural": "grassland"
        }
      }
    },
    {
      "type": "Feature",
      "geometry": {
        "type": "LineString",
        "coordinates": [
          [
            1776.283820488723,
            821.6713818367571
          ],
          [
            1768.283820488723,
            835.5277882973081
          ],
          [
            1754.427414028172,
            843.5277882973081
          ],
          [
            1746.427414028172,
            857.3841947578592
          ],
          [
            1732.571007567621,
            865.3841947578592
          ],
          [
            1724.571007567621,
            879.2406012184102
          ],
          [
            1708.571007567621,
            879.2406012184102
          ],
          [
            1700.571007567621,
            893.0970076789613
          ],
          [
            1686.7146011070702,
            901.0970076789613
          ],
          [
            1678.7146011070702,
            914.9534141395123
          ],
          [
            1662.7146011070702,
            914.9534141395123
          ],
          [
            1654.7146011070702,
            928.8098206000634
          ],
          [
            1640.8581946465192,
            936.8098206000634
          ],
          [
            1624.8581946465192,
            936.8098206000634
          ],
          [
            1616.8581946465192,
            950.6662270606145
          ],
          [
            1600.8581946465192,
            950.6662270606145
          ],
          [
            1592.8581946465192,
            964.5226335211655
          ],
          [
            1579.0017881859683,
            972.5226335211655
          ],
          [
            1571.0017881859683,
            986.3790399817166
          ],
          [
            1555.0017881859683,
            986.3790399817166
          ],
          [
            1547.0017881859683,
            1000.2354464422676
          ],
          [
            1533.1453817254173,
            1008.2354464422676
          ],
          [
            1517.1453817254173,
            1008.2354464422676
          ],
          [
            1509.1453817254173,
            1022.0918529028187
          ],
          [
            1495.2889752648664,
            1030.0918529028188
          ],
          [
            1487.2889752648664,
            1043.9482593633697
          ],
          [
            1473.4325688043155,
            1051.9482593633697
          ],
          [
            1459.5761623437645,
            1059.9482593633697
          ]
        ]
      },
      "properties": {
        "id": "pistes:nan:nan",
        "name": "Upper Runaway",
        "piste_type": "downhill",
        "tags": {
          "osm_way_id": "419781055",
          "name": "Upper Runaway",
          "other_tags": "\"lit\"=>\"yes\",\"piste:difficulty\"=>\"intermediate\",\"piste:grooming\"=>\"classic\",\"piste:type\"=>\"downhill\"",
          "State": "Pennsylvania",
          "Country": "United States of America",
          "Ski Area": "Montage Mountain Ski Area",
          "region": "north-america/us/pennsylvania",
          "natural": "grassland"
        }
      }
    },
    {
      "type": "Feature",
      "geometry": {
        "type": "LineString",
        "coordinates": [
          [
            1706.7525088561233,
            739.1708925291896
          ],
          [
            1698.7525088561233,
            753.0272989897406
          ],
          [
            1690.7525088561233,
            766.8837054502917
          ],
          [
            1676.8961023955724,
            774.8837054502917
          ],
          [
            1676.8961023955724,
            790.8837054502917
          ],
          [
            1663.0396959350214,
            798.8837054502917
          ],
          [
            1649.1832894744705,
            806.8837054502917
          ],
          [
            1641.1832894744705,
            820.7401119108428
          ],
          [
            1627.3268830139195,
            828.7401119108428
          ],
          [
            1619.3268830139195,
            842.5965183713938
          ],
          [
            1603.3268830139195,
            842.5965183713938
          ],
          [
            1595.3268830139195,
            856.4529248319449
          ],
          [
            1581.4704765533686,
            864.4529248319449
          ],
          [
            1565.4704765533686,
            864.4529248319449
          ],
          [
            1557.4704765533686,
            878.3093312924959
          ],
          [
            1543.6140700928177,
            886.3093312924959
          ],
          [
            1535.6140700928177,
            900.165737753047
          ],
          [
            1519.6140700928177,
            900.165737753047
          ],
          [
            1511.6140700928177,
            914.022144213598
          ],
          [
            1495.6140700928177,
            914.022144213598
          ],
          [
            1487.6140700928177,
            927.8785506741491
          ],
          [
            1487.6140700928177,
            943.8785506741491
          ],
          [
            1473.7576636322667,
            951.8785506741491
          ],
          [
            1457.7576636322667,
            951.8785506741491
          ],
          [
            1449.7576636322667,
            965.7349571347002
          ],
          [
            1435.9012571717158,
            973.7349571347002
          ],
          [
            1427.9012571717158,
            987.5913635952512
          ],
          [
            1411.9012571717158,
            987.5913635952512
          ],
          [
            1403.9012571717158,
            1001.4477700558023
          ],
          [
            1390.0448507111648,
            1009.4477700558023
          ],
          [
            1376.1884442506139,
            1017.4477700558023
          ],
          [
            1376.1884442506139,
            1033.4477700558023
          ],
          [
            1360.1884442506139,
            1033.4477700558023
          ],
          [
            1352.1884442506139,
            1047.3041765163532
          ],
          [
            1336.1884442506139,
            1047.3041765163532
          ],
          [
            1328.1884442506139,
            1061.1605829769042
          ],
          [
            1314.332037790063,
            1069.1605829769042
          ],
          [
            1306.332037790063,
            1083.016989437455
          ],
          [
            1290.332037790063,
            1083.016989437455
          ],
          [
            1282.332037790063,
            1096.873395898006
          ],
          [
            1266.332037790063,
            1096.873395898006
          ],
          [
            1252.475631329512,
            1104.873395898006
          ],
          [
            1244.475631329512,
            1118.729802358557
          ],
          [
            1228.475631329512,
            1118.729802358557
          ],
          [
            1220.475631329512,
            1132.586208819108
          ],
          [
            1206.619224868961,
            1140.586208819108
          ],
          [
            1198.619224868961,
            1154.4426152796589
          ],
          [
            1182.619224868961,
            1154.4426152796589
          ],
          [
            1174.619224868961,
            1168.2990217402098
          ],
          [
            1158.619224868961,
            1168.2990217402098
          ],
          [
            1144.76281840841,
            1176.2990217402098
          ],
          [
            1128.76281840841,
            1176.2990217402098
          ],
          [
            1112.76281840841,
            1176.2990217402098
          ]
        ]
      },
      "properties": {
        "id": "pistes:nan:nan",
        "name": "Whistler",
        "piste_type": "downhill",
        "tags": {
          "osm_way_id": "419781056",
          "name": "Whistler",
          "other_tags": "\"lit\"=>\"yes\",\"piste:difficulty\"=>\"intermediate\",\"piste:grooming\"=>\"classic\",\"piste:type\"=>\"downhill\"",
          "State": "Pennsylvania",
          "Country": "United States of America",
          "Ski Area": "Montage Mountain Ski Area",
          "region": "north-america/us/pennsylvania",
          "natural": "grassland"
        }
      }
    },
    {
      "type": "Feature",
      "geometry": {
        "type": "LineString",
        "coordinates": [
          [
            1705.865076970309,
            724.6334959277883
          ],
          [
            1692.008670509758,
            732.6334959277883
          ],
          [
            1676.008670509758,
            732.6334959277883
          ],
          [
            1662.1522640492071,
            740.6334959277883
          ],
          [
            1648.2958575886562,
            748.6334959277883
          ],
          [
            1634.4394511281052,
            756.6334959277883
          ],
          [
            1618.4394511281052,
            756.6334959277883
          ],
          [
            1604.5830446675543,
            764.6334959277883
          ],
          [
            1590.7266382070034,
            772.6334959277883
          ],
          [
            1576.8702317464524,
            780.6334959277883
          ],
          [
            1568.8702317464524,
            794.4899023883394
          ],
          [
            1552.8702317464524,
            794.4899023883394
          ],
          [
            1544.8702317464524,
            808.3463088488904
          ],
          [
            1531.0138252859015,
            816.3463088488904
          ],
          [
            1523.0138252859015,
            830.2027153094415
          ],
          [
            1507.0138252859015,
            830.2027153094415
          ],
          [
            1499.0138252859015,
            844.0591217699925
          ],
          [
            1485.1574188253505,
            852.0591217699925
          ],
          [
            1469.1574188253505,
            852.0591217699925
          ],
          [
            1461.1574188253505,
            865.9155282305436
          ],
          [
            1445.1574188253505,
            865.9155282305436
          ],
          [
            1437.1574188253505,
            879.7719346910947
          ],
          [
            1421.1574188253505,
            879.7719346910947
          ],
          [
            1413.1574188253505,
            893.6283411516457
          ],
          [
            1399.3010123647996,
            901.6283411516457
          ],
          [
            1391.3010123647996,
            915.4847476121968
          ],
          [
            1375.3010123647996,
            915.4847476121968
          ],
          [
            1367.3010123647996,
            929.3411540727478
          ],
          [
            1353.4446059042486,
            937.3411540727478
          ],
          [
            1337.4446059042486,
            937.3411540727478
          ],
          [
            1329.4446059042486,
            951.1975605332989
          ],
          [
            1315.5881994436977,
            959.1975605332989
          ],
          [
            1307.5881994436977,
            973.0539669938499
          ],
          [
            1291.5881994436977,
            973.0539669938499
          ],
          [
            1283.5881994436977,
            986.910373454401
          ],
          [
            1269.7317929831468,
            994.910373454401
          ],
          [
            1255.8753865225958,
            1002.910373454401
          ],
          [
            1242.0189800620449,
            1010.910373454401
          ],
          [
            1234.0189800620449,
            1024.766779914952
          ],
          [
            1220.162573601494,
            1032.766779914952
          ],
          [
            1220.162573601494,
            1048.766779914952
          ],
          [
            1206.306167140943,
            1056.766779914952
          ],
          [
            1198.306167140943,
            1070.6231863755029
          ],
          [
            1182.306167140943,
            1070.6231863755029
          ],
          [
            1174.306167140943,
            1084.4795928360538
          ],
          [
            1160.449760680392,
            1092.4795928360538
          ],
          [
            1144.449760680392,
            1092.4795928360538
          ]
        ]
      },
      "properties": {
        "id": "pistes:nan:nan",
        "name": "Switch",
        "piste_type": "downhill",
        "tags": {
          "osm_way_id": "419781061",
          "name": "Switch",
          "other_tags": "\"lit\"=>\"yes\",\"piste:difficulty\"=>\"intermediate\",\"piste:grooming\"=>\"classic\",\"piste:type\"=>\"downhill\"",
          "State": "Pennsylvania",
          "Country": "United States of America",
          "Ski Area": "Montage Mountain Ski Area",
          "region": "north-america/us/pennsylvania",
          "natural": "grassland"
        }
      }
    },
    {
      "type": "Feature",
      "geometry": {
        "type": "LineString",
        "coordinates": [
          [
            1685.4090024975594,
            620.0257091755047
          ],
          [
            1671.5525960370085,
            628.0257091755047
          ],
          [
            1657.6961895764575,
            636.0257091755047
          ],
          [
            1641.6961895764575,
            636.0257091755047
          ],
          [
            1625.6961895764575,
            636.0257091755047
          ],
          [
            1617.6961895764575,
            649.8821156360558
          ],
          [
            1601.6961895764575,
            649.8821156360558
          ],
          [
            1593.6961895764575,
            663.7385220966069
          ],
          [
            1577.6961895764575,
            663.7385220966069
          ],
          [
            1569.6961895764575,
            677.5949285571579
          ],
          [
            1555.8397831159066,
            685.5949285571579
          ],
          [
            1547.8397831159066,
            699.451335017709
          ],
          [
            1531.8397831159066,
            699.451335017709
          ],
          [
            1523.8397831159066,
            713.30774147826
          ],
          [
            1509.9833766553556,
            721.30774147826
          ],
          [
            1496.1269701948047,
            729.30774147826
          ],
          [
            1482.2705637342538,
            737.30774147826
          ],
          [
            1468.4141572737028,
            745.30774147826
          ],
          [
            1460.4141572737028,
            759.1641479388111
          ],
          [
            1444.4141572737028,
            759.1641479388111
          ],
          [
            1436.4141572737028,
            773.0205543993621
          ],
          [
            1422.5577508131519,
            781.0205543993621
          ],
          [
            1414.5577508131519,
            794.8769608599132
          ],
          [
            1398.5577508131519,
            794.8769608599132
          ],
          [
            1390.5577508131519,
            808.7333673204643
          ],
          [
            1376.701344352601,
            816.7333673204643
          ],
          [
            1360.701344352601,
            816.7333673204643
          ],
          [
            1352.701344352601,
            830.5897737810153
          ],
          [
            1336.701344352601,
            830.5897737810153
          ],
          [
            1328.701344352601,
            844.4461802415664
          ],
          [
            1314.84493789205,
            852.4461802415664
          ],
          [
            1306.84493789205,
            866.3025867021174
          ],
          [
            1290.84493789205,
            866.3025867021174
          ],
          [
            1282.84493789205,
            880.1589931626685
          ],
          [
            1268.988531431499,
            888.1589931626685
          ],
          [
            1252.988531431499,
            888.1589931626685
          ],
          [
            1244.988531431499,
            902.0153996232195
          ],
          [
            1244.988531431499,
            918.0153996232195
          ],
          [
            1228.988531431499,
            918.0153996232195
          ],
          [
            1220.988531431499,
            931.8718060837706
          ],
          [
            1207.132124970948,
            939.8718060837706
          ],
          [
            1199.132124970948,
            953.7282125443217
          ],
          [
            1185.2757185103972,
            961.7282125443217
          ],
          [
            1169.2757185103972,
            961.7282125443217
          ],
          [
            1161.2757185103972,
            975.5846190048727
          ],
          [
            1161.2757185103972,
            991.5846190048727
          ],
          [
            1147.4193120498462,
            999.5846190048727
          ],
          [
            1139.4193120498462,
            1013.4410254654238
          ],
          [
            1125.5629055892953,
            1021.4410254654238
          ],
          [
            1109.5629055892953,
            1021.4410254654238
          ],
          [
            1101.5629055892953,
            1035.2974319259747
          ],
          [
            1093.5629055892953,
            1049.1538383865256
          ],
          [
            1079.7064991287443,
            1057.1538383865256
          ],
          [
            1079.7064991287443,
            1073.1538383865256
          ],
          [
            1065.8500926681934,
            1081.1538383865256
          ],
          [
            1065.8500926681934,
            1097.1538383865256
          ],
          [
            1073.8500926681934,
            1111.0102448470766
          ]
        ]
      },
      "properties": {
        "id": "pistes:nan:nan",
        "name": "Spike",
        "piste_type": "downhill",
        "tags": {
          "osm_way_id": "419781067",
          "name": "Spike",
          "other_tags": "\"lit\"=>\"yes\",\"piste:difficulty\"=>\"intermediate\",\"piste:grooming\"=>\"classic\",\"piste:type\"=>\"downhill\"",
          "State": "Pennsylvania",
          "Country": "United States of America",
          "Ski Area": "Montage Mountain Ski Area",
          "region": "north-america/us/pennsylvania",
          "natural": "grassland"
        }
      }
    },
    {
      "type": "Feature",
      "geometry": {
        "type": "LineString",
        "coordinates": [
          [
            1556.3998386613093,
            595.3403944857419
          ],
          [
            1548.3998386613093,
            609.1968009462929
          ],
          [
            1534.5434322007584,
            617.1968009462929
          ],
          [
            1520.6870257402074,
            625.1968009462929
          ],
          [
            1520.6870257402074,
            641.1968009462929
          ],
          [
            1506.8306192796565,
            649.1968009462929
          ],
          [
            1498.8306192796565,
            663.053207406844
          ],
          [
            1482.8306192796565,
            663.053207406844
          ],
          [
            1474.8306192796565,
            676.909613867395
          ],
          [
            1460.9742128191056,
            684.909613867395
          ],
          [
            1444.9742128191056,
            684.909613867395
          ],
          [
            1436.9742128191056,
            698.7660203279461
          ],
          [
            1420.9742128191056,
            698.7660203279461
          ],
          [
            1412.9742128191056,
            712.6224267884971
          ],
          [
            1399.1178063585546,
            720.6224267884971
          ],
          [
            1383.1178063585546,
            720.6224267884971
          ],
          [
            1367.1178063585546,
            720.6224267884971
          ],
          [
            1351.1178063585546,
            720.6224267884971
          ],
          [
            1343.1178063585546,
            734.4788332490482
          ],
          [
            1327.1178063585546,
            734.4788332490482
          ],
          [
            1311.1178063585546,
            734.4788332490482
          ],
          [
            1295.1178063585546,
            734.4788332490482
          ],
          [
            1279.1178063585546,
            734.4788332490482
          ],
          [
            1271.1178063585546,
            748.3352397095993
          ],
          [
            1257.2613998980037,
            756.3352397095993
          ],
          [
            1241.2613998980037,
            756.3352397095993
          ],
          [
            1233.2613998980037,
            770.1916461701503
          ],
          [
            1217.2613998980037,
            770.1916461701503
          ],
          [
            1201.2613998980037,
            770.1916461701503
          ],
          [
            1185.2613998980037,
            770.1916461701503
          ],
          [
            1169.2613998980037,
            770.1916461701503
          ],
          [
            1161.2613998980037,
            784.0480526307014
          ],
          [
            1147.4049934374527,
            792.0480526307014
          ],
          [
            1131.4049934374527,
            792.0480526307014
          ],
          [
            1115.4049934374527,
            792.0480526307014
          ],
          [
            1099.4049934374527,
            792.0480526307014
          ],
          [
            1091.4049934374527,
            805.9044590912524
          ],
          [
            1075.4049934374527,
            805.9044590912524
          ],
          [
            1067.4049934374527,
            819.7608655518035
          ],
          [
            1051.4049934374527,
            819.7608655518035
          ],
          [
            1035.4049934374527,
            819.7608655518035
          ],
          [
            1019.4049934374527,
            819.7608655518035
          ],
          [
            1003.4049934374527,
            819.7608655518035
          ],
          [
            987.4049934374527,
            819.7608655518035
          ],
          [
            971.4049934374527,
            819.7608655518035
          ],
          [
            955.4049934374527,
            819.7608655518035
          ],
          [
            947.4049934374527,
            805.9044590912524
          ]
        ]
      },
      "properties": {
        "id": "pistes:nan:nan",
        "name": "Mainline",
        "piste_type": "downhill",
        "tags": {
          "osm_way_id": "419782865",
          "name": "Mainline",
          "other_tags": "\"lit\"=>\"yes\",\"piste:difficulty\"=>\"easy\",\"piste:grooming\"=>\"classic\",\"piste:type\"=>\"downhill\"",
          "State": "Pennsylvania",
          "Country": "United States of America",
          "Ski Area": "Montage Mountain Ski Area",
          "region": "north-america/us/pennsylvania",
          "natural": "grassland"
        }
      }
    },
    {
      "type": "Feature",
      "geometry": {
        "type": "LineString",
        "coordinates": [
          [
            1392.6462712404318,
            730.0724355001003
          ],
          [
            1378.7898647798809,
            738.0724355001003
          ],
          [
            1364.93345831933,
            746.0724355001003
          ]
        ]
      },
      "properties": {
        "id": "pistes:nan:nan",
        "piste_type": "downhill",
        "tags": {
          "osm_way_id": "419782866",
          "other_tags": "\"lit\"=>\"yes\",\"piste:difficulty\"=>\"easy\",\"piste:grooming\"=>\"classic\",\"piste:type\"=>\"downhill\"",
          "State": "Pennsylvania",
          "Country": "United States of America",
          "Ski Area": "Montage Mountain Ski Area",
          "region": "north-america/us/pennsylvania",
          "natural": "grassland"
        }
      }
    },
    {
      "type": "Feature",
      "geometry": {
        "type": "LineString",
        "coordinates": [
          [
            960.9032883992186,
            855.9227293971926
          ],
          [
            947.0468819386675,
            847.9227293971926
          ],
          [
            947.0468819386675,
            831.9227293971926
          ],
          [
            933.1904754781165,
            823.9227293971926
          ],
          [
            919.3340690175654,
            815.9227293971926
          ],
          [
            911.3340690175654,
            802.0663229366415
          ],
          [
            911.3340690175654,
            786.0663229366415
          ],
          [
            897.4776625570144,
            778.0663229366415
          ],
          [
            897.4776625570144,
            762.0663229366415
          ]
        ]
      },
      "properties": {
        "id": "pistes:nan:nan",
        "name": "Connection",
        "piste_type": "downhill",
        "tags": {
          "osm_way_id": "419782867",
          "name": "Connection",
          "other_tags": "\"lit\"=>\"yes\",\"piste:difficulty\"=>\"easy\",\"piste:grooming\"=>\"classic\",\"piste:type\"=>\"downhill\"",
          "State": "Pennsylvania",
          "Country": "United States of America",
          "Ski Area": "Montage Mountain Ski Area",
          "region": "north-america/us/pennsylvania",
          "natural": "grassland"
        }
      }
    },
    {
      "type": "Feature",
      "geometry": {
        "type": "LineString",
        "coordinates": [
          [
            1701.1593395363307,
            572.8998458068818
          ],
          [
            1687.3029330757797,
            564.8998458068818
          ],
          [
            1679.3029330757797,
            551.0434393463307
          ],
          [
            1665.4465266152288,
            543.0434393463307
          ],
          [
            1651.5901201546778,
            535.0434393463307
          ],
          [
            1643.5901201546778,
            521.1870328857797
          ],
          [
            1629.733713694127,
            529.1870328857797
          ],
          [
            1615.877307233576,
            537.1870328857797
          ],
          [
            1599.877307233576,
            537.1870328857797
          ],
          [
            1586.020900773025,
            545.1870328857797
          ],
          [
            1572.164494312474,
            553.1870328857797
          ],
          [
            1564.164494312474,
            567.0434393463307
          ],
          [
            1556.164494312474,
            580.8998458068818
          ],
          [
            1542.3080878519231,
            588.8998458068818
          ],
          [
            1534.3080878519231,
            602.7562522674328
          ],
          [
            1518.3080878519231,
            602.7562522674328
          ],
          [
            1510.3080878519231,
            616.6126587279839
          ],
          [
            1496.4516813913722,
            624.6126587279839
          ],
          [
            1480.4516813913722,
            624.6126587279839
          ],
          [
            1464.4516813913722,
            624.6126587279839
          ],
          [
            1448.4516813913722,
            624.6126587279839
          ],
          [
            1432.4516813913722,
            624.6126587279839
          ],
          [
            1424.4516813913722,
            638.469065188535
          ],
          [
            1408.4516813913722,
            638.469065188535
          ],
          [
            1392.4516813913722,
            638.469065188535
          ],
          [
            1376.4516813913722,
            638.469065188535
          ],
          [
            1360.4516813913722,
            638.469065188535
          ],
          [
            1352.4516813913722,
            652.325471649086
          ],
          [
            1338.5952749308212,
            660.325471649086
          ],
          [
            1322.5952749308212,
            660.325471649086
          ],
          [
            1306.5952749308212,
            660.325471649086
          ],
          [
            1290.5952749308212,
            660.325471649086
          ],
          [
            1282.5952749308212,
            674.1818781096371
          ],
          [
            1266.5952749308212,
            674.1818781096371
          ],
          [
            1258.5952749308212,
            688.0382845701881
          ],
          [
            1242.5952749308212,
            688.0382845701881
          ],
          [
            1226.5952749308212,
            688.0382845701881
          ],
          [
            1210.5952749308212,
            688.0382845701881
          ],
          [
            1196.7388684702703,
            696.0382845701881
          ],
          [
            1180.7388684702703,
            696.0382845701881
          ],
          [
            1164.7388684702703,
            696.0382845701881
          ],
          [
            1148.7388684702703,
            696.0382845701881
          ],
          [
            1132.7388684702703,
            696.0382845701881
          ],
          [
            1124.7388684702703,
            709.8946910307392
          ],
          [
            1108.7388684702703,
            709.8946910307392
          ],
          [
            1100.7388684702703,
            723.7510974912902
          ],
          [
            1084.7388684702703,
            723.7510974912902
          ],
          [
            1076.7388684702703,
            737.6075039518413
          ],
          [
            1062.8824620097193,
            745.6075039518413
          ],
          [
            1062.8824620097193,
            761.6075039518413
          ]
        ]
      },
      "properties": {
        "id": "pistes:nan:nan",
        "name": "Highball",
        "piste_type": "downhill",
        "tags": {
          "osm_way_id": "419782870",
          "name": "Highball",
          "other_tags": "\"lit\"=>\"yes\",\"piste:difficulty\"=>\"easy\",\"piste:grooming\"=>\"classic\",\"piste:type\"=>\"downhill\"",
          "State": "Pennsylvania",
          "Country": "United States of America",
          "Ski Area": "Montage Mountain Ski Area",
          "region": "north-america/us/pennsylvania",
          "natural": "grassland"
        }
      }
    },
    {
      "type": "Feature",
      "geometry": {
        "type": "LineString",
        "coordinates": [
          [
            929.0745272028726,
            1018.6376688843593
          ],
          [
            945.0745272028726,
            1018.6376688843593
          ],
          [
            953.0745272028726,
            1004.7812624238082
          ]
        ]
      },
      "properties": {
        "id": "pistes:nan:nan",
        "piste_type": "downhill",
        "tags": {
          "osm_way_id": "419786145",
          "other_tags": "\"lit\"=>\"yes\",\"piste:difficulty\"=>\"easy\",\"piste:grooming\"=>\"classic\",\"piste:type\"=>\"downhill\"",
          "State": "Pennsylvania",
          "Country": "United States of America",
          "Ski Area": "Montage Mountain Ski Area",
          "region": "north-america/us/pennsylvania",
          "natural": "grass"
        }
      }
    },
    {
      "type": "Feature",
      "geometry": {
        "type": "LineString",
        "coordinates": [
          [
            1070.5161714392016,
            882.5769398529083
          ],
          [
            1056.6597649786506,
            890.5769398529083
          ],
          [
            1048.6597649786506,
            904.4333463134593
          ],
          [
            1034.8033585180997,
            912.4333463134593
          ],
          [
            1018.8033585180997,
            912.4333463134593
          ],
          [
            1002.8033585180997,
            912.4333463134593
          ],
          [
            994.8033585180997,
            926.2897527740104
          ],
          [
            978.8033585180997,
            926.2897527740104
          ],
          [
            978.8033585180997,
            942.2897527740104
          ],
          [
            978.8033585180997,
            958.2897527740104
          ]
        ]
      },
      "properties": {
        "id": "pistes:nan:nan",
        "name": "Limited",
        "piste_type": "downhill",
        "tags": {
          "osm_way_id": "419786149",
          "name": "Limited",
          "other_tags": "\"lit\"=>\"yes\",\"piste:difficulty\"=>\"novice\",\"piste:grooming\"=>\"classic\",\"piste:type\"=>\"downhill\"",
          "State": "Pennsylvania",
          "Country": "United States of America",
          "Ski Area": "Montage Mountain Ski Area",
          "region": "north-america/us/pennsylvania",
          "natural": "grassland"
        }
      }
    },
    {
      "type": "Feature",
      "geometry": {
        "type": "LineString",
        "coordinates": [
          [
            1784.66724062094,
            915.2899885158986
          ],
          [
            1784.66724062094,
            931.2899885158986
          ],
          [
            1792.66724062094,
            945.1463949764496
          ],
          [
            1792.66724062094,
            961.1463949764496
          ],
          [
            1792.66724062094,
            977.1463949764496
          ],
          [
            1800.66724062094,
            991.0028014370007
          ],
          [
            1814.523647081491,
            999.0028014370007
          ],
          [
            1814.523647081491,
            1015.0028014370007
          ],
          [
            1814.523647081491,
            1031.0028014370007
          ],
          [
            1806.523647081491,
            1044.8592078975516
          ],
          [
            1798.523647081491,
            1058.7156143581026
          ],
          [
            1790.523647081491,
            1072.5720208186535
          ],
          [
            1776.66724062094,
            1080.5720208186535
          ],
          [
            1768.66724062094,
            1094.4284272792045
          ],
          [
            1760.66724062094,
            1108.2848337397554
          ],
          [
            1746.810834160389,
            1116.2848337397554
          ],
          [
            1738.810834160389,
            1130.1412402003064
          ],
          [
            1722.810834160389,
            1130.1412402003064
          ],
          [
            1714.810834160389,
            1143.9976466608573
          ],
          [
            1698.810834160389,
            1143.9976466608573
          ],
          [
            1684.954427699838,
            1151.9976466608573
          ],
          [
            1671.0980212392872,
            1159.9976466608573
          ],
          [
            1657.2416147787362,
            1167.9976466608573
          ],
          [
            1643.3852083181853,
            1175.9976466608573
          ],
          [
            1629.5288018576343,
            1183.9976466608573
          ],
          [
            1615.6723953970834,
            1191.9976466608573
          ],
          [
            1607.6723953970834,
            1205.8540531214082
          ],
          [
            1593.8159889365324,
            1213.8540531214082
          ],
          [
            1579.9595824759815,
            1221.8540531214082
          ],
          [
            1579.9595824759815,
            1237.8540531214082
          ],
          [
            1563.9595824759815,
            1237.8540531214082
          ],
          [
            1555.9595824759815,
            1251.7104595819592
          ],
          [
            1547.9595824759815,
            1265.5668660425101
          ],
          [
            1534.1031760154306,
            1273.5668660425101
          ],
          [
            1518.1031760154306,
            1273.5668660425101
          ],
          [
            1510.1031760154306,
            1287.423272503061
          ],
          [
            1494.1031760154306,
            1287.423272503061
          ],
          [
            1486.1031760154306,
            1301.279678963612
          ],
          [
            1470.1031760154306,
            1301.279678963612
          ],
          [
            1454.1031760154306,
            1301.279678963612
          ],
          [
            1438.1031760154306,
            1301.279678963612
          ],
          [
            1422.1031760154306,
            1301.279678963612
          ],
          [
            1406.1031760154306,
            1301.279678963612
          ],
          [
            1390.1031760154306,
            1301.279678963612
          ]
        ]
      },
      "properties": {
        "id": "pistes:nan:nan",
        "piste_type": "downhill",
        "tags": {
          "osm_way_id": "419786154",
          "other_tags": "\"lit\"=>\"yes\",\"piste:difficulty\"=>\"easy\",\"piste:grooming\"=>\"backcountry\",\"piste:type\"=>\"downhill\"",
          "State": "Pennsylvania",
          "Country": "United States of America",
          "Ski Area": "Montage Mountain Ski Area",
          "region": "north-america/us/pennsylvania",
          "natural": "grassland"
        }
      }
    },
    {
      "type": "Feature",
      "geometry": {
        "type": "LineString",
        "coordinates": [
          [
            1056.4026698686066,
            1270.3569444650784
          ],
          [
            1040.4026698686066,
            1270.3569444650784
          ],
          [
            1024.4026698686066,
            1270.3569444650784
          ],
          [
            1010.5462634080556,
            1278.3569444650784
          ],
          [
            996.6898569475045,
            1286.3569444650784
          ],
          [
            982.8334504869534,
            1294.3569444650784
          ],
          [
            968.9770440264024,
            1302.3569444650784
          ],
          [
            955.1206375658513,
            1310.3569444650784
          ],
          [
            947.1206375658513,
            1324.2133509256294
          ],
          [
            933.2642311053003,
            1332.2133509256294
          ],
          [
            919.4078246447492,
            1340.2133509256294
          ],
          [
            905.5514181841982,
            1348.2133509256294
          ],
          [
            891.6950117236471,
            1356.2133509256294
          ]
        ]
      },
      "properties": {
        "id": "pistes:nan:nan",
        "name": "Rattler",
        "piste_type": "downhill",
        "tags": {
          "osm_way_id": "419786156",
          "name": "Rattler",
          "other_tags": "\"lit\"=>\"yes\",\"piste:difficulty\"=>\"advanced\",\"piste:grooming\"=>\"classic\",\"piste:type\"=>\"downhill\"",
          "State": "Pennsylvania",
          "Country": "United States of America",
          "Ski Area": "Montage Mountain Ski Area",
          "region": "north-america/us/pennsylvania",
          "natural": "grassland"
        }
      }
    },
    {
      "type": "Feature",
      "geometry": {
        "type": "LineString",
        "coordinates": [
          [
            1217.6252937762183,
            1269.6749832136557
          ],
          [
            1203.7688873156674,
            1261.6749832136557
          ],
          [
            1195.7688873156674,
            1247.8185767531047
          ],
          [
            1187.7688873156674,
            1233.9621702925538
          ]
        ]
      },
      "properties": {
        "id": "pistes:nan:nan",
        "name": "Sidewinder",
        "piste_type": "downhill",
        "tags": {
          "osm_way_id": "419787171",
          "name": "Sidewinder",
          "other_tags": "\"piste:difficulty\"=>\"easy\",\"piste:grooming\"=>\"classic\",\"piste:type\"=>\"downhill\"",
          "State": "Pennsylvania",
          "Country": "United States of America",
          "Ski Area": "Montage Mountain Ski Area",
          "region": "north-america/us/pennsylvania",
          "natural": "grassland"
        }
      }
    },
    {
      "type": "Feature",
      "geometry": {
        "type": "LineString",
        "coordinates": [
          [
            1178.3139776848257,
            1202.2602346092463
          ],
          [
            1164.4575712242747,
            1194.2602346092463
          ],
          [
            1150.6011647637238,
            1186.2602346092463
          ]
        ]
      },
      "properties": {
        "id": "pistes:nan:nan",
        "name": "Sidewinder",
        "piste_type": "downhill",
        "tags": {
          "osm_way_id": "419787172",
          "name": "Sidewinder",
          "other_tags": "\"lit\"=>\"yes\",\"piste:difficulty\"=>\"easy\",\"piste:type\"=>\"downhill\"",
          "State": "Pennsylvania",
          "Country": "United States of America",
          "Ski Area": "Montage Mountain Ski Area",
          "region": "north-america/us/pennsylvania",
          "natural": "grassland"
        }
      }
    },
    {
      "type": "Feature",
      "geometry": {
        "type": "LineString",
        "coordinates": [
          [
            820.4856388437329,
            1029.4260964328423
          ],
          [
            798.4552094973624,
            1039.9198130220175
          ],
          [
            793.1371174510568,
            1044.6234983829781
          ],
          [
            782.3974915837753,
            1061.2815249655396
          ],
          [
            777.593960737111,
            1068.7235717615113
          ],
          [
            775.7591747078113,
            1080.3951104050502
          ],
          [
            779.7044914718135,
            1104.012979824096
          ],
          [
            786.4389258303563,
            1125.8886428647675
          ],
          [
            793.1733601888991,
            1147.764305905439
          ],
          [
            796.3164576107229,
            1164.9489446920343
          ],
          [
            799.4595550325466,
            1182.1335834786296
          ],
          [
            800.6785518613324,
            1202.053028505994
          ],
          [
            801.8975486901181,
            1221.9724735333584
          ],
          [
            803.1165455189039,
            1241.8919185607228
          ],
          [
            804.3355423476896,
            1261.8113635880873
          ],
          [
            801.8137521772296,
            1282.0925005967729
          ],
          [
            799.2919620067696,
            1302.3736376054585
          ],
          [
            791.7451878336142,
            1321.8975651071717
          ],
          [
            784.1984136604588,
            1341.421492608885
          ],
          [
            776.6516394873033,
            1360.9454201105982
          ],
          [
            764.6581411158259,
            1378.7455414081924
          ],
          [
            752.6646427443484,
            1396.5456627057865
          ],
          [
            740.3423245270193,
            1411.4432328464463
          ],
          [
            728.0200063096903,
            1426.3408029871061
          ],
          [
            715.6976880923612,
            1441.238373127766
          ],
          [
            708.0069099271204,
            1452.8437908701599
          ],
          [
            702.3645457543316,
            1469.7626621555537
          ],
          [
            701.6797905287822,
            1478.649819710292
          ],
          [
            704.7504028900294,
            1497.2782942131162
          ],
          [
            711.1814713213535,
            1512.3282554950565
          ],
          [
            717.6125397526775,
            1527.3782167769969
          ],
          [
            722.1647631000087,
            1548.326848814264
          ],
          [
            726.7169864473399,
            1569.275480851531
          ]
        ]
      },
      "properties": {
        "id": "pistes:nan:44670024",
        "name": "Smoke",
        "piste_type": "downhill",
        "tags": {
          "name": "Smoke",
          "z_order": "0.0",
          "other_tags": "\"lit\"=>\"yes\",\"piste:difficulty\"=>\"expert\",\"piste:type\"=>\"downhill\",\"route\"=>\"ski\"",
          "State": "Pennsylvania",
          "Country": "United States of America",
          "Ski Area": "Montage Mountain Ski Area",
          "region": "north-america/us/pennsylvania"
        }
      }
    },
    {
      "type": "Feature",
      "geometry": {
        "type": "LineString",
        "coordinates": [
          [
            782.3974915837753,
            1061.2815249655396
          ],
          [
            765.83888990595,
            1069.6499641972284
          ],
          [
            749.2802882281248,
            1078.018403428917
          ],
          [
            732.7216865502996,
            1086.386842660606
          ],
          [
            721.2601995510049,
            1097.2439491897821
          ],
          [
            713.444281419128,
            1114.4015016104095
          ],
          [
            705.628363287251,
            1131.5590540310368
          ],
          [
            697.2031337016087,
            1145.6126295779832
          ],
          [
            688.7779041159665,
            1159.6662051249295
          ],
          [
            675.3985634470979,
            1174.9420614885166
          ],
          [
            662.0192227782294,
            1190.2179178521037
          ],
          [
            648.6398821093608,
            1205.4937742156908
          ],
          [
            638.1749364548014,
            1220.806532905437
          ],
          [
            633.1546357847401,
            1237.032330633141
          ],
          [
            631.9081387437376,
            1256.286029505233
          ],
          [
            630.661641702735,
            1275.5397283773248
          ],
          [
            629.4151446617325,
            1294.7934272494167
          ],
          [
            630.1017091618947,
            1313.4031591311407
          ],
          [
            630.7882736620571,
            1332.0128910128649
          ],
          [
            631.4748381622194,
            1350.6226228945889
          ],
          [
            632.1614026623816,
            1369.2323547763128
          ],
          [
            632.847967162544,
            1387.842086658037
          ],
          [
            633.5345316627063,
            1406.451818539761
          ],
          [
            632.6982417906984,
            1422.8342576608993
          ],
          [
            631.8619519186905,
            1439.2166967820376
          ],
          [
            624.7178785209253,
            1462.0869378102943
          ],
          [
            617.5738051231601,
            1484.957178838551
          ],
          [
            611.0814948204303,
            1500.0877810693346
          ],
          [
            604.5891845177006,
            1515.2183833001181
          ],
          [
            598.0968742149707,
            1530.3489855309017
          ],
          [
            591.6045639122409,
            1545.4795877616853
          ],
          [
            585.1122536095112,
            1560.6101899924688
          ],
          [
            578.6199433067814,
            1575.7407922232524
          ],
          [
            574.1285599255934,
            1589.986357709393
          ],
          [
            571.4961745649343,
            1606.660169923678
          ],
          [
            571.7469989114907,
            1628.4189319396392
          ],
          [
            574.1419038341846,
            1646.1643604571
          ],
          [
            577.8751897676848,
            1653.019163007848
          ],
          [
            585.5312790922471,
            1658.7335951561108
          ],
          [
            611.7660178615479,
            1665.5266347816214
          ]
        ]
      },
      "properties": {
        "id": "pistes:nan:44670026",
        "name": "Boomer",
        "piste_type": "downhill",
        "tags": {
          "name": "Boomer",
          "z_order": "0.0",
          "other_tags": "\"lit\"=>\"yes\",\"oneway\"=>\"yes\",\"piste:difficulty\"=>\"expert\",\"piste:type\"=>\"downhill\",\"route\"=>\"ski\"",
          "State": "Pennsylvania",
          "Country": "United States of America",
          "Ski Area": "Montage Mountain Ski Area",
          "region": "north-america/us/pennsylvania"
        }
      }
    },
    {
      "type": "Feature",
      "geometry": {
        "type": "LineString",
        "coordinates": [
          [
            638.1749364548014,
            1220.806532905437
          ],
          [
            611.8273356204736,
            1226.7597783925012
          ],
          [
            596.4385894475272,
            1232.7066957950592
          ],
          [
            581.0498432745808,
            1238.6536131976172
          ],
          [
            559.9024605099112,
            1251.805865040049
          ],
          [
            544.9154083158937,
            1266.4651804175228
          ],
          [
            529.9283561218763,
            1281.1244957949966
          ],
          [
            517.6779665404465,
            1298.094327702187
          ],
          [
            505.42757695901673,
            1315.0641596093774
          ],
          [
            496.43703401921084,
            1331.6758752707392
          ],
          [
            489.6071193718817,
            1346.7721643693123
          ],
          [
            482.7772047245526,
            1361.8684534678857
          ],
          [
            475.94729007722344,
            1376.9647425664589
          ],
          [
            471.3866029868368,
            1394.1530355326831
          ],
          [
            465.49202729715034,
            1416.8195302807726
          ],
          [
            459.5974516074639,
            1439.486025028862
          ],
          [
            460.28230680859997,
            1458.36037160689
          ],
          [
            460.96716200973606,
            1477.2347181849182
          ],
          [
            470.86582999824896,
            1495.5052361260168
          ],
          [
            480.76449798676185,
            1513.7757540671155
          ],
          [
            489.85382471064804,
            1531.2420497168787
          ],
          [
            498.94315143453423,
            1548.7083453666419
          ],
          [
            506.50470323697664,
            1563.860457613133
          ],
          [
            517.5810583603743,
            1579.2076025614515
          ],
          [
            528.657413483772,
            1594.55474750977
          ],
          [
            540.1194990831427,
            1605.6800425238907
          ],
          [
            555.9332489973167,
            1617.049487231765
          ],
          [
            571.7469989114907,
            1628.4189319396392
          ]
        ]
      },
      "properties": {
        "id": "pistes:nan:44670027",
        "name": "White Lightning",
        "piste_type": "downhill",
        "tags": {
          "name": "White Lightning",
          "z_order": "0.0",
          "other_tags": "\"lit\"=>\"yes\",\"oneway\"=>\"yes\",\"piste:difficulty\"=>\"expert\",\"piste:type\"=>\"downhill\",\"route\"=>\"ski\"",
          "State": "Pennsylvania",
          "Country": "United States of America",
          "Ski Area": "Montage Mountain Ski Area",
          "region": "north-america/us/pennsylvania"
        }
      }
    },
    {
      "type": "Feature",
      "geometry": {
        "type": "LineString",
        "coordinates": [
          [
            820.4856388437329,
            1029.4260964328423
          ],
          [
            842.4234489846858,
            1028.148160239216
          ],
          [
            864.3612591256388,
            1026.8702240455896
          ],
          [
            895.9211819967604,
            1024.1422038022429
          ],
          [
            908.0818061635364,
            1025.914543254301
          ],
          [
            922.8025728407665,
            1033.196342041716
          ],
          [
            937.7232475701021,
            1037.0793187795207
          ],
          [
            946.637014090491,
            1043.1176065523177
          ],
          [
            955.9463536555413,
            1057.1465953188017
          ],
          [
            960.6632534849923,
            1072.3208630103618
          ],
          [
            965.4741271389648,
            1099.8180506182835
          ],
          [
            966.7847608064767,
            1110.4219222785905
          ],
          [
            965.252504375414,
            1136.5685958750546
          ],
          [
            960.3284551631659,
            1160.03216482047
          ],
          [
            953.7299054644149,
            1175.9959138259292
          ],
          [
            947.1313557656637,
            1191.9596628313884
          ],
          [
            940.5328060669126,
            1207.9234118368477
          ],
          [
            932.7658414615901,
            1222.7710699569434
          ],
          [
            924.9988768562674,
            1237.6187280770391
          ],
          [
            917.2319122509449,
            1252.4663861971349
          ],
          [
            909.4649476456223,
            1267.3140443172306
          ],
          [
            901.6979830402997,
            1282.1617024373263
          ],
          [
            896.4952469631875,
            1298.2998886943485
          ],
          [
            891.2925108860751,
            1314.4380749513705
          ],
          [
            886.0897748089628,
            1330.5762612083927
          ],
          [
            879.772628600942,
            1346.8339974605478
          ],
          [
            873.4554823929211,
            1363.091733712703
          ],
          [
            864.9423040935071,
            1376.5906663043424
          ],
          [
            853.7456152747618,
            1389.2219304256141
          ],
          [
            840.0800873622065,
            1401.7055655494332
          ],
          [
            826.4145594496513,
            1414.1892006732523
          ],
          [
            813.8070173701853,
            1428.2746286746114
          ],
          [
            805.844582992213,
            1442.657627617009
          ],
          [
            797.8821486142406,
            1457.0406265594065
          ],
          [
            789.9197142362682,
            1471.423625501804
          ],
          [
            781.9572798582958,
            1485.8066244442016
          ],
          [
            771.8555647405447,
            1499.373352273833
          ],
          [
            761.7538496227935,
            1512.9400801034644
          ],
          [
            752.1101104459764,
            1528.0391672415037
          ],
          [
            742.4663712691594,
            1543.1382543795432
          ],
          [
            732.8226320923422,
            1558.2373415175825
          ],
          [
            726.7169864473399,
            1569.275480851531
          ],
          [
            719.7887067557313,
            1587.5808908930048
          ],
          [
            708.8402528411825,
            1616.1535208672285
          ],
          [
            701.2682136656367,
            1632.3100219340995
          ],
          [
            689.858725001337,
            1649.8282386800274
          ],
          [
            681.4598947390332,
            1656.332022082992
          ],
          [
            672.5268529923051,
            1658.6210041437298
          ],
          [
            664.2629804205499,
            1660.904864504002
          ],
          [
            646.7639929008825,
            1662.4454545965418
          ],
          [
            629.2650053812152,
            1663.9860446890816
          ],
          [
            611.7660178615479,
            1665.5266347816214
          ]
        ]
      },
      "properties": {
        "id": "pistes:nan:44670028",
        "name": "Cannonball",
        "piste_type": "downhill",
        "tags": {
          "name": "Cannonball",
          "z_order": "0.0",
          "other_tags": "\"lit\"=>\"yes\",\"oneway\"=>\"yes\",\"piste:difficulty\"=>\"advanced\",\"piste:type\"=>\"downhill\",\"route\"=>\"ski\"",
          "State": "Pennsylvania",
          "Country": "United States of America",
          "Ski Area": "Montage Mountain Ski Area",
          "region": "north-america/us/pennsylvania"
        }
      }
    },
    {
      "type": "Feature",
      "geometry": {
        "type": "LineString",
        "coordinates": [
          [
            1764.801218527602,
            783.2325415862724
          ],
          [
            1774.2633457802585,
            794.3858968541026
          ],
          [
            1778.1864001668873,
            808.7783624976873
          ],
          [
            1780.7785048650112,
            826.4116143202409
          ]
        ]
      },
      "properties": {
        "id": "pistes:nan:44670035",
        "name": "Nordic",
        "piste_type": "downhill",
        "tags": {
          "name": "Nordic",
          "z_order": "0.0",
          "other_tags": "\"lit\"=>\"yes\",\"piste:difficulty\"=>\"intermediate\",\"piste:grooming\"=>\"classic\",\"piste:type\"=>\"nordic\",\"route\"=>\"ski\"",
          "State": "Pennsylvania",
          "Country": "United States of America",
          "Ski Area": "Montage Mountain Ski Area",
          "region": "north-america/us/pennsylvania"
        }
      }
    },
    {
      "type": "Feature",
      "geometry": {
        "type": "LineString",
        "coordinates": [
          [
            1228.5426152874134,
            1304.9864471927285
          ],
          [
            1207.5904325525044,
            1310.9187728986144
          ],
          [
            1190.265568626579,
            1320.82045545429
          ],
          [
            1176.703033634966,
            1330.4345605218161
          ],
          [
            1163.1404986433529,
            1340.0486655893426
          ],
          [
            1149.57796365174,
            1349.6627706568688
          ],
          [
            1134.5878589953645,
            1358.547641900368
          ],
          [
            1119.597754338989,
            1367.4325131438673
          ],
          [
            1098.5529185982014,
            1377.6403089598753
          ],
          [
            1077.5080828574137,
            1387.8481047758833
          ],
          [
            1058.9051956034964,
            1394.6511969813146
          ],
          [
            1040.302308349579,
            1401.4542891867459
          ],
          [
            1025.3697114824317,
            1409.6173297292553
          ],
          [
            1010.4371146152844,
            1417.7803702717647
          ],
          [
            995.504517748137,
            1425.943410814274
          ],
          [
            980.5719208809896,
            1434.1064513567835
          ],
          [
            951.2843073762488,
            1443.8779101315886
          ],
          [
            937.6101059069042,
            1449.7554983412847
          ],
          [
            931.6247448421782,
            1454.6862292690203
          ],
          [
            927.4087067220826,
            1461.268815801479
          ],
          [
            923.981948587927,
            1472.619403064251
          ],
          [
            923.5170226472546,
            1499.3796897670254
          ],
          [
            924.9918291031499,
            1517.2432643296197
          ],
          [
            923.1343147798325,
            1536.9086600476876
          ],
          [
            919.0631041160751,
            1553.0540655963123
          ],
          [
            914.9918934523178,
            1569.199471144937
          ],
          [
            910.9206827885604,
            1585.3448766935617
          ],
          [
            906.8494721248031,
            1601.4902822421864
          ],
          [
            902.7782614610458,
            1617.635687790811
          ],
          [
            898.7070507972884,
            1633.7810933394358
          ],
          [
            894.635840133531,
            1649.9264988880605
          ],
          [
            892.1841409032932,
            1657.4948482420295
          ],
          [
            884.0996922754566,
            1672.3227812424302
          ],
          [
            869.4183408238459,
            1688.6444458412006
          ],
          [
            863.2642391849658,
            1693.3544811168686
          ],
          [
            852.1640569157898,
            1696.6590204741806
          ],
          [
            829.2291870266199,
            1694.7249300461262
          ],
          [
            818.9145204729866,
            1691.362080955878
          ],
          [
            802.7372183335247,
            1681.6047341115773
          ],
          [
            786.5599161940627,
            1671.8473872672766
          ],
          [
            774.0687173405313,
            1668.2792118759826
          ],
          [
            765.4591095763026,
            1669.1111904755235
          ],
          [
            746.7968098626588,
            1669.1208726037294
          ],
          [
            723.9885631722864,
            1667.3526790197939
          ],
          [
            694.3876029260573,
            1662.2726041395217
          ],
          [
            672.5268529923051,
            1658.6210041437298
          ]
        ]
      },
      "properties": {
        "id": "pistes:nan:44670036",
        "name": "Lower Fast Track",
        "piste_type": "downhill",
        "tags": {
          "name": "Lower Fast Track",
          "z_order": "0.0",
          "other_tags": "\"lit\"=>\"yes\",\"piste:difficulty\"=>\"advanced\",\"piste:type\"=>\"downhill\",\"route\"=>\"ski\"",
          "State": "Pennsylvania",
          "Country": "United States of America",
          "Ski Area": "Montage Mountain Ski Area",
          "region": "north-america/us/pennsylvania"
        }
      }
    },
    {
      "type": "Feature",
      "geometry": {
        "type": "LineString",
        "coordinates": [
          [
            1780.7785048650112,
            826.4116143202409
          ],
          [
            1764.050956226051,
            839.6011333155135
          ],
          [
            1747.3234075870907,
            852.7906523107862
          ],
          [
            1730.5958589481306,
            865.9801713060588
          ],
          [
            1715.9737288509496,
            879.5240079341456
          ],
          [
            1703.7612334696266,
            890.8663011612371
          ],
          [
            1691.5487380883035,
            902.2085943883285
          ],
          [
            1679.3362427069806,
            913.5508876154199
          ],
          [
            1665.210132633266,
            924.049109060876
          ],
          [
            1651.0840225595516,
            934.5473305063322
          ],
          [
            1636.957912485837,
            945.0455519517884
          ],
          [
            1622.8318024121224,
            955.5437733972445
          ],
          [
            1608.705692338408,
            966.0419948427007
          ],
          [
            1595.3195770146558,
            977.0232507164279
          ],
          [
            1581.9334616909036,
            988.0045065901553
          ],
          [
            1568.5473463671515,
            998.9857624638826
          ],
          [
            1556.8901733696111,
            1009.9540426693857
          ],
          [
            1545.2330003720708,
            1020.9223228748888
          ],
          [
            1533.5758273745305,
            1031.8906030803919
          ],
          [
            1521.0225625174498,
            1045.1139499456622
          ],
          [
            1508.4692976603692,
            1058.3372968109325
          ],
          [
            1495.9160328032885,
            1071.5606436762027
          ],
          [
            1483.362767946208,
            1084.783990541473
          ],
          [
            1462.9261918335105,
            1103.7014268115163
          ],
          [
            1438.925983496767,
            1115.9844550574198
          ],
          [
            1420.239678628248,
            1122.95376630174
          ],
          [
            1401.5533737597289,
            1129.92307754606
          ],
          [
            1380.2855055226537,
            1132.9151859204285
          ],
          [
            1359.0176372855785,
            1135.9072942947969
          ],
          [
            1339.4726378035266,
            1139.9411684889346
          ],
          [
            1324.2859424807248,
            1145.0523030189797
          ],
          [
            1308.5735608845264,
            1153.1405600563933
          ],
          [
            1292.861179288328,
            1161.228817093807
          ],
          [
            1277.1487976921296,
            1169.3170741312206
          ],
          [
            1261.4364160959312,
            1177.4053311686341
          ],
          [
            1245.7240344997326,
            1185.493588206048
          ],
          [
            1230.0116529035342,
            1193.5818452434614
          ],
          [
            1214.2992713073359,
            1201.670102280875
          ],
          [
            1198.5868897111375,
            1209.7583593182887
          ],
          [
            1182.874508114939,
            1217.8466163557023
          ]
        ]
      },
      "properties": {
        "id": "pistes:nan:44670037",
        "name": "Upper Runway",
        "piste_type": "downhill",
        "tags": {
          "name": "Upper Runway",
          "z_order": "0.0",
          "other_tags": "\"lit\"=>\"yes\",\"piste:difficulty\"=>\"intermediate\",\"piste:type\"=>\"downhill\",\"route\"=>\"ski\"",
          "State": "Pennsylvania",
          "Country": "United States of America",
          "Ski Area": "Montage Mountain Ski Area",
          "region": "north-america/us/pennsylvania"
        }
      }
    },
    {
      "type": "Feature",
      "geometry": {
        "type": "LineString",
        "coordinates": [
          [
            1182.874508114939,
            1217.8466163557023
          ],
          [
            1159.3111130265752,
            1232.4587654117495
          ],
          [
            1141.1584066953121,
            1239.8503632905583
          ],
          [
            1123.0057003640493,
            1247.241961169367
          ],
          [
            1104.8529940327862,
            1254.6335590481758
          ],
          [
            1091.7013352021459,
            1263.2824638960883
          ],
          [
            1083.4749115539598,
            1270.561617760919
          ],
          [
            1071.0277371577686,
            1281.6255607495084
          ],
          [
            1058.5805627615773,
            1292.6895037380978
          ],
          [
            1046.133388365386,
            1303.7534467266873
          ],
          [
            1033.6862139691948,
            1314.8173897152767
          ],
          [
            1021.2390395730035,
            1325.881332703866
          ],
          [
            1012.526938963565,
            1335.2737226253375
          ],
          [
            1003.0173182483704,
            1349.779302650597
          ],
          [
            993.5076975331758,
            1364.2848826758564
          ],
          [
            985.1201159074553,
            1372.3425480509177
          ],
          [
            959.7258180602803,
            1388.0795641243458
          ],
          [
            945.5607423862675,
            1399.068002470148
          ],
          [
            931.3956667122548,
            1410.0564408159505
          ],
          [
            917.230591038242,
            1421.0448791617528
          ],
          [
            915.063478168333,
            1423.1708773635328
          ],
          [
            898.0503045077203,
            1439.8433433976024
          ],
          [
            888.3694972106023,
            1453.7952641779557
          ],
          [
            880.2745044842595,
            1470.917775712597
          ],
          [
            872.1795117579168,
            1488.040287247238
          ],
          [
            864.084519031574,
            1505.1627987818792
          ],
          [
            856.2065376454266,
            1519.6561126271263
          ],
          [
            848.3285562592791,
            1534.1494264723733
          ],
          [
            830.5800839383737,
            1554.1583973895758
          ],
          [
            815.1015471241748,
            1568.3398363773401
          ],
          [
            799.6230103099757,
            1582.5212753651042
          ],
          [
            784.1444734957768,
            1596.7027143528685
          ],
          [
            774.8746811738238,
            1609.652436953038
          ],
          [
            765.7993439667043,
            1628.3295153044164
          ],
          [
            768.8045267371926,
            1641.7181913722306
          ],
          [
            774.0687173405313,
            1668.2792118759826
          ]
        ]
      },
      "properties": {
        "id": "pistes:nan:44670038",
        "name": "Lower Runway",
        "piste_type": "downhill",
        "tags": {
          "name": "Lower Runway",
          "z_order": "0.0",
          "other_tags": "\"lit\"=>\"yes\",\"piste:difficulty\"=>\"advanced\",\"piste:type\"=>\"downhill\",\"route\"=>\"ski\"",
          "State": "Pennsylvania",
          "Country": "United States of America",
          "Ski Area": "Montage Mountain Ski Area",
          "region": "north-america/us/pennsylvania"
        }
      }
    },
    {
      "type": "Feature",
      "geometry": {
        "type": "LineString",
        "coordinates": [
          [
            1764.801218527602,
            783.2325415862724
          ],
          [
            1744.522495826357,
            771.061391425319
          ],
          [
            1731.5994543011184,
            765.8294489933178
          ],
          [
            1714.0882229837007,
            745.6660835519433
          ]
        ]
      },
      "properties": {
        "id": "pistes:nan:44670039",
        "name": "Nordic",
        "piste_type": "downhill",
        "tags": {
          "name": "Nordic",
          "z_order": "0.0",
          "other_tags": "\"lit\"=>\"yes\",\"piste:difficulty\"=>\"intermediate\",\"piste:grooming\"=>\"classic\",\"piste:type\"=>\"nordic\",\"route\"=>\"ski\"",
          "State": "Pennsylvania",
          "Country": "United States of America",
          "Ski Area": "Montage Mountain Ski Area",
          "region": "north-america/us/pennsylvania"
        }
      }
    },
    {
      "type": "Feature",
      "geometry": {
        "type": "LineString",
        "coordinates": [
          [
            1081.3133614556282,
            1158.0333294542506
          ],
          [
            1084.6535325577424,
            1175.9215820422396
          ],
          [
            1087.9937036598567,
            1193.8098346302286
          ],
          [
            1089.4580029547603,
            1210.341223999237
          ],
          [
            1090.9223022496637,
            1226.8726133682455
          ],
          [
            1092.3866015445674,
            1243.404002737254
          ],
          [
            1089.3261828793911,
            1258.9706151513383
          ],
          [
            1083.4749115539598,
            1270.561617760919
          ]
        ]
      },
      "properties": {
        "id": "pistes:nan:44670040",
        "name": "Snake;Upper Runway",
        "piste_type": "downhill",
        "tags": {
          "name": "Snake;Upper Runway",
          "z_order": "0.0",
          "other_tags": "\"lit\"=>\"yes\",\"piste:difficulty\"=>\"intermediate\",\"piste:type\"=>\"downhill\",\"route\"=>\"ski\"",
          "State": "Pennsylvania",
          "Country": "United States of America",
          "Ski Area": "Montage Mountain Ski Area",
          "region": "north-america/us/pennsylvania"
        }
      }
    },
    {
      "type": "Feature",
      "geometry": {
        "type": "LineString",
        "coordinates": [
          [
            1228.5426152874134,
            1304.9864471927285
          ],
          [
            1215.150030061719,
            1278.6089810924605
          ],
          [
            1206.5787696824602,
            1262.5312369062256
          ],
          [
            1198.0075093032017,
            1246.4534927199904
          ],
          [
            1189.436248923943,
            1230.3757485337555
          ],
          [
            1182.874508114939,
            1217.8466163557023
          ],
          [
            1172.2416576133692,
            1205.7037019738927
          ],
          [
            1158.4301307502708,
            1189.9360105457406
          ],
          [
            1144.6186038871722,
            1174.1683191175882
          ],
          [
            1130.8070770240738,
            1158.400627689436
          ]
        ]
      },
      "properties": {
        "id": "pistes:nan:44670041",
        "name": "Sidewinder",
        "piste_type": "downhill",
        "tags": {
          "name": "Sidewinder",
          "z_order": "0.0",
          "other_tags": "\"lit\"=>\"yes\",\"piste:difficulty\"=>\"intermediate\",\"piste:type\"=>\"downhill\",\"route\"=>\"ski\"",
          "State": "Pennsylvania",
          "Country": "United States of America",
          "Ski Area": "Montage Mountain Ski Area",
          "region": "north-america/us/pennsylvania"
        }
      }
    },
    {
      "type": "Feature",
      "geometry": {
        "type": "LineString",
        "coordinates": [
          [
            1700.022904606536,
            655.3544091787189
          ],
          [
            1710.6723655275418,
            675.2807042431086
          ],
          [
            1712.1529967493843,
            683.0412063654512
          ],
          [
            1710.4602661508834,
            713.807440138422
          ],
          [
            1712.274244567292,
            729.7367618451826
          ],
          [
            1714.0882229837007,
            745.6660835519433
          ]
        ]
      },
      "properties": {
        "id": "pistes:nan:44670043",
        "name": "Nordic",
        "piste_type": "downhill",
        "tags": {
          "name": "Nordic",
          "z_order": "0.0",
          "other_tags": "\"lit\"=>\"yes\",\"piste:difficulty\"=>\"easy\",\"piste:grooming\"=>\"classic\",\"piste:type\"=>\"nordic\",\"route\"=>\"ski\"",
          "State": "Pennsylvania",
          "Country": "United States of America",
          "Ski Area": "Montage Mountain Ski Area",
          "region": "north-america/us/pennsylvania"
        }
      }
    },
    {
      "type": "Feature",
      "geometry": {
        "type": "LineString",
        "coordinates": [
          [
            1682.9465881105862,
            564.0884268023074
          ],
          [
            1686.0389964314527,
            574.7900145296007
          ],
          [
            1689.7532508130826,
            590.8604590599425
          ],
          [
            1693.4675051947124,
            606.9309035902843
          ],
          [
            1694.795502872672,
            622.1977357724681
          ],
          [
            1696.408565539925,
            640.8819455085322
          ],
          [
            1700.022904606536,
            655.3544091787189
          ]
        ]
      },
      "properties": {
        "id": "pistes:nan:44670044",
        "name": "Noridc",
        "piste_type": "downhill",
        "tags": {
          "name": "Noridc",
          "z_order": "0.0",
          "other_tags": "\"lit\"=>\"yes\",\"piste:difficulty\"=>\"easy\",\"piste:grooming\"=>\"classic\",\"piste:type\"=>\"nordic\",\"route\"=>\"ski\"",
          "State": "Pennsylvania",
          "Country": "United States of America",
          "Ski Area": "Montage Mountain Ski Area",
          "region": "north-america/us/pennsylvania"
        }
      }
    },
    {
      "type": "Feature",
      "geometry": {
        "type": "LineString",
        "coordinates": [
          [
            1694.795502872672,
            622.1977357724681
          ],
          [
            1679.4511103433517,
            628.7600259777779
          ],
          [
            1664.1067178140318,
            635.3223161830878
          ],
          [
            1648.7623252847116,
            641.8846063883975
          ],
          [
            1633.9561548028723,
            649.5457714386284
          ],
          [
            1619.1499843210331,
            657.2069364888594
          ],
          [
            1604.343813839194,
            664.8681015390903
          ],
          [
            1590.1071365024545,
            674.0793628804386
          ],
          [
            1576.8640802149196,
            684.1269872000441
          ],
          [
            1563.6210239273846,
            694.1746115196496
          ],
          [
            1550.3779676398494,
            704.2222358392552
          ],
          [
            1537.1349113523145,
            714.2698601588606
          ],
          [
            1523.8918550647795,
            724.3174844784662
          ],
          [
            1513.3753730964963,
            730.9250702429563
          ],
          [
            1499.5105106515027,
            739.6325965881614
          ],
          [
            1485.6456482065093,
            748.3401229333665
          ],
          [
            1471.7807857615157,
            757.0476492785716
          ],
          [
            1457.9159233165224,
            765.7551756237766
          ],
          [
            1444.0510608715288,
            774.4627019689817
          ],
          [
            1430.1861984265354,
            783.1702283141868
          ],
          [
            1416.3213359815418,
            791.8777546593919
          ],
          [
            1402.6091396031454,
            800.4896667251984
          ],
          [
            1388.8969432247493,
            809.101578791005
          ],
          [
            1375.184746846353,
            817.7134908568114
          ],
          [
            1361.4725504679566,
            826.3254029226179
          ],
          [
            1347.7603540895605,
            834.9373149884244
          ],
          [
            1334.048157711164,
            843.5492270542309
          ],
          [
            1311.8410591175198,
            860.7041130196303
          ],
          [
            1298.7998621934094,
            873.0155619140714
          ],
          [
            1285.812768298696,
            886.9364794758148
          ],
          [
            1272.8256744039827,
            900.8573970375583
          ],
          [
            1258.0418080822856,
            915.0140455560759
          ],
          [
            1243.2579417605884,
            929.1706940745935
          ],
          [
            1232.6912046172656,
            936.8004971100017
          ],
          [
            1217.6974302203162,
            945.3244069849607
          ],
          [
            1202.7036558233667,
            953.8483168599196
          ],
          [
            1187.7098814264173,
            962.3722267348785
          ],
          [
            1172.7161070294678,
            970.8961366098374
          ],
          [
            1159.4293222948036,
            981.1003001036588
          ],
          [
            1146.1425375601393,
            991.3044635974802
          ],
          [
            1132.855752825475,
            1001.5086270913016
          ],
          [
            1119.5689680908108,
            1011.712790585123
          ],
          [
            1110.4204226264847,
            1023.184511850588
          ],
          [
            1100.4226493911556,
            1035.7313317193184
          ],
          [
            1090.4248761558265,
            1048.2781515880488
          ],
          [
            1080.4271029204974,
            1060.8249714567792
          ],
          [
            1070.4293296851683,
            1073.3717913255095
          ],
          [
            1066.3075768745039,
            1081.3968773707747
          ],
          [
            1063.1313640578883,
            1092.745477605611
          ],
          [
            1062.6370922750793,
            1104.7398007465526
          ],
          [
            1065.1745699150488,
            1119.3756093466654
          ],
          [
            1070.7040526797646,
            1131.4350948315114
          ],
          [
            1081.3133614556282,
            1158.0333294542506
          ]
        ]
      },
      "properties": {
        "id": "pistes:nan:44670045",
        "name": "Spike",
        "piste_type": "downhill",
        "tags": {
          "name": "Spike",
          "z_order": "0.0",
          "other_tags": "\"lit\"=>\"yes\",\"piste:difficulty\"=>\"intermediate\",\"piste:type\"=>\"downhill\",\"route\"=>\"ski\"",
          "State": "Pennsylvania",
          "Country": "United States of America",
          "Ski Area": "Montage Mountain Ski Area",
          "region": "north-america/us/pennsylvania"
        }
      }
    },
    {
      "type": "Feature",
      "geometry": {
        "type": "LineString",
        "coordinates": [
          [
            1682.9465881105862,
            564.0884268023074
          ],
          [
            1673.8768651569844,
            543.9948457647115
          ],
          [
            1670.4954304829007,
            539.357319155708
          ],
          [
            1663.7760174922878,
            535.8551623234525
          ],
          [
            1655.8217880821903,
            535.0268735531718
          ],
          [
            1640.0304341196897,
            537.8103778734803
          ],
          [
            1617.2850219134125,
            544.8097370145842
          ],
          [
            1594.5396097071352,
            551.8090961556882
          ],
          [
            1579.9643367274257,
            560.5233343667351
          ],
          [
            1565.3890637477161,
            569.237572577782
          ],
          [
            1547.4679476912133,
            578.0326145421714
          ],
          [
            1540.1444759098813,
            579.8531546480954
          ],
          [
            1520.829537776648,
            584.6508349385113
          ],
          [
            1514.7335847287322,
            586.1623702114448
          ],
          [
            1489.6255589066423,
            596.011037346907
          ],
          [
            1473.3743710320632,
            600.1863040289609
          ],
          [
            1457.1231831574842,
            604.3615707110148
          ],
          [
            1440.8719952829051,
            608.5368373930687
          ],
          [
            1424.620807408326,
            612.7121040751226
          ],
          [
            1408.369619533747,
            616.8873707571765
          ],
          [
            1392.118431659168,
            621.0626374392305
          ],
          [
            1375.867243784589,
            625.2379041212844
          ],
          [
            1359.61605591001,
            629.4131708033383
          ],
          [
            1341.9231144855148,
            633.5600025216118
          ],
          [
            1324.2301730610197,
            637.7068342398852
          ],
          [
            1306.5372316365247,
            641.8536659581587
          ],
          [
            1288.8442902120296,
            646.0004976764321
          ],
          [
            1271.1513487875345,
            650.1473293947056
          ],
          [
            1253.4584073630394,
            654.294161112979
          ],
          [
            1235.7654659385444,
            658.4409928312525
          ],
          [
            1219.9336377545712,
            664.3974403741045
          ],
          [
            1204.101809570598,
            670.3538879169565
          ],
          [
            1188.269981386625,
            676.3103354598085
          ],
          [
            1172.4381532026518,
            682.2667830026605
          ],
          [
            1156.606325018679,
            688.2232305455125
          ],
          [
            1140.7744968347058,
            694.1796780883645
          ],
          [
            1124.9426686507327,
            700.1361256312165
          ],
          [
            1109.1108404667596,
            706.0925731740685
          ],
          [
            1093.2790122827864,
            712.0490207169205
          ],
          [
            1084.746652264439,
            725.9308439311571
          ],
          [
            1076.2142922460916,
            739.8126671453938
          ],
          [
            1078.2358383616956,
            762.4960636333562
          ],
          [
            1080.2573844772996,
            785.1794601213187
          ]
        ]
      },
      "properties": {
        "id": "pistes:nan:44670047",
        "name": "Highball",
        "piste_type": "downhill",
        "tags": {
          "name": "Highball",
          "z_order": "0.0",
          "other_tags": "\"lit\"=>\"yes\",\"piste:difficulty\"=>\"easy\",\"piste:grooming\"=>\"classic\",\"piste:type\"=>\"downhill\",\"route\"=>\"ski\"",
          "State": "Pennsylvania",
          "Country": "United States of America",
          "Ski Area": "Montage Mountain Ski Area",
          "region": "north-america/us/pennsylvania"
        }
      }
    },
    {
      "type": "Feature",
      "geometry": {
        "type": "LineString",
        "coordinates": [
          [
            1520.829537776648,
            584.6508349385113
          ],
          [
            1513.4060078462353,
            579.866259987466
          ],
          [
            1499.252516370063,
            570.7471040454693
          ],
          [
            1485.0990248938906,
            561.6279481034726
          ],
          [
            1478.3659293540986,
            555.2172494325787
          ],
          [
            1472.3259346999112,
            553.0646218042821
          ],
          [
            1467.0988105781144,
            553.303963765502
          ],
          [
            1460.0972857170855,
            556.7652993472293
          ],
          [
            1454.5056705149473,
            560.8044090410694
          ],
          [
            1449.2974925063318,
            562.442516874522
          ],
          [
            1443.6635858272784,
            560.8863701503724
          ],
          [
            1437.4053741461248,
            557.5363673847169
          ],
          [
            1435.085301126237,
            554.9781647883356
          ],
          [
            1433.537593980087,
            550.5600299509242
          ],
          [
            1432.4383300195914,
            537.9560720790178
          ],
          [
            1430.9714219311136,
            533.1598469223827
          ],
          [
            1428.3114705540356,
            528.8056358061731
          ],
          [
            1426.1279255414847,
            526.6016787206754
          ],
          [
            1422.708615087904,
            525.8281692247838
          ],
          [
            1419.2208966713515,
            525.9655714808032
          ],
          [
            1414.8978327123914,
            528.4851971073076
          ],
          [
            1406.3727800281486,
            539.5743216378614
          ],
          [
            1394.785629834485,
            550.6533296541311
          ],
          [
            1383.1984796408215,
            561.7323376704007
          ],
          [
            1371.7171574725362,
            581.253922669217
          ],
          [
            1360.235835304251,
            600.7755076680332
          ],
          [
            1353.5625187412952,
            606.6880829958245
          ],
          [
            1348.3314001781982,
            608.6039969520643
          ],
          [
            1343.2916445827577,
            609.2750016469508
          ],
          [
            1333.6201583524817,
            607.0500748306513
          ],
          [
            1320.5744726475095,
            600.0656127221882
          ],
          [
            1311.8673490470392,
            599.2434064093977
          ],
          [
            1303.9618709554197,
            599.3255273941904
          ],
          [
            1298.5306698648492,
            603.5411814246327
          ],
          [
            1296.283577297465,
            611.7184467157349
          ],
          [
            1294.4769957711687,
            622.8233952401206
          ],
          [
            1289.0510694227414,
            626.6282297708094
          ],
          [
            1284.0191597229568,
            628.3317355802283
          ],
          [
            1279.8264136015205,
            628.1636856561527
          ],
          [
            1256.1723081332166,
            610.1463315207511
          ],
          [
            1250.0835572266951,
            610.3923672251403
          ],
          [
            1246.3260763097205,
            613.5628434410319
          ],
          [
            1236.3060649066465,
            630.4589492669329
          ],
          [
            1231.014976590057,
            633.2857971219346
          ],
          [
            1225.5572520621354,
            636.2027326347306
          ],
          [
            1217.9385457235621,
            635.4834015537053
          ],
          [
            1205.605528153421,
            630.9140486121178
          ],
          [
            1193.3070647330605,
            630.8964208848774
          ],
          [
            1186.8966549769393,
            635.0529831750318
          ],
          [
            1184.8466813254636,
            637.2224123449996
          ],
          [
            1173.9498731823405,
            648.8072382248938
          ],
          [
            1168.6988789871102,
            651.4006780860946
          ],
          [
            1146.873675638315,
            652.7878399575129
          ],
          [
            1125.0484722895199,
            654.1750018289313
          ],
          [
            1117.3680687592714,
            656.3428594637662
          ],
          [
            1100.4059670610877,
            664.6321401074529
          ],
          [
            1083.443865362904,
            672.9214207511395
          ],
          [
            1054.6760662609013,
            674.4726900011301
          ],
          [
            1047.585528551892,
            677.1912491424009
          ],
          [
            1041.7853582059033,
            684.5629804199561
          ],
          [
            1040.5888491029618,
            692.2327238898724
          ],
          [
            1052.4639968173385,
            708.0927049750462
          ],
          [
            1064.339144531715,
            723.95268606022
          ],
          [
            1076.2142922460916,
            739.8126671453938
          ]
        ]
      },
      "properties": {
        "id": "pistes:nan:44670049",
        "name": "Easy Street",
        "piste_type": "downhill",
        "tags": {
          "name": "Easy Street",
          "z_order": "0.0",
          "other_tags": "\"lit\"=>\"yes\",\"piste:difficulty\"=>\"easy\",\"piste:grooming\"=>\"classic\",\"piste:type\"=>\"downhill\",\"route\"=>\"ski\"",
          "State": "Pennsylvania",
          "Country": "United States of America",
          "Ski Area": "Montage Mountain Ski Area",
          "region": "north-america/us/pennsylvania"
        }
      }
    },
    {
      "type": "Feature",
      "geometry": {
        "type": "LineString",
        "coordinates": [
          [
            1540.1444759098813,
            579.8531546480954
          ],
          [
            1539.185601150326,
            598.5734001612291
          ],
          [
            1538.2267263907706,
            617.2936456743628
          ],
          [
            1532.884524342895,
            629.9906454663724
          ],
          [
            1528.163829571975,
            636.354618769139
          ],
          [
            1514.615726062504,
            648.1143711479381
          ],
          [
            1490.613068238541,
            660.2861869949847
          ],
          [
            1475.6246760825743,
            665.9506326743091
          ],
          [
            1460.6362839266076,
            671.6150783536335
          ],
          [
            1445.6478917706409,
            677.2795240329579
          ],
          [
            1429.2216869730328,
            684.5647660652176
          ],
          [
            1412.7954821754247,
            691.8500080974773
          ],
          [
            1393.8951758364565,
            698.3213775297627
          ],
          [
            1374.9948694974883,
            704.7927469620481
          ],
          [
            1354.3653653939255,
            709.3898856947199
          ],
          [
            1323.4629846159369,
            716.2853873772547
          ],
          [
            1306.3514751761977,
            723.2616212059123
          ],
          [
            1289.2399657364585,
            730.2378550345699
          ],
          [
            1272.1284562967194,
            737.2140888632275
          ],
          [
            1255.0169468569802,
            744.1903226918852
          ],
          [
            1237.905437417241,
            751.1665565205427
          ],
          [
            1220.7939279775019,
            758.1427903492004
          ],
          [
            1200.7189836997422,
            764.1239838604815
          ],
          [
            1180.6440394219826,
            770.1051773717627
          ],
          [
            1163.1041880837292,
            773.9022288024426
          ],
          [
            1146.190812393014,
            775.7331828543296
          ],
          [
            1129.2774367022987,
            777.5641369062165
          ],
          [
            1112.3640610115835,
            779.3950909581035
          ],
          [
            1096.3107227444416,
            782.2872755397111
          ],
          [
            1080.2573844772996,
            785.1794601213187
          ],
          [
            1063.430778725422,
            789.8995622685179
          ],
          [
            1046.6041729735443,
            794.6196644157171
          ],
          [
            1029.7775672216667,
            799.3397665629163
          ],
          [
            1012.950961469789,
            804.0598687101156
          ],
          [
            996.1243557179114,
            808.7799708573148
          ],
          [
            974.9531197578763,
            812.4830359993502
          ],
          [
            959.2376433656318,
            815.2341523924842
          ],
          [
            929.9060581572121,
            812.9932172633708
          ]
        ]
      },
      "properties": {
        "id": "pistes:nan:44670051",
        "name": "Mainline",
        "piste_type": "downhill",
        "tags": {
          "name": "Mainline",
          "z_order": "0.0",
          "other_tags": "\"lit\"=>\"yes\",\"piste:difficulty\"=>\"easy\",\"piste:grooming\"=>\"classic\",\"piste:type\"=>\"downhill\",\"route\"=>\"ski\"",
          "State": "Pennsylvania",
          "Country": "United States of America",
          "Ski Area": "Montage Mountain Ski Area",
          "region": "north-america/us/pennsylvania"
        }
      }
    },
    {
      "type": "Feature",
      "geometry": {
        "type": "LineString",
        "coordinates": [
          [
            1416.3213359815418,
            791.8777546593919
          ],
          [
            1401.994155994791,
            777.4587297746912
          ],
          [
            1387.6669760080404,
            763.0397048899904
          ],
          [
            1380.359904118639,
            746.5525057488121
          ],
          [
            1373.0528322292375,
            730.0653066076338
          ],
          [
            1354.3653653939255,
            709.3898856947199
          ]
        ]
      },
      "properties": {
        "id": "pistes:nan:44670052",
        "piste_type": "downhill",
        "tags": {
          "z_order": "0.0",
          "other_tags": "\"lit\"=>\"yes\",\"piste:difficulty\"=>\"easy\",\"piste:type\"=>\"downhill\",\"route\"=>\"ski\"",
          "State": "Pennsylvania",
          "Country": "United States of America",
          "Ski Area": "Montage Mountain Ski Area",
          "region": "north-america/us/pennsylvania"
        }
      }
    },
    {
      "type": "Feature",
      "geometry": {
        "type": "LineString",
        "coordinates": [
          [
            1580.5373958257842,
            779.6127497302368
          ],
          [
            1567.1049912799267,
            769.8752138327807
          ],
          [
            1553.672586734069,
            760.1376779353246
          ],
          [
            1540.2401821882115,
            750.4001420378685
          ],
          [
            1526.8077776423538,
            740.6626061404124
          ],
          [
            1513.3753730964963,
            730.9250702429563
          ]
        ]
      },
      "properties": {
        "id": "pistes:nan:44670053",
        "piste_type": "downhill",
        "tags": {
          "z_order": "0.0",
          "other_tags": "\"lit\"=>\"yes\",\"oneway\"=>\"yes\",\"piste:difficulty\"=>\"easy\",\"piste:type\"=>\"downhill\",\"route\"=>\"ski\"",
          "State": "Pennsylvania",
          "Country": "United States of America",
          "Ski Area": "Montage Mountain Ski Area",
          "region": "north-america/us/pennsylvania"
        }
      }
    },
    {
      "type": "Feature",
      "geometry": {
        "type": "LineString",
        "coordinates": [
          [
            1190.724957458966,
            1068.5489504812285
          ],
          [
            1172.7102730101906,
            1060.0445210523903
          ],
          [
            1154.6955885614152,
            1051.5400916235521
          ],
          [
            1136.6809041126398,
            1043.035662194714
          ],
          [
            1123.5506633695622,
            1033.110087022651
          ],
          [
            1110.4204226264847,
            1023.184511850588
          ],
          [
            1092.433503940265,
            1013.2237847954966
          ],
          [
            1074.4465852540452,
            1003.2630577404052
          ],
          [
            1054.2152857432666,
            998.4987700460479
          ],
          [
            1033.983986232488,
            993.7344823516905
          ],
          [
            1008.7864798350492,
            984.9890678571537
          ],
          [
            980.0122198356548,
            978.9466836806387
          ],
          [
            966.0503208921873,
            990.0000967849046
          ]
        ]
      },
      "properties": {
        "id": "pistes:nan:44670054",
        "piste_type": "downhill",
        "tags": {
          "z_order": "0.0",
          "other_tags": "\"piste:difficulty\"=>\"easy\",\"piste:type\"=>\"downhill\",\"route\"=>\"ski\"",
          "State": "Pennsylvania",
          "Country": "United States of America",
          "Ski Area": "Montage Mountain Ski Area",
          "region": "north-america/us/pennsylvania"
        }
      }
    },
    {
      "type": "Feature",
      "geometry": {
        "type": "LineString",
        "coordinates": [
          [
            922.8025728407665,
            1033.196342041716
          ],
          [
            942.5773455110029,
            1013.2165876310319
          ],
          [
            960.3859738937463,
            994.2955098710954
          ],
          [
            966.0503208921873,
            990.0000967849046
          ]
        ]
      },
      "properties": {
        "id": "pistes:nan:44670055",
        "piste_type": "downhill",
        "tags": {
          "z_order": "0.0",
          "other_tags": "\"piste:difficulty\"=>\"intermediate\",\"piste:type\"=>\"downhill\",\"route\"=>\"ski\"",
          "State": "Pennsylvania",
          "Country": "United States of America",
          "Ski Area": "Montage Mountain Ski Area",
          "region": "north-america/us/pennsylvania"
        }
      }
    },
    {
      "type": "Feature",
      "geometry": {
        "type": "LineString",
        "coordinates": [
          [
            966.0503208921873,
            990.0000967849046
          ],
          [
            970.6348683831166,
            1002.077817728743
          ],
          [
            986.0264837565483,
            1024.9312541587278
          ],
          [
            995.7787686326774,
            1030.1305307177827
          ],
          [
            1006.7705096277059,
            1040.9936847370118
          ],
          [
            1017.1843710553561,
            1057.2718283891056
          ],
          [
            1027.5982324830063,
            1073.5499720411997
          ],
          [
            1038.0120939106564,
            1089.8281156932935
          ],
          [
            1048.909413500359,
            1103.697108739366
          ],
          [
            1059.806733090062,
            1117.5661017854388
          ],
          [
            1070.7040526797646,
            1131.4350948315114
          ]
        ]
      },
      "properties": {
        "id": "pistes:nan:44670060",
        "name": "Connection",
        "piste_type": "downhill",
        "tags": {
          "name": "Connection",
          "z_order": "0.0",
          "other_tags": "\"piste:difficulty\"=>\"easy\",\"piste:grooming\"=>\"classic\",\"piste:type\"=>\"downhill\",\"route\"=>\"ski\"",
          "State": "Pennsylvania",
          "Country": "United States of America",
          "Ski Area": "Montage Mountain Ski Area",
          "region": "north-america/us/pennsylvania"
        }
      }
    },
    {
      "type": "Feature",
      "geometry": {
        "type": "LineString",
        "coordinates": [
          [
            986.0264837565483,
            1024.9312541587278
          ],
          [
            984.9065563289332,
            1031.6567275281996
          ],
          [
            971.3089125016704,
            1057.5512267220765
          ],
          [
            966.9070396480383,
            1063.9353560898453
          ],
          [
            960.6632534849923,
            1072.3208630103618
          ]
        ]
      },
      "properties": {
        "id": "pistes:nan:44670061",
        "piste_type": "downhill",
        "tags": {
          "z_order": "0.0",
          "other_tags": "\"piste:difficulty\"=>\"intermediate\",\"piste:type\"=>\"downhill\",\"route\"=>\"ski\"",
          "State": "Pennsylvania",
          "Country": "United States of America",
          "Ski Area": "Montage Mountain Ski Area",
          "region": "north-america/us/pennsylvania"
        }
      }
    },
    {
      "type": "Feature",
      "geometry": {
        "type": "LineString",
        "coordinates": [
          [
            918.745781432779,
            789.9743684269488
          ],
          [
            900.8856009554584,
            766.0407849075273
          ]
        ]
      },
      "properties": {
        "id": "pistes:nan:44670066",
        "name": "Connection",
        "piste_type": "downhill",
        "tags": {
          "name": "Connection",
          "z_order": "0.0",
          "other_tags": "\"oneway\"=>\"no\",\"piste:difficulty\"=>\"easy\",\"piste:grooming\"=>\"classic\",\"piste:type\"=>\"downhill\",\"route\"=>\"ski\"",
          "State": "Pennsylvania",
          "Country": "United States of America",
          "Ski Area": "Montage Mountain Ski Area",
          "region": "north-america/us/pennsylvania"
        }
      }
    },
    {
      "type": "Feature",
      "geometry": {
        "type": "LineString",
        "coordinates": [
          [
            1056.9215455385274,
            873.7874460108578
          ],
          [
            1070.081951662898,
            901.3654490998015
          ],
          [
            1069.2233727772254,
            913.8621475584805
          ],
          [
            1061.2692487016902,
            922.8934171106666
          ],
          [
            1043.9221240600746,
            928.3213667012751
          ],
          [
            1026.574999418459,
            933.7493162918836
          ],
          [
            999.4336426850059,
            941.106073608622
          ],
          [
            983.1893600254261,
            946.8810371374711
          ],
          [
            966.9450773658464,
            952.6560006663203
          ]
        ]
      },
      "properties": {
        "id": "pistes:nan:44670068",
        "name": "Limited",
        "piste_type": "downhill",
        "tags": {
          "name": "Limited",
          "z_order": "0.0",
          "other_tags": "\"lit\"=>\"yes\",\"piste:difficulty\"=>\"novice\",\"piste:type\"=>\"downhill\",\"route\"=>\"ski\"",
          "State": "Pennsylvania",
          "Country": "United States of America",
          "Ski Area": "Montage Mountain Ski Area",
          "region": "north-america/us/pennsylvania"
        }
      }
    },
    {
      "type": "Feature",
      "geometry": {
        "type": "LineString",
        "coordinates": [
          [
            765.7993439667043,
            1628.3295153044164
          ],
          [
            750.46246489638,
            1614.7466405006126
          ],
          [
            735.1255858260556,
            1601.1637656968087
          ],
          [
            719.7887067557313,
            1587.5808908930048
          ]
        ]
      },
      "properties": {
        "id": "pistes:nan:45777671",
        "piste_type": "downhill",
        "tags": {
          "z_order": "0.0",
          "other_tags": "\"lit\"=>\"yes\",\"piste:difficulty\"=>\"easy\",\"piste:type\"=>\"downhill\",\"route\"=>\"ski\"",
          "State": "Pennsylvania",
          "Country": "United States of America",
          "Ski Area": "Montage Mountain Ski Area",
          "region": "north-america/us/pennsylvania"
        }
      }
    },
    {
      "type": "Feature",
      "geometry": {
        "type": "LineString",
        "coordinates": [
          [
            1778.605022493226,
            914.5805836543441
          ],
          [
            1786.2522524853412,
            933.0640440308489
          ],
          [
            1793.8994824774563,
            951.5475044073537
          ],
          [
            1795.6815632539801,
            977.1805406976491
          ],
          [
            1798.3208423403557,
            994.4248657291755
          ],
          [
            1800.9601214267313,
            1011.6691907607019
          ],
          [
            1800.6986458137399,
            1032.5435715997592
          ],
          [
            1797.689405495883,
            1044.0015983302146
          ],
          [
            1789.8541994746192,
            1058.937614695169
          ],
          [
            1780.0783416834893,
            1071.6677542869002
          ],
          [
            1768.8568674549897,
            1084.0479750016239
          ],
          [
            1757.6353932264901,
            1096.4281957163475
          ],
          [
            1746.4139189979905,
            1108.8084164310712
          ],
          [
            1735.192444769491,
            1121.188637145795
          ],
          [
            1713.5624913551146,
            1137.2277230937034
          ],
          [
            1695.78459196334,
            1146.3544651841123
          ],
          [
            1678.0066925715655,
            1155.4812072745215
          ],
          [
            1660.228793179791,
            1164.6079493649304
          ],
          [
            1647.4337521244986,
            1176.2693440519895
          ],
          [
            1634.638711069206,
            1187.9307387390484
          ],
          [
            1621.8436700139137,
            1199.5921334261075
          ],
          [
            1609.0486289586213,
            1211.2535281131666
          ],
          [
            1596.2535879033287,
            1222.9149228002254
          ],
          [
            1583.4585468480363,
            1234.5763174872845
          ],
          [
            1568.901897916614,
            1245.5664846510626
          ],
          [
            1554.3452489851916,
            1256.5566518148407
          ],
          [
            1539.7886000537692,
            1267.5468189786188
          ],
          [
            1525.2319511223468,
            1278.536986142397
          ],
          [
            1499.6680433197762,
            1294.162340933457
          ],
          [
            1482.902292242332,
            1300.6173606952652
          ],
          [
            1471.120295520639,
            1302.3717570267618
          ],
          [
            1451.7662960648304,
            1302.1110305621598
          ],
          [
            1432.4122966090217,
            1301.8503040975581
          ],
          [
            1413.058297153213,
            1301.5895776329562
          ],
          [
            1397.3153822821914,
            1299.4882369507104
          ],
          [
            1380.4072835639527,
            1292.6550610619597
          ],
          [
            1363.499184845714,
            1285.821885173209
          ]
        ]
      },
      "properties": {
        "id": "pistes:nan:245530666",
        "name": "Glades",
        "piste_type": "downhill",
        "tags": {
          "name": "Glades",
          "z_order": "0.0",
          "other_tags": "\"lit\"=>\"yes\",\"piste:difficulty\"=>\"intermediate\",\"piste:grooming\"=>\"backcountry\",\"piste:type\"=>\"downhill\",\"route\"=>\"ski\"",
          "State": "Pennsylvania",
          "Country": "United States of America",
          "Ski Area": "Montage Mountain Ski Area",
          "region": "north-america/us/pennsylvania"
        }
      }
    },
    {
      "type": "Feature",
      "geometry": {
        "type": "LineString",
        "coordinates": [
          [
            1714.0882229837007,
            745.6660835519433
          ],
          [
            1713.8415853702463,
            768.4832619335502
          ],
          [
            1712.9849092321238,
            793.6143191857263
          ],
          [
            1714.5118040055095,
            813.0874519664794
          ],
          [
            1716.0386987788952,
            832.5605847472325
          ],
          [
            1716.0062138149224,
            856.0422963406891
          ],
          [
            1715.9737288509496,
            879.5240079341456
          ]
        ]
      },
      "properties": {
        "id": "pistes:nan:419781069",
        "name": "Snake",
        "piste_type": "downhill",
        "tags": {
          "name": "Snake",
          "z_order": "0.0",
          "other_tags": "\"lit\"=>\"yes\",\"piste:difficulty\"=>\"easy\",\"piste:grooming\"=>\"classic\",\"piste:type\"=>\"downhill\",\"route\"=>\"ski\"",
          "State": "Pennsylvania",
          "Country": "United States of America",
          "Ski Area": "Montage Mountain Ski Area",
          "region": "north-america/us/pennsylvania"
        }
      }
    },
    {
      "type": "Feature",
      "geometry": {
        "type": "LineString",
        "coordinates": [
          [
            1714.0882229837007,
            745.6660835519433
          ],
          [
            1695.3518808380468,
            738.3684971295297
          ],
          [
            1678.7461675269587,
            738.4935099878348
          ],
          [
            1662.1404542158707,
            738.61852284614
          ],
          [
            1646.634883892121,
            745.5891890116036
          ],
          [
            1631.1293135683711,
            752.5598551770672
          ],
          [
            1615.6237432446214,
            759.5305213425308
          ],
          [
            1598.0805695352028,
            769.5716355363838
          ],
          [
            1580.5373958257842,
            779.6127497302368
          ],
          [
            1560.0996980827185,
            791.3189444933087
          ],
          [
            1539.6620003396529,
            803.0251392563805
          ],
          [
            1526.0168959317214,
            812.9633181119071
          ],
          [
            1512.3717915237899,
            822.9014969674338
          ],
          [
            1498.7266871158583,
            832.8396758229604
          ],
          [
            1485.0815827079266,
            842.7778546784872
          ],
          [
            1471.436478299995,
            852.7160335340138
          ],
          [
            1457.7913738920636,
            862.6542123895405
          ],
          [
            1444.146269484132,
            872.5923912450671
          ],
          [
            1429.7221709864098,
            884.0277938176878
          ],
          [
            1415.2980724886875,
            895.4631963903084
          ],
          [
            1400.8739739909652,
            906.8985989629291
          ],
          [
            1386.4498754932429,
            918.3340015355498
          ],
          [
            1372.0257769955206,
            929.7694041081704
          ],
          [
            1357.6016784977983,
            941.2048066807911
          ],
          [
            1344.5209967665335,
            952.3304342051657
          ],
          [
            1331.440315035269,
            963.4560617295405
          ],
          [
            1318.359633304004,
            974.5816892539151
          ],
          [
            1305.2789515727393,
            985.7073167782897
          ],
          [
            1292.1982698414747,
            996.8329443026645
          ],
          [
            1279.11758811021,
            1007.9585718270391
          ],
          [
            1264.3854830016692,
            1018.056968269404
          ],
          [
            1249.6533778931287,
            1028.155364711769
          ],
          [
            1234.921272784588,
            1038.2537611541338
          ],
          [
            1220.1891676760472,
            1048.3521575964987
          ],
          [
            1205.4570625675067,
            1058.4505540388636
          ],
          [
            1190.724957458966,
            1068.5489504812285
          ],
          [
            1175.636598830286,
            1091.0126471621916
          ],
          [
            1166.8645803888794,
            1117.902626387775
          ],
          [
            1157.4072171535518,
            1136.6098380787298
          ],
          [
            1147.949853918224,
            1155.3170497696847
          ]
        ]
      },
      "properties": {
        "id": "pistes:nan:419781070",
        "name": "Switch",
        "piste_type": "downhill",
        "tags": {
          "name": "Switch",
          "z_order": "0.0",
          "other_tags": "\"lit\"=>\"yes\",\"oneway\"=>\"yes\",\"piste:difficulty\"=>\"intermediate\",\"piste:type\"=>\"downhill\",\"route\"=>\"ski\"",
          "State": "Pennsylvania",
          "Country": "United States of America",
          "Ski Area": "Montage Mountain Ski Area",
          "region": "north-america/us/pennsylvania"
        }
      }
    },
    {
      "type": "Feature",
      "geometry": {
        "type": "LineString",
        "coordinates": [
          [
            1731.5994543011184,
            765.8294489933178
          ],
          [
            1723.808621269185,
            764.4447436099872
          ],
          [
            1717.1220130285947,
            765.2722086766735
          ],
          [
            1713.8415853702463,
            768.4832619335502
          ],
          [
            1699.5448597032228,
            778.9641604184484
          ],
          [
            1685.2481340361992,
            789.4450589033464
          ],
          [
            1670.9514083691756,
            799.9259573882446
          ],
          [
            1658.080976425586,
            811.5324073817787
          ],
          [
            1645.2105444819963,
            823.138857375313
          ],
          [
            1632.3401125384069,
            834.7453073688472
          ],
          [
            1619.4696805948172,
            846.3517573623815
          ],
          [
            1606.5992486512275,
            857.9582073559156
          ],
          [
            1593.7288167076379,
            869.5646573494499
          ],
          [
            1580.8583847640484,
            881.1711073429841
          ],
          [
            1567.9879528204588,
            892.7775573365184
          ],
          [
            1555.117520876869,
            904.3840073300526
          ],
          [
            1541.4370460523235,
            915.1456295334734
          ],
          [
            1527.7565712277778,
            925.9072517368943
          ],
          [
            1514.076096403232,
            936.668873940315
          ],
          [
            1500.3956215786864,
            947.4304961437359
          ],
          [
            1486.7151467541407,
            958.1921183471568
          ],
          [
            1473.034671929595,
            968.9537405505777
          ],
          [
            1459.3541971050495,
            979.7153627539985
          ],
          [
            1445.6737222805036,
            990.4769849574193
          ],
          [
            1431.993247455958,
            1001.2386071608402
          ],
          [
            1418.3127726314124,
            1012.000229364261
          ],
          [
            1402.4500986952917,
            1023.6297275175651
          ],
          [
            1386.587424759171,
            1035.2592256708692
          ],
          [
            1370.7247508230503,
            1046.8887238241732
          ],
          [
            1354.1037908690923,
            1055.952008953318
          ],
          [
            1337.4828309151344,
            1065.0152940824628
          ],
          [
            1318.6631180049542,
            1072.7815710489328
          ],
          [
            1299.8434050947737,
            1080.5478480154027
          ],
          [
            1281.0236921845935,
            1088.3141249818727
          ],
          [
            1265.6477965730094,
            1096.8369275566988
          ],
          [
            1250.271900961425,
            1105.359730131525
          ],
          [
            1234.8960053498408,
            1113.8825327063512
          ],
          [
            1219.5201097382565,
            1122.4053352811773
          ],
          [
            1204.1442141266723,
            1130.9281378560033
          ],
          [
            1188.768318515088,
            1139.4509404308296
          ],
          [
            1173.3924229035038,
            1147.9737430056557
          ],
          [
            1162.3858873462887,
            1152.7203841172159
          ],
          [
            1147.949853918224,
            1155.3170497696847
          ],
          [
            1130.8070770240738,
            1158.400627689436
          ],
          [
            1123.037647501391,
            1159.7920014588162
          ],
          [
            1109.0687431900296,
            1160.0092848865315
          ],
          [
            1081.3133614556282,
            1158.0333294542506
          ]
        ]
      },
      "properties": {
        "id": "pistes:nan:419781072",
        "name": "Whistler",
        "piste_type": "downhill",
        "tags": {
          "name": "Whistler",
          "z_order": "0.0",
          "other_tags": "\"lit\"=>\"yes\",\"piste:difficulty\"=>\"intermediate\",\"piste:grooming\"=>\"classic\",\"piste:type\"=>\"downhill\",\"route\"=>\"ski\"",
          "State": "Pennsylvania",
          "Country": "United States of America",
          "Ski Area": "Montage Mountain Ski Area",
          "region": "north-america/us/pennsylvania"
        }
      }
    },
    {
      "type": "Feature",
      "geometry": {
        "type": "LineString",
        "coordinates": [
          [
            1780.7785048650112,
            826.4116143202409
          ],
          [
            1782.947365869768,
            841.1614375626668
          ],
          [
            1782.5387938831311,
            857.2999186444407
          ],
          [
            1782.1302218964945,
            873.4383997262145
          ],
          [
            1781.7216499098577,
            889.5768808079883
          ],
          [
            1778.605022493226,
            914.5805836543441
          ],
          [
            1775.0148647059686,
            943.3626465015113
          ],
          [
            1774.7215335548972,
            971.1207230323926
          ],
          [
            1772.113883861748,
            980.3552714558318
          ],
          [
            1767.3162403071765,
            987.6078593302518
          ],
          [
            1754.7000632778702,
            1000.8775138234099
          ],
          [
            1742.083886248564,
            1014.1471683165679
          ],
          [
            1729.4677092192578,
            1027.416822809726
          ],
          [
            1716.9702506722242,
            1045.3301255106926
          ],
          [
            1704.4727921251906,
            1063.2434282116592
          ],
          [
            1684.0673479058314,
            1086.3788899611682
          ],
          [
            1670.8419227788108,
            1096.470586804673
          ],
          [
            1644.1854050600668,
            1111.5485213957727
          ],
          [
            1630.7133289776975,
            1122.1972825177945
          ],
          [
            1617.2412528953282,
            1132.8460436398163
          ],
          [
            1605.279163423751,
            1144.038587138988
          ],
          [
            1593.3170739521738,
            1155.2311306381598
          ],
          [
            1575.8826240691415,
            1167.3531938656233
          ],
          [
            1558.448174186109,
            1179.4752570930868
          ],
          [
            1537.965529497771,
            1186.7353858612478
          ],
          [
            1517.482884809433,
            1193.9955146294087
          ],
          [
            1504.569008922379,
            1200.9765101028606
          ],
          [
            1489.2679261006804,
            1213.0826846640557
          ],
          [
            1473.9668432789815,
            1225.1888592252508
          ],
          [
            1458.6657604572829,
            1237.2950337864459
          ],
          [
            1433.1770978349377,
            1251.8098166696727
          ],
          [
            1411.2194735670928,
            1268.6294693527743
          ],
          [
            1402.4715196619509,
            1273.3586585018784
          ],
          [
            1387.2026855354488,
            1278.6368398303166
          ],
          [
            1371.9338514089468,
            1283.9150211587548
          ],
          [
            1363.499184845714,
            1285.821885173209
          ],
          [
            1333.2679572071647,
            1292.6456968793646
          ],
          [
            1313.871139803843,
            1294.0973034806084
          ],
          [
            1294.4743224005215,
            1295.5489100818522
          ],
          [
            1275.0775049971999,
            1297.000516683096
          ],
          [
            1255.6806875938782,
            1298.45212328434
          ],
          [
            1228.5426152874134,
            1304.9864471927285
          ]
        ]
      },
      "properties": {
        "id": "pistes:nan:419781073",
        "name": "Upper Fast Track",
        "piste_type": "downhill",
        "tags": {
          "name": "Upper Fast Track",
          "z_order": "0.0",
          "other_tags": "\"lit\"=>\"yes\",\"piste:difficulty\"=>\"intermediate\",\"piste:type\"=>\"downhill\",\"route\"=>\"ski\"",
          "State": "Pennsylvania",
          "Country": "United States of America",
          "Ski Area": "Montage Mountain Ski Area",
          "region": "north-america/us/pennsylvania"
        }
      }
    },
    {
      "type": "Feature",
      "geometry": {
        "type": "LineString",
        "coordinates": [
          [
            918.745781432779,
            789.9743684269488
          ],
          [
            929.1928036368918,
            809.4236979512498
          ],
          [
            929.9060581572121,
            812.9932172633708
          ],
          [
            933.6986677784589,
            831.9992864159867
          ],
          [
            937.4912773997057,
            851.0053555686027
          ],
          [
            941.4925502541009,
            871.0479074148461
          ],
          [
            946.1093258358693,
            887.7032467117533
          ],
          [
            950.7261014176378,
            904.3585860086605
          ],
          [
            955.3428769994061,
            921.0139253055677
          ],
          [
            962.4495633665356,
            935.8035841630772
          ],
          [
            966.9450773658464,
            952.6560006663203
          ],
          [
            966.4976991290168,
            971.3280487256125
          ],
          [
            966.0503208921873,
            990.0000967849046
          ]
        ]
      },
      "properties": {
        "id": "pistes:nan:419782868",
        "piste_type": "downhill",
        "tags": {
          "z_order": "0.0",
          "other_tags": "\"oneway\"=>\"no\",\"piste:difficulty\"=>\"easy\",\"piste:type\"=>\"nordic\",\"route\"=>\"ski\"",
          "State": "Pennsylvania",
          "Country": "United States of America",
          "Ski Area": "Montage Mountain Ski Area",
          "region": "north-america/us/pennsylvania"
        }
      }
    },
    {
      "type": "Feature",
      "geometry": {
        "type": "LineString",
        "coordinates": [
          [
            915.063478168333,
            1423.1708773635328
          ],
          [
            902.8539525638334,
            1422.575762479566
          ],
          [
            891.5475580063649,
            1415.3678532307968
          ],
          [
            883.6519582215697,
            1407.8674465510994
          ],
          [
            877.3142389376299,
            1400.6216024495661
          ],
          [
            870.2124882422504,
            1395.2023923201486
          ],
          [
            860.770214024582,
            1391.1111572841182
          ],
          [
            853.7456152747618,
            1389.2219304256141
          ]
        ]
      },
      "properties": {
        "id": "pistes:nan:419786157",
        "name": "Rattler",
        "piste_type": "downhill",
        "tags": {
          "name": "Rattler",
          "z_order": "0.0",
          "other_tags": "\"lit\"=>\"yes\",\"piste:difficulty\"=>\"advanced\",\"piste:grooming\"=>\"classic\",\"piste:type\"=>\"downhill\"",
          "State": "Pennsylvania",
          "Country": "United States of America",
          "Ski Area": "Montage Mountain Ski Area",
          "region": "north-america/us/pennsylvania"
        }
      }
    },
    {
      "type": "Feature",
      "geometry": {
        "type": "LineString",
        "coordinates": [
          [
            1056.9215455385274,
            873.7874460108578
          ],
          [
            1053.3126908359118,
            859.0931882699952
          ],
          [
            1049.6559204612859,
            846.8973296545446
          ],
          [
            1038.9577825500164,
            839.4625048562884
          ],
          [
            1017.8221918285126,
            838.5022114650346
          ],
          [
            996.6866011070088,
            837.5419180737808
          ],
          [
            973.1578327798925,
            841.4517395389266
          ],
          [
            949.6290644527762,
            845.3615610040724
          ],
          [
            937.4912773997057,
            851.0053555686027
          ]
        ]
      },
      "properties": {
        "id": "pistes:nan:419786846",
        "name": "Runaround",
        "piste_type": "downhill",
        "tags": {
          "name": "Runaround",
          "z_order": "0.0",
          "other_tags": "\"lit\"=>\"yes\",\"piste:difficulty\"=>\"novice\",\"piste:grooming\"=>\"classic\",\"piste:type\"=>\"downhill\"",
          "State": "Pennsylvania",
          "Country": "United States of America",
          "Ski Area": "Montage Mountain Ski Area",
          "region": "north-america/us/pennsylvania"
        }
      }
    },
    {
      "type": "Feature",
      "geometry": {
        "type": "LineString",
        "coordinates": [
          [
            820.4856388437329,
            1029.4260964328423
          ],
          [
            798.4552094973624,
            1039.9198130220175
          ],
          [
            793.1371174510568,
            1044.6234983829781
          ],
          [
            782.3974915837753,
            1061.2815249655396
          ],
          [
            777.593960737111,
            1068.7235717615113
          ],
          [
            775.7591747078113,
            1080.3951104050502
          ],
          [
            779.7044914718135,
            1104.012979824096
          ],
          [
            786.4389258303563,
            1125.8886428647675
          ],
          [
            793.1733601888991,
            1147.764305905439
          ],
          [
            796.3164576107229,
            1164.9489446920343
          ],
          [
            799.4595550325466,
            1182.1335834786296
          ],
          [
            800.6785518613324,
            1202.053028505994
          ],
          [
            801.8975486901181,
            1221.9724735333584
          ],
          [
            803.1165455189039,
            1241.8919185607228
          ],
          [
            804.3355423476896,
            1261.8113635880873
          ],
          [
            801.8137521772296,
            1282.0925005967729
          ],
          [
            799.2919620067696,
            1302.3736376054585
          ],
          [
            791.7451878336142,
            1321.8975651071717
          ],
          [
            784.1984136604588,
            1341.421492608885
          ],
          [
            776.6516394873033,
            1360.9454201105982
          ],
          [
            764.6581411158259,
            1378.7455414081924
          ],
          [
            752.6646427443484,
            1396.5456627057865
          ],
          [
            740.3423245270193,
            1411.4432328464463
          ],
          [
            728.0200063096903,
            1426.3408029871061
          ],
          [
            715.6976880923612,
            1441.238373127766
          ],
          [
            708.0069099271204,
            1452.8437908701599
          ],
          [
            702.3645457543316,
            1469.7626621555537
          ],
          [
            701.6797905287822,
            1478.649819710292
          ],
          [
            704.7504028900294,
            1497.2782942131162
          ],
          [
            711.1814713213535,
            1512.3282554950565
          ],
          [
            717.6125397526775,
            1527.3782167769969
          ],
          [
            722.1647631000087,
            1548.326848814264
          ],
          [
            726.7169864473399,
            1569.275480851531
          ]
        ]
      },
      "properties": {
        "id": "pistes:way:44670024",
        "name": "Smoke",
        "piste_type": "downhill",
        "tags": {
          "name": "Smoke",
          "z_order": "0",
          "lit": "yes",
          "piste:difficulty": "expert",
          "piste:type": "downhill",
          "route": "ski",
          "winter_sports_id": "45096232",
          "winter_sports_name": "Montage Mountain Ski Area",
          "State": "Pennsylvania",
          "Country": "United States of America",
          "Ski Area": "Montage Mountain Ski Area",
          "region": "north-america/us/pennsylvania"
        }
      }
    },
    {
      "type": "Feature",
      "geometry": {
        "type": "LineString",
        "coordinates": [
          [
            782.3974915837753,
            1061.2815249655396
          ],
          [
            765.83888990595,
            1069.6499641972284
          ],
          [
            749.2802882281248,
            1078.018403428917
          ],
          [
            732.7216865502996,
            1086.386842660606
          ],
          [
            721.2601995510049,
            1097.2439491897821
          ],
          [
            713.444281419128,
            1114.4015016104095
          ],
          [
            705.628363287251,
            1131.5590540310368
          ],
          [
            697.2031337016087,
            1145.6126295779832
          ],
          [
            688.7779041159665,
            1159.6662051249295
          ],
          [
            675.3985634470979,
            1174.9420614885166
          ],
          [
            662.0192227782294,
            1190.2179178521037
          ],
          [
            648.6398821093608,
            1205.4937742156908
          ],
          [
            638.1749364548014,
            1220.806532905437
          ],
          [
            633.1546357847401,
            1237.032330633141
          ],
          [
            631.9081387437376,
            1256.286029505233
          ],
          [
            630.661641702735,
            1275.5397283773248
          ],
          [
            629.4151446617325,
            1294.7934272494167
          ],
          [
            630.1017091618947,
            1313.4031591311407
          ],
          [
            630.7882736620571,
            1332.0128910128649
          ],
          [
            631.4748381622194,
            1350.6226228945889
          ],
          [
            632.1614026623816,
            1369.2323547763128
          ],
          [
            632.847967162544,
            1387.842086658037
          ],
          [
            633.5345316627063,
            1406.451818539761
          ],
          [
            632.6982417906984,
            1422.8342576608993
          ],
          [
            631.8619519186905,
            1439.2166967820376
          ],
          [
            624.7178785209253,
            1462.0869378102943
          ],
          [
            617.5738051231601,
            1484.957178838551
          ],
          [
            611.0814948204303,
            1500.0877810693346
          ],
          [
            604.5891845177006,
            1515.2183833001181
          ],
          [
            598.0968742149707,
            1530.3489855309017
          ],
          [
            591.6045639122409,
            1545.4795877616853
          ],
          [
            585.1122536095112,
            1560.6101899924688
          ],
          [
            578.6199433067814,
            1575.7407922232524
          ],
          [
            574.1285599255934,
            1589.986357709393
          ],
          [
            571.4961745649343,
            1606.660169923678
          ],
          [
            571.7469989114907,
            1628.4189319396392
          ],
          [
            574.1419038341846,
            1646.1643604571
          ],
          [
            577.8751897676848,
            1653.019163007848
          ],
          [
            585.5312790922471,
            1658.7335951561108
          ],
          [
            611.7660178615479,
            1665.5266347816214
          ]
        ]
      },
      "properties": {
        "id": "pistes:way:44670026",
        "name": "Boomer",
        "piste_type": "downhill",
        "tags": {
          "name": "Boomer",
          "z_order": "0",
          "lit": "yes",
          "oneway": "yes",
          "piste:difficulty": "expert",
          "piste:type": "downhill",
          "route": "ski",
          "winter_sports_id": "45096232",
          "winter_sports_name": "Montage Mountain Ski Area",
          "State": "Pennsylvania",
          "Country": "United States of America",
          "Ski Area": "Montage Mountain Ski Area",
          "region": "north-america/us/pennsylvania"
        }
      }
    },
    {
      "type": "Feature",
      "geometry": {
        "type": "LineString",
        "coordinates": [
          [
            638.1749364548014,
            1220.806532905437
          ],
          [
            611.8273356204736,
            1226.7597783925012
          ],
          [
            596.4385894475272,
            1232.7066957950592
          ],
          [
            581.0498432745808,
            1238.6536131976172
          ],
          [
            559.9024605099112,
            1251.805865040049
          ],
          [
            544.9154083158937,
            1266.4651804175228
          ],
          [
            529.9283561218763,
            1281.1244957949966
          ],
          [
            517.6779665404465,
            1298.094327702187
          ],
          [
            505.42757695901673,
            1315.0641596093774
          ],
          [
            496.43703401921084,
            1331.6758752707392
          ],
          [
            489.6071193718817,
            1346.7721643693123
          ],
          [
            482.7772047245526,
            1361.8684534678857
          ],
          [
            475.94729007722344,
            1376.9647425664589
          ],
          [
            471.3866029868368,
            1394.1530355326831
          ],
          [
            465.49202729715034,
            1416.8195302807726
          ],
          [
            459.5974516074639,
            1439.486025028862
          ],
          [
            460.28230680859997,
            1458.36037160689
          ],
          [
            460.96716200973606,
            1477.2347181849182
          ],
          [
            470.86582999824896,
            1495.5052361260168
          ],
          [
            480.76449798676185,
            1513.7757540671155
          ],
          [
            489.85382471064804,
            1531.2420497168787
          ],
          [
            498.94315143453423,
            1548.7083453666419
          ],
          [
            506.50470323697664,
            1563.860457613133
          ],
          [
            517.5810583603743,
            1579.2076025614515
          ],
          [
            528.657413483772,
            1594.55474750977
          ],
          [
            540.1194990831427,
            1605.6800425238907
          ],
          [
            555.9332489973167,
            1617.049487231765
          ],
          [
            571.7469989114907,
            1628.4189319396392
          ]
        ]
      },
      "properties": {
        "id": "pistes:way:44670027",
        "name": "White Lightning",
        "piste_type": "downhill",
        "tags": {
          "name": "White Lightning",
          "z_order": "0",
          "lit": "yes",
          "oneway": "yes",
          "piste:difficulty": "expert",
          "piste:type": "downhill",
          "route": "ski",
          "winter_sports_id": "45096232",
          "winter_sports_name": "Montage Mountain Ski Area",
          "State": "Pennsylvania",
          "Country": "United States of America",
          "Ski Area": "Montage Mountain Ski Area",
          "region": "north-america/us/pennsylvania"
        }
      }
    },
    {
      "type": "Feature",
      "geometry": {
        "type": "LineString",
        "coordinates": [
          [
            820.4856388437329,
            1029.4260964328423
          ],
          [
            842.4234489846858,
            1028.148160239216
          ],
          [
            864.3612591256388,
            1026.8702240455896
          ],
          [
            895.9211819967604,
            1024.1422038022429
          ],
          [
            908.0818061635364,
            1025.914543254301
          ],
          [
            922.8025728407665,
            1033.196342041716
          ],
          [
            937.7232475701021,
            1037.0793187795207
          ],
          [
            946.637014090491,
            1043.1176065523177
          ],
          [
            955.9463536555413,
            1057.1465953188017
          ],
          [
            960.6632534849923,
            1072.3208630103618
          ],
          [
            965.4741271389648,
            1099.8180506182835
          ],
          [
            966.7847608064767,
            1110.4219222785905
          ],
          [
            965.252504375414,
            1136.5685958750546
          ],
          [
            960.3284551631659,
            1160.03216482047
          ],
          [
            953.7299054644149,
            1175.9959138259292
          ],
          [
            947.1313557656637,
            1191.9596628313884
          ],
          [
            940.5328060669126,
            1207.9234118368477
          ],
          [
            932.7658414615901,
            1222.7710699569434
          ],
          [
            924.9988768562674,
            1237.6187280770391
          ],
          [
            917.2319122509449,
            1252.4663861971349
          ],
          [
            909.4649476456223,
            1267.3140443172306
          ],
          [
            901.6979830402997,
            1282.1617024373263
          ],
          [
            896.4952469631875,
            1298.2998886943485
          ],
          [
            891.2925108860751,
            1314.4380749513705
          ],
          [
            886.0897748089628,
            1330.5762612083927
          ],
          [
            879.772628600942,
            1346.8339974605478
          ],
          [
            873.4554823929211,
            1363.091733712703
          ],
          [
            864.9423040935071,
            1376.5906663043424
          ],
          [
            853.7456152747618,
            1389.2219304256141
          ],
          [
            840.0800873622065,
            1401.7055655494332
          ],
          [
            826.4145594496513,
            1414.1892006732523
          ],
          [
            813.8070173701853,
            1428.2746286746114
          ],
          [
            805.844582992213,
            1442.657627617009
          ],
          [
            797.8821486142406,
            1457.0406265594065
          ],
          [
            789.9197142362682,
            1471.423625501804
          ],
          [
            781.9572798582958,
            1485.8066244442016
          ],
          [
            771.8555647405447,
            1499.373352273833
          ],
          [
            761.7538496227935,
            1512.9400801034644
          ],
          [
            752.1101104459764,
            1528.0391672415037
          ],
          [
            742.4663712691594,
            1543.1382543795432
          ],
          [
            732.8226320923422,
            1558.2373415175825
          ],
          [
            726.7169864473399,
            1569.275480851531
          ],
          [
            719.7887067557313,
            1587.5808908930048
          ],
          [
            708.8402528411825,
            1616.1535208672285
          ],
          [
            701.2682136656367,
            1632.3100219340995
          ],
          [
            689.858725001337,
            1649.8282386800274
          ],
          [
            681.4598947390332,
            1656.332022082992
          ],
          [
            672.5268529923051,
            1658.6210041437298
          ],
          [
            664.2629804205499,
            1660.904864504002
          ],
          [
            646.7639929008825,
            1662.4454545965418
          ],
          [
            629.2650053812152,
            1663.9860446890816
          ],
          [
            611.7660178615479,
            1665.5266347816214
          ]
        ]
      },
      "properties": {
        "id": "pistes:way:44670028",
        "name": "Cannonball",
        "piste_type": "downhill",
        "tags": {
          "name": "Cannonball",
          "z_order": "0",
          "lit": "yes",
          "oneway": "yes",
          "piste:difficulty": "advanced",
          "piste:type": "downhill",
          "route": "ski",
          "winter_sports_id": "45096232",
          "winter_sports_name": "Montage Mountain Ski Area",
          "State": "Pennsylvania",
          "Country": "United States of America",
          "Ski Area": "Montage Mountain Ski Area",
          "region": "north-america/us/pennsylvania"
        }
      }
    },
    {
      "type": "Feature",
      "geometry": {
        "type": "LineString",
        "coordinates": [
          [
            1228.5426152874134,
            1304.9864471927285
          ],
          [
            1207.5904325525044,
            1310.9187728986144
          ],
          [
            1190.265568626579,
            1320.82045545429
          ],
          [
            1176.703033634966,
            1330.4345605218161
          ],
          [
            1163.1404986433529,
            1340.0486655893426
          ],
          [
            1149.57796365174,
            1349.6627706568688
          ],
          [
            1134.5878589953645,
            1358.547641900368
          ],
          [
            1119.597754338989,
            1367.4325131438673
          ],
          [
            1098.5529185982014,
            1377.6403089598753
          ],
          [
            1077.5080828574137,
            1387.8481047758833
          ],
          [
            1058.9051956034964,
            1394.6511969813146
          ],
          [
            1040.302308349579,
            1401.4542891867459
          ],
          [
            1025.3697114824317,
            1409.6173297292553
          ],
          [
            1010.4371146152844,
            1417.7803702717647
          ],
          [
            995.504517748137,
            1425.943410814274
          ],
          [
            980.5719208809896,
            1434.1064513567835
          ],
          [
            951.2843073762488,
            1443.8779101315886
          ],
          [
            937.6101059069042,
            1449.7554983412847
          ],
          [
            931.6247448421782,
            1454.6862292690203
          ],
          [
            927.4087067220826,
            1461.268815801479
          ],
          [
            923.981948587927,
            1472.619403064251
          ],
          [
            923.5170226472546,
            1499.3796897670254
          ],
          [
            924.9918291031499,
            1517.2432643296197
          ],
          [
            923.1343147798325,
            1536.9086600476876
          ],
          [
            919.0631041160751,
            1553.0540655963123
          ],
          [
            914.9918934523178,
            1569.199471144937
          ],
          [
            910.9206827885604,
            1585.3448766935617
          ],
          [
            906.8494721248031,
            1601.4902822421864
          ],
          [
            902.7782614610458,
            1617.635687790811
          ],
          [
            898.7070507972884,
            1633.7810933394358
          ],
          [
            894.635840133531,
            1649.9264988880605
          ],
          [
            892.1841409032932,
            1657.4948482420295
          ],
          [
            884.0996922754566,
            1672.3227812424302
          ],
          [
            869.4183408238459,
            1688.6444458412006
          ],
          [
            863.2642391849658,
            1693.3544811168686
          ],
          [
            852.1640569157898,
            1696.6590204741806
          ],
          [
            829.2291870266199,
            1694.7249300461262
          ],
          [
            818.9145204729866,
            1691.362080955878
          ],
          [
            802.7372183335247,
            1681.6047341115773
          ],
          [
            786.5599161940627,
            1671.8473872672766
          ],
          [
            774.0687173405313,
            1668.2792118759826
          ],
          [
            765.4591095763026,
            1669.1111904755235
          ],
          [
            746.7968098626588,
            1669.1208726037294
          ],
          [
            723.9885631722864,
            1667.3526790197939
          ],
          [
            694.3876029260573,
            1662.2726041395217
          ],
          [
            672.5268529923051,
            1658.6210041437298
          ]
        ]
      },
      "properties": {
        "id": "pistes:way:44670036",
        "name": "Lower Fast Track",
        "piste_type": "downhill",
        "tags": {
          "name": "Lower Fast Track",
          "z_order": "0",
          "lit": "yes",
          "piste:difficulty": "advanced",
          "piste:type": "downhill",
          "route": "ski",
          "winter_sports_id": "45096232",
          "winter_sports_name": "Montage Mountain Ski Area",
          "State": "Pennsylvania",
          "Country": "United States of America",
          "Ski Area": "Montage Mountain Ski Area",
          "region": "north-america/us/pennsylvania"
        }
      }
    },
    {
      "type": "Feature",
      "geometry": {
        "type": "LineString",
        "coordinates": [
          [
            1780.7785048650112,
            826.4116143202409
          ],
          [
            1764.050956226051,
            839.6011333155135
          ],
          [
            1747.3234075870907,
            852.7906523107862
          ],
          [
            1730.5958589481306,
            865.9801713060588
          ],
          [
            1715.9737288509496,
            879.5240079341456
          ],
          [
            1703.7612334696266,
            890.8663011612371
          ],
          [
            1691.5487380883035,
            902.2085943883285
          ],
          [
            1679.3362427069806,
            913.5508876154199
          ],
          [
            1665.210132633266,
            924.049109060876
          ],
          [
            1651.0840225595516,
            934.5473305063322
          ],
          [
            1636.957912485837,
            945.0455519517884
          ],
          [
            1622.8318024121224,
            955.5437733972445
          ],
          [
            1608.705692338408,
            966.0419948427007
          ],
          [
            1595.3195770146558,
            977.0232507164279
          ],
          [
            1581.9334616909036,
            988.0045065901553
          ],
          [
            1568.5473463671515,
            998.9857624638826
          ],
          [
            1556.8901733696111,
            1009.9540426693857
          ],
          [
            1545.2330003720708,
            1020.9223228748888
          ],
          [
            1533.5758273745305,
            1031.8906030803919
          ],
          [
            1521.0225625174498,
            1045.1139499456622
          ],
          [
            1508.4692976603692,
            1058.3372968109325
          ],
          [
            1495.9160328032885,
            1071.5606436762027
          ],
          [
            1483.362767946208,
            1084.783990541473
          ],
          [
            1462.9261918335105,
            1103.7014268115163
          ],
          [
            1438.925983496767,
            1115.9844550574198
          ],
          [
            1420.239678628248,
            1122.95376630174
          ],
          [
            1401.5533737597289,
            1129.92307754606
          ],
          [
            1380.2855055226537,
            1132.9151859204285
          ],
          [
            1359.0176372855785,
            1135.9072942947969
          ],
          [
            1339.4726378035266,
            1139.9411684889346
          ],
          [
            1324.2859424807248,
            1145.0523030189797
          ],
          [
            1308.5735608845264,
            1153.1405600563933
          ],
          [
            1292.861179288328,
            1161.228817093807
          ],
          [
            1277.1487976921296,
            1169.3170741312206
          ],
          [
            1261.4364160959312,
            1177.4053311686341
          ],
          [
            1245.7240344997326,
            1185.493588206048
          ],
          [
            1230.0116529035342,
            1193.5818452434614
          ],
          [
            1214.2992713073359,
            1201.670102280875
          ],
          [
            1198.5868897111375,
            1209.7583593182887
          ],
          [
            1182.874508114939,
            1217.8466163557023
          ]
        ]
      },
      "properties": {
        "id": "pistes:way:44670037",
        "name": "Upper Runway",
        "piste_type": "downhill",
        "tags": {
          "name": "Upper Runway",
          "z_order": "0",
          "lit": "yes",
          "piste:difficulty": "intermediate",
          "piste:type": "downhill",
          "route": "ski",
          "winter_sports_id": "45096232",
          "winter_sports_name": "Montage Mountain Ski Area",
          "State": "Pennsylvania",
          "Country": "United States of America",
          "Ski Area": "Montage Mountain Ski Area",
          "region": "north-america/us/pennsylvania"
        }
      }
    },
    {
      "type": "Feature",
      "geometry": {
        "type": "LineString",
        "coordinates": [
          [
            1182.874508114939,
            1217.8466163557023
          ],
          [
            1159.3111130265752,
            1232.4587654117495
          ],
          [
            1141.1584066953121,
            1239.8503632905583
          ],
          [
            1123.0057003640493,
            1247.241961169367
          ],
          [
            1104.8529940327862,
            1254.6335590481758
          ],
          [
            1091.7013352021459,
            1263.2824638960883
          ],
          [
            1083.4749115539598,
            1270.561617760919
          ],
          [
            1071.0277371577686,
            1281.6255607495084
          ],
          [
            1058.5805627615773,
            1292.6895037380978
          ],
          [
            1046.133388365386,
            1303.7534467266873
          ],
          [
            1033.6862139691948,
            1314.8173897152767
          ],
          [
            1021.2390395730035,
            1325.881332703866
          ],
          [
            1012.526938963565,
            1335.2737226253375
          ],
          [
            1003.0173182483704,
            1349.779302650597
          ],
          [
            993.5076975331758,
            1364.2848826758564
          ],
          [
            985.1201159074553,
            1372.3425480509177
          ],
          [
            959.7258180602803,
            1388.0795641243458
          ],
          [
            945.5607423862675,
            1399.068002470148
          ],
          [
            931.3956667122548,
            1410.0564408159505
          ],
          [
            917.230591038242,
            1421.0448791617528
          ],
          [
            915.063478168333,
            1423.1708773635328
          ],
          [
            898.0503045077203,
            1439.8433433976024
          ],
          [
            888.3694972106023,
            1453.7952641779557
          ],
          [
            880.2745044842595,
            1470.917775712597
          ],
          [
            872.1795117579168,
            1488.040287247238
          ],
          [
            864.084519031574,
            1505.1627987818792
          ],
          [
            856.2065376454266,
            1519.6561126271263
          ],
          [
            848.3285562592791,
            1534.1494264723733
          ],
          [
            830.5800839383737,
            1554.1583973895758
          ],
          [
            815.1015471241748,
            1568.3398363773401
          ],
          [
            799.6230103099757,
            1582.5212753651042
          ],
          [
            784.1444734957768,
            1596.7027143528685
          ],
          [
            774.8746811738238,
            1609.652436953038
          ],
          [
            765.7993439667043,
            1628.3295153044164
          ],
          [
            768.8045267371926,
            1641.7181913722306
          ],
          [
            774.0687173405313,
            1668.2792118759826
          ]
        ]
      },
      "properties": {
        "id": "pistes:way:44670038",
        "name": "Lower Runway",
        "piste_type": "downhill",
        "tags": {
          "name": "Lower Runway",
          "z_order": "0",
          "lit": "yes",
          "piste:difficulty": "advanced",
          "piste:type": "downhill",
          "route": "ski",
          "winter_sports_id": "45096232",
          "winter_sports_name": "Montage Mountain Ski Area",
          "State": "Pennsylvania",
          "Country": "United States of America",
          "Ski Area": "Montage Mountain Ski Area",
          "region": "north-america/us/pennsylvania"
        }
      }
    },
    {
      "type": "Feature",
      "geometry": {
        "type": "LineString",
        "coordinates": [
          [
            1081.3133614556282,
            1158.0333294542506
          ],
          [
            1084.6535325577424,
            1175.9215820422396
          ],
          [
            1087.9937036598567,
            1193.8098346302286
          ],
          [
            1089.4580029547603,
            1210.341223999237
          ],
          [
            1090.9223022496637,
            1226.8726133682455
          ],
          [
            1092.3866015445674,
            1243.404002737254
          ],
          [
            1089.3261828793911,
            1258.9706151513383
          ],
          [
            1083.4749115539598,
            1270.561617760919
          ]
        ]
      },
      "properties": {
        "id": "pistes:way:44670040",
        "name": "Snake;Upper Runway",
        "piste_type": "downhill",
        "tags": {
          "name": "Snake;Upper Runway",
          "z_order": "0",
          "lit": "yes",
          "piste:difficulty": "intermediate",
          "piste:type": "downhill",
          "route": "ski",
          "winter_sports_id": "45096232",
          "winter_sports_name": "Montage Mountain Ski Area",
          "State": "Pennsylvania",
          "Country": "United States of America",
          "Ski Area": "Montage Mountain Ski Area",
          "region": "north-america/us/pennsylvania"
        }
      }
    },
    {
      "type": "Feature",
      "geometry": {
        "type": "LineString",
        "coordinates": [
          [
            1228.5426152874134,
            1304.9864471927285
          ],
          [
            1215.150030061719,
            1278.6089810924605
          ],
          [
            1206.5787696824602,
            1262.5312369062256
          ],
          [
            1198.0075093032017,
            1246.4534927199904
          ],
          [
            1189.436248923943,
            1230.3757485337555
          ],
          [
            1182.874508114939,
            1217.8466163557023
          ],
          [
            1172.2416576133692,
            1205.7037019738927
          ],
          [
            1158.4301307502708,
            1189.9360105457406
          ],
          [
            1144.6186038871722,
            1174.1683191175882
          ],
          [
            1130.8070770240738,
            1158.400627689436
          ]
        ]
      },
      "properties": {
        "id": "pistes:way:44670041",
        "name": "Sidewinder",
        "piste_type": "downhill",
        "tags": {
          "name": "Sidewinder",
          "z_order": "0",
          "lit": "yes",
          "piste:difficulty": "intermediate",
          "piste:type": "downhill",
          "route": "ski",
          "winter_sports_id": "45096232",
          "winter_sports_name": "Montage Mountain Ski Area",
          "State": "Pennsylvania",
          "Country": "United States of America",
          "Ski Area": "Montage Mountain Ski Area",
          "region": "north-america/us/pennsylvania"
        }
      }
    },
    {
      "type": "Feature",
      "geometry": {
        "type": "LineString",
        "coordinates": [
          [
            1694.795502872672,
            622.1977357724681
          ],
          [
            1679.4511103433517,
            628.7600259777779
          ],
          [
            1664.1067178140318,
            635.3223161830878
          ],
          [
            1648.7623252847116,
            641.8846063883975
          ],
          [
            1633.9561548028723,
            649.5457714386284
          ],
          [
            1619.1499843210331,
            657.2069364888594
          ],
          [
            1604.343813839194,
            664.8681015390903
          ],
          [
            1590.1071365024545,
            674.0793628804386
          ],
          [
            1576.8640802149196,
            684.1269872000441
          ],
          [
            1563.6210239273846,
            694.1746115196496
          ],
          [
            1550.3779676398494,
            704.2222358392552
          ],
          [
            1537.1349113523145,
            714.2698601588606
          ],
          [
            1523.8918550647795,
            724.3174844784662
          ],
          [
            1513.3753730964963,
            730.9250702429563
          ],
          [
            1499.5105106515027,
            739.6325965881614
          ],
          [
            1485.6456482065093,
            748.3401229333665
          ],
          [
            1471.7807857615157,
            757.0476492785716
          ],
          [
            1457.9159233165224,
            765.7551756237766
          ],
          [
            1444.0510608715288,
            774.4627019689817
          ],
          [
            1430.1861984265354,
            783.1702283141868
          ],
          [
            1416.3213359815418,
            791.8777546593919
          ],
          [
            1402.6091396031454,
            800.4896667251984
          ],
          [
            1388.8969432247493,
            809.101578791005
          ],
          [
            1375.184746846353,
            817.7134908568114
          ],
          [
            1361.4725504679566,
            826.3254029226179
          ],
          [
            1347.7603540895605,
            834.9373149884244
          ],
          [
            1334.048157711164,
            843.5492270542309
          ],
          [
            1311.8410591175198,
            860.7041130196303
          ],
          [
            1298.7998621934094,
            873.0155619140714
          ],
          [
            1285.812768298696,
            886.9364794758148
          ],
          [
            1272.8256744039827,
            900.8573970375583
          ],
          [
            1258.0418080822856,
            915.0140455560759
          ],
          [
            1243.2579417605884,
            929.1706940745935
          ],
          [
            1232.6912046172656,
            936.8004971100017
          ],
          [
            1217.6974302203162,
            945.3244069849607
          ],
          [
            1202.7036558233667,
            953.8483168599196
          ],
          [
            1187.7098814264173,
            962.3722267348785
          ],
          [
            1172.7161070294678,
            970.8961366098374
          ],
          [
            1159.4293222948036,
            981.1003001036588
          ],
          [
            1146.1425375601393,
            991.3044635974802
          ],
          [
            1132.855752825475,
            1001.5086270913016
          ],
          [
            1119.5689680908108,
            1011.712790585123
          ],
          [
            1110.4204226264847,
            1023.184511850588
          ],
          [
            1100.4226493911556,
            1035.7313317193184
          ],
          [
            1090.4248761558265,
            1048.2781515880488
          ],
          [
            1080.4271029204974,
            1060.8249714567792
          ],
          [
            1070.4293296851683,
            1073.3717913255095
          ],
          [
            1066.3075768745039,
            1081.3968773707747
          ],
          [
            1063.1313640578883,
            1092.745477605611
          ],
          [
            1062.6370922750793,
            1104.7398007465526
          ],
          [
            1065.1745699150488,
            1119.3756093466654
          ],
          [
            1070.7040526797646,
            1131.4350948315114
          ],
          [
            1081.3133614556282,
            1158.0333294542506
          ]
        ]
      },
      "properties": {
        "id": "pistes:way:44670045",
        "name": "Spike",
        "piste_type": "downhill",
        "tags": {
          "name": "Spike",
          "z_order": "0",
          "lit": "yes",
          "piste:difficulty": "intermediate",
          "piste:type": "downhill",
          "route": "ski",
          "winter_sports_id": "45096232",
          "winter_sports_name": "Montage Mountain Ski Area",
          "State": "Pennsylvania",
          "Country": "United States of America",
          "Ski Area": "Montage Mountain Ski Area",
          "region": "north-america/us/pennsylvania"
        }
      }
    },
    {
      "type": "Feature",
      "geometry": {
        "type": "LineString",
        "coordinates": [
          [
            1682.9465881105862,
            564.0884268023074
          ],
          [
            1673.8768651569844,
            543.9948457647115
          ],
          [
            1670.4954304829007,
            539.357319155708
          ],
          [
            1663.7760174922878,
            535.8551623234525
          ],
          [
            1655.8217880821903,
            535.0268735531718
          ],
          [
            1640.0304341196897,
            537.8103778734803
          ],
          [
            1617.2850219134125,
            544.8097370145842
          ],
          [
            1594.5396097071352,
            551.8090961556882
          ],
          [
            1579.9643367274257,
            560.5233343667351
          ],
          [
            1565.3890637477161,
            569.237572577782
          ],
          [
            1547.4679476912133,
            578.0326145421714
          ],
          [
            1540.1444759098813,
            579.8531546480954
          ],
          [
            1520.829537776648,
            584.6508349385113
          ],
          [
            1514.7335847287322,
            586.1623702114448
          ],
          [
            1489.6255589066423,
            596.011037346907
          ],
          [
            1473.3743710320632,
            600.1863040289609
          ],
          [
            1457.1231831574842,
            604.3615707110148
          ],
          [
            1440.8719952829051,
            608.5368373930687
          ],
          [
            1424.620807408326,
            612.7121040751226
          ],
          [
            1408.369619533747,
            616.8873707571765
          ],
          [
            1392.118431659168,
            621.0626374392305
          ],
          [
            1375.867243784589,
            625.2379041212844
          ],
          [
            1359.61605591001,
            629.4131708033383
          ],
          [
            1341.9231144855148,
            633.5600025216118
          ],
          [
            1324.2301730610197,
            637.7068342398852
          ],
          [
            1306.5372316365247,
            641.8536659581587
          ],
          [
            1288.8442902120296,
            646.0004976764321
          ],
          [
            1271.1513487875345,
            650.1473293947056
          ],
          [
            1253.4584073630394,
            654.294161112979
          ],
          [
            1235.7654659385444,
            658.4409928312525
          ],
          [
            1219.9336377545712,
            664.3974403741045
          ],
          [
            1204.101809570598,
            670.3538879169565
          ],
          [
            1188.269981386625,
            676.3103354598085
          ],
          [
            1172.4381532026518,
            682.2667830026605
          ],
          [
            1156.606325018679,
            688.2232305455125
          ],
          [
            1140.7744968347058,
            694.1796780883645
          ],
          [
            1124.9426686507327,
            700.1361256312165
          ],
          [
            1109.1108404667596,
            706.0925731740685
          ],
          [
            1093.2790122827864,
            712.0490207169205
          ],
          [
            1084.746652264439,
            725.9308439311571
          ],
          [
            1076.2142922460916,
            739.8126671453938
          ],
          [
            1078.2358383616956,
            762.4960636333562
          ],
          [
            1080.2573844772996,
            785.1794601213187
          ]
        ]
      },
      "properties": {
        "id": "pistes:way:44670047",
        "name": "Highball",
        "piste_type": "downhill",
        "tags": {
          "name": "Highball",
          "z_order": "0",
          "lit": "yes",
          "piste:difficulty": "easy",
          "piste:grooming": "classic",
          "piste:type": "downhill",
          "route": "ski",
          "winter_sports_id": "45096232",
          "winter_sports_name": "Montage Mountain Ski Area",
          "State": "Pennsylvania",
          "Country": "United States of America",
          "Ski Area": "Montage Mountain Ski Area",
          "region": "north-america/us/pennsylvania"
        }
      }
    },
    {
      "type": "Feature",
      "geometry": {
        "type": "LineString",
        "coordinates": [
          [
            1520.829537776648,
            584.6508349385113
          ],
          [
            1513.4060078462353,
            579.866259987466
          ],
          [
            1499.252516370063,
            570.7471040454693
          ],
          [
            1485.0990248938906,
            561.6279481034726
          ],
          [
            1478.3659293540986,
            555.2172494325787
          ],
          [
            1472.3259346999112,
            553.0646218042821
          ],
          [
            1467.0988105781144,
            553.303963765502
          ],
          [
            1460.0972857170855,
            556.7652993472293
          ],
          [
            1454.5056705149473,
            560.8044090410694
          ],
          [
            1449.2974925063318,
            562.442516874522
          ],
          [
            1443.6635858272784,
            560.8863701503724
          ],
          [
            1437.4053741461248,
            557.5363673847169
          ],
          [
            1435.085301126237,
            554.9781647883356
          ],
          [
            1433.537593980087,
            550.5600299509242
          ],
          [
            1432.4383300195914,
            537.9560720790178
          ],
          [
            1430.9714219311136,
            533.1598469223827
          ],
          [
            1428.3114705540356,
            528.8056358061731
          ],
          [
            1426.1279255414847,
            526.6016787206754
          ],
          [
            1422.708615087904,
            525.8281692247838
          ],
          [
            1419.2208966713515,
            525.9655714808032
          ],
          [
            1414.8978327123914,
            528.4851971073076
          ],
          [
            1406.3727800281486,
            539.5743216378614
          ],
          [
            1394.785629834485,
            550.6533296541311
          ],
          [
            1383.1984796408215,
            561.7323376704007
          ],
          [
            1371.7171574725362,
            581.253922669217
          ],
          [
            1360.235835304251,
            600.7755076680332
          ],
          [
            1353.5625187412952,
            606.6880829958245
          ],
          [
            1348.3314001781982,
            608.6039969520643
          ],
          [
            1343.2916445827577,
            609.2750016469508
          ],
          [
            1333.6201583524817,
            607.0500748306513
          ],
          [
            1320.5744726475095,
            600.0656127221882
          ],
          [
            1311.8673490470392,
            599.2434064093977
          ],
          [
            1303.9618709554197,
            599.3255273941904
          ],
          [
            1298.5306698648492,
            603.5411814246327
          ],
          [
            1296.283577297465,
            611.7184467157349
          ],
          [
            1294.4769957711687,
            622.8233952401206
          ],
          [
            1289.0510694227414,
            626.6282297708094
          ],
          [
            1284.0191597229568,
            628.3317355802283
          ],
          [
            1279.8264136015205,
            628.1636856561527
          ],
          [
            1256.1723081332166,
            610.1463315207511
          ],
          [
            1250.0835572266951,
            610.3923672251403
          ],
          [
            1246.3260763097205,
            613.5628434410319
          ],
          [
            1236.3060649066465,
            630.4589492669329
          ],
          [
            1231.014976590057,
            633.2857971219346
          ],
          [
            1225.5572520621354,
            636.2027326347306
          ],
          [
            1217.9385457235621,
            635.4834015537053
          ],
          [
            1205.605528153421,
            630.9140486121178
          ],
          [
            1193.3070647330605,
            630.8964208848774
          ],
          [
            1186.8966549769393,
            635.0529831750318
          ],
          [
            1184.8466813254636,
            637.2224123449996
          ],
          [
            1173.9498731823405,
            648.8072382248938
          ],
          [
            1168.6988789871102,
            651.4006780860946
          ],
          [
            1146.873675638315,
            652.7878399575129
          ],
          [
            1125.0484722895199,
            654.1750018289313
          ],
          [
            1117.3680687592714,
            656.3428594637662
          ],
          [
            1100.4059670610877,
            664.6321401074529
          ],
          [
            1083.443865362904,
            672.9214207511395
          ],
          [
            1054.6760662609013,
            674.4726900011301
          ],
          [
            1047.585528551892,
            677.1912491424009
          ],
          [
            1041.7853582059033,
            684.5629804199561
          ],
          [
            1040.5888491029618,
            692.2327238898724
          ],
          [
            1052.4639968173385,
            708.0927049750462
          ],
          [
            1064.339144531715,
            723.95268606022
          ],
          [
            1076.2142922460916,
            739.8126671453938
          ]
        ]
      },
      "properties": {
        "id": "pistes:way:44670049",
        "name": "Easy Street",
        "piste_type": "downhill",
        "tags": {
          "name": "Easy Street",
          "z_order": "0",
          "lit": "yes",
          "piste:difficulty": "easy",
          "piste:grooming": "classic",
          "piste:type": "downhill",
          "route": "ski",
          "winter_sports_id": "45096232",
          "winter_sports_name": "Montage Mountain Ski Area",
          "State": "Pennsylvania",
          "Country": "United States of America",
          "Ski Area": "Montage Mountain Ski Area",
          "region": "north-america/us/pennsylvania"
        }
      }
    },
    {
      "type": "Feature",
      "geometry": {
        "type": "LineString",
        "coordinates": [
          [
            1540.1444759098813,
            579.8531546480954
          ],
          [
            1539.185601150326,
            598.5734001612291
          ],
          [
            1538.2267263907706,
            617.2936456743628
          ],
          [
            1532.884524342895,
            629.9906454663724
          ],
          [
            1528.163829571975,
            636.354618769139
          ],
          [
            1514.615726062504,
            648.1143711479381
          ],
          [
            1490.613068238541,
            660.2861869949847
          ],
          [
            1475.6246760825743,
            665.9506326743091
          ],
          [
            1460.6362839266076,
            671.6150783536335
          ],
          [
            1445.6478917706409,
            677.2795240329579
          ],
          [
            1429.2216869730328,
            684.5647660652176
          ],
          [
            1412.7954821754247,
            691.8500080974773
          ],
          [
            1393.8951758364565,
            698.3213775297627
          ],
          [
            1374.9948694974883,
            704.7927469620481
          ],
          [
            1354.3653653939255,
            709.3898856947199
          ],
          [
            1323.4629846159369,
            716.2853873772547
          ],
          [
            1306.3514751761977,
            723.2616212059123
          ],
          [
            1289.2399657364585,
            730.2378550345699
          ],
          [
            1272.1284562967194,
            737.2140888632275
          ],
          [
            1255.0169468569802,
            744.1903226918852
          ],
          [
            1237.905437417241,
            751.1665565205427
          ],
          [
            1220.7939279775019,
            758.1427903492004
          ],
          [
            1200.7189836997422,
            764.1239838604815
          ],
          [
            1180.6440394219826,
            770.1051773717627
          ],
          [
            1163.1041880837292,
            773.9022288024426
          ],
          [
            1146.190812393014,
            775.7331828543296
          ],
          [
            1129.2774367022987,
            777.5641369062165
          ],
          [
            1112.3640610115835,
            779.3950909581035
          ],
          [
            1096.3107227444416,
            782.2872755397111
          ],
          [
            1080.2573844772996,
            785.1794601213187
          ],
          [
            1063.430778725422,
            789.8995622685179
          ],
          [
            1046.6041729735443,
            794.6196644157171
          ],
          [
            1029.7775672216667,
            799.3397665629163
          ],
          [
            1012.950961469789,
            804.0598687101156
          ],
          [
            996.1243557179114,
            808.7799708573148
          ],
          [
            974.9531197578763,
            812.4830359993502
          ],
          [
            959.2376433656318,
            815.2341523924842
          ],
          [
            929.9060581572121,
            812.9932172633708
          ]
        ]
      },
      "properties": {
        "id": "pistes:way:44670051",
        "name": "Mainline",
        "piste_type": "downhill",
        "tags": {
          "name": "Mainline",
          "z_order": "0",
          "lit": "yes",
          "piste:difficulty": "easy",
          "piste:grooming": "classic",
          "piste:type": "downhill",
          "route": "ski",
          "winter_sports_id": "45096232",
          "winter_sports_name": "Montage Mountain Ski Area",
          "State": "Pennsylvania",
          "Country": "United States of America",
          "Ski Area": "Montage Mountain Ski Area",
          "region": "north-america/us/pennsylvania"
        }
      }
    },
    {
      "type": "Feature",
      "geometry": {
        "type": "LineString",
        "coordinates": [
          [
            1416.3213359815418,
            791.8777546593919
          ],
          [
            1401.994155994791,
            777.4587297746912
          ],
          [
            1387.6669760080404,
            763.0397048899904
          ],
          [
            1380.359904118639,
            746.5525057488121
          ],
          [
            1373.0528322292375,
            730.0653066076338
          ],
          [
            1354.3653653939255,
            709.3898856947199
          ]
        ]
      },
      "properties": {
        "id": "pistes:way:44670052",
        "piste_type": "downhill",
        "tags": {
          "z_order": "0",
          "lit": "yes",
          "piste:difficulty": "easy",
          "piste:type": "downhill",
          "route": "ski",
          "winter_sports_id": "45096232",
          "winter_sports_name": "Montage Mountain Ski Area",
          "State": "Pennsylvania",
          "Country": "United States of America",
          "Ski Area": "Montage Mountain Ski Area",
          "region": "north-america/us/pennsylvania"
        }
      }
    },
    {
      "type": "Feature",
      "geometry": {
        "type": "LineString",
        "coordinates": [
          [
            1580.5373958257842,
            779.6127497302368
          ],
          [
            1567.1049912799267,
            769.8752138327807
          ],
          [
            1553.672586734069,
            760.1376779353246
          ],
          [
            1540.2401821882115,
            750.4001420378685
          ],
          [
            1526.8077776423538,
            740.6626061404124
          ],
          [
            1513.3753730964963,
            730.9250702429563
          ]
        ]
      },
      "properties": {
        "id": "pistes:way:44670053",
        "piste_type": "downhill",
        "tags": {
          "z_order": "0",
          "lit": "yes",
          "oneway": "yes",
          "piste:difficulty": "easy",
          "piste:type": "downhill",
          "route": "ski",
          "winter_sports_id": "45096232",
          "winter_sports_name": "Montage Mountain Ski Area",
          "State": "Pennsylvania",
          "Country": "United States of America",
          "Ski Area": "Montage Mountain Ski Area",
          "region": "north-america/us/pennsylvania"
        }
      }
    },
    {
      "type": "Feature",
      "geometry": {
        "type": "LineString",
        "coordinates": [
          [
            1190.724957458966,
            1068.5489504812285
          ],
          [
            1172.7102730101906,
            1060.0445210523903
          ],
          [
            1154.6955885614152,
            1051.5400916235521
          ],
          [
            1136.6809041126398,
            1043.035662194714
          ],
          [
            1123.5506633695622,
            1033.110087022651
          ],
          [
            1110.4204226264847,
            1023.184511850588
          ],
          [
            1092.433503940265,
            1013.2237847954966
          ],
          [
            1074.4465852540452,
            1003.2630577404052
          ],
          [
            1054.2152857432666,
            998.4987700460479
          ],
          [
            1033.983986232488,
            993.7344823516905
          ],
          [
            1008.7864798350492,
            984.9890678571537
          ],
          [
            980.0122198356548,
            978.9466836806387
          ],
          [
            966.0503208921873,
            990.0000967849046
          ]
        ]
      },
      "properties": {
        "id": "pistes:way:44670054",
        "piste_type": "downhill",
        "tags": {
          "z_order": "0",
          "piste:difficulty": "easy",
          "piste:type": "downhill",
          "route": "ski",
          "winter_sports_id": "45096232",
          "winter_sports_name": "Montage Mountain Ski Area",
          "State": "Pennsylvania",
          "Country": "United States of America",
          "Ski Area": "Montage Mountain Ski Area",
          "region": "north-america/us/pennsylvania"
        }
      }
    },
    {
      "type": "Feature",
      "geometry": {
        "type": "LineString",
        "coordinates": [
          [
            922.8025728407665,
            1033.196342041716
          ],
          [
            942.5773455110029,
            1013.2165876310319
          ],
          [
            960.3859738937463,
            994.2955098710954
          ],
          [
            966.0503208921873,
            990.0000967849046
          ]
        ]
      },
      "properties": {
        "id": "pistes:way:44670055",
        "piste_type": "downhill",
        "tags": {
          "z_order": "0",
          "piste:difficulty": "intermediate",
          "piste:type": "downhill",
          "route": "ski",
          "winter_sports_id": "45096232",
          "winter_sports_name": "Montage Mountain Ski Area",
          "State": "Pennsylvania",
          "Country": "United States of America",
          "Ski Area": "Montage Mountain Ski Area",
          "region": "north-america/us/pennsylvania"
        }
      }
    },
    {
      "type": "Feature",
      "geometry": {
        "type": "LineString",
        "coordinates": [
          [
            966.0503208921873,
            990.0000967849046
          ],
          [
            970.6348683831166,
            1002.077817728743
          ],
          [
            986.0264837565483,
            1024.9312541587278
          ],
          [
            995.7787686326774,
            1030.1305307177827
          ],
          [
            1006.7705096277059,
            1040.9936847370118
          ],
          [
            1017.1843710553561,
            1057.2718283891056
          ],
          [
            1027.5982324830063,
            1073.5499720411997
          ],
          [
            1038.0120939106564,
            1089.8281156932935
          ],
          [
            1048.909413500359,
            1103.697108739366
          ],
          [
            1059.806733090062,
            1117.5661017854388
          ],
          [
            1070.7040526797646,
            1131.4350948315114
          ]
        ]
      },
      "properties": {
        "id": "pistes:way:44670060",
        "name": "Connection",
        "piste_type": "downhill",
        "tags": {
          "name": "Connection",
          "z_order": "0",
          "piste:difficulty": "easy",
          "piste:grooming": "classic",
          "piste:type": "downhill",
          "route": "ski",
          "winter_sports_id": "45096232",
          "winter_sports_name": "Montage Mountain Ski Area",
          "State": "Pennsylvania",
          "Country": "United States of America",
          "Ski Area": "Montage Mountain Ski Area",
          "region": "north-america/us/pennsylvania"
        }
      }
    },
    {
      "type": "Feature",
      "geometry": {
        "type": "LineString",
        "coordinates": [
          [
            986.0264837565483,
            1024.9312541587278
          ],
          [
            984.9065563289332,
            1031.6567275281996
          ],
          [
            971.3089125016704,
            1057.5512267220765
          ],
          [
            966.9070396480383,
            1063.9353560898453
          ],
          [
            960.6632534849923,
            1072.3208630103618
          ]
        ]
      },
      "properties": {
        "id": "pistes:way:44670061",
        "piste_type": "downhill",
        "tags": {
          "z_order": "0",
          "piste:difficulty": "intermediate",
          "piste:type": "downhill",
          "route": "ski",
          "winter_sports_id": "45096232",
          "winter_sports_name": "Montage Mountain Ski Area",
          "State": "Pennsylvania",
          "Country": "United States of America",
          "Ski Area": "Montage Mountain Ski Area",
          "region": "north-america/us/pennsylvania"
        }
      }
    },
    {
      "type": "Feature",
      "geometry": {
        "type": "LineString",
        "coordinates": [
          [
            918.745781432779,
            789.9743684269488
          ],
          [
            900.8856009554584,
            766.0407849075273
          ]
        ]
      },
      "properties": {
        "id": "pistes:way:44670066",
        "name": "Connection",
        "piste_type": "downhill",
        "tags": {
          "name": "Connection",
          "z_order": "0",
          "oneway": "no",
          "piste:difficulty": "easy",
          "piste:grooming": "classic",
          "piste:type": "downhill",
          "route": "ski",
          "winter_sports_id": "45096232",
          "winter_sports_name": "Montage Mountain Ski Area",
          "State": "Pennsylvania",
          "Country": "United States of America",
          "Ski Area": "Montage Mountain Ski Area",
          "region": "north-america/us/pennsylvania"
        }
      }
    },
    {
      "type": "Feature",
      "geometry": {
        "type": "LineString",
        "coordinates": [
          [
            1056.9215455385274,
            873.7874460108578
          ],
          [
            1070.081951662898,
            901.3654490998015
          ],
          [
            1069.2233727772254,
            913.8621475584805
          ],
          [
            1061.2692487016902,
            922.8934171106666
          ],
          [
            1043.9221240600746,
            928.3213667012751
          ],
          [
            1026.574999418459,
            933.7493162918836
          ],
          [
            999.4336426850059,
            941.106073608622
          ],
          [
            983.1893600254261,
            946.8810371374711
          ],
          [
            966.9450773658464,
            952.6560006663203
          ]
        ]
      },
      "properties": {
        "id": "pistes:way:44670068",
        "name": "Limited",
        "piste_type": "downhill",
        "tags": {
          "name": "Limited",
          "z_order": "0",
          "lit": "yes",
          "piste:difficulty": "novice",
          "piste:type": "downhill",
          "route": "ski",
          "winter_sports_id": "45096232",
          "winter_sports_name": "Montage Mountain Ski Area",
          "State": "Pennsylvania",
          "Country": "United States of America",
          "Ski Area": "Montage Mountain Ski Area",
          "region": "north-america/us/pennsylvania"
        }
      }
    },
    {
      "type": "Feature",
      "geometry": {
        "type": "LineString",
        "coordinates": [
          [
            765.7993439667043,
            1628.3295153044164
          ],
          [
            750.46246489638,
            1614.7466405006126
          ],
          [
            735.1255858260556,
            1601.1637656968087
          ],
          [
            719.7887067557313,
            1587.5808908930048
          ]
        ]
      },
      "properties": {
        "id": "pistes:way:45777671",
        "piste_type": "downhill",
        "tags": {
          "z_order": "0",
          "lit": "yes",
          "piste:difficulty": "easy",
          "piste:type": "downhill",
          "route": "ski",
          "winter_sports_id": "45096232",
          "winter_sports_name": "Montage Mountain Ski Area",
          "State": "Pennsylvania",
          "Country": "United States of America",
          "Ski Area": "Montage Mountain Ski Area",
          "region": "north-america/us/pennsylvania"
        }
      }
    },
    {
      "type": "Feature",
      "geometry": {
        "type": "LineString",
        "coordinates": [
          [
            1778.605022493226,
            914.5805836543441
          ],
          [
            1786.2522524853412,
            933.0640440308489
          ],
          [
            1793.8994824774563,
            951.5475044073537
          ],
          [
            1795.6815632539801,
            977.1805406976491
          ],
          [
            1798.3208423403557,
            994.4248657291755
          ],
          [
            1800.9601214267313,
            1011.6691907607019
          ],
          [
            1800.6986458137399,
            1032.5435715997592
          ],
          [
            1797.689405495883,
            1044.0015983302146
          ],
          [
            1789.8541994746192,
            1058.937614695169
          ],
          [
            1780.0783416834893,
            1071.6677542869002
          ],
          [
            1768.8568674549897,
            1084.0479750016239
          ],
          [
            1757.6353932264901,
            1096.4281957163475
          ],
          [
            1746.4139189979905,
            1108.8084164310712
          ],
          [
            1735.192444769491,
            1121.188637145795
          ],
          [
            1713.5624913551146,
            1137.2277230937034
          ],
          [
            1695.78459196334,
            1146.3544651841123
          ],
          [
            1678.0066925715655,
            1155.4812072745215
          ],
          [
            1660.228793179791,
            1164.6079493649304
          ],
          [
            1647.4337521244986,
            1176.2693440519895
          ],
          [
            1634.638711069206,
            1187.9307387390484
          ],
          [
            1621.8436700139137,
            1199.5921334261075
          ],
          [
            1609.0486289586213,
            1211.2535281131666
          ],
          [
            1596.2535879033287,
            1222.9149228002254
          ],
          [
            1583.4585468480363,
            1234.5763174872845
          ],
          [
            1568.901897916614,
            1245.5664846510626
          ],
          [
            1554.3452489851916,
            1256.5566518148407
          ],
          [
            1539.7886000537692,
            1267.5468189786188
          ],
          [
            1525.2319511223468,
            1278.536986142397
          ],
          [
            1499.6680433197762,
            1294.162340933457
          ],
          [
            1482.902292242332,
            1300.6173606952652
          ],
          [
            1471.120295520639,
            1302.3717570267618
          ],
          [
            1451.7662960648304,
            1302.1110305621598
          ],
          [
            1432.4122966090217,
            1301.8503040975581
          ],
          [
            1413.058297153213,
            1301.5895776329562
          ],
          [
            1397.3153822821914,
            1299.4882369507104
          ],
          [
            1380.4072835639527,
            1292.6550610619597
          ],
          [
            1363.499184845714,
            1285.821885173209
          ]
        ]
      },
      "properties": {
        "id": "pistes:way:245530666",
        "name": "Glades",
        "piste_type": "downhill",
        "tags": {
          "name": "Glades",
          "z_order": "0",
          "lit": "yes",
          "piste:difficulty": "intermediate",
          "piste:grooming": "backcountry",
          "piste:type": "downhill",
          "route": "ski",
          "winter_sports_id": "45096232",
          "winter_sports_name": "Montage Mountain Ski Area",
          "State": "Pennsylvania",
          "Country": "United States of America",
          "Ski Area": "Montage Mountain Ski Area",
          "region": "north-america/us/pennsylvania"
        }
      }
    },
    {
      "type": "Feature",
      "geometry": {
        "type": "LineString",
        "coordinates": [
          [
            1714.0882229837007,
            745.6660835519433
          ],
          [
            1713.8415853702463,
            768.4832619335502
          ],
          [
            1712.9849092321238,
            793.6143191857263
          ],
          [
            1714.5118040055095,
            813.0874519664794
          ],
          [
            1716.0386987788952,
            832.5605847472325
          ],
          [
            1716.0062138149224,
            856.0422963406891
          ],
          [
            1715.9737288509496,
            879.5240079341456
          ]
        ]
      },
      "properties": {
        "id": "pistes:way:419781069",
        "name": "Snake",
        "piste_type": "downhill",
        "tags": {
          "name": "Snake",
          "z_order": "0",
          "lit": "yes",
          "piste:difficulty": "easy",
          "piste:grooming": "classic",
          "piste:type": "downhill",
          "route": "ski",
          "winter_sports_id": "45096232",
          "winter_sports_name": "Montage Mountain Ski Area",
          "State": "Pennsylvania",
          "Country": "United States of America",
          "Ski Area": "Montage Mountain Ski Area",
          "region": "north-america/us/pennsylvania"
        }
      }
    },
    {
      "type": "Feature",
      "geometry": {
        "type": "LineString",
        "coordinates": [
          [
            1714.0882229837007,
            745.6660835519433
          ],
          [
            1695.3518808380468,
            738.3684971295297
          ],
          [
            1678.7461675269587,
            738.4935099878348
          ],
          [
            1662.1404542158707,
            738.61852284614
          ],
          [
            1646.634883892121,
            745.5891890116036
          ],
          [
            1631.1293135683711,
            752.5598551770672
          ],
          [
            1615.6237432446214,
            759.5305213425308
          ],
          [
            1598.0805695352028,
            769.5716355363838
          ],
          [
            1580.5373958257842,
            779.6127497302368
          ],
          [
            1560.0996980827185,
            791.3189444933087
          ],
          [
            1539.6620003396529,
            803.0251392563805
          ],
          [
            1526.0168959317214,
            812.9633181119071
          ],
          [
            1512.3717915237899,
            822.9014969674338
          ],
          [
            1498.7266871158583,
            832.8396758229604
          ],
          [
            1485.0815827079266,
            842.7778546784872
          ],
          [
            1471.436478299995,
            852.7160335340138
          ],
          [
            1457.7913738920636,
            862.6542123895405
          ],
          [
            1444.146269484132,
            872.5923912450671
          ],
          [
            1429.7221709864098,
            884.0277938176878
          ],
          [
            1415.2980724886875,
            895.4631963903084
          ],
          [
            1400.8739739909652,
            906.8985989629291
          ],
          [
            1386.4498754932429,
            918.3340015355498
          ],
          [
            1372.0257769955206,
            929.7694041081704
          ],
          [
            1357.6016784977983,
            941.2048066807911
          ],
          [
            1344.5209967665335,
            952.3304342051657
          ],
          [
            1331.440315035269,
            963.4560617295405
          ],
          [
            1318.359633304004,
            974.5816892539151
          ],
          [
            1305.2789515727393,
            985.7073167782897
          ],
          [
            1292.1982698414747,
            996.8329443026645
          ],
          [
            1279.11758811021,
            1007.9585718270391
          ],
          [
            1264.3854830016692,
            1018.056968269404
          ],
          [
            1249.6533778931287,
            1028.155364711769
          ],
          [
            1234.921272784588,
            1038.2537611541338
          ],
          [
            1220.1891676760472,
            1048.3521575964987
          ],
          [
            1205.4570625675067,
            1058.4505540388636
          ],
          [
            1190.724957458966,
            1068.5489504812285
          ],
          [
            1175.636598830286,
            1091.0126471621916
          ],
          [
            1166.8645803888794,
            1117.902626387775
          ],
          [
            1157.4072171535518,
            1136.6098380787298
          ],
          [
            1147.949853918224,
            1155.3170497696847
          ]
        ]
      },
      "properties": {
        "id": "pistes:way:419781070",
        "name": "Switch",
        "piste_type": "downhill",
        "tags": {
          "name": "Switch",
          "z_order": "0",
          "lit": "yes",
          "oneway": "yes",
          "piste:difficulty": "intermediate",
          "piste:type": "downhill",
          "route": "ski",
          "winter_sports_id": "45096232",
          "winter_sports_name": "Montage Mountain Ski Area",
          "State": "Pennsylvania",
          "Country": "United States of America",
          "Ski Area": "Montage Mountain Ski Area",
          "region": "north-america/us/pennsylvania"
        }
      }
    },
    {
      "type": "Feature",
      "geometry": {
        "type": "LineString",
        "coordinates": [
          [
            1731.5994543011184,
            765.8294489933178
          ],
          [
            1723.808621269185,
            764.4447436099872
          ],
          [
            1717.1220130285947,
            765.2722086766735
          ],
          [
            1713.8415853702463,
            768.4832619335502
          ],
          [
            1699.5448597032228,
            778.9641604184484
          ],
          [
            1685.2481340361992,
            789.4450589033464
          ],
          [
            1670.9514083691756,
            799.9259573882446
          ],
          [
            1658.080976425586,
            811.5324073817787
          ],
          [
            1645.2105444819963,
            823.138857375313
          ],
          [
            1632.3401125384069,
            834.7453073688472
          ],
          [
            1619.4696805948172,
            846.3517573623815
          ],
          [
            1606.5992486512275,
            857.9582073559156
          ],
          [
            1593.7288167076379,
            869.5646573494499
          ],
          [
            1580.8583847640484,
            881.1711073429841
          ],
          [
            1567.9879528204588,
            892.7775573365184
          ],
          [
            1555.117520876869,
            904.3840073300526
          ],
          [
            1541.4370460523235,
            915.1456295334734
          ],
          [
            1527.7565712277778,
            925.9072517368943
          ],
          [
            1514.076096403232,
            936.668873940315
          ],
          [
            1500.3956215786864,
            947.4304961437359
          ],
          [
            1486.7151467541407,
            958.1921183471568
          ],
          [
            1473.034671929595,
            968.9537405505777
          ],
          [
            1459.3541971050495,
            979.7153627539985
          ],
          [
            1445.6737222805036,
            990.4769849574193
          ],
          [
            1431.993247455958,
            1001.2386071608402
          ],
          [
            1418.3127726314124,
            1012.000229364261
          ],
          [
            1402.4500986952917,
            1023.6297275175651
          ],
          [
            1386.587424759171,
            1035.2592256708692
          ],
          [
            1370.7247508230503,
            1046.8887238241732
          ],
          [
            1354.1037908690923,
            1055.952008953318
          ],
          [
            1337.4828309151344,
            1065.0152940824628
          ],
          [
            1318.6631180049542,
            1072.7815710489328
          ],
          [
            1299.8434050947737,
            1080.5478480154027
          ],
          [
            1281.0236921845935,
            1088.3141249818727
          ],
          [
            1265.6477965730094,
            1096.8369275566988
          ],
          [
            1250.271900961425,
            1105.359730131525
          ],
          [
            1234.8960053498408,
            1113.8825327063512
          ],
          [
            1219.5201097382565,
            1122.4053352811773
          ],
          [
            1204.1442141266723,
            1130.9281378560033
          ],
          [
            1188.768318515088,
            1139.4509404308296
          ],
          [
            1173.3924229035038,
            1147.9737430056557
          ],
          [
            1162.3858873462887,
            1152.7203841172159
          ],
          [
            1147.949853918224,
            1155.3170497696847
          ],
          [
            1130.8070770240738,
            1158.400627689436
          ],
          [
            1123.037647501391,
            1159.7920014588162
          ],
          [
            1109.0687431900296,
            1160.0092848865315
          ],
          [
            1081.3133614556282,
            1158.0333294542506
          ]
        ]
      },
      "properties": {
        "id": "pistes:way:419781072",
        "name": "Whistler",
        "piste_type": "downhill",
        "tags": {
          "name": "Whistler",
          "z_order": "0",
          "lit": "yes",
          "piste:difficulty": "intermediate",
          "piste:grooming": "classic",
          "piste:type": "downhill",
          "route": "ski",
          "winter_sports_id": "45096232",
          "winter_sports_name": "Montage Mountain Ski Area",
          "State": "Pennsylvania",
          "Country": "United States of America",
          "Ski Area": "Montage Mountain Ski Area",
          "region": "north-america/us/pennsylvania"
        }
      }
    },
    {
      "type": "Feature",
      "geometry": {
        "type": "LineString",
        "coordinates": [
          [
            1780.7785048650112,
            826.4116143202409
          ],
          [
            1782.947365869768,
            841.1614375626668
          ],
          [
            1782.5387938831311,
            857.2999186444407
          ],
          [
            1782.1302218964945,
            873.4383997262145
          ],
          [
            1781.7216499098577,
            889.5768808079883
          ],
          [
            1778.605022493226,
            914.5805836543441
          ],
          [
            1775.0148647059686,
            943.3626465015113
          ],
          [
            1774.7215335548972,
            971.1207230323926
          ],
          [
            1772.113883861748,
            980.3552714558318
          ],
          [
            1767.3162403071765,
            987.6078593302518
          ],
          [
            1754.7000632778702,
            1000.8775138234099
          ],
          [
            1742.083886248564,
            1014.1471683165679
          ],
          [
            1729.4677092192578,
            1027.416822809726
          ],
          [
            1716.9702506722242,
            1045.3301255106926
          ],
          [
            1704.4727921251906,
            1063.2434282116592
          ],
          [
            1684.0673479058314,
            1086.3788899611682
          ],
          [
            1670.8419227788108,
            1096.470586804673
          ],
          [
            1644.1854050600668,
            1111.5485213957727
          ],
          [
            1630.7133289776975,
            1122.1972825177945
          ],
          [
            1617.2412528953282,
            1132.8460436398163
          ],
          [
            1605.279163423751,
            1144.038587138988
          ],
          [
            1593.3170739521738,
            1155.2311306381598
          ],
          [
            1575.8826240691415,
            1167.3531938656233
          ],
          [
            1558.448174186109,
            1179.4752570930868
          ],
          [
            1537.965529497771,
            1186.7353858612478
          ],
          [
            1517.482884809433,
            1193.9955146294087
          ],
          [
            1504.569008922379,
            1200.9765101028606
          ],
          [
            1489.2679261006804,
            1213.0826846640557
          ],
          [
            1473.9668432789815,
            1225.1888592252508
          ],
          [
            1458.6657604572829,
            1237.2950337864459
          ],
          [
            1433.1770978349377,
            1251.8098166696727
          ],
          [
            1411.2194735670928,
            1268.6294693527743
          ],
          [
            1402.4715196619509,
            1273.3586585018784
          ],
          [
            1387.2026855354488,
            1278.6368398303166
          ],
          [
            1371.9338514089468,
            1283.9150211587548
          ],
          [
            1363.499184845714,
            1285.821885173209
          ],
          [
            1333.2679572071647,
            1292.6456968793646
          ],
          [
            1313.871139803843,
            1294.0973034806084
          ],
          [
            1294.4743224005215,
            1295.5489100818522
          ],
          [
            1275.0775049971999,
            1297.000516683096
          ],
          [
            1255.6806875938782,
            1298.45212328434
          ],
          [
            1228.5426152874134,
            1304.9864471927285
          ]
        ]
      },
      "properties": {
        "id": "pistes:way:419781073",
        "name": "Upper Fast Track",
        "piste_type": "downhill",
        "tags": {
          "name": "Upper Fast Track",
          "z_order": "0",
          "lit": "yes",
          "piste:difficulty": "intermediate",
          "piste:type": "downhill",
          "route": "ski",
          "winter_sports_id": "45096232",
          "winter_sports_name": "Montage Mountain Ski Area",
          "State": "Pennsylvania",
          "Country": "United States of America",
          "Ski Area": "Montage Mountain Ski Area",
          "region": "north-america/us/pennsylvania"
        }
      }
    },
    {
      "type": "Feature",
      "geometry": {
        "type": "LineString",
        "coordinates": [
          [
            915.063478168333,
            1423.1708773635328
          ],
          [
            902.8539525638334,
            1422.575762479566
          ],
          [
            891.5475580063649,
            1415.3678532307968
          ],
          [
            883.6519582215697,
            1407.8674465510994
          ],
          [
            877.3142389376299,
            1400.6216024495661
          ],
          [
            870.2124882422504,
            1395.2023923201486
          ],
          [
            860.770214024582,
            1391.1111572841182
          ],
          [
            853.7456152747618,
            1389.2219304256141
          ]
        ]
      },
      "properties": {
        "id": "pistes:way:419786157",
        "name": "Rattler",
        "piste_type": "downhill",
        "tags": {
          "name": "Rattler",
          "z_order": "0",
          "lit": "yes",
          "piste:difficulty": "advanced",
          "piste:grooming": "classic",
          "piste:type": "downhill",
          "winter_sports_id": "45096232",
          "winter_sports_name": "Montage Mountain Ski Area",
          "State": "Pennsylvania",
          "Country": "United States of America",
          "Ski Area": "Montage Mountain Ski Area",
          "region": "north-america/us/pennsylvania"
        }
      }
    },
    {
      "type": "Feature",
      "geometry": {
        "type": "LineString",
        "coordinates": [
          [
            1056.9215455385274,
            873.7874460108578
          ],
          [
            1053.3126908359118,
            859.0931882699952
          ],
          [
            1049.6559204612859,
            846.8973296545446
          ],
          [
            1038.9577825500164,
            839.4625048562884
          ],
          [
            1017.8221918285126,
            838.5022114650346
          ],
          [
            996.6866011070088,
            837.5419180737808
          ],
          [
            973.1578327798925,
            841.4517395389266
          ],
          [
            949.6290644527762,
            845.3615610040724
          ],
          [
            937.4912773997057,
            851.0053555686027
          ]
        ]
      },
      "properties": {
        "id": "pistes:way:419786846",
        "name": "Runaround",
        "piste_type": "downhill",
        "tags": {
          "name": "Runaround",
          "z_order": "0",
          "lit": "yes",
          "piste:difficulty": "novice",
          "piste:grooming": "classic",
          "piste:type": "downhill",
          "winter_sports_id": "45096232",
          "winter_sports_name": "Montage Mountain Ski Area",
          "State": "Pennsylvania",
          "Country": "United States of America",
          "Ski Area": "Montage Mountain Ski Area",
          "region": "north-america/us/pennsylvania"
        }
      }
    },
    {
      "type": "Feature",
      "geometry": {
        "type": "LineString",
        "coordinates": [
          [
            618.4956717247842,
            1198.5529458336532
          ],
          [
            610.4956717247842,
            1212.4093522942042
          ],
          [
            610.4956717247842,
            1228.4093522942042
          ],
          [
            596.6392652642331,
            1236.4093522942042
          ],
          [
            580.6392652642331,
            1236.4093522942042
          ],
          [
            572.6392652642331,
            1250.265758754755
          ],
          [
            556.6392652642331,
            1250.265758754755
          ],
          [
            548.6392652642331,
            1264.122165215306
          ],
          [
            534.7828588036821,
            1272.122165215306
          ],
          [
            534.7828588036821,
            1288.122165215306
          ],
          [
            520.926452343131,
            1296.122165215306
          ],
          [
            512.926452343131,
            1309.978571675857
          ],
          [
            504.926452343131,
            1323.834978136408
          ],
          [
            496.926452343131,
            1337.6913845969589
          ],
          [
            483.07004588258,
            1345.6913845969589
          ],
          [
            499.07004588258,
            1345.6913845969589
          ]
        ]
      },
      "properties": {
        "id": "pistes:way:419774825",
        "name": "White Lightning",
        "piste_type": "downhill",
        "tags": {
          "name": "White Lightning",
          "natural": "grassland",
          "lit": "yes",
          "piste:difficulty": "expert",
          "piste:grooming": "mogul",
          "piste:type": "downhill",
          "winter_sports_id": "45096232",
          "winter_sports_name": "Montage Mountain Ski Area",
          "State": "Pennsylvania",
          "Country": "United States of America",
          "Ski Area": "Montage Mountain Ski Area",
          "region": "north-america/us/pennsylvania"
        }
      }
    },
    {
      "type": "Feature",
      "geometry": {
        "type": "LineString",
        "coordinates": [
          [
            806.4105012491345,
            1017.9761739233509
          ],
          [
            806.4105012491345,
            1033.9761739233509
          ],
          [
            798.4105012491345,
            1047.8325803839018
          ],
          [
            790.4105012491345,
            1061.6889868444528
          ],
          [
            776.5540947885835,
            1069.6889868444528
          ],
          [
            760.5540947885835,
            1069.6889868444528
          ],
          [
            752.5540947885835,
            1083.5453933050037
          ],
          [
            736.5540947885835,
            1083.5453933050037
          ],
          [
            720.5540947885835,
            1083.5453933050037
          ],
          [
            712.5540947885835,
            1097.4017997655546
          ],
          [
            720.5540947885835,
            1111.2582062261056
          ],
          [
            720.5540947885835,
            1127.2582062261056
          ],
          [
            712.5540947885835,
            1141.1146126866565
          ],
          [
            704.5540947885835,
            1154.9710191472075
          ],
          [
            696.5540947885835,
            1168.8274256077584
          ],
          [
            682.6976883280324,
            1176.8274256077584
          ],
          [
            674.6976883280324,
            1190.6838320683094
          ],
          [
            658.6976883280324,
            1190.6838320683094
          ],
          [
            658.6976883280324,
            1206.6838320683094
          ],
          [
            644.8412818674814,
            1214.6838320683094
          ],
          [
            636.8412818674814,
            1228.5402385288603
          ],
          [
            636.8412818674814,
            1244.5402385288603
          ],
          [
            636.8412818674814,
            1260.5402385288603
          ],
          [
            636.8412818674814,
            1276.5402385288603
          ],
          [
            636.8412818674814,
            1292.5402385288603
          ],
          [
            636.8412818674814,
            1308.5402385288603
          ],
          [
            636.8412818674814,
            1324.5402385288603
          ],
          [
            636.8412818674814,
            1340.5402385288603
          ],
          [
            636.8412818674814,
            1356.5402385288603
          ],
          [
            636.8412818674814,
            1372.5402385288603
          ],
          [
            650.6976883280324,
            1380.5402385288603
          ],
          [
            650.6976883280324,
            1396.5402385288603
          ],
          [
            650.6976883280324,
            1412.5402385288603
          ],
          [
            650.6976883280324,
            1428.5402385288603
          ],
          [
            650.6976883280324,
            1444.5402385288603
          ],
          [
            636.8412818674814,
            1452.5402385288603
          ],
          [
            636.8412818674814,
            1468.5402385288603
          ],
          [
            628.8412818674814,
            1482.3966449894112
          ],
          [
            614.9848754069303,
            1490.3966449894112
          ],
          [
            606.9848754069303,
            1504.2530514499622
          ],
          [
            606.9848754069303,
            1520.2530514499622
          ],
          [
            606.9848754069303,
            1536.2530514499622
          ],
          [
            598.9848754069303,
            1550.1094579105131
          ],
          [
            582.9848754069303,
            1550.1094579105131
          ],
          [
            582.9848754069303,
            1566.1094579105131
          ],
          [
            582.9848754069303,
            1582.1094579105131
          ],
          [
            569.1284689463793,
            1590.1094579105131
          ],
          [
            577.1284689463793,
            1603.965864371064
          ],
          [
            577.1284689463793,
            1619.965864371064
          ],
          [
            569.1284689463793,
            1633.822270831615
          ],
          [
            577.1284689463793,
            1647.678677292166
          ],
          [
            577.1284689463793,
            1663.678677292166
          ],
          [
            590.9848754069303,
            1671.678677292166
          ]
        ]
      },
      "properties": {
        "id": "pistes:way:419774830",
        "name": "Boomer",
        "piste_type": "downhill",
        "tags": {
          "name": "Boomer",
          "natural": "grassland",
          "lit": "yes",
          "piste:difficulty": "expert",
          "piste:grooming": "mogul",
          "piste:type": "downhill",
          "winter_sports_id": "45096232",
          "winter_sports_name": "Montage Mountain Ski Area",
          "State": "Pennsylvania",
          "Country": "United States of America",
          "Ski Area": "Montage Mountain Ski Area",
          "region": "north-america/us/pennsylvania"
        }
      }
    },
    {
      "type": "Feature",
      "geometry": {
        "type": "LineString",
        "coordinates": [
          [
            791.9544582752278,
            1062.8071375517175
          ],
          [
            783.9544582752278,
            1076.6635440122684
          ],
          [
            783.9544582752278,
            1092.6635440122684
          ],
          [
            783.9544582752278,
            1108.6635440122684
          ],
          [
            770.0980518146768,
            1116.6635440122684
          ],
          [
            778.0980518146768,
            1130.5199504728193
          ],
          [
            778.0980518146768,
            1146.5199504728193
          ],
          [
            786.0980518146768,
            1160.3763569333703
          ],
          [
            786.0980518146768,
            1176.3763569333703
          ],
          [
            786.0980518146768,
            1192.3763569333703
          ],
          [
            794.0980518146768,
            1206.2327633939212
          ],
          [
            807.9544582752278,
            1214.2327633939212
          ],
          [
            807.9544582752278,
            1230.2327633939212
          ],
          [
            821.8108647357789,
            1238.2327633939212
          ],
          [
            821.8108647357789,
            1254.2327633939212
          ],
          [
            829.8108647357789,
            1268.0891698544722
          ],
          [
            821.8108647357789,
            1281.9455763150231
          ],
          [
            821.8108647357789,
            1297.9455763150231
          ],
          [
            821.8108647357789,
            1313.9455763150231
          ],
          [
            807.9544582752278,
            1321.9455763150231
          ],
          [
            807.9544582752278,
            1337.9455763150231
          ],
          [
            794.0980518146768,
            1345.9455763150231
          ],
          [
            786.0980518146768,
            1359.801982775574
          ],
          [
            778.0980518146768,
            1373.658389236125
          ],
          [
            764.2416453541257,
            1381.658389236125
          ],
          [
            756.2416453541257,
            1395.514795696676
          ],
          [
            748.2416453541257,
            1409.371202157227
          ],
          [
            734.3852388935746,
            1417.371202157227
          ],
          [
            726.3852388935746,
            1431.2276086177778
          ],
          [
            710.3852388935746,
            1431.2276086177778
          ],
          [
            702.3852388935746,
            1445.0840150783288
          ],
          [
            702.3852388935746,
            1461.0840150783288
          ],
          [
            702.3852388935746,
            1477.0840150783288
          ],
          [
            694.3852388935746,
            1490.9404215388797
          ],
          [
            702.3852388935746,
            1504.7968279994307
          ],
          [
            702.3852388935746,
            1520.7968279994307
          ],
          [
            710.3852388935746,
            1534.6532344599816
          ],
          [
            710.3852388935746,
            1550.6532344599816
          ],
          [
            710.3852388935746,
            1566.6532344599816
          ]
        ]
      },
      "properties": {
        "id": "pistes:way:419774835",
        "name": "Smoke",
        "piste_type": "downhill",
        "tags": {
          "name": "Smoke",
          "natural": "grassland",
          "lit": "yes",
          "piste:difficulty": "expert",
          "piste:grooming": "mogul",
          "piste:type": "downhill",
          "winter_sports_id": "45096232",
          "winter_sports_name": "Montage Mountain Ski Area",
          "State": "Pennsylvania",
          "Country": "United States of America",
          "Ski Area": "Montage Mountain Ski Area",
          "region": "north-america/us/pennsylvania"
        }
      }
    },
    {
      "type": "Feature",
      "geometry": {
        "type": "LineString",
        "coordinates": [
          [
            825.5535479927785,
            1017.1636273534968
          ],
          [
            825.5535479927785,
            1033.1636273534968
          ],
          [
            841.5535479927785,
            1033.1636273534968
          ],
          [
            855.4099544533295,
            1025.1636273534968
          ],
          [
            871.4099544533295,
            1025.1636273534968
          ],
          [
            887.4099544533295,
            1025.1636273534968
          ],
          [
            903.4099544533295,
            1025.1636273534968
          ],
          [
            917.2663609138806,
            1033.1636273534968
          ],
          [
            933.2663609138806,
            1033.1636273534968
          ],
          [
            949.2663609138806,
            1033.1636273534968
          ],
          [
            949.2663609138806,
            1049.1636273534968
          ],
          [
            963.1227673744316,
            1057.1636273534968
          ],
          [
            963.1227673744316,
            1073.1636273534968
          ],
          [
            963.1227673744316,
            1089.1636273534968
          ],
          [
            963.1227673744316,
            1105.1636273534968
          ],
          [
            963.1227673744316,
            1121.1636273534968
          ],
          [
            976.9791738349827,
            1129.1636273534968
          ],
          [
            968.9791738349827,
            1143.0200338140478
          ],
          [
            968.9791738349827,
            1159.0200338140478
          ],
          [
            955.1227673744316,
            1167.0200338140478
          ],
          [
            947.1227673744316,
            1180.8764402745987
          ],
          [
            933.2663609138806,
            1188.8764402745987
          ],
          [
            933.2663609138806,
            1204.8764402745987
          ],
          [
            919.4099544533295,
            1212.8764402745987
          ],
          [
            911.4099544533295,
            1226.7328467351497
          ],
          [
            911.4099544533295,
            1242.7328467351497
          ],
          [
            897.5535479927785,
            1250.7328467351497
          ],
          [
            897.5535479927785,
            1266.7328467351497
          ],
          [
            883.6971415322274,
            1274.7328467351497
          ],
          [
            883.6971415322274,
            1290.7328467351497
          ],
          [
            883.6971415322274,
            1306.7328467351497
          ],
          [
            875.6971415322274,
            1320.5892531957006
          ],
          [
            875.6971415322274,
            1336.5892531957006
          ],
          [
            875.6971415322274,
            1352.5892531957006
          ],
          [
            861.8407350716764,
            1360.5892531957006
          ]
        ]
      },
      "properties": {
        "id": "pistes:way:419774851",
        "name": "Cannonball",
        "piste_type": "downhill",
        "tags": {
          "name": "Cannonball",
          "natural": "grassland",
          "lit": "yes",
          "piste:difficulty": "advanced",
          "piste:grooming": "classic",
          "piste:type": "downhill",
          "winter_sports_id": "45096232",
          "winter_sports_name": "Montage Mountain Ski Area",
          "State": "Pennsylvania",
          "Country": "United States of America",
          "Ski Area": "Montage Mountain Ski Area",
          "region": "north-america/us/pennsylvania"
        }
      }
    },
    {
      "type": "Feature",
      "geometry": {
        "type": "LineString",
        "coordinates": [
          [
            1189.436248923943,
            1230.3757485337555
          ],
          [
            1173.436248923943,
            1230.3757485337555
          ],
          [
            1159.579842463392,
            1238.3757485337555
          ],
          [
            1143.579842463392,
            1238.3757485337555
          ],
          [
            1127.579842463392,
            1238.3757485337555
          ],
          [
            1111.579842463392,
            1238.3757485337555
          ],
          [
            1103.579842463392,
            1252.2321549943065
          ],
          [
            1089.723436002841,
            1260.2321549943065
          ],
          [
            1073.723436002841,
            1260.2321549943065
          ],
          [
            1065.723436002841,
            1274.0885614548574
          ],
          [
            1051.86702954229,
            1282.0885614548574
          ],
          [
            1038.0106230817391,
            1290.0885614548574
          ],
          [
            1030.0106230817391,
            1303.9449679154084
          ],
          [
            1016.1542166211881,
            1311.9449679154084
          ]
        ]
      },
      "properties": {
        "id": "pistes:way:419774856",
        "name": "Lower Runaway",
        "piste_type": "downhill",
        "tags": {
          "name": "Lower Runaway",
          "natural": "grassland",
          "lit": "yes",
          "piste:difficulty": "advanced",
          "piste:grooming": "classic",
          "piste:type": "downhill",
          "winter_sports_id": "45096232",
          "winter_sports_name": "Montage Mountain Ski Area",
          "State": "Pennsylvania",
          "Country": "United States of America",
          "Ski Area": "Montage Mountain Ski Area",
          "region": "north-america/us/pennsylvania"
        }
      }
    },
    {
      "type": "Feature",
      "geometry": {
        "type": "LineString",
        "coordinates": [
          [
            1238.117982912052,
            1315.6053415518254
          ],
          [
            1222.117982912052,
            1315.6053415518254
          ],
          [
            1206.117982912052,
            1315.6053415518254
          ],
          [
            1190.117982912052,
            1315.6053415518254
          ],
          [
            1174.117982912052,
            1315.6053415518254
          ],
          [
            1160.261576451501,
            1323.6053415518254
          ],
          [
            1146.40516999095,
            1331.6053415518254
          ],
          [
            1138.40516999095,
            1345.4617480123763
          ],
          [
            1122.40516999095,
            1345.4617480123763
          ],
          [
            1114.40516999095,
            1359.3181544729273
          ],
          [
            1098.40516999095,
            1359.3181544729273
          ],
          [
            1090.40516999095,
            1373.1745609334782
          ],
          [
            1076.5487635303991,
            1381.1745609334782
          ],
          [
            1060.5487635303991,
            1381.1745609334782
          ],
          [
            1052.5487635303991,
            1395.0309673940292
          ],
          [
            1036.5487635303991,
            1395.0309673940292
          ],
          [
            1028.5487635303991,
            1408.8873738545801
          ],
          [
            1014.6923570698481,
            1416.8873738545801
          ],
          [
            1006.6923570698481,
            1430.743780315131
          ],
          [
            990.6923570698481,
            1430.743780315131
          ],
          [
            982.6923570698481,
            1444.600186775682
          ],
          [
            968.835950609297,
            1452.600186775682
          ],
          [
            952.835950609297,
            1452.600186775682
          ],
          [
            944.835950609297,
            1466.456593236233
          ],
          [
            944.835950609297,
            1482.456593236233
          ],
          [
            930.979544148746,
            1490.456593236233
          ],
          [
            922.979544148746,
            1504.312999696784
          ],
          [
            909.1231376881949,
            1512.312999696784
          ],
          [
            909.1231376881949,
            1528.312999696784
          ],
          [
            909.1231376881949,
            1544.312999696784
          ],
          [
            895.2667312276438,
            1552.312999696784
          ],
          [
            895.2667312276438,
            1568.312999696784
          ],
          [
            887.2667312276438,
            1582.1694061573348
          ],
          [
            887.2667312276438,
            1598.1694061573348
          ],
          [
            887.2667312276438,
            1614.1694061573348
          ],
          [
            873.4103247670928,
            1622.1694061573348
          ],
          [
            873.4103247670928,
            1638.1694061573348
          ],
          [
            873.4103247670928,
            1654.1694061573348
          ],
          [
            873.4103247670928,
            1670.1694061573348
          ],
          [
            873.4103247670928,
            1686.1694061573348
          ],
          [
            859.5539183065417,
            1694.1694061573348
          ],
          [
            851.5539183065417,
            1708.0258126178858
          ],
          [
            837.6975118459907,
            1716.0258126178858
          ],
          [
            821.6975118459907,
            1716.0258126178858
          ],
          [
            807.8411053854396,
            1708.0258126178858
          ],
          [
            799.8411053854396,
            1694.1694061573348
          ],
          [
            791.8411053854396,
            1680.312999696784
          ],
          [
            775.8411053854396,
            1680.312999696784
          ]
        ]
      },
      "properties": {
        "id": "pistes:way:419774862",
        "name": "Lower Fast Track",
        "piste_type": "downhill",
        "tags": {
          "name": "Lower Fast Track",
          "natural": "grassland",
          "lit": "yes",
          "piste:difficulty": "advanced",
          "piste:grooming": "classic",
          "piste:type": "downhill",
          "winter_sports_id": "45096232",
          "winter_sports_name": "Montage Mountain Ski Area",
          "State": "Pennsylvania",
          "Country": "United States of America",
          "Ski Area": "Montage Mountain Ski Area",
          "region": "north-america/us/pennsylvania"
        }
      }
    },
    {
      "type": "Feature",
      "geometry": {
        "type": "LineString",
        "coordinates": [
          [
            1792.0568443349912,
            819.8653072165325
          ],
          [
            1784.0568443349912,
            833.7217136770836
          ],
          [
            1784.0568443349912,
            849.7217136770836
          ],
          [
            1784.0568443349912,
            865.7217136770836
          ],
          [
            1784.0568443349912,
            881.7217136770836
          ],
          [
            1784.0568443349912,
            897.7217136770836
          ],
          [
            1784.0568443349912,
            913.7217136770836
          ],
          [
            1776.0568443349912,
            927.5781201376346
          ],
          [
            1776.0568443349912,
            943.5781201376346
          ],
          [
            1768.0568443349912,
            957.4345265981857
          ],
          [
            1768.0568443349912,
            973.4345265981857
          ],
          [
            1760.0568443349912,
            987.2909330587368
          ],
          [
            1760.0568443349912,
            1003.2909330587368
          ],
          [
            1746.2004378744402,
            1011.2909330587368
          ],
          [
            1738.2004378744402,
            1025.1473395192877
          ],
          [
            1724.3440314138893,
            1033.1473395192877
          ],
          [
            1724.3440314138893,
            1049.1473395192877
          ],
          [
            1710.4876249533384,
            1057.1473395192877
          ],
          [
            1702.4876249533384,
            1071.0037459798386
          ],
          [
            1686.4876249533384,
            1071.0037459798386
          ],
          [
            1678.4876249533384,
            1084.8601524403896
          ],
          [
            1664.6312184927874,
            1092.8601524403896
          ],
          [
            1648.6312184927874,
            1092.8601524403896
          ],
          [
            1640.6312184927874,
            1106.7165589009405
          ],
          [
            1640.6312184927874,
            1122.7165589009405
          ],
          [
            1626.7748120322365,
            1130.7165589009405
          ],
          [
            1618.7748120322365,
            1144.5729653614915
          ],
          [
            1604.9184055716855,
            1152.5729653614915
          ],
          [
            1588.9184055716855,
            1152.5729653614915
          ],
          [
            1580.9184055716855,
            1166.4293718220424
          ],
          [
            1564.9184055716855,
            1166.4293718220424
          ],
          [
            1556.9184055716855,
            1180.2857782825934
          ],
          [
            1543.0619991111346,
            1188.2857782825934
          ],
          [
            1535.0619991111346,
            1202.1421847431443
          ],
          [
            1519.0619991111346,
            1202.1421847431443
          ],
          [
            1511.0619991111346,
            1215.9985912036952
          ],
          [
            1495.0619991111346,
            1215.9985912036952
          ],
          [
            1487.0619991111346,
            1229.8549976642462
          ],
          [
            1473.2055926505836,
            1237.8549976642462
          ],
          [
            1457.2055926505836,
            1237.8549976642462
          ],
          [
            1449.2055926505836,
            1251.7114041247971
          ],
          [
            1433.2055926505836,
            1251.7114041247971
          ],
          [
            1425.2055926505836,
            1265.567810585348
          ],
          [
            1411.3491861900327,
            1273.567810585348
          ],
          [
            1403.3491861900327,
            1287.424217045899
          ],
          [
            1387.3491861900327,
            1287.424217045899
          ],
          [
            1371.3491861900327,
            1287.424217045899
          ],
          [
            1355.3491861900327,
            1287.424217045899
          ],
          [
            1339.3491861900327,
            1287.424217045899
          ],
          [
            1323.3491861900327,
            1287.424217045899
          ],
          [
            1307.3491861900327,
            1287.424217045899
          ],
          [
            1291.3491861900327,
            1287.424217045899
          ],
          [
            1275.3491861900327,
            1287.424217045899
          ],
          [
            1259.3491861900327,
            1287.424217045899
          ],
          [
            1243.3491861900327,
            1287.424217045899
          ],
          [
            1235.3491861900327,
            1301.28062350645
          ]
        ]
      },
      "properties": {
        "id": "pistes:way:419774868",
        "name": "Upper Fast Track",
        "piste_type": "downhill",
        "tags": {
          "name": "Upper Fast Track",
          "natural": "grassland",
          "lit": "yes",
          "piste:difficulty": "intermediate",
          "piste:grooming": "classic",
          "piste:type": "downhill",
          "winter_sports_id": "45096232",
          "winter_sports_name": "Montage Mountain Ski Area",
          "State": "Pennsylvania",
          "Country": "United States of America",
          "Ski Area": "Montage Mountain Ski Area",
          "region": "north-america/us/pennsylvania"
        }
      }
    },
    {
      "type": "Feature",
      "geometry": {
        "type": "LineString",
        "coordinates": [
          [
            743.2415906997048,
            1619.9645228767768
          ],
          [
            743.2415906997048,
            1635.9645228767768
          ],
          [
            727.2415906997048,
            1635.9645228767768
          ]
        ]
      },
      "properties": {
        "id": "pistes:way:419774873",
        "piste_type": "downhill",
        "tags": {
          "natural": "grassland",
          "lit": "yes",
          "piste:difficulty": "intermediate",
          "piste:grooming": "classic",
          "piste:type": "downhill",
          "winter_sports_id": "45096232",
          "winter_sports_name": "Montage Mountain Ski Area",
          "State": "Pennsylvania",
          "Country": "United States of America",
          "Ski Area": "Montage Mountain Ski Area",
          "region": "north-america/us/pennsylvania"
        }
      }
    },
    {
      "type": "Feature",
      "geometry": {
        "type": "LineString",
        "coordinates": [
          [
            1776.283820488723,
            821.6713818367571
          ],
          [
            1768.283820488723,
            835.5277882973081
          ],
          [
            1754.427414028172,
            843.5277882973081
          ],
          [
            1746.427414028172,
            857.3841947578592
          ],
          [
            1732.571007567621,
            865.3841947578592
          ],
          [
            1724.571007567621,
            879.2406012184102
          ],
          [
            1708.571007567621,
            879.2406012184102
          ],
          [
            1700.571007567621,
            893.0970076789613
          ],
          [
            1686.7146011070702,
            901.0970076789613
          ],
          [
            1678.7146011070702,
            914.9534141395123
          ],
          [
            1662.7146011070702,
            914.9534141395123
          ],
          [
            1654.7146011070702,
            928.8098206000634
          ],
          [
            1640.8581946465192,
            936.8098206000634
          ],
          [
            1624.8581946465192,
            936.8098206000634
          ],
          [
            1616.8581946465192,
            950.6662270606145
          ],
          [
            1600.8581946465192,
            950.6662270606145
          ],
          [
            1592.8581946465192,
            964.5226335211655
          ],
          [
            1579.0017881859683,
            972.5226335211655
          ],
          [
            1571.0017881859683,
            986.3790399817166
          ],
          [
            1555.0017881859683,
            986.3790399817166
          ],
          [
            1547.0017881859683,
            1000.2354464422676
          ],
          [
            1533.1453817254173,
            1008.2354464422676
          ],
          [
            1517.1453817254173,
            1008.2354464422676
          ],
          [
            1509.1453817254173,
            1022.0918529028187
          ],
          [
            1495.2889752648664,
            1030.0918529028188
          ],
          [
            1487.2889752648664,
            1043.9482593633697
          ],
          [
            1473.4325688043155,
            1051.9482593633697
          ],
          [
            1459.5761623437645,
            1059.9482593633697
          ]
        ]
      },
      "properties": {
        "id": "pistes:way:419781055",
        "name": "Upper Runaway",
        "piste_type": "downhill",
        "tags": {
          "name": "Upper Runaway",
          "natural": "grassland",
          "lit": "yes",
          "piste:difficulty": "intermediate",
          "piste:grooming": "classic",
          "piste:type": "downhill",
          "winter_sports_id": "45096232",
          "winter_sports_name": "Montage Mountain Ski Area",
          "State": "Pennsylvania",
          "Country": "United States of America",
          "Ski Area": "Montage Mountain Ski Area",
          "region": "north-america/us/pennsylvania"
        }
      }
    },
    {
      "type": "Feature",
      "geometry": {
        "type": "LineString",
        "coordinates": [
          [
            1706.7525088561233,
            739.1708925291896
          ],
          [
            1698.7525088561233,
            753.0272989897406
          ],
          [
            1690.7525088561233,
            766.8837054502917
          ],
          [
            1676.8961023955724,
            774.8837054502917
          ],
          [
            1676.8961023955724,
            790.8837054502917
          ],
          [
            1663.0396959350214,
            798.8837054502917
          ],
          [
            1649.1832894744705,
            806.8837054502917
          ],
          [
            1641.1832894744705,
            820.7401119108428
          ],
          [
            1627.3268830139195,
            828.7401119108428
          ],
          [
            1619.3268830139195,
            842.5965183713938
          ],
          [
            1603.3268830139195,
            842.5965183713938
          ],
          [
            1595.3268830139195,
            856.4529248319449
          ],
          [
            1581.4704765533686,
            864.4529248319449
          ],
          [
            1565.4704765533686,
            864.4529248319449
          ],
          [
            1557.4704765533686,
            878.3093312924959
          ],
          [
            1543.6140700928177,
            886.3093312924959
          ],
          [
            1535.6140700928177,
            900.165737753047
          ],
          [
            1519.6140700928177,
            900.165737753047
          ],
          [
            1511.6140700928177,
            914.022144213598
          ],
          [
            1495.6140700928177,
            914.022144213598
          ],
          [
            1487.6140700928177,
            927.8785506741491
          ],
          [
            1487.6140700928177,
            943.8785506741491
          ],
          [
            1473.7576636322667,
            951.8785506741491
          ],
          [
            1457.7576636322667,
            951.8785506741491
          ],
          [
            1449.7576636322667,
            965.7349571347002
          ],
          [
            1435.9012571717158,
            973.7349571347002
          ],
          [
            1427.9012571717158,
            987.5913635952512
          ],
          [
            1411.9012571717158,
            987.5913635952512
          ],
          [
            1403.9012571717158,
            1001.4477700558023
          ],
          [
            1390.0448507111648,
            1009.4477700558023
          ],
          [
            1376.1884442506139,
            1017.4477700558023
          ],
          [
            1376.1884442506139,
            1033.4477700558023
          ],
          [
            1360.1884442506139,
            1033.4477700558023
          ],
          [
            1352.1884442506139,
            1047.3041765163532
          ],
          [
            1336.1884442506139,
            1047.3041765163532
          ],
          [
            1328.1884442506139,
            1061.1605829769042
          ],
          [
            1314.332037790063,
            1069.1605829769042
          ],
          [
            1306.332037790063,
            1083.016989437455
          ],
          [
            1290.332037790063,
            1083.016989437455
          ],
          [
            1282.332037790063,
            1096.873395898006
          ],
          [
            1266.332037790063,
            1096.873395898006
          ],
          [
            1252.475631329512,
            1104.873395898006
          ],
          [
            1244.475631329512,
            1118.729802358557
          ],
          [
            1228.475631329512,
            1118.729802358557
          ],
          [
            1220.475631329512,
            1132.586208819108
          ],
          [
            1206.619224868961,
            1140.586208819108
          ],
          [
            1198.619224868961,
            1154.4426152796589
          ],
          [
            1182.619224868961,
            1154.4426152796589
          ],
          [
            1174.619224868961,
            1168.2990217402098
          ],
          [
            1158.619224868961,
            1168.2990217402098
          ],
          [
            1144.76281840841,
            1176.2990217402098
          ],
          [
            1128.76281840841,
            1176.2990217402098
          ],
          [
            1112.76281840841,
            1176.2990217402098
          ]
        ]
      },
      "properties": {
        "id": "pistes:way:419781056",
        "name": "Whistler",
        "piste_type": "downhill",
        "tags": {
          "name": "Whistler",
          "natural": "grassland",
          "lit": "yes",
          "piste:difficulty": "intermediate",
          "piste:grooming": "classic",
          "piste:type": "downhill",
          "winter_sports_id": "45096232",
          "winter_sports_name": "Montage Mountain Ski Area",
          "State": "Pennsylvania",
          "Country": "United States of America",
          "Ski Area": "Montage Mountain Ski Area",
          "region": "north-america/us/pennsylvania"
        }
      }
    },
    {
      "type": "Feature",
      "geometry": {
        "type": "LineString",
        "coordinates": [
          [
            1705.865076970309,
            724.6334959277883
          ],
          [
            1692.008670509758,
            732.6334959277883
          ],
          [
            1676.008670509758,
            732.6334959277883
          ],
          [
            1662.1522640492071,
            740.6334959277883
          ],
          [
            1648.2958575886562,
            748.6334959277883
          ],
          [
            1634.4394511281052,
            756.6334959277883
          ],
          [
            1618.4394511281052,
            756.6334959277883
          ],
          [
            1604.5830446675543,
            764.6334959277883
          ],
          [
            1590.7266382070034,
            772.6334959277883
          ],
          [
            1576.8702317464524,
            780.6334959277883
          ],
          [
            1568.8702317464524,
            794.4899023883394
          ],
          [
            1552.8702317464524,
            794.4899023883394
          ],
          [
            1544.8702317464524,
            808.3463088488904
          ],
          [
            1531.0138252859015,
            816.3463088488904
          ],
          [
            1523.0138252859015,
            830.2027153094415
          ],
          [
            1507.0138252859015,
            830.2027153094415
          ],
          [
            1499.0138252859015,
            844.0591217699925
          ],
          [
            1485.1574188253505,
            852.0591217699925
          ],
          [
            1469.1574188253505,
            852.0591217699925
          ],
          [
            1461.1574188253505,
            865.9155282305436
          ],
          [
            1445.1574188253505,
            865.9155282305436
          ],
          [
            1437.1574188253505,
            879.7719346910947
          ],
          [
            1421.1574188253505,
            879.7719346910947
          ],
          [
            1413.1574188253505,
            893.6283411516457
          ],
          [
            1399.3010123647996,
            901.6283411516457
          ],
          [
            1391.3010123647996,
            915.4847476121968
          ],
          [
            1375.3010123647996,
            915.4847476121968
          ],
          [
            1367.3010123647996,
            929.3411540727478
          ],
          [
            1353.4446059042486,
            937.3411540727478
          ],
          [
            1337.4446059042486,
            937.3411540727478
          ],
          [
            1329.4446059042486,
            951.1975605332989
          ],
          [
            1315.5881994436977,
            959.1975605332989
          ],
          [
            1307.5881994436977,
            973.0539669938499
          ],
          [
            1291.5881994436977,
            973.0539669938499
          ],
          [
            1283.5881994436977,
            986.910373454401
          ],
          [
            1269.7317929831468,
            994.910373454401
          ],
          [
            1255.8753865225958,
            1002.910373454401
          ],
          [
            1242.0189800620449,
            1010.910373454401
          ],
          [
            1234.0189800620449,
            1024.766779914952
          ],
          [
            1220.162573601494,
            1032.766779914952
          ],
          [
            1220.162573601494,
            1048.766779914952
          ],
          [
            1206.306167140943,
            1056.766779914952
          ],
          [
            1198.306167140943,
            1070.6231863755029
          ],
          [
            1182.306167140943,
            1070.6231863755029
          ],
          [
            1174.306167140943,
            1084.4795928360538
          ],
          [
            1160.449760680392,
            1092.4795928360538
          ],
          [
            1144.449760680392,
            1092.4795928360538
          ]
        ]
      },
      "properties": {
        "id": "pistes:way:419781061",
        "name": "Switch",
        "piste_type": "downhill",
        "tags": {
          "name": "Switch",
          "natural": "grassland",
          "lit": "yes",
          "piste:difficulty": "intermediate",
          "piste:grooming": "classic",
          "piste:type": "downhill",
          "winter_sports_id": "45096232",
          "winter_sports_name": "Montage Mountain Ski Area",
          "State": "Pennsylvania",
          "Country": "United States of America",
          "Ski Area": "Montage Mountain Ski Area",
          "region": "north-america/us/pennsylvania"
        }
      }
    },
    {
      "type": "Feature",
      "geometry": {
        "type": "LineString",
        "coordinates": [
          [
            1685.4090024975594,
            620.0257091755047
          ],
          [
            1671.5525960370085,
            628.0257091755047
          ],
          [
            1657.6961895764575,
            636.0257091755047
          ],
          [
            1641.6961895764575,
            636.0257091755047
          ],
          [
            1625.6961895764575,
            636.0257091755047
          ],
          [
            1617.6961895764575,
            649.8821156360558
          ],
          [
            1601.6961895764575,
            649.8821156360558
          ],
          [
            1593.6961895764575,
            663.7385220966069
          ],
          [
            1577.6961895764575,
            663.7385220966069
          ],
          [
            1569.6961895764575,
            677.5949285571579
          ],
          [
            1555.8397831159066,
            685.5949285571579
          ],
          [
            1547.8397831159066,
            699.451335017709
          ],
          [
            1531.8397831159066,
            699.451335017709
          ],
          [
            1523.8397831159066,
            713.30774147826
          ],
          [
            1509.9833766553556,
            721.30774147826
          ],
          [
            1496.1269701948047,
            729.30774147826
          ],
          [
            1482.2705637342538,
            737.30774147826
          ],
          [
            1468.4141572737028,
            745.30774147826
          ],
          [
            1460.4141572737028,
            759.1641479388111
          ],
          [
            1444.4141572737028,
            759.1641479388111
          ],
          [
            1436.4141572737028,
            773.0205543993621
          ],
          [
            1422.5577508131519,
            781.0205543993621
          ],
          [
            1414.5577508131519,
            794.8769608599132
          ],
          [
            1398.5577508131519,
            794.8769608599132
          ],
          [
            1390.5577508131519,
            808.7333673204643
          ],
          [
            1376.701344352601,
            816.7333673204643
          ],
          [
            1360.701344352601,
            816.7333673204643
          ],
          [
            1352.701344352601,
            830.5897737810153
          ],
          [
            1336.701344352601,
            830.5897737810153
          ],
          [
            1328.701344352601,
            844.4461802415664
          ],
          [
            1314.84493789205,
            852.4461802415664
          ],
          [
            1306.84493789205,
            866.3025867021174
          ],
          [
            1290.84493789205,
            866.3025867021174
          ],
          [
            1282.84493789205,
            880.1589931626685
          ],
          [
            1268.988531431499,
            888.1589931626685
          ],
          [
            1252.988531431499,
            888.1589931626685
          ],
          [
            1244.988531431499,
            902.0153996232195
          ],
          [
            1244.988531431499,
            918.0153996232195
          ],
          [
            1228.988531431499,
            918.0153996232195
          ],
          [
            1220.988531431499,
            931.8718060837706
          ],
          [
            1207.132124970948,
            939.8718060837706
          ],
          [
            1199.132124970948,
            953.7282125443217
          ],
          [
            1185.2757185103972,
            961.7282125443217
          ],
          [
            1169.2757185103972,
            961.7282125443217
          ],
          [
            1161.2757185103972,
            975.5846190048727
          ],
          [
            1161.2757185103972,
            991.5846190048727
          ],
          [
            1147.4193120498462,
            999.5846190048727
          ],
          [
            1139.4193120498462,
            1013.4410254654238
          ],
          [
            1125.5629055892953,
            1021.4410254654238
          ],
          [
            1109.5629055892953,
            1021.4410254654238
          ],
          [
            1101.5629055892953,
            1035.2974319259747
          ],
          [
            1093.5629055892953,
            1049.1538383865256
          ],
          [
            1079.7064991287443,
            1057.1538383865256
          ],
          [
            1079.7064991287443,
            1073.1538383865256
          ],
          [
            1065.8500926681934,
            1081.1538383865256
          ],
          [
            1065.8500926681934,
            1097.1538383865256
          ],
          [
            1073.8500926681934,
            1111.0102448470766
          ]
        ]
      },
      "properties": {
        "id": "pistes:way:419781067",
        "name": "Spike",
        "piste_type": "downhill",
        "tags": {
          "name": "Spike",
          "natural": "grassland",
          "lit": "yes",
          "piste:difficulty": "intermediate",
          "piste:grooming": "classic",
          "piste:type": "downhill",
          "winter_sports_id": "45096232",
          "winter_sports_name": "Montage Mountain Ski Area",
          "State": "Pennsylvania",
          "Country": "United States of America",
          "Ski Area": "Montage Mountain Ski Area",
          "region": "north-america/us/pennsylvania"
        }
      }
    },
    {
      "type": "Feature",
      "geometry": {
        "type": "LineString",
        "coordinates": [
          [
            1715.811521276657,
            781.2361405109987
          ],
          [
            1715.811521276657,
            797.2361405109987
          ],
          [
            1715.811521276657,
            813.2361405109987
          ],
          [
            1715.811521276657,
            829.2361405109987
          ]
        ]
      },
      "properties": {
        "id": "pistes:way:419781077",
        "name": "Snake",
        "piste_type": "downhill",
        "tags": {
          "name": "Snake",
          "natural": "grassland",
          "lit": "yes",
          "piste:difficulty": "easy",
          "piste:grooming": "classic",
          "piste:type": "downhill",
          "winter_sports_id": "45096232",
          "winter_sports_name": "Montage Mountain Ski Area",
          "State": "Pennsylvania",
          "Country": "United States of America",
          "Ski Area": "Montage Mountain Ski Area",
          "region": "north-america/us/pennsylvania"
        }
      }
    },
    {
      "type": "Feature",
      "geometry": {
        "type": "LineString",
        "coordinates": [
          [
            1556.3998386613093,
            595.3403944857419
          ],
          [
            1548.3998386613093,
            609.1968009462929
          ],
          [
            1534.5434322007584,
            617.1968009462929
          ],
          [
            1520.6870257402074,
            625.1968009462929
          ],
          [
            1520.6870257402074,
            641.1968009462929
          ],
          [
            1506.8306192796565,
            649.1968009462929
          ],
          [
            1498.8306192796565,
            663.053207406844
          ],
          [
            1482.8306192796565,
            663.053207406844
          ],
          [
            1474.8306192796565,
            676.909613867395
          ],
          [
            1460.9742128191056,
            684.909613867395
          ],
          [
            1444.9742128191056,
            684.909613867395
          ],
          [
            1436.9742128191056,
            698.7660203279461
          ],
          [
            1420.9742128191056,
            698.7660203279461
          ],
          [
            1412.9742128191056,
            712.6224267884971
          ],
          [
            1399.1178063585546,
            720.6224267884971
          ],
          [
            1383.1178063585546,
            720.6224267884971
          ],
          [
            1367.1178063585546,
            720.6224267884971
          ],
          [
            1351.1178063585546,
            720.6224267884971
          ],
          [
            1343.1178063585546,
            734.4788332490482
          ],
          [
            1327.1178063585546,
            734.4788332490482
          ],
          [
            1311.1178063585546,
            734.4788332490482
          ],
          [
            1295.1178063585546,
            734.4788332490482
          ],
          [
            1279.1178063585546,
            734.4788332490482
          ],
          [
            1271.1178063585546,
            748.3352397095993
          ],
          [
            1257.2613998980037,
            756.3352397095993
          ],
          [
            1241.2613998980037,
            756.3352397095993
          ],
          [
            1233.2613998980037,
            770.1916461701503
          ],
          [
            1217.2613998980037,
            770.1916461701503
          ],
          [
            1201.2613998980037,
            770.1916461701503
          ],
          [
            1185.2613998980037,
            770.1916461701503
          ],
          [
            1169.2613998980037,
            770.1916461701503
          ],
          [
            1161.2613998980037,
            784.0480526307014
          ],
          [
            1147.4049934374527,
            792.0480526307014
          ],
          [
            1131.4049934374527,
            792.0480526307014
          ],
          [
            1115.4049934374527,
            792.0480526307014
          ],
          [
            1099.4049934374527,
            792.0480526307014
          ],
          [
            1091.4049934374527,
            805.9044590912524
          ],
          [
            1075.4049934374527,
            805.9044590912524
          ],
          [
            1067.4049934374527,
            819.7608655518035
          ],
          [
            1051.4049934374527,
            819.7608655518035
          ],
          [
            1035.4049934374527,
            819.7608655518035
          ],
          [
            1019.4049934374527,
            819.7608655518035
          ],
          [
            1003.4049934374527,
            819.7608655518035
          ],
          [
            987.4049934374527,
            819.7608655518035
          ],
          [
            971.4049934374527,
            819.7608655518035
          ],
          [
            955.4049934374527,
            819.7608655518035
          ],
          [
            947.4049934374527,
            805.9044590912524
          ]
        ]
      },
      "properties": {
        "id": "pistes:way:419782865",
        "name": "Mainline",
        "piste_type": "downhill",
        "tags": {
          "name": "Mainline",
          "natural": "grassland",
          "lit": "yes",
          "piste:difficulty": "easy",
          "piste:grooming": "classic",
          "piste:type": "downhill",
          "winter_sports_id": "45096232",
          "winter_sports_name": "Montage Mountain Ski Area",
          "State": "Pennsylvania",
          "Country": "United States of America",
          "Ski Area": "Montage Mountain Ski Area",
          "region": "north-america/us/pennsylvania"
        }
      }
    },
    {
      "type": "Feature",
      "geometry": {
        "type": "LineString",
        "coordinates": [
          [
            1392.6462712404318,
            730.0724355001003
          ],
          [
            1378.7898647798809,
            738.0724355001003
          ],
          [
            1364.93345831933,
            746.0724355001003
          ]
        ]
      },
      "properties": {
        "id": "pistes:way:419782866",
        "piste_type": "downhill",
        "tags": {
          "natural": "grassland",
          "lit": "yes",
          "piste:difficulty": "easy",
          "piste:grooming": "classic",
          "piste:type": "downhill",
          "winter_sports_id": "45096232",
          "winter_sports_name": "Montage Mountain Ski Area",
          "State": "Pennsylvania",
          "Country": "United States of America",
          "Ski Area": "Montage Mountain Ski Area",
          "region": "north-america/us/pennsylvania"
        }
      }
    },
    {
      "type": "Feature",
      "geometry": {
        "type": "LineString",
        "coordinates": [
          [
            960.9032883992186,
            855.9227293971926
          ],
          [
            947.0468819386675,
            847.9227293971926
          ],
          [
            947.0468819386675,
            831.9227293971926
          ],
          [
            933.1904754781165,
            823.9227293971926
          ],
          [
            919.3340690175654,
            815.9227293971926
          ],
          [
            911.3340690175654,
            802.0663229366415
          ],
          [
            911.3340690175654,
            786.0663229366415
          ],
          [
            897.4776625570144,
            778.0663229366415
          ],
          [
            897.4776625570144,
            762.0663229366415
          ]
        ]
      },
      "properties": {
        "id": "pistes:way:419782867",
        "name": "Connection",
        "piste_type": "downhill",
        "tags": {
          "name": "Connection",
          "natural": "grassland",
          "lit": "yes",
          "piste:difficulty": "easy",
          "piste:grooming": "classic",
          "piste:type": "downhill",
          "winter_sports_id": "45096232",
          "winter_sports_name": "Montage Mountain Ski Area",
          "State": "Pennsylvania",
          "Country": "United States of America",
          "Ski Area": "Montage Mountain Ski Area",
          "region": "north-america/us/pennsylvania"
        }
      }
    },
    {
      "type": "Feature",
      "geometry": {
        "type": "LineString",
        "coordinates": [
          [
            1701.1593395363307,
            572.8998458068818
          ],
          [
            1687.3029330757797,
            564.8998458068818
          ],
          [
            1679.3029330757797,
            551.0434393463307
          ],
          [
            1665.4465266152288,
            543.0434393463307
          ],
          [
            1651.5901201546778,
            535.0434393463307
          ],
          [
            1643.5901201546778,
            521.1870328857797
          ],
          [
            1629.733713694127,
            529.1870328857797
          ],
          [
            1615.877307233576,
            537.1870328857797
          ],
          [
            1599.877307233576,
            537.1870328857797
          ],
          [
            1586.020900773025,
            545.1870328857797
          ],
          [
            1572.164494312474,
            553.1870328857797
          ],
          [
            1564.164494312474,
            567.0434393463307
          ],
          [
            1556.164494312474,
            580.8998458068818
          ],
          [
            1542.3080878519231,
            588.8998458068818
          ],
          [
            1534.3080878519231,
            602.7562522674328
          ],
          [
            1518.3080878519231,
            602.7562522674328
          ],
          [
            1510.3080878519231,
            616.6126587279839
          ],
          [
            1496.4516813913722,
            624.6126587279839
          ],
          [
            1480.4516813913722,
            624.6126587279839
          ],
          [
            1464.4516813913722,
            624.6126587279839
          ],
          [
            1448.4516813913722,
            624.6126587279839
          ],
          [
            1432.4516813913722,
            624.6126587279839
          ],
          [
            1424.4516813913722,
            638.469065188535
          ],
          [
            1408.4516813913722,
            638.469065188535
          ],
          [
            1392.4516813913722,
            638.469065188535
          ],
          [
            1376.4516813913722,
            638.469065188535
          ],
          [
            1360.4516813913722,
            638.469065188535
          ],
          [
            1352.4516813913722,
            652.325471649086
          ],
          [
            1338.5952749308212,
            660.325471649086
          ],
          [
            1322.5952749308212,
            660.325471649086
          ],
          [
            1306.5952749308212,
            660.325471649086
          ],
          [
            1290.5952749308212,
            660.325471649086
          ],
          [
            1282.5952749308212,
            674.1818781096371
          ],
          [
            1266.5952749308212,
            674.1818781096371
          ],
          [
            1258.5952749308212,
            688.0382845701881
          ],
          [
            1242.5952749308212,
            688.0382845701881
          ],
          [
            1226.5952749308212,
            688.0382845701881
          ],
          [
            1210.5952749308212,
            688.0382845701881
          ],
          [
            1196.7388684702703,
            696.0382845701881
          ],
          [
            1180.7388684702703,
            696.0382845701881
          ],
          [
            1164.7388684702703,
            696.0382845701881
          ],
          [
            1148.7388684702703,
            696.0382845701881
          ],
          [
            1132.7388684702703,
            696.0382845701881
          ],
          [
            1124.7388684702703,
            709.8946910307392
          ],
          [
            1108.7388684702703,
            709.8946910307392
          ],
          [
            1100.7388684702703,
            723.7510974912902
          ],
          [
            1084.7388684702703,
            723.7510974912902
          ],
          [
            1076.7388684702703,
            737.6075039518413
          ],
          [
            1062.8824620097193,
            745.6075039518413
          ],
          [
            1062.8824620097193,
            761.6075039518413
          ]
        ]
      },
      "properties": {
        "id": "pistes:way:419782870",
        "name": "Highball",
        "piste_type": "downhill",
        "tags": {
          "name": "Highball",
          "natural": "grassland",
          "lit": "yes",
          "piste:difficulty": "easy",
          "piste:grooming": "classic",
          "piste:type": "downhill",
          "winter_sports_id": "45096232",
          "winter_sports_name": "Montage Mountain Ski Area",
          "State": "Pennsylvania",
          "Country": "United States of America",
          "Ski Area": "Montage Mountain Ski Area",
          "region": "north-america/us/pennsylvania"
        }
      }
    },
    {
      "type": "Feature",
      "geometry": {
        "type": "LineString",
        "coordinates": [
          [
            929.0745272028726,
            1018.6376688843593
          ],
          [
            945.0745272028726,
            1018.6376688843593
          ],
          [
            953.0745272028726,
            1004.7812624238082
          ]
        ]
      },
      "properties": {
        "id": "pistes:way:419786145",
        "piste_type": "downhill",
        "tags": {
          "natural": "grass",
          "lit": "yes",
          "piste:difficulty": "easy",
          "piste:grooming": "classic",
          "piste:type": "downhill",
          "winter_sports_id": "45096232",
          "winter_sports_name": "Montage Mountain Ski Area",
          "State": "Pennsylvania",
          "Country": "United States of America",
          "Ski Area": "Montage Mountain Ski Area",
          "region": "north-america/us/pennsylvania"
        }
      }
    },
    {
      "type": "Feature",
      "geometry": {
        "type": "LineString",
        "coordinates": [
          [
            1070.5161714392016,
            882.5769398529083
          ],
          [
            1056.6597649786506,
            890.5769398529083
          ],
          [
            1048.6597649786506,
            904.4333463134593
          ],
          [
            1034.8033585180997,
            912.4333463134593
          ],
          [
            1018.8033585180997,
            912.4333463134593
          ],
          [
            1002.8033585180997,
            912.4333463134593
          ],
          [
            994.8033585180997,
            926.2897527740104
          ],
          [
            978.8033585180997,
            926.2897527740104
          ],
          [
            978.8033585180997,
            942.2897527740104
          ],
          [
            978.8033585180997,
            958.2897527740104
          ]
        ]
      },
      "properties": {
        "id": "pistes:way:419786149",
        "name": "Limited",
        "piste_type": "downhill",
        "tags": {
          "name": "Limited",
          "natural": "grassland",
          "lit": "yes",
          "piste:difficulty": "novice",
          "piste:grooming": "classic",
          "piste:type": "downhill",
          "winter_sports_id": "45096232",
          "winter_sports_name": "Montage Mountain Ski Area",
          "State": "Pennsylvania",
          "Country": "United States of America",
          "Ski Area": "Montage Mountain Ski Area",
          "region": "north-america/us/pennsylvania"
        }
      }
    },
    {
      "type": "Feature",
      "geometry": {
        "type": "LineString",
        "coordinates": [
          [
            1784.66724062094,
            915.2899885158986
          ],
          [
            1784.66724062094,
            931.2899885158986
          ],
          [
            1792.66724062094,
            945.1463949764496
          ],
          [
            1792.66724062094,
            961.1463949764496
          ],
          [
            1792.66724062094,
            977.1463949764496
          ],
          [
            1800.66724062094,
            991.0028014370007
          ],
          [
            1814.523647081491,
            999.0028014370007
          ],
          [
            1814.523647081491,
            1015.0028014370007
          ],
          [
            1814.523647081491,
            1031.0028014370007
          ],
          [
            1806.523647081491,
            1044.8592078975516
          ],
          [
            1798.523647081491,
            1058.7156143581026
          ],
          [
            1790.523647081491,
            1072.5720208186535
          ],
          [
            1776.66724062094,
            1080.5720208186535
          ],
          [
            1768.66724062094,
            1094.4284272792045
          ],
          [
            1760.66724062094,
            1108.2848337397554
          ],
          [
            1746.810834160389,
            1116.2848337397554
          ],
          [
            1738.810834160389,
            1130.1412402003064
          ],
          [
            1722.810834160389,
            1130.1412402003064
          ],
          [
            1714.810834160389,
            1143.9976466608573
          ],
          [
            1698.810834160389,
            1143.9976466608573
          ],
          [
            1684.954427699838,
            1151.9976466608573
          ],
          [
            1671.0980212392872,
            1159.9976466608573
          ],
          [
            1657.2416147787362,
            1167.9976466608573
          ],
          [
            1643.3852083181853,
            1175.9976466608573
          ],
          [
            1629.5288018576343,
            1183.9976466608573
          ],
          [
            1615.6723953970834,
            1191.9976466608573
          ],
          [
            1607.6723953970834,
            1205.8540531214082
          ],
          [
            1593.8159889365324,
            1213.8540531214082
          ],
          [
            1579.9595824759815,
            1221.8540531214082
          ],
          [
            1579.9595824759815,
            1237.8540531214082
          ],
          [
            1563.9595824759815,
            1237.8540531214082
          ],
          [
            1555.9595824759815,
            1251.7104595819592
          ],
          [
            1547.9595824759815,
            1265.5668660425101
          ],
          [
            1534.1031760154306,
            1273.5668660425101
          ],
          [
            1518.1031760154306,
            1273.5668660425101
          ],
          [
            1510.1031760154306,
            1287.423272503061
          ],
          [
            1494.1031760154306,
            1287.423272503061
          ],
          [
            1486.1031760154306,
            1301.279678963612
          ],
          [
            1470.1031760154306,
            1301.279678963612
          ],
          [
            1454.1031760154306,
            1301.279678963612
          ],
          [
            1438.1031760154306,
            1301.279678963612
          ],
          [
            1422.1031760154306,
            1301.279678963612
          ],
          [
            1406.1031760154306,
            1301.279678963612
          ],
          [
            1390.1031760154306,
            1301.279678963612
          ]
        ]
      },
      "properties": {
        "id": "pistes:way:419786154",
        "piste_type": "downhill",
        "tags": {
          "natural": "grassland",
          "lit": "yes",
          "piste:difficulty": "easy",
          "piste:grooming": "backcountry",
          "piste:type": "downhill",
          "winter_sports_id": "45096232",
          "winter_sports_name": "Montage Mountain Ski Area",
          "State": "Pennsylvania",
          "Country": "United States of America",
          "Ski Area": "Montage Mountain Ski Area",
          "region": "north-america/us/pennsylvania"
        }
      }
    },
    {
      "type": "Feature",
      "geometry": {
        "type": "LineString",
        "coordinates": [
          [
            1056.4026698686066,
            1270.3569444650784
          ],
          [
            1040.4026698686066,
            1270.3569444650784
          ],
          [
            1024.4026698686066,
            1270.3569444650784
          ],
          [
            1010.5462634080556,
            1278.3569444650784
          ],
          [
            996.6898569475045,
            1286.3569444650784
          ],
          [
            982.8334504869534,
            1294.3569444650784
          ],
          [
            968.9770440264024,
            1302.3569444650784
          ],
          [
            955.1206375658513,
            1310.3569444650784
          ],
          [
            947.1206375658513,
            1324.2133509256294
          ],
          [
            933.2642311053003,
            1332.2133509256294
          ],
          [
            919.4078246447492,
            1340.2133509256294
          ],
          [
            905.5514181841982,
            1348.2133509256294
          ],
          [
            891.6950117236471,
            1356.2133509256294
          ]
        ]
      },
      "properties": {
        "id": "pistes:way:419786156",
        "name": "Rattler",
        "piste_type": "downhill",
        "tags": {
          "name": "Rattler",
          "natural": "grassland",
          "lit": "yes",
          "piste:difficulty": "advanced",
          "piste:grooming": "classic",
          "piste:type": "downhill",
          "winter_sports_id": "45096232",
          "winter_sports_name": "Montage Mountain Ski Area",
          "State": "Pennsylvania",
          "Country": "United States of America",
          "Ski Area": "Montage Mountain Ski Area",
          "region": "north-america/us/pennsylvania"
        }
      }
    },
    {
      "type": "Feature",
      "geometry": {
        "type": "LineString",
        "coordinates": [
          [
            1217.6252937762183,
            1269.6749832136557
          ],
          [
            1203.7688873156674,
            1261.6749832136557
          ],
          [
            1195.7688873156674,
            1247.8185767531047
          ],
          [
            1187.7688873156674,
            1233.9621702925538
          ]
        ]
      },
      "properties": {
        "id": "pistes:way:419787171",
        "name": "Sidewinder",
        "piste_type": "downhill",
        "tags": {
          "name": "Sidewinder",
          "natural": "grassland",
          "piste:difficulty": "easy",
          "piste:grooming": "classic",
          "piste:type": "downhill",
          "winter_sports_id": "45096232",
          "winter_sports_name": "Montage Mountain Ski Area",
          "State": "Pennsylvania",
          "Country": "United States of America",
          "Ski Area": "Montage Mountain Ski Area",
          "region": "north-america/us/pennsylvania"
        }
      }
    },
    {
      "type": "Feature",
      "geometry": {
        "type": "LineString",
        "coordinates": [
          [
            1178.3139776848257,
            1202.2602346092463
          ],
          [
            1164.4575712242747,
            1194.2602346092463
          ],
          [
            1150.6011647637238,
            1186.2602346092463
          ]
        ]
      },
      "properties": {
        "id": "pistes:way:419787172",
        "name": "Sidewinder",
        "piste_type": "downhill",
        "tags": {
          "name": "Sidewinder",
          "natural": "grassland",
          "lit": "yes",
          "piste:difficulty": "easy",
          "piste:type": "downhill",
          "winter_sports_id": "45096232",
          "winter_sports_name": "Montage Mountain Ski Area",
          "State": "Pennsylvania",
          "Country": "United States of America",
          "Ski Area": "Montage Mountain Ski Area",
          "region": "north-america/us/pennsylvania"
        }
      }
    }
  ]
}