{
  "type": "FeatureCollection",
  "coordinate_system": {
    "kind": "local_game_meters",
    "not_wgs84": true,
    "axes": {
      "geojson_x": "local_east_m",
      "geojson_y": "local_north_m"
    },
    "game_axes": {
      "x": "east_m",
      "y": "elevation_m",
      "z": "negative_north_m"
    },
    "local_origin": {
      "easting_m": 443705.1338582366,
      "northing_m": 4577060.134462881,
      "longitude": -75.67286687662333,
      "latitude": 41.343065953264166
    },
    "projected_crs": "EPSG:32618",
    "note": "This is not RFC 7946 WGS84 GeoJSON. Convert X,Y to game X,Z via game_axes."
  },
  "attribution": "\u00a9 OpenStreetMap contributors (ODbL)",
  "layer": "tree-points",
  "features": [
    {
      "type": "Feature",
      "geometry": {
        "type": "Point",
        "coordinates": [
          307.5847770139629,
          1170.7009870266932
        ]
      },
      "properties": {
        "elevation_m": 431.1496887207031,
        "kind": "tree"
      }
    },
    {
      "type": "Feature",
      "geometry": {
        "type": "Point",
        "coordinates": [
          507.28545353286285,
          1235.3588995818795
        ]
      },
      "properties": {
        "elevation_m": 423.1951599121094,
        "kind": "tree"
      }
    },
    {
      "type": "Feature",
      "geometry": {
        "type": "Point",
        "coordinates": [
          315.0813908823253,
          1694.6527427357162
        ]
      },
      "properties": {
        "elevation_m": 320.9844970703125,
        "kind": "tree"
      }
    },
    {
      "type": "Feature",
      "geometry": {
        "type": "Point",
        "coordinates": [
          227.53117284570547,
          1297.9353899244197
        ]
      },
      "properties": {
        "elevation_m": 407.4015197753906,
        "kind": "tree"
      }
    },
    {
      "type": "Feature",
      "geometry": {
        "type": "Point",
        "coordinates": [
          430.56586174216056,
          955.9219989106748
        ]
      },
      "properties": {
        "elevation_m": 470.48675537109375,
        "kind": "tree"
      }
    },
    {
      "type": "Feature",
      "geometry": {
        "type": "Point",
        "coordinates": [
          177.53439736350174,
          1519.7486281581841
        ]
      },
      "properties": {
        "elevation_m": 381.6602478027344,
        "kind": "tree"
      }
    },
    {
      "type": "Feature",
      "geometry": {
        "type": "Point",
        "coordinates": [
          254.0072249281362,
          802.7023748775739
        ]
      },
      "properties": {
        "elevation_m": 465.0741271972656,
        "kind": "tree"
      }
    },
    {
      "type": "Feature",
      "geometry": {
        "type": "Point",
        "coordinates": [
          288.3755709291842,
          1126.5744109690822
        ]
      },
      "properties": {
        "elevation_m": 438.4919128417969,
        "kind": "tree"
      }
    },
    {
      "type": "Feature",
      "geometry": {
        "type": "Point",
        "coordinates": [
          549.3491983576898,
          1128.0781883327077
        ]
      },
      "properties": {
        "elevation_m": 448.447509765625,
        "kind": "tree"
      }
    },
    {
      "type": "Feature",
      "geometry": {
        "type": "Point",
        "coordinates": [
          581.8955993922368,
          1160.7800123965903
        ]
      },
      "properties": {
        "elevation_m": 443.9920349121094,
        "kind": "tree"
      }
    },
    {
      "type": "Feature",
      "geometry": {
        "type": "Point",
        "coordinates": [
          269.41803508045695,
          795.8655006927778
        ]
      },
      "properties": {
        "elevation_m": 465.0019836425781,
        "kind": "tree"
      }
    },
    {
      "type": "Feature",
      "geometry": {
        "type": "Point",
        "coordinates": [
          392.8762380599171,
          1012.2849715353952
        ]
      },
      "properties": {
        "elevation_m": 464.4496154785156,
        "kind": "tree"
      }
    },
    {
      "type": "Feature",
      "geometry": {
        "type": "Point",
        "coordinates": [
          538.055716926073,
          1141.4924995242995
        ]
      },
      "properties": {
        "elevation_m": 446.1800537109375,
        "kind": "tree"
      }
    },
    {
      "type": "Feature",
      "geometry": {
        "type": "Point",
        "coordinates": [
          378.5237690834783,
          910.4713464519399
        ]
      },
      "properties": {
        "elevation_m": 471.17041015625,
        "kind": "tree"
      }
    },
    {
      "type": "Feature",
      "geometry": {
        "type": "Point",
        "coordinates": [
          431.7726070676944,
          944.5042023688131
        ]
      },
      "properties": {
        "elevation_m": 470.28472900390625,
        "kind": "tree"
      }
    },
    {
      "type": "Feature",
      "geometry": {
        "type": "Point",
        "coordinates": [
          235.53988772517394,
          1420.3113615999537
        ]
      },
      "properties": {
        "elevation_m": 396.8582763671875,
        "kind": "tree"
      }
    },
    {
      "type": "Feature",
      "geometry": {
        "type": "Point",
        "coordinates": [
          293.38871305664406,
          1793.1615792602556
        ]
      },
      "properties": {
        "elevation_m": 283.0013732910156,
        "kind": "tree"
      }
    },
    {
      "type": "Feature",
      "geometry": {
        "type": "Point",
        "coordinates": [
          372.171487839605,
          1360.4649809050393
        ]
      },
      "properties": {
        "elevation_m": 403.8289489746094,
        "kind": "tree"
      }
    },
    {
      "type": "Feature",
      "geometry": {
        "type": "Point",
        "coordinates": [
          248.98055661411126,
          1149.75558480682
        ]
      },
      "properties": {
        "elevation_m": 427.41302490234375,
        "kind": "tree"
      }
    },
    {
      "type": "Feature",
      "geometry": {
        "type": "Point",
        "coordinates": [
          217.67299555928108,
          1524.9650121705959
        ]
      },
      "properties": {
        "elevation_m": 382.0885314941406,
        "kind": "tree"
      }
    },
    {
      "type": "Feature",
      "geometry": {
        "type": "Point",
        "coordinates": [
          416.94993906713637,
          1110.3579597115777
        ]
      },
      "properties": {
        "elevation_m": 451.01727294921875,
        "kind": "tree"
      }
    },
    {
      "type": "Feature",
      "geometry": {
        "type": "Point",
        "coordinates": [
          295.41013244437437,
          1385.834876110915
        ]
      },
      "properties": {
        "elevation_m": 402.4644775390625,
        "kind": "tree"
      }
    },
    {
      "type": "Feature",
      "geometry": {
        "type": "Point",
        "coordinates": [
          151.35096270902744,
          1490.8742427152388
        ]
      },
      "properties": {
        "elevation_m": 382.3467102050781,
        "kind": "tree"
      }
    },
    {
      "type": "Feature",
      "geometry": {
        "type": "Point",
        "coordinates": [
          266.90893805777085,
          1640.3184751348126
        ]
      },
      "properties": {
        "elevation_m": 354.56884765625,
        "kind": "tree"
      }
    },
    {
      "type": "Feature",
      "geometry": {
        "type": "Point",
        "coordinates": [
          450.025056257073,
          1002.8086201085788
        ]
      },
      "properties": {
        "elevation_m": 467.0372009277344,
        "kind": "tree"
      }
    },
    {
      "type": "Feature",
      "geometry": {
        "type": "Point",
        "coordinates": [
          364.99644283401665,
          826.8208803997928
        ]
      },
      "properties": {
        "elevation_m": 463.4459533691406,
        "kind": "tree"
      }
    },
    {
      "type": "Feature",
      "geometry": {
        "type": "Point",
        "coordinates": [
          316.0569149386734,
          1324.7989742738903
        ]
      },
      "properties": {
        "elevation_m": 411.570556640625,
        "kind": "tree"
      }
    },
    {
      "type": "Feature",
      "geometry": {
        "type": "Point",
        "coordinates": [
          339.0197349881856,
          1753.2889559882256
        ]
      },
      "properties": {
        "elevation_m": 280.9095764160156,
        "kind": "tree"
      }
    },
    {
      "type": "Feature",
      "geometry": {
        "type": "Point",
        "coordinates": [
          145.0468344770282,
          1383.845444480166
        ]
      },
      "properties": {
        "elevation_m": 392.8223571777344,
        "kind": "tree"
      }
    },
    {
      "type": "Feature",
      "geometry": {
        "type": "Point",
        "coordinates": [
          322.22637119948206,
          853.1040454813633
        ]
      },
      "properties": {
        "elevation_m": 470.7345275878906,
        "kind": "tree"
      }
    },
    {
      "type": "Feature",
      "geometry": {
        "type": "Point",
        "coordinates": [
          409.4319085964001,
          1477.286769690566
        ]
      },
      "properties": {
        "elevation_m": 375.6297607421875,
        "kind": "tree"
      }
    },
    {
      "type": "Feature",
      "geometry": {
        "type": "Point",
        "coordinates": [
          559.3915611809672,
          965.108762884196
        ]
      },
      "properties": {
        "elevation_m": 463.1160583496094,
        "kind": "tree"
      }
    },
    {
      "type": "Feature",
      "geometry": {
        "type": "Point",
        "coordinates": [
          178.71791132508105,
          1540.7720916660055
        ]
      },
      "properties": {
        "elevation_m": 377.7904357910156,
        "kind": "tree"
      }
    },
    {
      "type": "Feature",
      "geometry": {
        "type": "Point",
        "coordinates": [
          298.1180749860208,
          1142.8425030977207
        ]
      },
      "properties": {
        "elevation_m": 434.1848449707031,
        "kind": "tree"
      }
    },
    {
      "type": "Feature",
      "geometry": {
        "type": "Point",
        "coordinates": [
          396.9254660707206,
          1225.3565414909174
        ]
      },
      "properties": {
        "elevation_m": 421.3597106933594,
        "kind": "tree"
      }
    },
    {
      "type": "Feature",
      "geometry": {
        "type": "Point",
        "coordinates": [
          188.82816556635606,
          1562.4983094195318
        ]
      },
      "properties": {
        "elevation_m": 375.11541748046875,
        "kind": "tree"
      }
    },
    {
      "type": "Feature",
      "geometry": {
        "type": "Point",
        "coordinates": [
          263.45783627502726,
          1633.5673324861577
        ]
      },
      "properties": {
        "elevation_m": 356.21978759765625,
        "kind": "tree"
      }
    },
    {
      "type": "Feature",
      "geometry": {
        "type": "Point",
        "coordinates": [
          570.006818772433,
          1206.4033544519066
        ]
      },
      "properties": {
        "elevation_m": 427.2038879394531,
        "kind": "tree"
      }
    },
    {
      "type": "Feature",
      "geometry": {
        "type": "Point",
        "coordinates": [
          287.9291905779892,
          1507.0911344897722
        ]
      },
      "properties": {
        "elevation_m": 383.70953369140625,
        "kind": "tree"
      }
    },
    {
      "type": "Feature",
      "geometry": {
        "type": "Point",
        "coordinates": [
          619.9471927506113,
          1193.3058872969345
        ]
      },
      "properties": {
        "elevation_m": 426.6060791015625,
        "kind": "tree"
      }
    },
    {
      "type": "Feature",
      "geometry": {
        "type": "Point",
        "coordinates": [
          284.3787868535118,
          1298.3026024767678
        ]
      },
      "properties": {
        "elevation_m": 410.9930725097656,
        "kind": "tree"
      }
    },
    {
      "type": "Feature",
      "geometry": {
        "type": "Point",
        "coordinates": [
          274.32903292946673,
          1603.9693239677604
        ]
      },
      "properties": {
        "elevation_m": 363.1319885253906,
        "kind": "tree"
      }
    },
    {
      "type": "Feature",
      "geometry": {
        "type": "Point",
        "coordinates": [
          538.6650189090496,
          1179.1093159001693
        ]
      },
      "properties": {
        "elevation_m": 438.7509460449219,
        "kind": "tree"
      }
    },
    {
      "type": "Feature",
      "geometry": {
        "type": "Point",
        "coordinates": [
          388.36486865876384,
          1520.7217686586
        ]
      },
      "properties": {
        "elevation_m": 366.0140075683594,
        "kind": "tree"
      }
    },
    {
      "type": "Feature",
      "geometry": {
        "type": "Point",
        "coordinates": [
          548.6454332559944,
          1155.8491470866982
        ]
      },
      "properties": {
        "elevation_m": 444.3944091796875,
        "kind": "tree"
      }
    },
    {
      "type": "Feature",
      "geometry": {
        "type": "Point",
        "coordinates": [
          501.76460829556584,
          1041.8655909212612
        ]
      },
      "properties": {
        "elevation_m": 464.66436767578125,
        "kind": "tree"
      }
    },
    {
      "type": "Feature",
      "geometry": {
        "type": "Point",
        "coordinates": [
          397.30431193836205,
          1241.9360891464376
        ]
      },
      "properties": {
        "elevation_m": 418.663818359375,
        "kind": "tree"
      }
    },
    {
      "type": "Feature",
      "geometry": {
        "type": "Point",
        "coordinates": [
          395.40898661776464,
          1525.48839823757
        ]
      },
      "properties": {
        "elevation_m": 361.6062927246094,
        "kind": "tree"
      }
    },
    {
      "type": "Feature",
      "geometry": {
        "type": "Point",
        "coordinates": [
          334.7650063114636,
          1190.9275452799911
        ]
      },
      "properties": {
        "elevation_m": 425.3637390136719,
        "kind": "tree"
      }
    },
    {
      "type": "Feature",
      "geometry": {
        "type": "Point",
        "coordinates": [
          559.1386047537574,
          926.7776320084178
        ]
      },
      "properties": {
        "elevation_m": 466.7395935058594,
        "kind": "tree"
      }
    },
    {
      "type": "Feature",
      "geometry": {
        "type": "Point",
        "coordinates": [
          434.5697220830537,
          1136.497661251662
        ]
      },
      "properties": {
        "elevation_m": 449.8722229003906,
        "kind": "tree"
      }
    },
    {
      "type": "Feature",
      "geometry": {
        "type": "Point",
        "coordinates": [
          293.59514154648014,
          1207.2366518400918
        ]
      },
      "properties": {
        "elevation_m": 421.62115478515625,
        "kind": "tree"
      }
    },
    {
      "type": "Feature",
      "geometry": {
        "type": "Point",
        "coordinates": [
          232.32678061982847,
          1637.6524812339612
        ]
      },
      "properties": {
        "elevation_m": 357.50469970703125,
        "kind": "tree"
      }
    },
    {
      "type": "Feature",
      "geometry": {
        "type": "Point",
        "coordinates": [
          170.27916467399683,
          1324.8316117410868
        ]
      },
      "properties": {
        "elevation_m": 399.7977600097656,
        "kind": "tree"
      }
    },
    {
      "type": "Feature",
      "geometry": {
        "type": "Point",
        "coordinates": [
          281.4581304211379,
          794.9251960521499
        ]
      },
      "properties": {
        "elevation_m": 465.5625,
        "kind": "tree"
      }
    },
    {
      "type": "Feature",
      "geometry": {
        "type": "Point",
        "coordinates": [
          452.21456147835437,
          1055.4442794166116
        ]
      },
      "properties": {
        "elevation_m": 461.40814208984375,
        "kind": "tree"
      }
    },
    {
      "type": "Feature",
      "geometry": {
        "type": "Point",
        "coordinates": [
          301.8626220544108,
          1077.3075604689986
        ]
      },
      "properties": {
        "elevation_m": 449.586669921875,
        "kind": "tree"
      }
    },
    {
      "type": "Feature",
      "geometry": {
        "type": "Point",
        "coordinates": [
          378.7619610066987,
          1545.3485896725201
        ]
      },
      "properties": {
        "elevation_m": 359.80499267578125,
        "kind": "tree"
      }
    },
    {
      "type": "Feature",
      "geometry": {
        "type": "Point",
        "coordinates": [
          223.46089989254108,
          1710.9401119079075
        ]
      },
      "properties": {
        "elevation_m": 339.2273864746094,
        "kind": "tree"
      }
    },
    {
      "type": "Feature",
      "geometry": {
        "type": "Point",
        "coordinates": [
          347.1072605683615,
          1405.5375438375545
        ]
      },
      "properties": {
        "elevation_m": 396.6993103027344,
        "kind": "tree"
      }
    },
    {
      "type": "Feature",
      "geometry": {
        "type": "Point",
        "coordinates": [
          316.22819131911865,
          815.8497928837489
        ]
      },
      "properties": {
        "elevation_m": 466.34771728515625,
        "kind": "tree"
      }
    },
    {
      "type": "Feature",
      "geometry": {
        "type": "Point",
        "coordinates": [
          354.1879101244302,
          1602.4094935835378
        ]
      },
      "properties": {
        "elevation_m": 345.65618896484375,
        "kind": "tree"
      }
    },
    {
      "type": "Feature",
      "geometry": {
        "type": "Point",
        "coordinates": [
          745.7640728850763,
          1023.1244342672801
        ]
      },
      "properties": {
        "elevation_m": 469.2082214355469,
        "kind": "tree"
      }
    },
    {
      "type": "Feature",
      "geometry": {
        "type": "Point",
        "coordinates": [
          185.82185846741595,
          1365.1423410076104
        ]
      },
      "properties": {
        "elevation_m": 398.9702453613281,
        "kind": "tree"
      }
    },
    {
      "type": "Feature",
      "geometry": {
        "type": "Point",
        "coordinates": [
          337.6405041721962,
          1675.2153167981294
        ]
      },
      "properties": {
        "elevation_m": 323.6527099609375,
        "kind": "tree"
      }
    },
    {
      "type": "Feature",
      "geometry": {
        "type": "Point",
        "coordinates": [
          279.4535013520242,
          1365.238909640451
        ]
      },
      "properties": {
        "elevation_m": 406.3713684082031,
        "kind": "tree"
      }
    },
    {
      "type": "Feature",
      "geometry": {
        "type": "Point",
        "coordinates": [
          420.22974915996895,
          1450.5325264190678
        ]
      },
      "properties": {
        "elevation_m": 385.1502685546875,
        "kind": "tree"
      }
    },
    {
      "type": "Feature",
      "geometry": {
        "type": "Point",
        "coordinates": [
          439.8923743476188,
          1106.7331288956489
        ]
      },
      "properties": {
        "elevation_m": 453.02532958984375,
        "kind": "tree"
      }
    },
    {
      "type": "Feature",
      "geometry": {
        "type": "Point",
        "coordinates": [
          191.34451258781206,
          1636.555305647607
        ]
      },
      "properties": {
        "elevation_m": 358.5196838378906,
        "kind": "tree"
      }
    },
    {
      "type": "Feature",
      "geometry": {
        "type": "Point",
        "coordinates": [
          43.94017676957661,
          607.3717563852231
        ]
      },
      "properties": {
        "elevation_m": 421.76971435546875,
        "kind": "tree"
      }
    },
    {
      "type": "Feature",
      "geometry": {
        "type": "Point",
        "coordinates": [
          787.1587439388454,
          496.33015005951233
        ]
      },
      "properties": {
        "elevation_m": 437.2081298828125,
        "kind": "tree"
      }
    },
    {
      "type": "Feature",
      "geometry": {
        "type": "Point",
        "coordinates": [
          227.10990206147792,
          614.0071201940395
        ]
      },
      "properties": {
        "elevation_m": 436.0250549316406,
        "kind": "tree"
      }
    },
    {
      "type": "Feature",
      "geometry": {
        "type": "Point",
        "coordinates": [
          873.2511356067471,
          503.6268256540259
        ]
      },
      "properties": {
        "elevation_m": 445.2721862792969,
        "kind": "tree"
      }
    },
    {
      "type": "Feature",
      "geometry": {
        "type": "Point",
        "coordinates": [
          452.2491747426211,
          497.0024189657507
        ]
      },
      "properties": {
        "elevation_m": 423.3293151855469,
        "kind": "tree"
      }
    },
    {
      "type": "Feature",
      "geometry": {
        "type": "Point",
        "coordinates": [
          839.081330790192,
          508.88472988126944
        ]
      },
      "properties": {
        "elevation_m": 440.2472839355469,
        "kind": "tree"
      }
    },
    {
      "type": "Feature",
      "geometry": {
        "type": "Point",
        "coordinates": [
          683.8340521366976,
          475.5910168163601
        ]
      },
      "properties": {
        "elevation_m": 432.77801513671875,
        "kind": "tree"
      }
    },
    {
      "type": "Feature",
      "geometry": {
        "type": "Point",
        "coordinates": [
          223.6388830231309,
          508.7976674059867
        ]
      },
      "properties": {
        "elevation_m": 427.9017333984375,
        "kind": "tree"
      }
    },
    {
      "type": "Feature",
      "geometry": {
        "type": "Point",
        "coordinates": [
          739.103602659056,
          601.644898435321
        ]
      },
      "properties": {
        "elevation_m": 434.737060546875,
        "kind": "tree"
      }
    },
    {
      "type": "Feature",
      "geometry": {
        "type": "Point",
        "coordinates": [
          377.6427740542452,
          497.8870955998172
        ]
      },
      "properties": {
        "elevation_m": 425.1093444824219,
        "kind": "tree"
      }
    },
    {
      "type": "Feature",
      "geometry": {
        "type": "Point",
        "coordinates": [
          159.88319892074495,
          490.82392601862665
        ]
      },
      "properties": {
        "elevation_m": 423.73468017578125,
        "kind": "tree"
      }
    },
    {
      "type": "Feature",
      "geometry": {
        "type": "Point",
        "coordinates": [
          87.08586805298144,
          643.8284419444525
        ]
      },
      "properties": {
        "elevation_m": 426.89141845703125,
        "kind": "tree"
      }
    },
    {
      "type": "Feature",
      "geometry": {
        "type": "Point",
        "coordinates": [
          782.7037290422447,
          637.8227620689654
        ]
      },
      "properties": {
        "elevation_m": 437.5932922363281,
        "kind": "tree"
      }
    },
    {
      "type": "Feature",
      "geometry": {
        "type": "Point",
        "coordinates": [
          816.6381183776886,
          667.778286595917
        ]
      },
      "properties": {
        "elevation_m": 441.490478515625,
        "kind": "tree"
      }
    },
    {
      "type": "Feature",
      "geometry": {
        "type": "Point",
        "coordinates": [
          755.2135843003449,
          613.2494987483446
        ]
      },
      "properties": {
        "elevation_m": 435.7962341308594,
        "kind": "tree"
      }
    },
    {
      "type": "Feature",
      "geometry": {
        "type": "Point",
        "coordinates": [
          289.8271889713127,
          572.7489635507411
        ]
      },
      "properties": {
        "elevation_m": 434.071044921875,
        "kind": "tree"
      }
    },
    {
      "type": "Feature",
      "geometry": {
        "type": "Point",
        "coordinates": [
          347.5404690285912,
          531.4397213251436
        ]
      },
      "properties": {
        "elevation_m": 429.2364807128906,
        "kind": "tree"
      }
    },
    {
      "type": "Feature",
      "geometry": {
        "type": "Point",
        "coordinates": [
          813.212321511899,
          606.9738391562532
        ]
      },
      "properties": {
        "elevation_m": 436.41522216796875,
        "kind": "tree"
      }
    },
    {
      "type": "Feature",
      "geometry": {
        "type": "Point",
        "coordinates": [
          426.1345715850778,
          536.3450650786522
        ]
      },
      "properties": {
        "elevation_m": 426.3054504394531,
        "kind": "tree"
      }
    },
    {
      "type": "Feature",
      "geometry": {
        "type": "Point",
        "coordinates": [
          201.47393413100158,
          590.6473244414208
        ]
      },
      "properties": {
        "elevation_m": 430.19537353515625,
        "kind": "tree"
      }
    },
    {
      "type": "Feature",
      "geometry": {
        "type": "Point",
        "coordinates": [
          639.2327161035914,
          593.4047294319997
        ]
      },
      "properties": {
        "elevation_m": 440.17950439453125,
        "kind": "tree"
      }
    },
    {
      "type": "Feature",
      "geometry": {
        "type": "Point",
        "coordinates": [
          501.6583283238509,
          532.175180629395
        ]
      },
      "properties": {
        "elevation_m": 425.4858093261719,
        "kind": "tree"
      }
    },
    {
      "type": "Feature",
      "geometry": {
        "type": "Point",
        "coordinates": [
          187.05855308044028,
          547.2815275390956
        ]
      },
      "properties": {
        "elevation_m": 428.8451843261719,
        "kind": "tree"
      }
    },
    {
      "type": "Feature",
      "geometry": {
        "type": "Point",
        "coordinates": [
          165.5890439490555,
          599.7122173049554
        ]
      },
      "properties": {
        "elevation_m": 429.4673156738281,
        "kind": "tree"
      }
    },
    {
      "type": "Feature",
      "geometry": {
        "type": "Point",
        "coordinates": [
          687.829517534631,
          517.8598991928895
        ]
      },
      "properties": {
        "elevation_m": 429.95281982421875,
        "kind": "tree"
      }
    },
    {
      "type": "Feature",
      "geometry": {
        "type": "Point",
        "coordinates": [
          633.8186320813682,
          461.8923496244047
        ]
      },
      "properties": {
        "elevation_m": 428.9169921875,
        "kind": "tree"
      }
    },
    {
      "type": "Feature",
      "geometry": {
        "type": "Point",
        "coordinates": [
          605.769558609119,
          426.1175706636301
        ]
      },
      "properties": {
        "elevation_m": 432.2126770019531,
        "kind": "tree"
      }
    },
    {
      "type": "Feature",
      "geometry": {
        "type": "Point",
        "coordinates": [
          409.22812127380683,
          625.6553990401196
        ]
      },
      "properties": {
        "elevation_m": 453.1099548339844,
        "kind": "tree"
      }
    },
    {
      "type": "Feature",
      "geometry": {
        "type": "Point",
        "coordinates": [
          233.4162469127901,
          585.7755204518378
        ]
      },
      "properties": {
        "elevation_m": 431.5116882324219,
        "kind": "tree"
      }
    },
    {
      "type": "Feature",
      "geometry": {
        "type": "Point",
        "coordinates": [
          686.2852036733003,
          500.3773940227543
        ]
      },
      "properties": {
        "elevation_m": 429.28741455078125,
        "kind": "tree"
      }
    },
    {
      "type": "Feature",
      "geometry": {
        "type": "Point",
        "coordinates": [
          595.5688974743362,
          529.6020447713747
        ]
      },
      "properties": {
        "elevation_m": 427.58843994140625,
        "kind": "tree"
      }
    },
    {
      "type": "Feature",
      "geometry": {
        "type": "Point",
        "coordinates": [
          817.1418974570565,
          594.4842692355512
        ]
      },
      "properties": {
        "elevation_m": 437.1691589355469,
        "kind": "tree"
      }
    },
    {
      "type": "Feature",
      "geometry": {
        "type": "Point",
        "coordinates": [
          807.1877257071728,
          533.186228441867
        ]
      },
      "properties": {
        "elevation_m": 436.791748046875,
        "kind": "tree"
      }
    },
    {
      "type": "Feature",
      "geometry": {
        "type": "Point",
        "coordinates": [
          240.9956321726874,
          494.2734975786243
        ]
      },
      "properties": {
        "elevation_m": 427.27374267578125,
        "kind": "tree"
      }
    },
    {
      "type": "Feature",
      "geometry": {
        "type": "Point",
        "coordinates": [
          183.48832891445136,
          545.7660903296462
        ]
      },
      "properties": {
        "elevation_m": 428.8451843261719,
        "kind": "tree"
      }
    },
    {
      "type": "Feature",
      "geometry": {
        "type": "Point",
        "coordinates": [
          268.8886328524419,
          481.60358200404175
        ]
      },
      "properties": {
        "elevation_m": 424.0261535644531,
        "kind": "tree"
      }
    },
    {
      "type": "Feature",
      "geometry": {
        "type": "Point",
        "coordinates": [
          638.0647330547996,
          586.9705901392185
        ]
      },
      "properties": {
        "elevation_m": 435.6900634765625,
        "kind": "tree"
      }
    },
    {
      "type": "Feature",
      "geometry": {
        "type": "Point",
        "coordinates": [
          189.05987936018195,
          499.74548122124844
        ]
      },
      "properties": {
        "elevation_m": 426.4759826660156,
        "kind": "tree"
      }
    },
    {
      "type": "Feature",
      "geometry": {
        "type": "Point",
        "coordinates": [
          671.4975751509974,
          421.4276664144825
        ]
      },
      "properties": {
        "elevation_m": 436.1445007324219,
        "kind": "tree"
      }
    },
    {
      "type": "Feature",
      "geometry": {
        "type": "Point",
        "coordinates": [
          310.98184606693087,
          473.65678642538336
        ]
      },
      "properties": {
        "elevation_m": 422.9967956542969,
        "kind": "tree"
      }
    },
    {
      "type": "Feature",
      "geometry": {
        "type": "Point",
        "coordinates": [
          565.2323837917438,
          1836.563016845363
        ]
      },
      "properties": {
        "elevation_m": 332.195068359375,
        "kind": "tree"
      }
    },
    {
      "type": "Feature",
      "geometry": {
        "type": "Point",
        "coordinates": [
          652.3856215856255,
          1951.0651986372995
        ]
      },
      "properties": {
        "elevation_m": 326.72808837890625,
        "kind": "tree"
      }
    },
    {
      "type": "Feature",
      "geometry": {
        "type": "Point",
        "coordinates": [
          489.112711752348,
          2017.9041916973483
        ]
      },
      "properties": {
        "elevation_m": 340.69091796875,
        "kind": "tree"
      }
    },
    {
      "type": "Feature",
      "geometry": {
        "type": "Point",
        "coordinates": [
          650.0529967033019,
          1959.5056518437848
        ]
      },
      "properties": {
        "elevation_m": 325.2187805175781,
        "kind": "tree"
      }
    },
    {
      "type": "Feature",
      "geometry": {
        "type": "Point",
        "coordinates": [
          544.4176786155667,
          2024.5228459758425
        ]
      },
      "properties": {
        "elevation_m": 334.7394104003906,
        "kind": "tree"
      }
    },
    {
      "type": "Feature",
      "geometry": {
        "type": "Point",
        "coordinates": [
          502.3341371093155,
          1990.3954918547554
        ]
      },
      "properties": {
        "elevation_m": 339.08270263671875,
        "kind": "tree"
      }
    },
    {
      "type": "Feature",
      "geometry": {
        "type": "Point",
        "coordinates": [
          577.5794328943505,
          1968.2997416333687
        ]
      },
      "properties": {
        "elevation_m": 335.20294189453125,
        "kind": "tree"
      }
    },
    {
      "type": "Feature",
      "geometry": {
        "type": "Point",
        "coordinates": [
          686.2120503450792,
          1844.6535712056623
        ]
      },
      "properties": {
        "elevation_m": 324.1181640625,
        "kind": "tree"
      }
    },
    {
      "type": "Feature",
      "geometry": {
        "type": "Point",
        "coordinates": [
          603.4696573758378,
          1443.7695706078223
        ]
      },
      "properties": {
        "elevation_m": 345.2900390625,
        "kind": "tree"
      }
    },
    {
      "type": "Feature",
      "geometry": {
        "type": "Point",
        "coordinates": [
          524.1253811736619,
          1368.6184380206232
        ]
      },
      "properties": {
        "elevation_m": 385.94622802734375,
        "kind": "tree"
      }
    },
    {
      "type": "Feature",
      "geometry": {
        "type": "Point",
        "coordinates": [
          568.9995973842908,
          1518.585484831606
        ]
      },
      "properties": {
        "elevation_m": 326.5360107421875,
        "kind": "tree"
      }
    },
    {
      "type": "Feature",
      "geometry": {
        "type": "Point",
        "coordinates": [
          499.5769403877743,
          1359.1291772976904
        ]
      },
      "properties": {
        "elevation_m": 393.7535705566406,
        "kind": "tree"
      }
    },
    {
      "type": "Feature",
      "geometry": {
        "type": "Point",
        "coordinates": [
          600.947415167326,
          1355.130942666958
        ]
      },
      "properties": {
        "elevation_m": 381.0724792480469,
        "kind": "tree"
      }
    },
    {
      "type": "Feature",
      "geometry": {
        "type": "Point",
        "coordinates": [
          599.991195030403,
          1304.7029746260278
        ]
      },
      "properties": {
        "elevation_m": 400.23394775390625,
        "kind": "tree"
      }
    },
    {
      "type": "Feature",
      "geometry": {
        "type": "Point",
        "coordinates": [
          552.1563707190004,
          1311.4633450013764
        ]
      },
      "properties": {
        "elevation_m": 396.85162353515625,
        "kind": "tree"
      }
    },
    {
      "type": "Feature",
      "geometry": {
        "type": "Point",
        "coordinates": [
          1464.6652628116758,
          1068.4780115300748
        ]
      },
      "properties": {
        "elevation_m": 505.8861999511719,
        "kind": "tree"
      }
    },
    {
      "type": "Feature",
      "geometry": {
        "type": "Point",
        "coordinates": [
          1458.3498903020038,
          1085.3951707051954
        ]
      },
      "properties": {
        "elevation_m": 502.0212707519531,
        "kind": "tree"
      }
    },
    {
      "type": "Feature",
      "geometry": {
        "type": "Point",
        "coordinates": [
          1679.5160624685022,
          837.9778496511096
        ]
      },
      "properties": {
        "elevation_m": 568.947998046875,
        "kind": "tree"
      }
    },
    {
      "type": "Feature",
      "geometry": {
        "type": "Point",
        "coordinates": [
          1226.8432512194388,
          1171.934066719646
        ]
      },
      "properties": {
        "elevation_m": 459.0606384277344,
        "kind": "tree"
      }
    },
    {
      "type": "Feature",
      "geometry": {
        "type": "Point",
        "coordinates": [
          1581.915939662872,
          920.2216228293014
        ]
      },
      "properties": {
        "elevation_m": 539.2865600585938,
        "kind": "tree"
      }
    },
    {
      "type": "Feature",
      "geometry": {
        "type": "Point",
        "coordinates": [
          1550.9487690750823,
          969.0362061215002
        ]
      },
      "properties": {
        "elevation_m": 530.0364379882812,
        "kind": "tree"
      }
    },
    {
      "type": "Feature",
      "geometry": {
        "type": "Point",
        "coordinates": [
          1439.329492011835,
          1036.7307164392087
        ]
      },
      "properties": {
        "elevation_m": 500.0278015136719,
        "kind": "tree"
      }
    },
    {
      "type": "Feature",
      "geometry": {
        "type": "Point",
        "coordinates": [
          1197.3509203041497,
          1183.946487912751
        ]
      },
      "properties": {
        "elevation_m": 453.7714538574219,
        "kind": "tree"
      }
    },
    {
      "type": "Feature",
      "geometry": {
        "type": "Point",
        "coordinates": [
          1152.1951705794813,
          1208.9434397897355
        ]
      },
      "properties": {
        "elevation_m": 446.5555114746094,
        "kind": "tree"
      }
    },
    {
      "type": "Feature",
      "geometry": {
        "type": "Point",
        "coordinates": [
          1091.6640518868153,
          1181.7135725070646
        ]
      },
      "properties": {
        "elevation_m": 438.38555908203125,
        "kind": "tree"
      }
    },
    {
      "type": "Feature",
      "geometry": {
        "type": "Point",
        "coordinates": [
          1059.1963161247133,
          1017.9511941485196
        ]
      },
      "properties": {
        "elevation_m": 458.7583312988281,
        "kind": "tree"
      }
    },
    {
      "type": "Feature",
      "geometry": {
        "type": "Point",
        "coordinates": [
          1024.1425455950407,
          1047.161850137234
        ]
      },
      "properties": {
        "elevation_m": 453.2422790527344,
        "kind": "tree"
      }
    },
    {
      "type": "Feature",
      "geometry": {
        "type": "Point",
        "coordinates": [
          1173.1826672050597,
          926.4083765809069
        ]
      },
      "properties": {
        "elevation_m": 471.96807861328125,
        "kind": "tree"
      }
    },
    {
      "type": "Feature",
      "geometry": {
        "type": "Point",
        "coordinates": [
          1168.885659103625,
          926.7650470903332
        ]
      },
      "properties": {
        "elevation_m": 471.96807861328125,
        "kind": "tree"
      }
    },
    {
      "type": "Feature",
      "geometry": {
        "type": "Point",
        "coordinates": [
          1222.724243574987,
          904.0933502147658
        ]
      },
      "properties": {
        "elevation_m": 478.4316101074219,
        "kind": "tree"
      }
    },
    {
      "type": "Feature",
      "geometry": {
        "type": "Point",
        "coordinates": [
          1335.7968451411557,
          747.0629076909456
        ]
      },
      "properties": {
        "elevation_m": 520.3882446289062,
        "kind": "tree"
      }
    },
    {
      "type": "Feature",
      "geometry": {
        "type": "Point",
        "coordinates": [
          1259.3564258860595,
          870.9046729769623
        ]
      },
      "properties": {
        "elevation_m": 489.6191101074219,
        "kind": "tree"
      }
    },
    {
      "type": "Feature",
      "geometry": {
        "type": "Point",
        "coordinates": [
          1408.1903257292943,
          725.5414437161332
        ]
      },
      "properties": {
        "elevation_m": 532.2766723632812,
        "kind": "tree"
      }
    },
    {
      "type": "Feature",
      "geometry": {
        "type": "Point",
        "coordinates": [
          1439.182308381777,
          737.4801460808552
        ]
      },
      "properties": {
        "elevation_m": 534.43896484375,
        "kind": "tree"
      }
    },
    {
      "type": "Feature",
      "geometry": {
        "type": "Point",
        "coordinates": [
          1570.076773968558,
          650.5841430930731
        ]
      },
      "properties": {
        "elevation_m": 563.8123168945312,
        "kind": "tree"
      }
    },
    {
      "type": "Feature",
      "geometry": {
        "type": "Point",
        "coordinates": [
          1576.9261269591059,
          639.6766888218766
        ]
      },
      "properties": {
        "elevation_m": 567.2653198242188,
        "kind": "tree"
      }
    },
    {
      "type": "Feature",
      "geometry": {
        "type": "Point",
        "coordinates": [
          1567.5961575562765,
          611.4101119957286
        ]
      },
      "properties": {
        "elevation_m": 567.2805786132812,
        "kind": "tree"
      }
    },
    {
      "type": "Feature",
      "geometry": {
        "type": "Point",
        "coordinates": [
          1567.3577007223766,
          614.26819904377
        ]
      },
      "properties": {
        "elevation_m": 566.3984375,
        "kind": "tree"
      }
    },
    {
      "type": "Feature",
      "geometry": {
        "type": "Point",
        "coordinates": [
          1612.5112774972483,
          561.9174928656668
        ]
      },
      "properties": {
        "elevation_m": 577.9627075195312,
        "kind": "tree"
      }
    },
    {
      "type": "Feature",
      "geometry": {
        "type": "Point",
        "coordinates": [
          1624.543542737912,
          559.3071909830435
        ]
      },
      "properties": {
        "elevation_m": 579.6028442382812,
        "kind": "tree"
      }
    },
    {
      "type": "Feature",
      "geometry": {
        "type": "Point",
        "coordinates": [
          1650.448343313734,
          715.65442916776
        ]
      },
      "properties": {
        "elevation_m": 578.2632446289062,
        "kind": "tree"
      }
    },
    {
      "type": "Feature",
      "geometry": {
        "type": "Point",
        "coordinates": [
          1634.6301766358924,
          723.0897689121766
        ]
      },
      "properties": {
        "elevation_m": 574.4445190429688,
        "kind": "tree"
      }
    },
    {
      "type": "Feature",
      "geometry": {
        "type": "Point",
        "coordinates": [
          1421.085613296738,
          1835.7112960503796
        ]
      },
      "properties": {
        "elevation_m": 394.4997863769531,
        "kind": "tree"
      }
    },
    {
      "type": "Feature",
      "geometry": {
        "type": "Point",
        "coordinates": [
          1504.8872810029334,
          1401.3998019239361
        ]
      },
      "properties": {
        "elevation_m": 490.9452819824219,
        "kind": "tree"
      }
    },
    {
      "type": "Feature",
      "geometry": {
        "type": "Point",
        "coordinates": [
          1348.4936850925278,
          1480.087841917768
        ]
      },
      "properties": {
        "elevation_m": 473.7784118652344,
        "kind": "tree"
      }
    },
    {
      "type": "Feature",
      "geometry": {
        "type": "Point",
        "coordinates": [
          1719.8128255272068,
          1207.5123092068666
        ]
      },
      "properties": {
        "elevation_m": 528.8966674804688,
        "kind": "tree"
      }
    },
    {
      "type": "Feature",
      "geometry": {
        "type": "Point",
        "coordinates": [
          1057.4046136362986,
          431.8970629109643
        ]
      },
      "properties": {
        "elevation_m": 461.1064453125,
        "kind": "tree"
      }
    },
    {
      "type": "Feature",
      "geometry": {
        "type": "Point",
        "coordinates": [
          641.9548996522319,
          1723.3480547162524
        ]
      },
      "properties": {
        "elevation_m": 281.6776428222656,
        "kind": "tree"
      }
    },
    {
      "type": "Feature",
      "geometry": {
        "type": "Point",
        "coordinates": [
          1561.704540908071,
          1608.8813499761136
        ]
      },
      "properties": {
        "elevation_m": 461.21893310546875,
        "kind": "tree"
      }
    },
    {
      "type": "Feature",
      "geometry": {
        "type": "Point",
        "coordinates": [
          1767.4172331075708,
          719.3861714178037
        ]
      },
      "properties": {
        "elevation_m": 593.6982421875,
        "kind": "tree"
      }
    },
    {
      "type": "Feature",
      "geometry": {
        "type": "Point",
        "coordinates": [
          446.80555009992827,
          1902.8075677047186
        ]
      },
      "properties": {
        "elevation_m": 324.15765380859375,
        "kind": "tree"
      }
    },
    {
      "type": "Feature",
      "geometry": {
        "type": "Point",
        "coordinates": [
          1176.5186378370195,
          1899.906915072146
        ]
      },
      "properties": {
        "elevation_m": 384.5815124511719,
        "kind": "tree"
      }
    },
    {
      "type": "Feature",
      "geometry": {
        "type": "Point",
        "coordinates": [
          1885.6183614728013,
          667.0404933977532
        ]
      },
      "properties": {
        "elevation_m": 593.7200927734375,
        "kind": "tree"
      }
    },
    {
      "type": "Feature",
      "geometry": {
        "type": "Point",
        "coordinates": [
          1855.6012257273776,
          739.5201924066155
        ]
      },
      "properties": {
        "elevation_m": 587.770751953125,
        "kind": "tree"
      }
    },
    {
      "type": "Feature",
      "geometry": {
        "type": "Point",
        "coordinates": [
          953.368627732543,
          662.12376113421
        ]
      },
      "properties": {
        "elevation_m": 469.4205017089844,
        "kind": "tree"
      }
    },
    {
      "type": "Feature",
      "geometry": {
        "type": "Point",
        "coordinates": [
          1860.503344621757,
          766.8793067322266
        ]
      },
      "properties": {
        "elevation_m": 586.9133911132812,
        "kind": "tree"
      }
    },
    {
      "type": "Feature",
      "geometry": {
        "type": "Point",
        "coordinates": [
          1532.8456095473898,
          548.2421943207825
        ]
      },
      "properties": {
        "elevation_m": 564.3662719726562,
        "kind": "tree"
      }
    },
    {
      "type": "Feature",
      "geometry": {
        "type": "Point",
        "coordinates": [
          1529.7557393527495,
          1543.4151735822675
        ]
      },
      "properties": {
        "elevation_m": 475.2660827636719,
        "kind": "tree"
      }
    },
    {
      "type": "Feature",
      "geometry": {
        "type": "Point",
        "coordinates": [
          981.8353696066198,
          501.24749113974025
        ]
      },
      "properties": {
        "elevation_m": 457.8093566894531,
        "kind": "tree"
      }
    },
    {
      "type": "Feature",
      "geometry": {
        "type": "Point",
        "coordinates": [
          2020.3059794404653,
          758.4614692852365
        ]
      },
      "properties": {
        "elevation_m": 584.0488891601562,
        "kind": "tree"
      }
    },
    {
      "type": "Feature",
      "geometry": {
        "type": "Point",
        "coordinates": [
          877.0203259111689,
          450.56370004826096
        ]
      },
      "properties": {
        "elevation_m": 448.5274658203125,
        "kind": "tree"
      }
    },
    {
      "type": "Feature",
      "geometry": {
        "type": "Point",
        "coordinates": [
          1737.1233330244977,
          724.0011912196326
        ]
      },
      "properties": {
        "elevation_m": 588.2205810546875,
        "kind": "tree"
      }
    },
    {
      "type": "Feature",
      "geometry": {
        "type": "Point",
        "coordinates": [
          1887.8174972570557,
          1316.0852672772953
        ]
      },
      "properties": {
        "elevation_m": 491.31610107421875,
        "kind": "tree"
      }
    },
    {
      "type": "Feature",
      "geometry": {
        "type": "Point",
        "coordinates": [
          1372.4283693505492,
          1885.1279012315777
        ]
      },
      "properties": {
        "elevation_m": 370.83880615234375,
        "kind": "tree"
      }
    },
    {
      "type": "Feature",
      "geometry": {
        "type": "Point",
        "coordinates": [
          1772.1153586795915,
          375.43951923579317
        ]
      },
      "properties": {
        "elevation_m": 582.8618774414062,
        "kind": "tree"
      }
    },
    {
      "type": "Feature",
      "geometry": {
        "type": "Point",
        "coordinates": [
          1296.6451587601034,
          571.9535778740363
        ]
      },
      "properties": {
        "elevation_m": 525.0919799804688,
        "kind": "tree"
      }
    },
    {
      "type": "Feature",
      "geometry": {
        "type": "Point",
        "coordinates": [
          1421.2894517662778,
          1735.6388199213268
        ]
      },
      "properties": {
        "elevation_m": 435.833984375,
        "kind": "tree"
      }
    },
    {
      "type": "Feature",
      "geometry": {
        "type": "Point",
        "coordinates": [
          1934.776248673385,
          936.6744415820338
        ]
      },
      "properties": {
        "elevation_m": 571.7443237304688,
        "kind": "tree"
      }
    },
    {
      "type": "Feature",
      "geometry": {
        "type": "Point",
        "coordinates": [
          1830.5933218570806,
          707.8461877923515
        ]
      },
      "properties": {
        "elevation_m": 592.7156982421875,
        "kind": "tree"
      }
    },
    {
      "type": "Feature",
      "geometry": {
        "type": "Point",
        "coordinates": [
          1610.3714809257326,
          489.0918021916481
        ]
      },
      "properties": {
        "elevation_m": 570.587646484375,
        "kind": "tree"
      }
    },
    {
      "type": "Feature",
      "geometry": {
        "type": "Point",
        "coordinates": [
          470.95526228703386,
          1958.303509217021
        ]
      },
      "properties": {
        "elevation_m": 338.3974609375,
        "kind": "tree"
      }
    },
    {
      "type": "Feature",
      "geometry": {
        "type": "Point",
        "coordinates": [
          1933.654208661542,
          1269.3125166964965
        ]
      },
      "properties": {
        "elevation_m": 494.68743896484375,
        "kind": "tree"
      }
    },
    {
      "type": "Feature",
      "geometry": {
        "type": "Point",
        "coordinates": [
          1200.3100790500544,
          1878.8183268869782
        ]
      },
      "properties": {
        "elevation_m": 391.0696105957031,
        "kind": "tree"
      }
    },
    {
      "type": "Feature",
      "geometry": {
        "type": "Point",
        "coordinates": [
          1779.8067823625277,
          1147.6716431894538
        ]
      },
      "properties": {
        "elevation_m": 542.5120849609375,
        "kind": "tree"
      }
    },
    {
      "type": "Feature",
      "geometry": {
        "type": "Point",
        "coordinates": [
          1638.284244089484,
          1338.0917568284704
        ]
      },
      "properties": {
        "elevation_m": 504.094970703125,
        "kind": "tree"
      }
    },
    {
      "type": "Feature",
      "geometry": {
        "type": "Point",
        "coordinates": [
          1995.9410689633435,
          1298.6490867524863
        ]
      },
      "properties": {
        "elevation_m": 475.5905456542969,
        "kind": "tree"
      }
    },
    {
      "type": "Feature",
      "geometry": {
        "type": "Point",
        "coordinates": [
          2103.903944956034,
          1210.6548042936922
        ]
      },
      "properties": {
        "elevation_m": 485.43115234375,
        "kind": "tree"
      }
    },
    {
      "type": "Feature",
      "geometry": {
        "type": "Point",
        "coordinates": [
          1405.0928104112486,
          528.736727276654
        ]
      },
      "properties": {
        "elevation_m": 541.1959838867188,
        "kind": "tree"
      }
    },
    {
      "type": "Feature",
      "geometry": {
        "type": "Point",
        "coordinates": [
          1887.161468506417,
          673.2910895692409
        ]
      },
      "properties": {
        "elevation_m": 592.9570922851562,
        "kind": "tree"
      }
    },
    {
      "type": "Feature",
      "geometry": {
        "type": "Point",
        "coordinates": [
          1560.581728502094,
          1535.8060482094193
        ]
      },
      "properties": {
        "elevation_m": 475.31597900390625,
        "kind": "tree"
      }
    },
    {
      "type": "Feature",
      "geometry": {
        "type": "Point",
        "coordinates": [
          616.4683651048911,
          1806.6067823430792
        ]
      },
      "properties": {
        "elevation_m": 314.84417724609375,
        "kind": "tree"
      }
    },
    {
      "type": "Feature",
      "geometry": {
        "type": "Point",
        "coordinates": [
          1277.1239572269797,
          1453.9035997122912
        ]
      },
      "properties": {
        "elevation_m": 469.64642333984375,
        "kind": "tree"
      }
    },
    {
      "type": "Feature",
      "geometry": {
        "type": "Point",
        "coordinates": [
          890.5999483891513,
          1853.3182178103325
        ]
      },
      "properties": {
        "elevation_m": 319.6208190917969,
        "kind": "tree"
      }
    },
    {
      "type": "Feature",
      "geometry": {
        "type": "Point",
        "coordinates": [
          1747.1257757691214,
          376.50797262643505
        ]
      },
      "properties": {
        "elevation_m": 578.2119140625,
        "kind": "tree"
      }
    },
    {
      "type": "Feature",
      "geometry": {
        "type": "Point",
        "coordinates": [
          1554.0451345159931,
          483.1453622985248
        ]
      },
      "properties": {
        "elevation_m": 561.9476318359375,
        "kind": "tree"
      }
    },
    {
      "type": "Feature",
      "geometry": {
        "type": "Point",
        "coordinates": [
          1732.1304740073726,
          1477.5259149626575
        ]
      },
      "properties": {
        "elevation_m": 474.4998474121094,
        "kind": "tree"
      }
    },
    {
      "type": "Feature",
      "geometry": {
        "type": "Point",
        "coordinates": [
          1226.768517383206,
          1613.7235924914444
        ]
      },
      "properties": {
        "elevation_m": 442.0852966308594,
        "kind": "tree"
      }
    },
    {
      "type": "Feature",
      "geometry": {
        "type": "Point",
        "coordinates": [
          1403.1941280091203,
          1354.898684805902
        ]
      },
      "properties": {
        "elevation_m": 483.23712158203125,
        "kind": "tree"
      }
    },
    {
      "type": "Feature",
      "geometry": {
        "type": "Point",
        "coordinates": [
          1207.3742347154584,
          566.8604764968609
        ]
      },
      "properties": {
        "elevation_m": 504.2584228515625,
        "kind": "tree"
      }
    },
    {
      "type": "Feature",
      "geometry": {
        "type": "Point",
        "coordinates": [
          1547.5089547516975,
          443.62469485402465
        ]
      },
      "properties": {
        "elevation_m": 548.6531372070312,
        "kind": "tree"
      }
    },
    {
      "type": "Feature",
      "geometry": {
        "type": "Point",
        "coordinates": [
          2013.5631995044996,
          746.2922955926157
        ]
      },
      "properties": {
        "elevation_m": 587.7516479492188,
        "kind": "tree"
      }
    },
    {
      "type": "Feature",
      "geometry": {
        "type": "Point",
        "coordinates": [
          914.1709294022986,
          442.7638311161872
        ]
      },
      "properties": {
        "elevation_m": 449.54559326171875,
        "kind": "tree"
      }
    },
    {
      "type": "Feature",
      "geometry": {
        "type": "Point",
        "coordinates": [
          1756.5879517906706,
          1528.7009691822932
        ]
      },
      "properties": {
        "elevation_m": 451.2081298828125,
        "kind": "tree"
      }
    },
    {
      "type": "Feature",
      "geometry": {
        "type": "Point",
        "coordinates": [
          1198.9046204299825,
          1839.99685046483
        ]
      },
      "properties": {
        "elevation_m": 398.30511474609375,
        "kind": "tree"
      }
    },
    {
      "type": "Feature",
      "geometry": {
        "type": "Point",
        "coordinates": [
          1159.80357545399,
          1829.4967745723065
        ]
      },
      "properties": {
        "elevation_m": 392.9146423339844,
        "kind": "tree"
      }
    },
    {
      "type": "Feature",
      "geometry": {
        "type": "Point",
        "coordinates": [
          1364.0396538479295,
          1465.4485279709813
        ]
      },
      "properties": {
        "elevation_m": 476.14752197265625,
        "kind": "tree"
      }
    },
    {
      "type": "Feature",
      "geometry": {
        "type": "Point",
        "coordinates": [
          1386.7330292547563,
          1909.4438744187398
        ]
      },
      "properties": {
        "elevation_m": 364.6082763671875,
        "kind": "tree"
      }
    },
    {
      "type": "Feature",
      "geometry": {
        "type": "Point",
        "coordinates": [
          1694.5744112253033,
          1195.8579480535204
        ]
      },
      "properties": {
        "elevation_m": 528.4690551757812,
        "kind": "tree"
      }
    },
    {
      "type": "Feature",
      "geometry": {
        "type": "Point",
        "coordinates": [
          1766.5746255924953,
          1351.1168612983774
        ]
      },
      "properties": {
        "elevation_m": 508.8616027832031,
        "kind": "tree"
      }
    },
    {
      "type": "Feature",
      "geometry": {
        "type": "Point",
        "coordinates": [
          1057.654324329847,
          442.97141653783825
        ]
      },
      "properties": {
        "elevation_m": 461.8604431152344,
        "kind": "tree"
      }
    },
    {
      "type": "Feature",
      "geometry": {
        "type": "Point",
        "coordinates": [
          1244.2231740205118,
          1941.7752595028676
        ]
      },
      "properties": {
        "elevation_m": 364.1289367675781,
        "kind": "tree"
      }
    },
    {
      "type": "Feature",
      "geometry": {
        "type": "Point",
        "coordinates": [
          2077.7080922959512,
          1258.8088272240984
        ]
      },
      "properties": {
        "elevation_m": 477.4578552246094,
        "kind": "tree"
      }
    },
    {
      "type": "Feature",
      "geometry": {
        "type": "Point",
        "coordinates": [
          886.6356200082068,
          2010.1278891741936
        ]
      },
      "properties": {
        "elevation_m": 328.4295654296875,
        "kind": "tree"
      }
    },
    {
      "type": "Feature",
      "geometry": {
        "type": "Point",
        "coordinates": [
          2022.7281443170987,
          1188.7277458465885
        ]
      },
      "properties": {
        "elevation_m": 494.6549377441406,
        "kind": "tree"
      }
    },
    {
      "type": "Feature",
      "geometry": {
        "type": "Point",
        "coordinates": [
          1758.9878757316687,
          523.1605781698529
        ]
      },
      "properties": {
        "elevation_m": 593.4862670898438,
        "kind": "tree"
      }
    },
    {
      "type": "Feature",
      "geometry": {
        "type": "Point",
        "coordinates": [
          1001.1464063884516,
          727.5004478167652
        ]
      },
      "properties": {
        "elevation_m": 473.6335754394531,
        "kind": "tree"
      }
    },
    {
      "type": "Feature",
      "geometry": {
        "type": "Point",
        "coordinates": [
          2063.7816106224186,
          737.0530222447541
        ]
      },
      "properties": {
        "elevation_m": 570.1486206054688,
        "kind": "tree"
      }
    },
    {
      "type": "Feature",
      "geometry": {
        "type": "Point",
        "coordinates": [
          1289.3572443412322,
          1937.5010137477798
        ]
      },
      "properties": {
        "elevation_m": 356.7828369140625,
        "kind": "tree"
      }
    },
    {
      "type": "Feature",
      "geometry": {
        "type": "Point",
        "coordinates": [
          1578.1834754174236,
          382.2968081774363
        ]
      },
      "properties": {
        "elevation_m": 545.3513793945312,
        "kind": "tree"
      }
    },
    {
      "type": "Feature",
      "geometry": {
        "type": "Point",
        "coordinates": [
          1160.781812572626,
          1415.8667228900063
        ]
      },
      "properties": {
        "elevation_m": 450.4182434082031,
        "kind": "tree"
      }
    },
    {
      "type": "Feature",
      "geometry": {
        "type": "Point",
        "coordinates": [
          1377.9569376232855,
          447.5706429176049
        ]
      },
      "properties": {
        "elevation_m": 510.5066833496094,
        "kind": "tree"
      }
    },
    {
      "type": "Feature",
      "geometry": {
        "type": "Point",
        "coordinates": [
          1290.578041065647,
          1960.9277900301581
        ]
      },
      "properties": {
        "elevation_m": 347.8935241699219,
        "kind": "tree"
      }
    },
    {
      "type": "Feature",
      "geometry": {
        "type": "Point",
        "coordinates": [
          2116.3306755558892,
          1195.670280732852
        ]
      },
      "properties": {
        "elevation_m": 487.14874267578125,
        "kind": "tree"
      }
    },
    {
      "type": "Feature",
      "geometry": {
        "type": "Point",
        "coordinates": [
          1774.0006682418582,
          739.201947973445
        ]
      },
      "properties": {
        "elevation_m": 591.690673828125,
        "kind": "tree"
      }
    },
    {
      "type": "Feature",
      "geometry": {
        "type": "Point",
        "coordinates": [
          1993.1636207881681,
          1008.8249058550128
        ]
      },
      "properties": {
        "elevation_m": 536.4447021484375,
        "kind": "tree"
      }
    },
    {
      "type": "Feature",
      "geometry": {
        "type": "Point",
        "coordinates": [
          1386.2844299049623,
          1616.9168653016823
        ]
      },
      "properties": {
        "elevation_m": 459.2499084472656,
        "kind": "tree"
      }
    },
    {
      "type": "Feature",
      "geometry": {
        "type": "Point",
        "coordinates": [
          1753.9687726722595,
          729.1510370165545
        ]
      },
      "properties": {
        "elevation_m": 591.2164916992188,
        "kind": "tree"
      }
    },
    {
      "type": "Feature",
      "geometry": {
        "type": "Point",
        "coordinates": [
          1097.951727052809,
          1483.232155771083
        ]
      },
      "properties": {
        "elevation_m": 435.19439697265625,
        "kind": "tree"
      }
    },
    {
      "type": "Feature",
      "geometry": {
        "type": "Point",
        "coordinates": [
          1641.0962809942127,
          1725.6670609121961
        ]
      },
      "properties": {
        "elevation_m": 420.6616516113281,
        "kind": "tree"
      }
    },
    {
      "type": "Feature",
      "geometry": {
        "type": "Point",
        "coordinates": [
          826.5101403407901,
          684.090318137426
        ]
      },
      "properties": {
        "elevation_m": 445.5824279785156,
        "kind": "tree"
      }
    },
    {
      "type": "Feature",
      "geometry": {
        "type": "Point",
        "coordinates": [
          1181.1272580012337,
          1812.353894451202
        ]
      },
      "properties": {
        "elevation_m": 400.0716857910156,
        "kind": "tree"
      }
    },
    {
      "type": "Feature",
      "geometry": {
        "type": "Point",
        "coordinates": [
          996.1986082217436,
          432.1672096595846
        ]
      },
      "properties": {
        "elevation_m": 456.3080749511719,
        "kind": "tree"
      }
    },
    {
      "type": "Feature",
      "geometry": {
        "type": "Point",
        "coordinates": [
          1645.503037938203,
          1701.1760397679527
        ]
      },
      "properties": {
        "elevation_m": 426.55499267578125,
        "kind": "tree"
      }
    },
    {
      "type": "Feature",
      "geometry": {
        "type": "Point",
        "coordinates": [
          1260.9086298874229,
          1742.444172994471
        ]
      },
      "properties": {
        "elevation_m": 423.65618896484375,
        "kind": "tree"
      }
    },
    {
      "type": "Feature",
      "geometry": {
        "type": "Point",
        "coordinates": [
          1506.6706549335956,
          473.59688691878625
        ]
      },
      "properties": {
        "elevation_m": 550.7409057617188,
        "kind": "tree"
      }
    },
    {
      "type": "Feature",
      "geometry": {
        "type": "Point",
        "coordinates": [
          1139.1328328599966,
          2042.394862915209
        ]
      },
      "properties": {
        "elevation_m": 333.5193176269531,
        "kind": "tree"
      }
    },
    {
      "type": "Feature",
      "geometry": {
        "type": "Point",
        "coordinates": [
          1688.4783736477227,
          1174.8060588168314
        ]
      },
      "properties": {
        "elevation_m": 530.1694946289062,
        "kind": "tree"
      }
    },
    {
      "type": "Feature",
      "geometry": {
        "type": "Point",
        "coordinates": [
          1937.0640811519374,
          906.9823006250195
        ]
      },
      "properties": {
        "elevation_m": 576.4033203125,
        "kind": "tree"
      }
    },
    {
      "type": "Feature",
      "geometry": {
        "type": "Point",
        "coordinates": [
          2054.991166645912,
          1232.312228052765
        ]
      },
      "properties": {
        "elevation_m": 482.3304138183594,
        "kind": "tree"
      }
    },
    {
      "type": "Feature",
      "geometry": {
        "type": "Point",
        "coordinates": [
          2156.043112288498,
          973.0637076622401
        ]
      },
      "properties": {
        "elevation_m": 535.9713134765625,
        "kind": "tree"
      }
    },
    {
      "type": "Feature",
      "geometry": {
        "type": "Point",
        "coordinates": [
          1952.5364502317857,
          1302.7453881209353
        ]
      },
      "properties": {
        "elevation_m": 482.2084045410156,
        "kind": "tree"
      }
    },
    {
      "type": "Feature",
      "geometry": {
        "type": "Point",
        "coordinates": [
          1795.4724492363814,
          1484.7825884895528
        ]
      },
      "properties": {
        "elevation_m": 460.7388916015625,
        "kind": "tree"
      }
    },
    {
      "type": "Feature",
      "geometry": {
        "type": "Point",
        "coordinates": [
          1896.4893893891922,
          704.3448772356248
        ]
      },
      "properties": {
        "elevation_m": 591.5399169921875,
        "kind": "tree"
      }
    },
    {
      "type": "Feature",
      "geometry": {
        "type": "Point",
        "coordinates": [
          1246.8735374608098,
          1751.6669594439295
        ]
      },
      "properties": {
        "elevation_m": 421.5826721191406,
        "kind": "tree"
      }
    },
    {
      "type": "Feature",
      "geometry": {
        "type": "Point",
        "coordinates": [
          1008.4304298343973,
          473.779017145529
        ]
      },
      "properties": {
        "elevation_m": 459.49237060546875,
        "kind": "tree"
      }
    },
    {
      "type": "Feature",
      "geometry": {
        "type": "Point",
        "coordinates": [
          983.5474288110447,
          1573.5931231805514
        ]
      },
      "properties": {
        "elevation_m": 360.1921081542969,
        "kind": "tree"
      }
    },
    {
      "type": "Feature",
      "geometry": {
        "type": "Point",
        "coordinates": [
          1732.265782181356,
          1170.940362648606
        ]
      },
      "properties": {
        "elevation_m": 534.3575439453125,
        "kind": "tree"
      }
    },
    {
      "type": "Feature",
      "geometry": {
        "type": "Point",
        "coordinates": [
          1111.4227234875789,
          585.2579146556782
        ]
      },
      "properties": {
        "elevation_m": 488.4501953125,
        "kind": "tree"
      }
    },
    {
      "type": "Feature",
      "geometry": {
        "type": "Point",
        "coordinates": [
          1566.4546516171492,
          1647.9424281762085
        ]
      },
      "properties": {
        "elevation_m": 453.4378662109375,
        "kind": "tree"
      }
    },
    {
      "type": "Feature",
      "geometry": {
        "type": "Point",
        "coordinates": [
          1571.2647265487683,
          404.41427015627914
        ]
      },
      "properties": {
        "elevation_m": 545.5643920898438,
        "kind": "tree"
      }
    },
    {
      "type": "Feature",
      "geometry": {
        "type": "Point",
        "coordinates": [
          1270.957400571638,
          1494.9226626136308
        ]
      },
      "properties": {
        "elevation_m": 465.0621032714844,
        "kind": "tree"
      }
    },
    {
      "type": "Feature",
      "geometry": {
        "type": "Point",
        "coordinates": [
          2022.129971527086,
          875.5140917247895
        ]
      },
      "properties": {
        "elevation_m": 565.1224975585938,
        "kind": "tree"
      }
    },
    {
      "type": "Feature",
      "geometry": {
        "type": "Point",
        "coordinates": [
          1976.682755406634,
          1037.5291341673783
        ]
      },
      "properties": {
        "elevation_m": 538.5878295898438,
        "kind": "tree"
      }
    },
    {
      "type": "Feature",
      "geometry": {
        "type": "Point",
        "coordinates": [
          1756.6983941818503,
          1398.9316347548738
        ]
      },
      "properties": {
        "elevation_m": 500.9606628417969,
        "kind": "tree"
      }
    },
    {
      "type": "Feature",
      "geometry": {
        "type": "Point",
        "coordinates": [
          900.0145104212315,
          593.1787928280135
        ]
      },
      "properties": {
        "elevation_m": 456.8764343261719,
        "kind": "tree"
      }
    },
    {
      "type": "Feature",
      "geometry": {
        "type": "Point",
        "coordinates": [
          2064.75366870526,
          1189.760856998208
        ]
      },
      "properties": {
        "elevation_m": 486.46380615234375,
        "kind": "tree"
      }
    },
    {
      "type": "Feature",
      "geometry": {
        "type": "Point",
        "coordinates": [
          1596.5780133611506,
          1509.9535798767852
        ]
      },
      "properties": {
        "elevation_m": 482.292724609375,
        "kind": "tree"
      }
    },
    {
      "type": "Feature",
      "geometry": {
        "type": "Point",
        "coordinates": [
          1430.4648880580326,
          1639.2772727617
        ]
      },
      "properties": {
        "elevation_m": 460.1326599121094,
        "kind": "tree"
      }
    },
    {
      "type": "Feature",
      "geometry": {
        "type": "Point",
        "coordinates": [
          1980.9960849998906,
          832.6001932909392
        ]
      },
      "properties": {
        "elevation_m": 580.4297485351562,
        "kind": "tree"
      }
    },
    {
      "type": "Feature",
      "geometry": {
        "type": "Point",
        "coordinates": [
          1921.6735080254898,
          599.6504359307879
        ]
      },
      "properties": {
        "elevation_m": 597.535888671875,
        "kind": "tree"
      }
    },
    {
      "type": "Feature",
      "geometry": {
        "type": "Point",
        "coordinates": [
          924.4096588273881,
          1708.6984002899485
        ]
      },
      "properties": {
        "elevation_m": 330.8646545410156,
        "kind": "tree"
      }
    },
    {
      "type": "Feature",
      "geometry": {
        "type": "Point",
        "coordinates": [
          1182.0263002434906,
          472.9632693994491
        ]
      },
      "properties": {
        "elevation_m": 480.43701171875,
        "kind": "tree"
      }
    },
    {
      "type": "Feature",
      "geometry": {
        "type": "Point",
        "coordinates": [
          1021.8064732919948,
          1615.4259644675092
        ]
      },
      "properties": {
        "elevation_m": 370.5503845214844,
        "kind": "tree"
      }
    },
    {
      "type": "Feature",
      "geometry": {
        "type": "Point",
        "coordinates": [
          1937.782168702179,
          1253.8397024385401
        ]
      },
      "properties": {
        "elevation_m": 498.1710205078125,
        "kind": "tree"
      }
    },
    {
      "type": "Feature",
      "geometry": {
        "type": "Point",
        "coordinates": [
          1038.0274349130032,
          1743.2733975982533
        ]
      },
      "properties": {
        "elevation_m": 355.98724365234375,
        "kind": "tree"
      }
    },
    {
      "type": "Feature",
      "geometry": {
        "type": "Point",
        "coordinates": [
          880.4866928948044,
          1751.126679274788
        ]
      },
      "properties": {
        "elevation_m": 320.7327575683594,
        "kind": "tree"
      }
    },
    {
      "type": "Feature",
      "geometry": {
        "type": "Point",
        "coordinates": [
          1089.7791309573936,
          1453.7920510545894
        ]
      },
      "properties": {
        "elevation_m": 434.5048828125,
        "kind": "tree"
      }
    },
    {
      "type": "Feature",
      "geometry": {
        "type": "Point",
        "coordinates": [
          1367.837235594437,
          537.8618784071137
        ]
      },
      "properties": {
        "elevation_m": 530.4896850585938,
        "kind": "tree"
      }
    },
    {
      "type": "Feature",
      "geometry": {
        "type": "Point",
        "coordinates": [
          473.2183984757855,
          1806.8322948404816
        ]
      },
      "properties": {
        "elevation_m": 289.1827087402344,
        "kind": "tree"
      }
    },
    {
      "type": "Feature",
      "geometry": {
        "type": "Point",
        "coordinates": [
          1257.540412670368,
          1385.059822435708
        ]
      },
      "properties": {
        "elevation_m": 466.19500732421875,
        "kind": "tree"
      }
    },
    {
      "type": "Feature",
      "geometry": {
        "type": "Point",
        "coordinates": [
          1930.3777293198013,
          1066.4382004388326
        ]
      },
      "properties": {
        "elevation_m": 545.5272216796875,
        "kind": "tree"
      }
    },
    {
      "type": "Feature",
      "geometry": {
        "type": "Point",
        "coordinates": [
          1598.8190845546092,
          1513.2506262333018
        ]
      },
      "properties": {
        "elevation_m": 480.3504638671875,
        "kind": "tree"
      }
    },
    {
      "type": "Feature",
      "geometry": {
        "type": "Point",
        "coordinates": [
          1948.0263598554814,
          699.020451809679
        ]
      },
      "properties": {
        "elevation_m": 591.3834838867188,
        "kind": "tree"
      }
    },
    {
      "type": "Feature",
      "geometry": {
        "type": "Point",
        "coordinates": [
          1923.0371868939174,
          1130.5248599837314
        ]
      },
      "properties": {
        "elevation_m": 527.7329711914062,
        "kind": "tree"
      }
    },
    {
      "type": "Feature",
      "geometry": {
        "type": "Point",
        "coordinates": [
          1229.504606512322,
          1657.4397748109175
        ]
      },
      "properties": {
        "elevation_m": 435.1368103027344,
        "kind": "tree"
      }
    },
    {
      "type": "Feature",
      "geometry": {
        "type": "Point",
        "coordinates": [
          1041.6556755923848,
          1441.5934313767707
        ]
      },
      "properties": {
        "elevation_m": 419.1523742675781,
        "kind": "tree"
      }
    },
    {
      "type": "Feature",
      "geometry": {
        "type": "Point",
        "coordinates": [
          920.1532178954802,
          659.0001159923497
        ]
      },
      "properties": {
        "elevation_m": 460.9333190917969,
        "kind": "tree"
      }
    },
    {
      "type": "Feature",
      "geometry": {
        "type": "Point",
        "coordinates": [
          1048.9837099001961,
          504.28234688649655
        ]
      },
      "properties": {
        "elevation_m": 467.6318359375,
        "kind": "tree"
      }
    },
    {
      "type": "Feature",
      "geometry": {
        "type": "Point",
        "coordinates": [
          1142.7696856334537,
          1994.3634915222688
        ]
      },
      "properties": {
        "elevation_m": 347.2226257324219,
        "kind": "tree"
      }
    },
    {
      "type": "Feature",
      "geometry": {
        "type": "Point",
        "coordinates": [
          411.9008332753448,
          1870.9922751781305
        ]
      },
      "properties": {
        "elevation_m": 301.96209716796875,
        "kind": "tree"
      }
    },
    {
      "type": "Feature",
      "geometry": {
        "type": "Point",
        "coordinates": [
          2110.0782942434093,
          1215.7817030118463
        ]
      },
      "properties": {
        "elevation_m": 483.6768493652344,
        "kind": "tree"
      }
    },
    {
      "type": "Feature",
      "geometry": {
        "type": "Point",
        "coordinates": [
          1795.3956554519068,
          553.2881047749715
        ]
      },
      "properties": {
        "elevation_m": 596.0980834960938,
        "kind": "tree"
      }
    },
    {
      "type": "Feature",
      "geometry": {
        "type": "Point",
        "coordinates": [
          1837.9345766548681,
          1286.1142757007701
        ]
      },
      "properties": {
        "elevation_m": 510.11810302734375,
        "kind": "tree"
      }
    },
    {
      "type": "Feature",
      "geometry": {
        "type": "Point",
        "coordinates": [
          1754.6007924438802,
          1299.1604861083224
        ]
      },
      "properties": {
        "elevation_m": 515.232666015625,
        "kind": "tree"
      }
    },
    {
      "type": "Feature",
      "geometry": {
        "type": "Point",
        "coordinates": [
          1797.1528723595225,
          594.1776783652573
        ]
      },
      "properties": {
        "elevation_m": 596.4622192382812,
        "kind": "tree"
      }
    },
    {
      "type": "Feature",
      "geometry": {
        "type": "Point",
        "coordinates": [
          1540.0255181961995,
          1552.1226361480508
        ]
      },
      "properties": {
        "elevation_m": 472.1920471191406,
        "kind": "tree"
      }
    },
    {
      "type": "Feature",
      "geometry": {
        "type": "Point",
        "coordinates": [
          1401.0609560771709,
          1882.5803068979774
        ]
      },
      "properties": {
        "elevation_m": 373.91375732421875,
        "kind": "tree"
      }
    },
    {
      "type": "Feature",
      "geometry": {
        "type": "Point",
        "coordinates": [
          1592.6229731015146,
          1456.1666880907462
        ]
      },
      "properties": {
        "elevation_m": 487.1462707519531,
        "kind": "tree"
      }
    },
    {
      "type": "Feature",
      "geometry": {
        "type": "Point",
        "coordinates": [
          915.8594593284452,
          706.4256154611758
        ]
      },
      "properties": {
        "elevation_m": 459.87896728515625,
        "kind": "tree"
      }
    },
    {
      "type": "Feature",
      "geometry": {
        "type": "Point",
        "coordinates": [
          942.5207746987688,
          1790.5054754640498
        ]
      },
      "properties": {
        "elevation_m": 333.2969055175781,
        "kind": "tree"
      }
    },
    {
      "type": "Feature",
      "geometry": {
        "type": "Point",
        "coordinates": [
          1997.4443430887795,
          896.4860937278743
        ]
      },
      "properties": {
        "elevation_m": 566.0840454101562,
        "kind": "tree"
      }
    },
    {
      "type": "Feature",
      "geometry": {
        "type": "Point",
        "coordinates": [
          1902.2715135532883,
          537.7790391290675
        ]
      },
      "properties": {
        "elevation_m": 600.1223754882812,
        "kind": "tree"
      }
    },
    {
      "type": "Feature",
      "geometry": {
        "type": "Point",
        "coordinates": [
          1099.9993066410111,
          526.3472328211608
        ]
      },
      "properties": {
        "elevation_m": 473.6070251464844,
        "kind": "tree"
      }
    },
    {
      "type": "Feature",
      "geometry": {
        "type": "Point",
        "coordinates": [
          1035.664960923737,
          1663.2801782684523
        ]
      },
      "properties": {
        "elevation_m": 366.1578063964844,
        "kind": "tree"
      }
    },
    {
      "type": "Feature",
      "geometry": {
        "type": "Point",
        "coordinates": [
          1539.5910323428723,
          1455.0236407230207
        ]
      },
      "properties": {
        "elevation_m": 486.91021728515625,
        "kind": "tree"
      }
    },
    {
      "type": "Feature",
      "geometry": {
        "type": "Point",
        "coordinates": [
          961.8645692597355,
          443.47237572741125
        ]
      },
      "properties": {
        "elevation_m": 453.2624816894531,
        "kind": "tree"
      }
    },
    {
      "type": "Feature",
      "geometry": {
        "type": "Point",
        "coordinates": [
          981.6945121255084,
          472.2757914231156
        ]
      },
      "properties": {
        "elevation_m": 455.87554931640625,
        "kind": "tree"
      }
    },
    {
      "type": "Feature",
      "geometry": {
        "type": "Point",
        "coordinates": [
          815.0516018326998,
          1834.3001819067324
        ]
      },
      "properties": {
        "elevation_m": 293.55548095703125,
        "kind": "tree"
      }
    },
    {
      "type": "Feature",
      "geometry": {
        "type": "Point",
        "coordinates": [
          2022.0041433107256,
          715.0634203611553
        ]
      },
      "properties": {
        "elevation_m": 583.1862182617188,
        "kind": "tree"
      }
    },
    {
      "type": "Feature",
      "geometry": {
        "type": "Point",
        "coordinates": [
          1370.948456833597,
          1606.277044207519
        ]
      },
      "properties": {
        "elevation_m": 459.6201477050781,
        "kind": "tree"
      }
    },
    {
      "type": "Feature",
      "geometry": {
        "type": "Point",
        "coordinates": [
          1788.500322005355,
          1505.4862409565785
        ]
      },
      "properties": {
        "elevation_m": 453.7481384277344,
        "kind": "tree"
      }
    },
    {
      "type": "Feature",
      "geometry": {
        "type": "Point",
        "coordinates": [
          1170.201619263073,
          1890.6784895354913
        ]
      },
      "properties": {
        "elevation_m": 386.3260192871094,
        "kind": "tree"
      }
    },
    {
      "type": "Feature",
      "geometry": {
        "type": "Point",
        "coordinates": [
          1943.5359374017387,
          1149.2347237218312
        ]
      },
      "properties": {
        "elevation_m": 520.4278564453125,
        "kind": "tree"
      }
    },
    {
      "type": "Feature",
      "geometry": {
        "type": "Point",
        "coordinates": [
          1300.3825185777607,
          1742.711532310084
        ]
      },
      "properties": {
        "elevation_m": 426.7816467285156,
        "kind": "tree"
      }
    },
    {
      "type": "Feature",
      "geometry": {
        "type": "Point",
        "coordinates": [
          1265.9047398360678,
          1537.8681027326124
        ]
      },
      "properties": {
        "elevation_m": 459.53814697265625,
        "kind": "tree"
      }
    },
    {
      "type": "Feature",
      "geometry": {
        "type": "Point",
        "coordinates": [
          926.8193122426803,
          1909.5648043659073
        ]
      },
      "properties": {
        "elevation_m": 332.85858154296875,
        "kind": "tree"
      }
    },
    {
      "type": "Feature",
      "geometry": {
        "type": "Point",
        "coordinates": [
          1847.050827688545,
          381.107978881964
        ]
      },
      "properties": {
        "elevation_m": 594.0858764648438,
        "kind": "tree"
      }
    },
    {
      "type": "Feature",
      "geometry": {
        "type": "Point",
        "coordinates": [
          1086.6578001102591,
          2020.6769200858143
        ]
      },
      "properties": {
        "elevation_m": 348.798828125,
        "kind": "tree"
      }
    },
    {
      "type": "Feature",
      "geometry": {
        "type": "Point",
        "coordinates": [
          727.3535818908199,
          1886.267715217798
        ]
      },
      "properties": {
        "elevation_m": 299.15155029296875,
        "kind": "tree"
      }
    },
    {
      "type": "Feature",
      "geometry": {
        "type": "Point",
        "coordinates": [
          1538.0339442315408,
          1719.942220458461
        ]
      },
      "properties": {
        "elevation_m": 438.0293884277344,
        "kind": "tree"
      }
    },
    {
      "type": "Feature",
      "geometry": {
        "type": "Point",
        "coordinates": [
          1124.0023802777305,
          1476.0918258117697
        ]
      },
      "properties": {
        "elevation_m": 440.41217041015625,
        "kind": "tree"
      }
    },
    {
      "type": "Feature",
      "geometry": {
        "type": "Point",
        "coordinates": [
          1866.8746291211658,
          1043.7495120589329
        ]
      },
      "properties": {
        "elevation_m": 557.9683227539062,
        "kind": "tree"
      }
    },
    {
      "type": "Feature",
      "geometry": {
        "type": "Point",
        "coordinates": [
          1443.360948528002,
          1789.7705611011934
        ]
      },
      "properties": {
        "elevation_m": 413.353271484375,
        "kind": "tree"
      }
    },
    {
      "type": "Feature",
      "geometry": {
        "type": "Point",
        "coordinates": [
          650.152859468732,
          1759.0433745359903
        ]
      },
      "properties": {
        "elevation_m": 283.1036071777344,
        "kind": "tree"
      }
    },
    {
      "type": "Feature",
      "geometry": {
        "type": "Point",
        "coordinates": [
          1765.067735408023,
          1501.9764309362524
        ]
      },
      "properties": {
        "elevation_m": 456.3714599609375,
        "kind": "tree"
      }
    },
    {
      "type": "Feature",
      "geometry": {
        "type": "Point",
        "coordinates": [
          1110.178579044055,
          1839.8945924494774
        ]
      },
      "properties": {
        "elevation_m": 378.5090026855469,
        "kind": "tree"
      }
    },
    {
      "type": "Feature",
      "geometry": {
        "type": "Point",
        "coordinates": [
          1032.6595010986796,
          1461.458182156226
        ]
      },
      "properties": {
        "elevation_m": 416.9388427734375,
        "kind": "tree"
      }
    },
    {
      "type": "Feature",
      "geometry": {
        "type": "Point",
        "coordinates": [
          1725.7044305289119,
          1149.1152211858662
        ]
      },
      "properties": {
        "elevation_m": 536.4666748046875,
        "kind": "tree"
      }
    },
    {
      "type": "Feature",
      "geometry": {
        "type": "Point",
        "coordinates": [
          1446.2034602464578,
          1673.8559273277515
        ]
      },
      "properties": {
        "elevation_m": 454.7039489746094,
        "kind": "tree"
      }
    },
    {
      "type": "Feature",
      "geometry": {
        "type": "Point",
        "coordinates": [
          2102.528835174675,
          982.0255072509084
        ]
      },
      "properties": {
        "elevation_m": 532.8717041015625,
        "kind": "tree"
      }
    },
    {
      "type": "Feature",
      "geometry": {
        "type": "Point",
        "coordinates": [
          2218.627613116897,
          1022.5530203513853
        ]
      },
      "properties": {
        "elevation_m": 524.6976928710938,
        "kind": "tree"
      }
    },
    {
      "type": "Feature",
      "geometry": {
        "type": "Point",
        "coordinates": [
          1815.7232316883283,
          1303.5224333199885
        ]
      },
      "properties": {
        "elevation_m": 513.1912841796875,
        "kind": "tree"
      }
    },
    {
      "type": "Feature",
      "geometry": {
        "type": "Point",
        "coordinates": [
          1829.0849235463959,
          702.5614785883031
        ]
      },
      "properties": {
        "elevation_m": 592.7156982421875,
        "kind": "tree"
      }
    },
    {
      "type": "Feature",
      "geometry": {
        "type": "Point",
        "coordinates": [
          1835.2927108266315,
          740.9749044175364
        ]
      },
      "properties": {
        "elevation_m": 590.386962890625,
        "kind": "tree"
      }
    },
    {
      "type": "Feature",
      "geometry": {
        "type": "Point",
        "coordinates": [
          2150.8402853832295,
          1128.5099958089704
        ]
      },
      "properties": {
        "elevation_m": 496.9784240722656,
        "kind": "tree"
      }
    },
    {
      "type": "Feature",
      "geometry": {
        "type": "Point",
        "coordinates": [
          1388.3865782835032,
          1465.5556144282525
        ]
      },
      "properties": {
        "elevation_m": 479.235107421875,
        "kind": "tree"
      }
    },
    {
      "type": "Feature",
      "geometry": {
        "type": "Point",
        "coordinates": [
          1577.175011213731,
          1284.672059453301
        ]
      },
      "properties": {
        "elevation_m": 503.3468933105469,
        "kind": "tree"
      }
    },
    {
      "type": "Feature",
      "geometry": {
        "type": "Point",
        "coordinates": [
          1161.5012861798305,
          525.9164738952147
        ]
      },
      "properties": {
        "elevation_m": 480.81915283203125,
        "kind": "tree"
      }
    },
    {
      "type": "Feature",
      "geometry": {
        "type": "Point",
        "coordinates": [
          689.2029691480254,
          1765.2178227920335
        ]
      },
      "properties": {
        "elevation_m": 288.2451477050781,
        "kind": "tree"
      }
    },
    {
      "type": "Feature",
      "geometry": {
        "type": "Point",
        "coordinates": [
          981.9425084457339,
          1908.7711218387112
        ]
      },
      "properties": {
        "elevation_m": 343.65380859375,
        "kind": "tree"
      }
    },
    {
      "type": "Feature",
      "geometry": {
        "type": "Point",
        "coordinates": [
          1982.8012084598968,
          781.150234296787
        ]
      },
      "properties": {
        "elevation_m": 586.54736328125,
        "kind": "tree"
      }
    },
    {
      "type": "Feature",
      "geometry": {
        "type": "Point",
        "coordinates": [
          1792.4395331316855,
          407.03004733276913
        ]
      },
      "properties": {
        "elevation_m": 590.484130859375,
        "kind": "tree"
      }
    },
    {
      "type": "Feature",
      "geometry": {
        "type": "Point",
        "coordinates": [
          1182.4476994335132,
          1661.7824367992946
        ]
      },
      "properties": {
        "elevation_m": 424.1661376953125,
        "kind": "tree"
      }
    },
    {
      "type": "Feature",
      "geometry": {
        "type": "Point",
        "coordinates": [
          838.6298392476828,
          1918.0146492625827
        ]
      },
      "properties": {
        "elevation_m": 307.1200256347656,
        "kind": "tree"
      }
    },
    {
      "type": "Feature",
      "geometry": {
        "type": "Point",
        "coordinates": [
          1203.5629214865314,
          1793.7008584394375
        ]
      },
      "properties": {
        "elevation_m": 408.4721374511719,
        "kind": "tree"
      }
    },
    {
      "type": "Feature",
      "geometry": {
        "type": "Point",
        "coordinates": [
          2173.1265663568156,
          1114.2352798625798
        ]
      },
      "properties": {
        "elevation_m": 503.143310546875,
        "kind": "tree"
      }
    },
    {
      "type": "Feature",
      "geometry": {
        "type": "Point",
        "coordinates": [
          1077.2918246946206,
          1677.4610982264621
        ]
      },
      "properties": {
        "elevation_m": 381.0682373046875,
        "kind": "tree"
      }
    },
    {
      "type": "Feature",
      "geometry": {
        "type": "Point",
        "coordinates": [
          860.3961551665053,
          1878.718269048459
        ]
      },
      "properties": {
        "elevation_m": 312.3488464355469,
        "kind": "tree"
      }
    },
    {
      "type": "Feature",
      "geometry": {
        "type": "Point",
        "coordinates": [
          1247.7387346687474,
          1741.5202375246845
        ]
      },
      "properties": {
        "elevation_m": 421.5826721191406,
        "kind": "tree"
      }
    },
    {
      "type": "Feature",
      "geometry": {
        "type": "Point",
        "coordinates": [
          1483.1862620969134,
          1614.3840181547075
        ]
      },
      "properties": {
        "elevation_m": 466.55474853515625,
        "kind": "tree"
      }
    },
    {
      "type": "Feature",
      "geometry": {
        "type": "Point",
        "coordinates": [
          1439.7816098333567,
          1527.2689661336724
        ]
      },
      "properties": {
        "elevation_m": 477.88397216796875,
        "kind": "tree"
      }
    },
    {
      "type": "Feature",
      "geometry": {
        "type": "Point",
        "coordinates": [
          1031.370457132329,
          477.3129057943604
        ]
      },
      "properties": {
        "elevation_m": 460.5382995605469,
        "kind": "tree"
      }
    },
    {
      "type": "Feature",
      "geometry": {
        "type": "Point",
        "coordinates": [
          1908.8557084831145,
          1033.3229193208012
        ]
      },
      "properties": {
        "elevation_m": 555.6651000976562,
        "kind": "tree"
      }
    },
    {
      "type": "Feature",
      "geometry": {
        "type": "Point",
        "coordinates": [
          1492.2903521438354,
          1825.4241294547269
        ]
      },
      "properties": {
        "elevation_m": 396.35992431640625,
        "kind": "tree"
      }
    },
    {
      "type": "Feature",
      "geometry": {
        "type": "Point",
        "coordinates": [
          1251.2824718608476,
          1587.3795354528768
        ]
      },
      "properties": {
        "elevation_m": 449.3004150390625,
        "kind": "tree"
      }
    },
    {
      "type": "Feature",
      "geometry": {
        "type": "Point",
        "coordinates": [
          1000.1926564580122,
          1760.2732650156806
        ]
      },
      "properties": {
        "elevation_m": 346.22454833984375,
        "kind": "tree"
      }
    },
    {
      "type": "Feature",
      "geometry": {
        "type": "Point",
        "coordinates": [
          1926.0007503254287,
          534.8293106661681
        ]
      },
      "properties": {
        "elevation_m": 600.7293701171875,
        "kind": "tree"
      }
    },
    {
      "type": "Feature",
      "geometry": {
        "type": "Point",
        "coordinates": [
          1203.8004645400279,
          1433.0999062423225
        ]
      },
      "properties": {
        "elevation_m": 460.41693115234375,
        "kind": "tree"
      }
    },
    {
      "type": "Feature",
      "geometry": {
        "type": "Point",
        "coordinates": [
          1241.6865310615867,
          1748.9937432816332
        ]
      },
      "properties": {
        "elevation_m": 421.5826721191406,
        "kind": "tree"
      }
    },
    {
      "type": "Feature",
      "geometry": {
        "type": "Point",
        "coordinates": [
          1993.4258675791039,
          1227.5265003824948
        ]
      },
      "properties": {
        "elevation_m": 489.39434814453125,
        "kind": "tree"
      }
    },
    {
      "type": "Feature",
      "geometry": {
        "type": "Point",
        "coordinates": [
          1392.6700324562348,
          1618.7578579760213
        ]
      },
      "properties": {
        "elevation_m": 460.5745544433594,
        "kind": "tree"
      }
    },
    {
      "type": "Feature",
      "geometry": {
        "type": "Point",
        "coordinates": [
          1902.8964836556413,
          528.8836723906891
        ]
      },
      "properties": {
        "elevation_m": 600.1223754882812,
        "kind": "tree"
      }
    },
    {
      "type": "Feature",
      "geometry": {
        "type": "Point",
        "coordinates": [
          1015.8694883350016,
          545.2851564075165
        ]
      },
      "properties": {
        "elevation_m": 468.23626708984375,
        "kind": "tree"
      }
    },
    {
      "type": "Feature",
      "geometry": {
        "type": "Point",
        "coordinates": [
          865.2918904957093,
          1771.4004949274386
        ]
      },
      "properties": {
        "elevation_m": 317.0163269042969,
        "kind": "tree"
      }
    },
    {
      "type": "Feature",
      "geometry": {
        "type": "Point",
        "coordinates": [
          1371.7082587558384,
          1878.5888580064989
        ]
      },
      "properties": {
        "elevation_m": 373.9525146484375,
        "kind": "tree"
      }
    },
    {
      "type": "Feature",
      "geometry": {
        "type": "Point",
        "coordinates": [
          1684.6648861326921,
          1245.0709811367278
        ]
      },
      "properties": {
        "elevation_m": 521.1747436523438,
        "kind": "tree"
      }
    },
    {
      "type": "Feature",
      "geometry": {
        "type": "Point",
        "coordinates": [
          1413.2707106319008,
          1714.323128723571
        ]
      },
      "properties": {
        "elevation_m": 444.91131591796875,
        "kind": "tree"
      }
    },
    {
      "type": "Feature",
      "geometry": {
        "type": "Point",
        "coordinates": [
          1866.2664636263512,
          1317.4220916543327
        ]
      },
      "properties": {
        "elevation_m": 496.2821044921875,
        "kind": "tree"
      }
    },
    {
      "type": "Feature",
      "geometry": {
        "type": "Point",
        "coordinates": [
          339.80976093070115,
          1947.5214389284413
        ]
      },
      "properties": {
        "elevation_m": 286.1973876953125,
        "kind": "tree"
      }
    },
    {
      "type": "Feature",
      "geometry": {
        "type": "Point",
        "coordinates": [
          1149.9130202793322,
          1496.815496440147
        ]
      },
      "properties": {
        "elevation_m": 444.1778259277344,
        "kind": "tree"
      }
    },
    {
      "type": "Feature",
      "geometry": {
        "type": "Point",
        "coordinates": [
          1135.2888829581225,
          1704.5273692281287
        ]
      },
      "properties": {
        "elevation_m": 400.753662109375,
        "kind": "tree"
      }
    },
    {
      "type": "Feature",
      "geometry": {
        "type": "Point",
        "coordinates": [
          1850.437615184935,
          884.1241450213846
        ]
      },
      "properties": {
        "elevation_m": 580.0676879882812,
        "kind": "tree"
      }
    },
    {
      "type": "Feature",
      "geometry": {
        "type": "Point",
        "coordinates": [
          1536.5523223280998,
          1474.7088021798577
        ]
      },
      "properties": {
        "elevation_m": 486.1512756347656,
        "kind": "tree"
      }
    },
    {
      "type": "Feature",
      "geometry": {
        "type": "Point",
        "coordinates": [
          402.4830343875316,
          1906.8737985185262
        ]
      },
      "properties": {
        "elevation_m": 305.2384338378906,
        "kind": "tree"
      }
    },
    {
      "type": "Feature",
      "geometry": {
        "type": "Point",
        "coordinates": [
          2059.1022573583664,
          904.8522762593102
        ]
      },
      "properties": {
        "elevation_m": 550.3272094726562,
        "kind": "tree"
      }
    },
    {
      "type": "Feature",
      "geometry": {
        "type": "Point",
        "coordinates": [
          1368.5827957701206,
          416.3367042267085
        ]
      },
      "properties": {
        "elevation_m": 508.165771484375,
        "kind": "tree"
      }
    },
    {
      "type": "Feature",
      "geometry": {
        "type": "Point",
        "coordinates": [
          989.1966634636776,
          2015.8207953838323
        ]
      },
      "properties": {
        "elevation_m": 347.1113586425781,
        "kind": "tree"
      }
    },
    {
      "type": "Feature",
      "geometry": {
        "type": "Point",
        "coordinates": [
          1708.3620347463605,
          1482.2199651408494
        ]
      },
      "properties": {
        "elevation_m": 482.2154846191406,
        "kind": "tree"
      }
    },
    {
      "type": "Feature",
      "geometry": {
        "type": "Point",
        "coordinates": [
          1609.8942363733038,
          1344.4085518115226
        ]
      },
      "properties": {
        "elevation_m": 499.9317626953125,
        "kind": "tree"
      }
    },
    {
      "type": "Feature",
      "geometry": {
        "type": "Point",
        "coordinates": [
          1330.8971632354187,
          1416.0823500648494
        ]
      },
      "properties": {
        "elevation_m": 474.298095703125,
        "kind": "tree"
      }
    },
    {
      "type": "Feature",
      "geometry": {
        "type": "Point",
        "coordinates": [
          1329.8436832835964,
          1656.7202111658603
        ]
      },
      "properties": {
        "elevation_m": 446.3612976074219,
        "kind": "tree"
      }
    },
    {
      "type": "Feature",
      "geometry": {
        "type": "Point",
        "coordinates": [
          1163.0764721311025,
          558.6824177571987
        ]
      },
      "properties": {
        "elevation_m": 491.2345275878906,
        "kind": "tree"
      }
    },
    {
      "type": "Feature",
      "geometry": {
        "type": "Point",
        "coordinates": [
          1366.4888128459158,
          1576.2901182879257
        ]
      },
      "properties": {
        "elevation_m": 463.06976318359375,
        "kind": "tree"
      }
    },
    {
      "type": "Feature",
      "geometry": {
        "type": "Point",
        "coordinates": [
          875.9738031920001,
          651.989589200431
        ]
      },
      "properties": {
        "elevation_m": 448.448486328125,
        "kind": "tree"
      }
    },
    {
      "type": "Feature",
      "geometry": {
        "type": "Point",
        "coordinates": [
          1931.8229996212365,
          767.0655989253432
        ]
      },
      "properties": {
        "elevation_m": 588.0613403320312,
        "kind": "tree"
      }
    },
    {
      "type": "Feature",
      "geometry": {
        "type": "Point",
        "coordinates": [
          827.1498107888976,
          1827.0962061774023
        ]
      },
      "properties": {
        "elevation_m": 298.8177185058594,
        "kind": "tree"
      }
    },
    {
      "type": "Feature",
      "geometry": {
        "type": "Point",
        "coordinates": [
          705.5216870855133,
          1687.8096253177061
        ]
      },
      "properties": {
        "elevation_m": 290.1313171386719,
        "kind": "tree"
      }
    },
    {
      "type": "Feature",
      "geometry": {
        "type": "Point",
        "coordinates": [
          1261.5369788092157,
          1345.6624411723
        ]
      },
      "properties": {
        "elevation_m": 466.60528564453125,
        "kind": "tree"
      }
    },
    {
      "type": "Feature",
      "geometry": {
        "type": "Point",
        "coordinates": [
          1724.018185429289,
          1225.6801965261263
        ]
      },
      "properties": {
        "elevation_m": 525.1597900390625,
        "kind": "tree"
      }
    },
    {
      "type": "Feature",
      "geometry": {
        "type": "Point",
        "coordinates": [
          1524.4170535554406,
          1369.209679673384
        ]
      },
      "properties": {
        "elevation_m": 487.4891052246094,
        "kind": "tree"
      }
    },
    {
      "type": "Feature",
      "geometry": {
        "type": "Point",
        "coordinates": [
          731.7395475918086,
          1889.4206539270072
        ]
      },
      "properties": {
        "elevation_m": 299.15155029296875,
        "kind": "tree"
      }
    },
    {
      "type": "Feature",
      "geometry": {
        "type": "Point",
        "coordinates": [
          1718.458545633638,
          1444.5082122052027
        ]
      },
      "properties": {
        "elevation_m": 490.8746337890625,
        "kind": "tree"
      }
    },
    {
      "type": "Feature",
      "geometry": {
        "type": "Point",
        "coordinates": [
          996.4135866621442,
          553.5205247073224
        ]
      },
      "properties": {
        "elevation_m": 468.14593505859375,
        "kind": "tree"
      }
    },
    {
      "type": "Feature",
      "geometry": {
        "type": "Point",
        "coordinates": [
          1350.9323895079308,
          1382.7129543185097
        ]
      },
      "properties": {
        "elevation_m": 477.5997009277344,
        "kind": "tree"
      }
    },
    {
      "type": "Feature",
      "geometry": {
        "type": "Point",
        "coordinates": [
          1158.2152346274606,
          1650.659627813031
        ]
      },
      "properties": {
        "elevation_m": 422.2131652832031,
        "kind": "tree"
      }
    },
    {
      "type": "Feature",
      "geometry": {
        "type": "Point",
        "coordinates": [
          1719.331411744854,
          1518.6926794759852
        ]
      },
      "properties": {
        "elevation_m": 464.5123596191406,
        "kind": "tree"
      }
    },
    {
      "type": "Feature",
      "geometry": {
        "type": "Point",
        "coordinates": [
          1893.8941149939862,
          575.2930356835216
        ]
      },
      "properties": {
        "elevation_m": 596.607177734375,
        "kind": "tree"
      }
    },
    {
      "type": "Feature",
      "geometry": {
        "type": "Point",
        "coordinates": [
          1558.8895729106991,
          1390.5283996204882
        ]
      },
      "properties": {
        "elevation_m": 487.52996826171875,
        "kind": "tree"
      }
    },
    {
      "type": "Feature",
      "geometry": {
        "type": "Point",
        "coordinates": [
          1843.19660350535,
          753.7693393884072
        ]
      },
      "properties": {
        "elevation_m": 588.4141235351562,
        "kind": "tree"
      }
    },
    {
      "type": "Feature",
      "geometry": {
        "type": "Point",
        "coordinates": [
          1398.1811877639545,
          1788.2883073207424
        ]
      },
      "properties": {
        "elevation_m": 411.51690673828125,
        "kind": "tree"
      }
    },
    {
      "type": "Feature",
      "geometry": {
        "type": "Point",
        "coordinates": [
          1755.6613661861425,
          597.1104578644886
        ]
      },
      "properties": {
        "elevation_m": 596.7310180664062,
        "kind": "tree"
      }
    },
    {
      "type": "Feature",
      "geometry": {
        "type": "Point",
        "coordinates": [
          798.4307935603815,
          2012.0097295577082
        ]
      },
      "properties": {
        "elevation_m": 296.8612060546875,
        "kind": "tree"
      }
    },
    {
      "type": "Feature",
      "geometry": {
        "type": "Point",
        "coordinates": [
          1199.3837498655348,
          1567.1642928284439
        ]
      },
      "properties": {
        "elevation_m": 444.2914733886719,
        "kind": "tree"
      }
    },
    {
      "type": "Feature",
      "geometry": {
        "type": "Point",
        "coordinates": [
          1665.4979210675597,
          1207.907591247486
        ]
      },
      "properties": {
        "elevation_m": 523.4052734375,
        "kind": "tree"
      }
    },
    {
      "type": "Feature",
      "geometry": {
        "type": "Point",
        "coordinates": [
          740.2877757788074,
          1778.834097650325
        ]
      },
      "properties": {
        "elevation_m": 285.6009216308594,
        "kind": "tree"
      }
    },
    {
      "type": "Feature",
      "geometry": {
        "type": "Point",
        "coordinates": [
          1139.813722680689,
          1952.3657227991864
        ]
      },
      "properties": {
        "elevation_m": 366.5260009765625,
        "kind": "tree"
      }
    },
    {
      "type": "Feature",
      "geometry": {
        "type": "Point",
        "coordinates": [
          2024.7161187393183,
          857.1667371602931
        ]
      },
      "properties": {
        "elevation_m": 567.6353149414062,
        "kind": "tree"
      }
    },
    {
      "type": "Feature",
      "geometry": {
        "type": "Point",
        "coordinates": [
          1187.8045033241394,
          482.07620543770884
        ]
      },
      "properties": {
        "elevation_m": 480.810546875,
        "kind": "tree"
      }
    },
    {
      "type": "Feature",
      "geometry": {
        "type": "Point",
        "coordinates": [
          1239.8346814591605,
          1876.9348389764177
        ]
      },
      "properties": {
        "elevation_m": 388.3038330078125,
        "kind": "tree"
      }
    },
    {
      "type": "Feature",
      "geometry": {
        "type": "Point",
        "coordinates": [
          1716.1867347994728,
          600.4802335913668
        ]
      },
      "properties": {
        "elevation_m": 594.2841796875,
        "kind": "tree"
      }
    },
    {
      "type": "Feature",
      "geometry": {
        "type": "Point",
        "coordinates": [
          1302.100524945303,
          1485.902430005141
        ]
      },
      "properties": {
        "elevation_m": 470.3692932128906,
        "kind": "tree"
      }
    },
    {
      "type": "Feature",
      "geometry": {
        "type": "Point",
        "coordinates": [
          1367.8517394804442,
          1686.8503317049613
        ]
      },
      "properties": {
        "elevation_m": 446.1234436035156,
        "kind": "tree"
      }
    },
    {
      "type": "Feature",
      "geometry": {
        "type": "Point",
        "coordinates": [
          961.2856995463612,
          1694.9603554642154
        ]
      },
      "properties": {
        "elevation_m": 338.56787109375,
        "kind": "tree"
      }
    },
    {
      "type": "Feature",
      "geometry": {
        "type": "Point",
        "coordinates": [
          1214.5351210796127,
          1407.1275409825857
        ]
      },
      "properties": {
        "elevation_m": 461.81951904296875,
        "kind": "tree"
      }
    },
    {
      "type": "Feature",
      "geometry": {
        "type": "Point",
        "coordinates": [
          1086.722271159012,
          2044.3267536242126
        ]
      },
      "properties": {
        "elevation_m": 341.5296325683594,
        "kind": "tree"
      }
    },
    {
      "type": "Feature",
      "geometry": {
        "type": "Point",
        "coordinates": [
          1291.3849571353442,
          1530.1735077766245
        ]
      },
      "properties": {
        "elevation_m": 463.67742919921875,
        "kind": "tree"
      }
    },
    {
      "type": "Feature",
      "geometry": {
        "type": "Point",
        "coordinates": [
          1634.4531378031095,
          1485.7429339631349
        ]
      },
      "properties": {
        "elevation_m": 487.2565002441406,
        "kind": "tree"
      }
    },
    {
      "type": "Feature",
      "geometry": {
        "type": "Point",
        "coordinates": [
          1184.8543236068494,
          514.4129558054433
        ]
      },
      "properties": {
        "elevation_m": 483.998291015625,
        "kind": "tree"
      }
    },
    {
      "type": "Feature",
      "geometry": {
        "type": "Point",
        "coordinates": [
          1172.9709072953533,
          1423.4083200627497
        ]
      },
      "properties": {
        "elevation_m": 452.9814453125,
        "kind": "tree"
      }
    },
    {
      "type": "Feature",
      "geometry": {
        "type": "Point",
        "coordinates": [
          1327.5815730855743,
          1445.2632221329413
        ]
      },
      "properties": {
        "elevation_m": 474.18524169921875,
        "kind": "tree"
      }
    },
    {
      "type": "Feature",
      "geometry": {
        "type": "Point",
        "coordinates": [
          1433.7277214923597,
          1895.8997748252225
        ]
      },
      "properties": {
        "elevation_m": 372.1466369628906,
        "kind": "tree"
      }
    },
    {
      "type": "Feature",
      "geometry": {
        "type": "Point",
        "coordinates": [
          1053.4477066290146,
          1627.6204543708595
        ]
      },
      "properties": {
        "elevation_m": 380.82147216796875,
        "kind": "tree"
      }
    },
    {
      "type": "Feature",
      "geometry": {
        "type": "Point",
        "coordinates": [
          870.2223560241948,
          1956.769416401355
        ]
      },
      "properties": {
        "elevation_m": 319.90521240234375,
        "kind": "tree"
      }
    },
    {
      "type": "Feature",
      "geometry": {
        "type": "Point",
        "coordinates": [
          1336.8113395361868,
          1588.533913420446
        ]
      },
      "properties": {
        "elevation_m": 459.3465881347656,
        "kind": "tree"
      }
    },
    {
      "type": "Feature",
      "geometry": {
        "type": "Point",
        "coordinates": [
          179.5900805994151,
          859.0966998947927
        ]
      },
      "properties": {
        "elevation_m": 454.2320861816406,
        "kind": "tree"
      }
    },
    {
      "type": "Feature",
      "geometry": {
        "type": "Point",
        "coordinates": [
          212.69140061694512,
          898.4623630762113
        ]
      },
      "properties": {
        "elevation_m": 457.8836975097656,
        "kind": "tree"
      }
    },
    {
      "type": "Feature",
      "geometry": {
        "type": "Point",
        "coordinates": [
          280.5878325058349,
          965.6921407754662
        ]
      },
      "properties": {
        "elevation_m": 458.8901672363281,
        "kind": "tree"
      }
    },
    {
      "type": "Feature",
      "geometry": {
        "type": "Point",
        "coordinates": [
          158.00056080297006,
          923.7865133693791
        ]
      },
      "properties": {
        "elevation_m": 449.55316162109375,
        "kind": "tree"
      }
    },
    {
      "type": "Feature",
      "geometry": {
        "type": "Point",
        "coordinates": [
          93.50321841392568,
          888.2162666461246
        ]
      },
      "properties": {
        "elevation_m": 440.4388122558594,
        "kind": "tree"
      }
    },
    {
      "type": "Feature",
      "geometry": {
        "type": "Point",
        "coordinates": [
          162.51804667298435,
          848.1447231817633
        ]
      },
      "properties": {
        "elevation_m": 452.20269775390625,
        "kind": "tree"
      }
    },
    {
      "type": "Feature",
      "geometry": {
        "type": "Point",
        "coordinates": [
          245.77752341109405,
          941.4677031491264
        ]
      },
      "properties": {
        "elevation_m": 457.9696350097656,
        "kind": "tree"
      }
    },
    {
      "type": "Feature",
      "geometry": {
        "type": "Point",
        "coordinates": [
          158.2087105646181,
          968.0556452448056
        ]
      },
      "properties": {
        "elevation_m": 443.831787109375,
        "kind": "tree"
      }
    },
    {
      "type": "Feature",
      "geometry": {
        "type": "Point",
        "coordinates": [
          169.63669744553553,
          1013.8899618947692
        ]
      },
      "properties": {
        "elevation_m": 440.8147277832031,
        "kind": "tree"
      }
    },
    {
      "type": "Feature",
      "geometry": {
        "type": "Point",
        "coordinates": [
          205.2958503969453,
          1032.2249465036305
        ]
      },
      "properties": {
        "elevation_m": 442.481201171875,
        "kind": "tree"
      }
    },
    {
      "type": "Feature",
      "geometry": {
        "type": "Point",
        "coordinates": [
          170.09372536262094,
          925.012727125977
        ]
      },
      "properties": {
        "elevation_m": 450.39202880859375,
        "kind": "tree"
      }
    },
    {
      "type": "Feature",
      "geometry": {
        "type": "Point",
        "coordinates": [
          172.819278429294,
          868.6522128215282
        ]
      },
      "properties": {
        "elevation_m": 453.97491455078125,
        "kind": "tree"
      }
    },
    {
      "type": "Feature",
      "geometry": {
        "type": "Point",
        "coordinates": [
          141.5979247960969,
          968.7153398380897
        ]
      },
      "properties": {
        "elevation_m": 440.6329650878906,
        "kind": "tree"
      }
    },
    {
      "type": "Feature",
      "geometry": {
        "type": "Point",
        "coordinates": [
          282.55045060345515,
          915.9483553935758
        ]
      },
      "properties": {
        "elevation_m": 463.8400573730469,
        "kind": "tree"
      }
    },
    {
      "type": "Feature",
      "geometry": {
        "type": "Point",
        "coordinates": [
          612.0881462919721,
          911.5557271192305
        ]
      },
      "properties": {
        "elevation_m": 473.88653564453125,
        "kind": "tree"
      }
    },
    {
      "type": "Feature",
      "geometry": {
        "type": "Point",
        "coordinates": [
          582.7369904833183,
          892.5409298192407
        ]
      },
      "properties": {
        "elevation_m": 471.73199462890625,
        "kind": "tree"
      }
    },
    {
      "type": "Feature",
      "geometry": {
        "type": "Point",
        "coordinates": [
          923.6948298138445,
          1016.09690989515
        ]
      },
      "properties": {
        "elevation_m": 463.6016845703125,
        "kind": "tree"
      }
    },
    {
      "type": "Feature",
      "geometry": {
        "type": "Point",
        "coordinates": [
          916.4014612981863,
          1013.1527018463444
        ]
      },
      "properties": {
        "elevation_m": 463.6016845703125,
        "kind": "tree"
      }
    },
    {
      "type": "Feature",
      "geometry": {
        "type": "Point",
        "coordinates": [
          894.9711244822215,
          974.5172951669584
        ]
      },
      "properties": {
        "elevation_m": 470.102783203125,
        "kind": "tree"
      }
    },
    {
      "type": "Feature",
      "geometry": {
        "type": "Point",
        "coordinates": [
          902.7816151567363,
          994.7043488625477
        ]
      },
      "properties": {
        "elevation_m": 468.4890441894531,
        "kind": "tree"
      }
    },
    {
      "type": "Feature",
      "geometry": {
        "type": "Point",
        "coordinates": [
          875.5907148582879,
          870.7682265772662
        ]
      },
      "properties": {
        "elevation_m": 466.13995361328125,
        "kind": "tree"
      }
    },
    {
      "type": "Feature",
      "geometry": {
        "type": "Point",
        "coordinates": [
          883.7657210322357,
          876.1464844225953
        ]
      },
      "properties": {
        "elevation_m": 465.72686767578125,
        "kind": "tree"
      }
    },
    {
      "type": "Feature",
      "geometry": {
        "type": "Point",
        "coordinates": [
          840.8986346591682,
          853.941180444712
        ]
      },
      "properties": {
        "elevation_m": 469.445068359375,
        "kind": "tree"
      }
    },
    {
      "type": "Feature",
      "geometry": {
        "type": "Point",
        "coordinates": [
          833.7878796517596,
          843.0693531786359
        ]
      },
      "properties": {
        "elevation_m": 470.4335632324219,
        "kind": "tree"
      }
    },
    {
      "type": "Feature",
      "geometry": {
        "type": "Point",
        "coordinates": [
          738.7761260400163,
          756.680950501034
        ]
      },
      "properties": {
        "elevation_m": 474.60931396484375,
        "kind": "tree"
      }
    },
    {
      "type": "Feature",
      "geometry": {
        "type": "Point",
        "coordinates": [
          759.2326342903175,
          772.1672344720785
        ]
      },
      "properties": {
        "elevation_m": 474.03582763671875,
        "kind": "tree"
      }
    },
    {
      "type": "Feature",
      "geometry": {
        "type": "Point",
        "coordinates": [
          1771.2172371791908,
          1060.938084323512
        ]
      },
      "properties": {
        "elevation_m": 555.6710205078125,
        "kind": "tree"
      }
    },
    {
      "type": "Feature",
      "geometry": {
        "type": "Point",
        "coordinates": [
          1757.629110079336,
          1017.437900477862
        ]
      },
      "properties": {
        "elevation_m": 561.94580078125,
        "kind": "tree"
      }
    },
    {
      "type": "Feature",
      "geometry": {
        "type": "Point",
        "coordinates": [
          1487.2455068027114,
          1279.2025506255877
        ]
      },
      "properties": {
        "elevation_m": 492.6187438964844,
        "kind": "tree"
      }
    },
    {
      "type": "Feature",
      "geometry": {
        "type": "Point",
        "coordinates": [
          1444.9091477999764,
          1280.4774996687624
        ]
      },
      "properties": {
        "elevation_m": 489.27227783203125,
        "kind": "tree"
      }
    },
    {
      "type": "Feature",
      "geometry": {
        "type": "Point",
        "coordinates": [
          986.3223068628394,
          1467.3960623238224
        ]
      },
      "properties": {
        "elevation_m": 399.1863708496094,
        "kind": "tree"
      }
    },
    {
      "type": "Feature",
      "geometry": {
        "type": "Point",
        "coordinates": [
          944.501250854348,
          1504.835582390555
        ]
      },
      "properties": {
        "elevation_m": 369.15997314453125,
        "kind": "tree"
      }
    },
    {
      "type": "Feature",
      "geometry": {
        "type": "Point",
        "coordinates": [
          836.004018124737,
          1172.2774994172005
        ]
      },
      "properties": {
        "elevation_m": 440.58984375,
        "kind": "tree"
      }
    },
    {
      "type": "Feature",
      "geometry": {
        "type": "Point",
        "coordinates": [
          873.3912222039899,
          1156.5680367941611
        ]
      },
      "properties": {
        "elevation_m": 441.8119812011719,
        "kind": "tree"
      }
    },
    {
      "type": "Feature",
      "geometry": {
        "type": "Point",
        "coordinates": [
          834.8638545896615,
          1198.9582761823433
        ]
      },
      "properties": {
        "elevation_m": 432.0204162597656,
        "kind": "tree"
      }
    },
    {
      "type": "Feature",
      "geometry": {
        "type": "Point",
        "coordinates": [
          940.1145431014719,
          1148.7133484551382
        ]
      },
      "properties": {
        "elevation_m": 436.73834228515625,
        "kind": "tree"
      }
    },
    {
      "type": "Feature",
      "geometry": {
        "type": "Point",
        "coordinates": [
          845.4602624510435,
          1098.2177941685402
        ]
      },
      "properties": {
        "elevation_m": 452.6538391113281,
        "kind": "tree"
      }
    },
    {
      "type": "Feature",
      "geometry": {
        "type": "Point",
        "coordinates": [
          730.1285019290502,
          1467.8374578122625
        ]
      },
      "properties": {
        "elevation_m": 332.29229736328125,
        "kind": "tree"
      }
    },
    {
      "type": "Feature",
      "geometry": {
        "type": "Point",
        "coordinates": [
          739.9269167667167,
          1460.793054153089
        ]
      },
      "properties": {
        "elevation_m": 336.1292419433594,
        "kind": "tree"
      }
    },
    {
      "type": "Feature",
      "geometry": {
        "type": "Point",
        "coordinates": [
          811.9003648721246,
          1157.8308985042602
        ]
      },
      "properties": {
        "elevation_m": 441.146484375,
        "kind": "tree"
      }
    },
    {
      "type": "Feature",
      "geometry": {
        "type": "Point",
        "coordinates": [
          746.7320372479331,
          1377.138757019443
        ]
      },
      "properties": {
        "elevation_m": 358.9802551269531,
        "kind": "tree"
      }
    },
    {
      "type": "Feature",
      "geometry": {
        "type": "Point",
        "coordinates": [
          768.4265844071199,
          1305.0956029888848
        ]
      },
      "properties": {
        "elevation_m": 385.8961181640625,
        "kind": "tree"
      }
    },
    {
      "type": "Feature",
      "geometry": {
        "type": "Point",
        "coordinates": [
          1141.1620720862202,
          1325.1780894429585
        ]
      },
      "properties": {
        "elevation_m": 446.474853515625,
        "kind": "tree"
      }
    },
    {
      "type": "Feature",
      "geometry": {
        "type": "Point",
        "coordinates": [
          998.0621378616316,
          1402.8516360350256
        ]
      },
      "properties": {
        "elevation_m": 409.9075622558594,
        "kind": "tree"
      }
    },
    {
      "type": "Feature",
      "geometry": {
        "type": "Point",
        "coordinates": [
          1051.631957681654,
          1317.2181947510423
        ]
      },
      "properties": {
        "elevation_m": 420.48370361328125,
        "kind": "tree"
      }
    },
    {
      "type": "Feature",
      "geometry": {
        "type": "Point",
        "coordinates": [
          1078.1021210394363,
          1362.3087204861702
        ]
      },
      "properties": {
        "elevation_m": 430.55621337890625,
        "kind": "tree"
      }
    },
    {
      "type": "Feature",
      "geometry": {
        "type": "Point",
        "coordinates": [
          891.3039180548623,
          1493.3874170537194
        ]
      },
      "properties": {
        "elevation_m": 362.8800354003906,
        "kind": "tree"
      }
    },
    {
      "type": "Feature",
      "geometry": {
        "type": "Point",
        "coordinates": [
          879.5918601201032,
          1521.1935705215406
        ]
      },
      "properties": {
        "elevation_m": 352.5467224121094,
        "kind": "tree"
      }
    },
    {
      "type": "Feature",
      "geometry": {
        "type": "Point",
        "coordinates": [
          873.4668040629032,
          1616.4757514470818
        ]
      },
      "properties": {
        "elevation_m": 329.6170654296875,
        "kind": "tree"
      }
    },
    {
      "type": "Feature",
      "geometry": {
        "type": "Point",
        "coordinates": [
          841.4874617035479,
          1630.627317353888
        ]
      },
      "properties": {
        "elevation_m": 321.4342956542969,
        "kind": "tree"
      }
    },
    {
      "type": "Feature",
      "geometry": {
        "type": "Point",
        "coordinates": [
          729.501611746824,
          1600.3655816804414
        ]
      },
      "properties": {
        "elevation_m": 310.5948486328125,
        "kind": "tree"
      }
    },
    {
      "type": "Feature",
      "geometry": {
        "type": "Point",
        "coordinates": [
          799.7380495106648,
          1493.1410466606935
        ]
      },
      "properties": {
        "elevation_m": 344.2314147949219,
        "kind": "tree"
      }
    },
    {
      "type": "Feature",
      "geometry": {
        "type": "Point",
        "coordinates": [
          966.4341488386646,
          1348.5263416697944
        ]
      },
      "properties": {
        "elevation_m": 396.236083984375,
        "kind": "tree"
      }
    },
    {
      "type": "Feature",
      "geometry": {
        "type": "Point",
        "coordinates": [
          794.0469017086223,
          1553.257182884158
        ]
      },
      "properties": {
        "elevation_m": 328.51544189453125,
        "kind": "tree"
      }
    },
    {
      "type": "Feature",
      "geometry": {
        "type": "Point",
        "coordinates": [
          741.3159733875831,
          1660.2495913683902
        ]
      },
      "properties": {
        "elevation_m": 304.0188293457031,
        "kind": "tree"
      }
    },
    {
      "type": "Feature",
      "geometry": {
        "type": "Point",
        "coordinates": [
          739.4435916966886,
          1662.2918767838582
        ]
      },
      "properties": {
        "elevation_m": 304.0188293457031,
        "kind": "tree"
      }
    },
    {
      "type": "Feature",
      "geometry": {
        "type": "Point",
        "coordinates": [
          689.8671919293911,
          1544.1611264162827
        ]
      },
      "properties": {
        "elevation_m": 311.98736572265625,
        "kind": "tree"
      }
    },
    {
      "type": "Feature",
      "geometry": {
        "type": "Point",
        "coordinates": [
          672.3335391288618,
          1516.8742784604437
        ]
      },
      "properties": {
        "elevation_m": 319.25750732421875,
        "kind": "tree"
      }
    },
    {
      "type": "Feature",
      "geometry": {
        "type": "Point",
        "coordinates": [
          666.3192641273589,
          1352.5038752238097
        ]
      },
      "properties": {
        "elevation_m": 374.4668273925781,
        "kind": "tree"
      }
    },
    {
      "type": "Feature",
      "geometry": {
        "type": "Point",
        "coordinates": [
          613.6945157342384,
          1565.601727038701
        ]
      },
      "properties": {
        "elevation_m": 306.7095642089844,
        "kind": "tree"
      }
    },
    {
      "type": "Feature",
      "geometry": {
        "type": "Point",
        "coordinates": [
          715.8368262191889,
          1210.8721791573196
        ]
      },
      "properties": {
        "elevation_m": 425.35321044921875,
        "kind": "tree"
      }
    },
    {
      "type": "Feature",
      "geometry": {
        "type": "Point",
        "coordinates": [
          708.7755517429162,
          1175.5798466651402
        ]
      },
      "properties": {
        "elevation_m": 433.8162536621094,
        "kind": "tree"
      }
    },
    {
      "type": "Feature",
      "geometry": {
        "type": "Point",
        "coordinates": [
          652.1894760901058,
          1300.5499903165255
        ]
      },
      "properties": {
        "elevation_m": 397.7413330078125,
        "kind": "tree"
      }
    },
    {
      "type": "Feature",
      "geometry": {
        "type": "Point",
        "coordinates": [
          591.9019028917307,
          1637.2446483585295
        ]
      },
      "properties": {
        "elevation_m": 289.8392639160156,
        "kind": "tree"
      }
    },
    {
      "type": "Feature",
      "geometry": {
        "type": "Point",
        "coordinates": [
          688.6115656680292,
          1264.3230419260594
        ]
      },
      "properties": {
        "elevation_m": 406.74993896484375,
        "kind": "tree"
      }
    },
    {
      "type": "Feature",
      "geometry": {
        "type": "Point",
        "coordinates": [
          970.4463060318446,
          866.1911358469052
        ]
      },
      "properties": {
        "elevation_m": 461.3241271972656,
        "kind": "tree"
      }
    },
    {
      "type": "Feature",
      "geometry": {
        "type": "Point",
        "coordinates": [
          1014.3208799727283,
          858.0082391568365
        ]
      },
      "properties": {
        "elevation_m": 468.5515441894531,
        "kind": "tree"
      }
    },
    {
      "type": "Feature",
      "geometry": {
        "type": "Point",
        "coordinates": [
          950.5537027199,
          1310.6367269814182
        ]
      },
      "properties": {
        "elevation_m": 392.45660400390625,
        "kind": "tree"
      }
    },
    {
      "type": "Feature",
      "geometry": {
        "type": "Point",
        "coordinates": [
          988.6142646346627,
          1218.7795101639967
        ]
      },
      "properties": {
        "elevation_m": 417.5987243652344,
        "kind": "tree"
      }
    },
    {
      "type": "Feature",
      "geometry": {
        "type": "Point",
        "coordinates": [
          1007.4248237475983,
          1077.5660562063576
        ]
      },
      "properties": {
        "elevation_m": 448.70941162109375,
        "kind": "tree"
      }
    },
    {
      "type": "Feature",
      "geometry": {
        "type": "Point",
        "coordinates": [
          929.8174241873818,
          1259.279787028802
        ]
      },
      "properties": {
        "elevation_m": 405.4551086425781,
        "kind": "tree"
      }
    },
    {
      "type": "Feature",
      "geometry": {
        "type": "Point",
        "coordinates": [
          1060.4962174498262,
          1252.3922644314503
        ]
      },
      "properties": {
        "elevation_m": 425.24456787109375,
        "kind": "tree"
      }
    },
    {
      "type": "Feature",
      "geometry": {
        "type": "Point",
        "coordinates": [
          1024.6504763080022,
          1193.268629019612
        ]
      },
      "properties": {
        "elevation_m": 423.430419921875,
        "kind": "tree"
      }
    },
    {
      "type": "Feature",
      "geometry": {
        "type": "Point",
        "coordinates": [
          1053.6497574060973,
          682.2056751245186
        ]
      },
      "properties": {
        "elevation_m": 483.44097900390625,
        "kind": "tree"
      }
    },
    {
      "type": "Feature",
      "geometry": {
        "type": "Point",
        "coordinates": [
          1053.037051648525,
          687.6836662064999
        ]
      },
      "properties": {
        "elevation_m": 482.0510559082031,
        "kind": "tree"
      }
    },
    {
      "type": "Feature",
      "geometry": {
        "type": "Point",
        "coordinates": [
          1143.010661485542,
          672.7481025456775
        ]
      },
      "properties": {
        "elevation_m": 494.0599365234375,
        "kind": "tree"
      }
    },
    {
      "type": "Feature",
      "geometry": {
        "type": "Point",
        "coordinates": [
          1154.574012464861,
          665.2884978263203
        ]
      },
      "properties": {
        "elevation_m": 496.43994140625,
        "kind": "tree"
      }
    },
    {
      "type": "Feature",
      "geometry": {
        "type": "Point",
        "coordinates": [
          1200.5771560801309,
          643.8127055655563
        ]
      },
      "properties": {
        "elevation_m": 506.60198974609375,
        "kind": "tree"
      }
    },
    {
      "type": "Feature",
      "geometry": {
        "type": "Point",
        "coordinates": [
          1200.2301464822262,
          644.2295855189748
        ]
      },
      "properties": {
        "elevation_m": 506.60198974609375,
        "kind": "tree"
      }
    },
    {
      "type": "Feature",
      "geometry": {
        "type": "Point",
        "coordinates": [
          1262.0690013186713,
          638.9278596532838
        ]
      },
      "properties": {
        "elevation_m": 516.8869018554688,
        "kind": "tree"
      }
    },
    {
      "type": "Feature",
      "geometry": {
        "type": "Point",
        "coordinates": [
          1257.3807925483468,
          625.5559863738389
        ]
      },
      "properties": {
        "elevation_m": 515.4852294921875,
        "kind": "tree"
      }
    },
    {
      "type": "Feature",
      "geometry": {
        "type": "Point",
        "coordinates": [
          1302.615022212997,
          622.6849653315182
        ]
      },
      "properties": {
        "elevation_m": 525.5311279296875,
        "kind": "tree"
      }
    },
    {
      "type": "Feature",
      "geometry": {
        "type": "Point",
        "coordinates": [
          1310.065700890329,
          617.0417423042115
        ]
      },
      "properties": {
        "elevation_m": 527.07470703125,
        "kind": "tree"
      }
    },
    {
      "type": "Feature",
      "geometry": {
        "type": "Point",
        "coordinates": [
          1426.6317870883056,
          579.0393263572312
        ]
      },
      "properties": {
        "elevation_m": 544.8180541992188,
        "kind": "tree"
      }
    },
    {
      "type": "Feature",
      "geometry": {
        "type": "Point",
        "coordinates": [
          1415.2614615890955,
          592.7989728749624
        ]
      },
      "properties": {
        "elevation_m": 539.5099487304688,
        "kind": "tree"
      }
    },
    {
      "type": "Feature",
      "geometry": {
        "type": "Point",
        "coordinates": [
          1207.9684905019549,
          1250.9538677781088
        ]
      },
      "properties": {
        "elevation_m": 455.70379638671875,
        "kind": "tree"
      }
    },
    {
      "type": "Feature",
      "geometry": {
        "type": "Point",
        "coordinates": [
          1244.5048825449642,
          1225.6664565321048
        ]
      },
      "properties": {
        "elevation_m": 461.23358154296875,
        "kind": "tree"
      }
    },
    {
      "type": "Feature",
      "geometry": {
        "type": "Point",
        "coordinates": [
          1347.563339121978,
          1191.486664728708
        ]
      },
      "properties": {
        "elevation_m": 476.98345947265625,
        "kind": "tree"
      }
    },
    {
      "type": "Feature",
      "geometry": {
        "type": "Point",
        "coordinates": [
          1358.6694352796326,
          1273.2536262956692
        ]
      },
      "properties": {
        "elevation_m": 476.7901611328125,
        "kind": "tree"
      }
    },
    {
      "type": "Feature",
      "geometry": {
        "type": "Point",
        "coordinates": [
          1559.1699602251313,
          1107.8994771789273
        ]
      },
      "properties": {
        "elevation_m": 517.5794677734375,
        "kind": "tree"
      }
    },
    {
      "type": "Feature",
      "geometry": {
        "type": "Point",
        "coordinates": [
          1652.0881682259358,
          1024.0650802867135
        ]
      },
      "properties": {
        "elevation_m": 542.595703125,
        "kind": "tree"
      }
    },
    {
      "type": "Feature",
      "geometry": {
        "type": "Point",
        "coordinates": [
          1639.1320781568463,
          1026.6491238747585
        ]
      },
      "properties": {
        "elevation_m": 540.7650146484375,
        "kind": "tree"
      }
    },
    {
      "type": "Feature",
      "geometry": {
        "type": "Point",
        "coordinates": [
          1640.4149202570495,
          964.8772172623375
        ]
      },
      "properties": {
        "elevation_m": 545.263916015625,
        "kind": "tree"
      }
    },
    {
      "type": "Feature",
      "geometry": {
        "type": "Point",
        "coordinates": [
          1573.5021328530154,
          1027.746196048634
        ]
      },
      "properties": {
        "elevation_m": 530.2039794921875,
        "kind": "tree"
      }
    },
    {
      "type": "Feature",
      "geometry": {
        "type": "Point",
        "coordinates": [
          1368.4471370716524,
          1217.7616114767509
        ]
      },
      "properties": {
        "elevation_m": 480.0762634277344,
        "kind": "tree"
      }
    },
    {
      "type": "Feature",
      "geometry": {
        "type": "Point",
        "coordinates": [
          1688.9720683740472,
          992.9388751748611
        ]
      },
      "properties": {
        "elevation_m": 555.1709594726562,
        "kind": "tree"
      }
    },
    {
      "type": "Feature",
      "geometry": {
        "type": "Point",
        "coordinates": [
          1556.5038092195614,
          1145.8553500363278
        ]
      },
      "properties": {
        "elevation_m": 515.1904907226562,
        "kind": "tree"
      }
    },
    {
      "type": "Feature",
      "geometry": {
        "type": "Point",
        "coordinates": [
          1388.8041911025805,
          1174.4687816954465
        ]
      },
      "properties": {
        "elevation_m": 485.2245178222656,
        "kind": "tree"
      }
    },
    {
      "type": "Feature",
      "geometry": {
        "type": "Point",
        "coordinates": [
          1751.776552294704,
          952.609262686751
        ]
      },
      "properties": {
        "elevation_m": 568.725830078125,
        "kind": "tree"
      }
    },
    {
      "type": "Feature",
      "geometry": {
        "type": "Point",
        "coordinates": [
          1751.9629956879326,
          964.2800643497583
        ]
      },
      "properties": {
        "elevation_m": 566.6103515625,
        "kind": "tree"
      }
    },
    {
      "type": "Feature",
      "geometry": {
        "type": "Point",
        "coordinates": [
          1265.0773217310532,
          695.99638597071
        ]
      },
      "properties": {
        "elevation_m": 513.56201171875,
        "kind": "tree"
      }
    },
    {
      "type": "Feature",
      "geometry": {
        "type": "Point",
        "coordinates": [
          1320.2596689044096,
          675.194825677901
        ]
      },
      "properties": {
        "elevation_m": 524.5398559570312,
        "kind": "tree"
      }
    },
    {
      "type": "Feature",
      "geometry": {
        "type": "Point",
        "coordinates": [
          1285.2100902111463,
          700.8507490709418
        ]
      },
      "properties": {
        "elevation_m": 517.253173828125,
        "kind": "tree"
      }
    },
    {
      "type": "Feature",
      "geometry": {
        "type": "Point",
        "coordinates": [
          1327.4753526647612,
          1006.2673417195322
        ]
      },
      "properties": {
        "elevation_m": 485.0506591796875,
        "kind": "tree"
      }
    },
    {
      "type": "Feature",
      "geometry": {
        "type": "Point",
        "coordinates": [
          1379.8801397483223,
          951.9116699342026
        ]
      },
      "properties": {
        "elevation_m": 497.9453125,
        "kind": "tree"
      }
    },
    {
      "type": "Feature",
      "geometry": {
        "type": "Point",
        "coordinates": [
          1366.3273981560606,
          1020.8082594316888
        ]
      },
      "properties": {
        "elevation_m": 489.57672119140625,
        "kind": "tree"
      }
    },
    {
      "type": "Feature",
      "geometry": {
        "type": "Point",
        "coordinates": [
          1344.244110562791,
          1031.5415620387494
        ]
      },
      "properties": {
        "elevation_m": 487.26654052734375,
        "kind": "tree"
      }
    },
    {
      "type": "Feature",
      "geometry": {
        "type": "Point",
        "coordinates": [
          1322.9762621879947,
          988.5091914265205
        ]
      },
      "properties": {
        "elevation_m": 486.138427734375,
        "kind": "tree"
      }
    },
    {
      "type": "Feature",
      "geometry": {
        "type": "Point",
        "coordinates": [
          1138.2910952090606,
          1122.2401388327064
        ]
      },
      "properties": {
        "elevation_m": 451.16912841796875,
        "kind": "tree"
      }
    },
    {
      "type": "Feature",
      "geometry": {
        "type": "Point",
        "coordinates": [
          1111.5949167929614,
          1145.7188670275284
        ]
      },
      "properties": {
        "elevation_m": 444.48388671875,
        "kind": "tree"
      }
    },
    {
      "type": "Feature",
      "geometry": {
        "type": "Point",
        "coordinates": [
          1086.5381390520758,
          1077.8666753826121
        ]
      },
      "properties": {
        "elevation_m": 453.7214660644531,
        "kind": "tree"
      }
    },
    {
      "type": "Feature",
      "geometry": {
        "type": "Point",
        "coordinates": [
          1128.3207597828866,
          1054.0650899700076
        ]
      },
      "properties": {
        "elevation_m": 459.29547119140625,
        "kind": "tree"
      }
    },
    {
      "type": "Feature",
      "geometry": {
        "type": "Point",
        "coordinates": [
          1223.0788130271055,
          362.8104001005478
        ]
      },
      "properties": {
        "elevation_m": 483.4645080566406,
        "kind": "tree"
      }
    },
    {
      "type": "Feature",
      "geometry": {
        "type": "Point",
        "coordinates": [
          768.2516489734063,
          551.3577014765286
        ]
      },
      "properties": {
        "elevation_m": 434.43927001953125,
        "kind": "tree"
      }
    },
    {
      "type": "Feature",
      "geometry": {
        "type": "Point",
        "coordinates": [
          915.8272556640236,
          1668.2325856576697
        ]
      },
      "properties": {
        "elevation_m": 330.0586853027344,
        "kind": "tree"
      }
    },
    {
      "type": "Feature",
      "geometry": {
        "type": "Point",
        "coordinates": [
          2036.382614918742,
          1766.7709673287104
        ]
      },
      "properties": {
        "elevation_m": 484.17889404296875,
        "kind": "tree"
      }
    },
    {
      "type": "Feature",
      "geometry": {
        "type": "Point",
        "coordinates": [
          2240.703096183932,
          1719.7003778384983
        ]
      },
      "properties": {
        "elevation_m": 505.6546936035156,
        "kind": "tree"
      }
    },
    {
      "type": "Feature",
      "geometry": {
        "type": "Point",
        "coordinates": [
          1924.8252499202188,
          1598.011137511253
        ]
      },
      "properties": {
        "elevation_m": 464.53778076171875,
        "kind": "tree"
      }
    },
    {
      "type": "Feature",
      "geometry": {
        "type": "Point",
        "coordinates": [
          1284.7777648112863,
          1953.8858712935128
        ]
      },
      "properties": {
        "elevation_m": 352.3442687988281,
        "kind": "tree"
      }
    },
    {
      "type": "Feature",
      "geometry": {
        "type": "Point",
        "coordinates": [
          1264.85064193008,
          2036.6547914226926
        ]
      },
      "properties": {
        "elevation_m": 327.3014221191406,
        "kind": "tree"
      }
    },
    {
      "type": "Feature",
      "geometry": {
        "type": "Point",
        "coordinates": [
          2316.33492946602,
          282.4806480041828
        ]
      },
      "properties": {
        "elevation_m": 526.7965698242188,
        "kind": "tree"
      }
    },
    {
      "type": "Feature",
      "geometry": {
        "type": "Point",
        "coordinates": [
          2283.537723110461,
          70.48254568324067
        ]
      },
      "properties": {
        "elevation_m": 496.34918212890625,
        "kind": "tree"
      }
    },
    {
      "type": "Feature",
      "geometry": {
        "type": "Point",
        "coordinates": [
          1795.1565673766725,
          787.7769762128927
        ]
      },
      "properties": {
        "elevation_m": 589.9556274414062,
        "kind": "tree"
      }
    },
    {
      "type": "Feature",
      "geometry": {
        "type": "Point",
        "coordinates": [
          2371.2210377353413,
          485.0980928148979
        ]
      },
      "properties": {
        "elevation_m": 559.5347290039062,
        "kind": "tree"
      }
    },
    {
      "type": "Feature",
      "geometry": {
        "type": "Point",
        "coordinates": [
          284.77700396821433,
          2020.4000979180726
        ]
      },
      "properties": {
        "elevation_m": 281.4892578125,
        "kind": "tree"
      }
    },
    {
      "type": "Feature",
      "geometry": {
        "type": "Point",
        "coordinates": [
          1111.8565843002984,
          224.91743295019282
        ]
      },
      "properties": {
        "elevation_m": 488.2137145996094,
        "kind": "tree"
      }
    },
    {
      "type": "Feature",
      "geometry": {
        "type": "Point",
        "coordinates": [
          360.9813380465034,
          179.0968733161466
        ]
      },
      "properties": {
        "elevation_m": 453.2079162597656,
        "kind": "tree"
      }
    },
    {
      "type": "Feature",
      "geometry": {
        "type": "Point",
        "coordinates": [
          444.87346948987516,
          240.99627872051715
        ]
      },
      "properties": {
        "elevation_m": 467.4659118652344,
        "kind": "tree"
      }
    },
    {
      "type": "Feature",
      "geometry": {
        "type": "Point",
        "coordinates": [
          1940.0601005674362,
          110.24467074259188
        ]
      },
      "properties": {
        "elevation_m": 566.2257080078125,
        "kind": "tree"
      }
    },
    {
      "type": "Feature",
      "geometry": {
        "type": "Point",
        "coordinates": [
          1117.0235558702705,
          104.6869650832229
        ]
      },
      "properties": {
        "elevation_m": 527.8395385742188,
        "kind": "tree"
      }
    },
    {
      "type": "Feature",
      "geometry": {
        "type": "Point",
        "coordinates": [
          909.3226944716869,
          240.32296768747364
        ]
      },
      "properties": {
        "elevation_m": 490.4743347167969,
        "kind": "tree"
      }
    },
    {
      "type": "Feature",
      "geometry": {
        "type": "Point",
        "coordinates": [
          2263.318708372758,
          1211.7579934217708
        ]
      },
      "properties": {
        "elevation_m": 492.89263916015625,
        "kind": "tree"
      }
    },
    {
      "type": "Feature",
      "geometry": {
        "type": "Point",
        "coordinates": [
          1766.564730159865,
          2098.967622646363
        ]
      },
      "properties": {
        "elevation_m": 441.67352294921875,
        "kind": "tree"
      }
    },
    {
      "type": "Feature",
      "geometry": {
        "type": "Point",
        "coordinates": [
          392.65568356409455,
          1915.9368340015674
        ]
      },
      "properties": {
        "elevation_m": 300.7971496582031,
        "kind": "tree"
      }
    },
    {
      "type": "Feature",
      "geometry": {
        "type": "Point",
        "coordinates": [
          2137.159641649887,
          1586.2032860537245
        ]
      },
      "properties": {
        "elevation_m": 494.2048645019531,
        "kind": "tree"
      }
    },
    {
      "type": "Feature",
      "geometry": {
        "type": "Point",
        "coordinates": [
          1702.4599972995104,
          1037.2448262294538
        ]
      },
      "properties": {
        "elevation_m": 552.8511352539062,
        "kind": "tree"
      }
    },
    {
      "type": "Feature",
      "geometry": {
        "type": "Point",
        "coordinates": [
          1923.34207121922,
          1531.1575581068844
        ]
      },
      "properties": {
        "elevation_m": 464.4876708984375,
        "kind": "tree"
      }
    },
    {
      "type": "Feature",
      "geometry": {
        "type": "Point",
        "coordinates": [
          1784.901238922143,
          781.5504722973761
        ]
      },
      "properties": {
        "elevation_m": 588.6651000976562,
        "kind": "tree"
      }
    },
    {
      "type": "Feature",
      "geometry": {
        "type": "Point",
        "coordinates": [
          654.5817444237932,
          2033.5428762021565
        ]
      },
      "properties": {
        "elevation_m": 317.1040344238281,
        "kind": "tree"
      }
    },
    {
      "type": "Feature",
      "geometry": {
        "type": "Point",
        "coordinates": [
          1161.35580511588,
          163.6924683353654
        ]
      },
      "properties": {
        "elevation_m": 504.3420104980469,
        "kind": "tree"
      }
    },
    {
      "type": "Feature",
      "geometry": {
        "type": "Point",
        "coordinates": [
          1033.4769825409444,
          643.0650876591008
        ]
      },
      "properties": {
        "elevation_m": 485.880615234375,
        "kind": "tree"
      }
    },
    {
      "type": "Feature",
      "geometry": {
        "type": "Point",
        "coordinates": [
          1766.6593212400685,
          1741.167104261018
        ]
      },
      "properties": {
        "elevation_m": 428.6368103027344,
        "kind": "tree"
      }
    },
    {
      "type": "Feature",
      "geometry": {
        "type": "Point",
        "coordinates": [
          456.7000853981934,
          125.43470192245775
        ]
      },
      "properties": {
        "elevation_m": 465.0795593261719,
        "kind": "tree"
      }
    },
    {
      "type": "Feature",
      "geometry": {
        "type": "Point",
        "coordinates": [
          2332.1749486798,
          1853.0466483408657
        ]
      },
      "properties": {
        "elevation_m": 521.9249267578125,
        "kind": "tree"
      }
    },
    {
      "type": "Feature",
      "geometry": {
        "type": "Point",
        "coordinates": [
          1465.2329631045227,
          830.4349942578435
        ]
      },
      "properties": {
        "elevation_m": 531.9190673828125,
        "kind": "tree"
      }
    },
    {
      "type": "Feature",
      "geometry": {
        "type": "Point",
        "coordinates": [
          2245.1755687935147,
          589.9047531012079
        ]
      },
      "properties": {
        "elevation_m": 570.7007446289062,
        "kind": "tree"
      }
    },
    {
      "type": "Feature",
      "geometry": {
        "type": "Point",
        "coordinates": [
          2093.5426020426457,
          56.05668424546474
        ]
      },
      "properties": {
        "elevation_m": 530.478759765625,
        "kind": "tree"
      }
    },
    {
      "type": "Feature",
      "geometry": {
        "type": "Point",
        "coordinates": [
          2045.5792451584853,
          1367.2216246843375
        ]
      },
      "properties": {
        "elevation_m": 474.4397277832031,
        "kind": "tree"
      }
    },
    {
      "type": "Feature",
      "geometry": {
        "type": "Point",
        "coordinates": [
          1377.1164314223145,
          1331.181972147715
        ]
      },
      "properties": {
        "elevation_m": 478.9378967285156,
        "kind": "tree"
      }
    },
    {
      "type": "Feature",
      "geometry": {
        "type": "Point",
        "coordinates": [
          1535.7421809326283,
          577.6100846840459
        ]
      },
      "properties": {
        "elevation_m": 563.3961181640625,
        "kind": "tree"
      }
    },
    {
      "type": "Feature",
      "geometry": {
        "type": "Point",
        "coordinates": [
          788.5007869949771,
          1097.3615246544464
        ]
      },
      "properties": {
        "elevation_m": 453.451171875,
        "kind": "tree"
      }
    },
    {
      "type": "Feature",
      "geometry": {
        "type": "Point",
        "coordinates": [
          1045.2737391871883,
          1665.925395400407
        ]
      },
      "properties": {
        "elevation_m": 371.5904541015625,
        "kind": "tree"
      }
    },
    {
      "type": "Feature",
      "geometry": {
        "type": "Point",
        "coordinates": [
          2226.110491010028,
          1544.9414745726517
        ]
      },
      "properties": {
        "elevation_m": 496.2990417480469,
        "kind": "tree"
      }
    },
    {
      "type": "Feature",
      "geometry": {
        "type": "Point",
        "coordinates": [
          1442.4316770452544,
          1415.015374665615
        ]
      },
      "properties": {
        "elevation_m": 487.8520202636719,
        "kind": "tree"
      }
    },
    {
      "type": "Feature",
      "geometry": {
        "type": "Point",
        "coordinates": [
          1149.6612113920055,
          1725.3207901267829
        ]
      },
      "properties": {
        "elevation_m": 403.0408630371094,
        "kind": "tree"
      }
    },
    {
      "type": "Feature",
      "geometry": {
        "type": "Point",
        "coordinates": [
          2036.1874464559962,
          521.4293436702957
        ]
      },
      "properties": {
        "elevation_m": 573.0,
        "kind": "tree"
      }
    },
    {
      "type": "Feature",
      "geometry": {
        "type": "Point",
        "coordinates": [
          210.680199597203,
          1893.8297770692461
        ]
      },
      "properties": {
        "elevation_m": 294.3870849609375,
        "kind": "tree"
      }
    },
    {
      "type": "Feature",
      "geometry": {
        "type": "Point",
        "coordinates": [
          159.46950754129648,
          1949.1441666831195
        ]
      },
      "properties": {
        "elevation_m": 286.4704895019531,
        "kind": "tree"
      }
    },
    {
      "type": "Feature",
      "geometry": {
        "type": "Point",
        "coordinates": [
          1366.8543892045807,
          2095.3667758941883
        ]
      },
      "properties": {
        "elevation_m": 346.24114990234375,
        "kind": "tree"
      }
    },
    {
      "type": "Feature",
      "geometry": {
        "type": "Point",
        "coordinates": [
          2369.6840984457676,
          1645.8876152725377
        ]
      },
      "properties": {
        "elevation_m": 509.9233093261719,
        "kind": "tree"
      }
    },
    {
      "type": "Feature",
      "geometry": {
        "type": "Point",
        "coordinates": [
          2140.5871932625064,
          2138.8261468892697
        ]
      },
      "properties": {
        "elevation_m": 461.2962951660156,
        "kind": "tree"
      }
    },
    {
      "type": "Feature",
      "geometry": {
        "type": "Point",
        "coordinates": [
          1735.7067903742868,
          998.9146851505413
        ]
      },
      "properties": {
        "elevation_m": 560.1640014648438,
        "kind": "tree"
      }
    },
    {
      "type": "Feature",
      "geometry": {
        "type": "Point",
        "coordinates": [
          1845.8164250812706,
          2159.5221520350688
        ]
      },
      "properties": {
        "elevation_m": 435.6934814453125,
        "kind": "tree"
      }
    },
    {
      "type": "Feature",
      "geometry": {
        "type": "Point",
        "coordinates": [
          1170.29531145925,
          649.036809875583
        ]
      },
      "properties": {
        "elevation_m": 500.06671142578125,
        "kind": "tree"
      }
    },
    {
      "type": "Feature",
      "geometry": {
        "type": "Point",
        "coordinates": [
          757.3481619487145,
          180.02749169378282
        ]
      },
      "properties": {
        "elevation_m": 516.5476684570312,
        "kind": "tree"
      }
    },
    {
      "type": "Feature",
      "geometry": {
        "type": "Point",
        "coordinates": [
          870.271312263699,
          1402.5017962507122
        ]
      },
      "properties": {
        "elevation_m": 374.72442626953125,
        "kind": "tree"
      }
    },
    {
      "type": "Feature",
      "geometry": {
        "type": "Point",
        "coordinates": [
          2010.5163615797119,
          1002.9280135757788
        ]
      },
      "properties": {
        "elevation_m": 537.063720703125,
        "kind": "tree"
      }
    },
    {
      "type": "Feature",
      "geometry": {
        "type": "Point",
        "coordinates": [
          1529.6389926028448,
          1876.791696724863
        ]
      },
      "properties": {
        "elevation_m": 387.516845703125,
        "kind": "tree"
      }
    },
    {
      "type": "Feature",
      "geometry": {
        "type": "Point",
        "coordinates": [
          623.4782597714224,
          1808.475335792026
        ]
      },
      "properties": {
        "elevation_m": 314.84417724609375,
        "kind": "tree"
      }
    },
    {
      "type": "Feature",
      "geometry": {
        "type": "Point",
        "coordinates": [
          1010.5333120279579,
          501.9004985741633
        ]
      },
      "properties": {
        "elevation_m": 462.0826721191406,
        "kind": "tree"
      }
    },
    {
      "type": "Feature",
      "geometry": {
        "type": "Point",
        "coordinates": [
          1131.6162264470622,
          922.2071434991258
        ]
      },
      "properties": {
        "elevation_m": 471.1306457519531,
        "kind": "tree"
      }
    },
    {
      "type": "Feature",
      "geometry": {
        "type": "Point",
        "coordinates": [
          1241.8412591943118,
          1589.5626286580257
        ]
      },
      "properties": {
        "elevation_m": 447.6429138183594,
        "kind": "tree"
      }
    },
    {
      "type": "Feature",
      "geometry": {
        "type": "Point",
        "coordinates": [
          463.8307901793126,
          245.43660072333793
        ]
      },
      "properties": {
        "elevation_m": 469.6238098144531,
        "kind": "tree"
      }
    },
    {
      "type": "Feature",
      "geometry": {
        "type": "Point",
        "coordinates": [
          2285.045690529764,
          1201.1307321929291
        ]
      },
      "properties": {
        "elevation_m": 493.1036071777344,
        "kind": "tree"
      }
    },
    {
      "type": "Feature",
      "geometry": {
        "type": "Point",
        "coordinates": [
          1502.506655573,
          650.9384544366129
        ]
      },
      "properties": {
        "elevation_m": 555.4020385742188,
        "kind": "tree"
      }
    },
    {
      "type": "Feature",
      "geometry": {
        "type": "Point",
        "coordinates": [
          2219.9602082444158,
          1844.7712122203336
        ]
      },
      "properties": {
        "elevation_m": 519.2667236328125,
        "kind": "tree"
      }
    },
    {
      "type": "Feature",
      "geometry": {
        "type": "Point",
        "coordinates": [
          49.77298439481812,
          1705.9296571916686
        ]
      },
      "properties": {
        "elevation_m": 352.57305908203125,
        "kind": "tree"
      }
    },
    {
      "type": "Feature",
      "geometry": {
        "type": "Point",
        "coordinates": [
          2223.469580066827,
          2019.6788261642216
        ]
      },
      "properties": {
        "elevation_m": 498.9000244140625,
        "kind": "tree"
      }
    },
    {
      "type": "Feature",
      "geometry": {
        "type": "Point",
        "coordinates": [
          1329.84195699995,
          1166.1704541318425
        ]
      },
      "properties": {
        "elevation_m": 473.9087829589844,
        "kind": "tree"
      }
    },
    {
      "type": "Feature",
      "geometry": {
        "type": "Point",
        "coordinates": [
          2242.48864572852,
          1052.3651794999664
        ]
      },
      "properties": {
        "elevation_m": 518.8472290039062,
        "kind": "tree"
      }
    },
    {
      "type": "Feature",
      "geometry": {
        "type": "Point",
        "coordinates": [
          2168.4811667349577,
          2108.2513977448
        ]
      },
      "properties": {
        "elevation_m": 475.9293212890625,
        "kind": "tree"
      }
    },
    {
      "type": "Feature",
      "geometry": {
        "type": "Point",
        "coordinates": [
          2107.4359779138745,
          1452.9363953918655
        ]
      },
      "properties": {
        "elevation_m": 490.0838928222656,
        "kind": "tree"
      }
    },
    {
      "type": "Feature",
      "geometry": {
        "type": "Point",
        "coordinates": [
          2298.555141437514,
          1086.0042982388807
        ]
      },
      "properties": {
        "elevation_m": 513.3480224609375,
        "kind": "tree"
      }
    },
    {
      "type": "Feature",
      "geometry": {
        "type": "Point",
        "coordinates": [
          289.9367521357067,
          129.41864164143567
        ]
      },
      "properties": {
        "elevation_m": 431.6358642578125,
        "kind": "tree"
      }
    },
    {
      "type": "Feature",
      "geometry": {
        "type": "Point",
        "coordinates": [
          568.0195731510461,
          2047.1449422343098
        ]
      },
      "properties": {
        "elevation_m": 330.8948669433594,
        "kind": "tree"
      }
    },
    {
      "type": "Feature",
      "geometry": {
        "type": "Point",
        "coordinates": [
          2187.1190529142355,
          1437.6730923385267
        ]
      },
      "properties": {
        "elevation_m": 499.2312927246094,
        "kind": "tree"
      }
    },
    {
      "type": "Feature",
      "geometry": {
        "type": "Point",
        "coordinates": [
          127.4189803001083,
          2171.793610453007
        ]
      },
      "properties": {
        "elevation_m": 270.1364440917969,
        "kind": "tree"
      }
    },
    {
      "type": "Feature",
      "geometry": {
        "type": "Point",
        "coordinates": [
          2333.0051252322237,
          743.3556958422463
        ]
      },
      "properties": {
        "elevation_m": 567.3850708007812,
        "kind": "tree"
      }
    },
    {
      "type": "Feature",
      "geometry": {
        "type": "Point",
        "coordinates": [
          580.5226994404177,
          265.9493608835048
        ]
      },
      "properties": {
        "elevation_m": 483.39398193359375,
        "kind": "tree"
      }
    },
    {
      "type": "Feature",
      "geometry": {
        "type": "Point",
        "coordinates": [
          583.6471487222444,
          101.5570626832614
        ]
      },
      "properties": {
        "elevation_m": 492.49700927734375,
        "kind": "tree"
      }
    },
    {
      "type": "Feature",
      "geometry": {
        "type": "Point",
        "coordinates": [
          2225.7702035654943,
          210.49989620079043
        ]
      },
      "properties": {
        "elevation_m": 521.4189453125,
        "kind": "tree"
      }
    },
    {
      "type": "Feature",
      "geometry": {
        "type": "Point",
        "coordinates": [
          2310.930124213101,
          339.71197311932326
        ]
      },
      "properties": {
        "elevation_m": 537.1519775390625,
        "kind": "tree"
      }
    },
    {
      "type": "Feature",
      "geometry": {
        "type": "Point",
        "coordinates": [
          1082.1695319032829,
          1725.134526660401
        ]
      },
      "properties": {
        "elevation_m": 379.4559020996094,
        "kind": "tree"
      }
    },
    {
      "type": "Feature",
      "geometry": {
        "type": "Point",
        "coordinates": [
          2346.4012417358485,
          1557.1885678437714
        ]
      },
      "properties": {
        "elevation_m": 498.4039001464844,
        "kind": "tree"
      }
    },
    {
      "type": "Feature",
      "geometry": {
        "type": "Point",
        "coordinates": [
          1032.0864755317484,
          53.70319813865341
        ]
      },
      "properties": {
        "elevation_m": 559.3672485351562,
        "kind": "tree"
      }
    },
    {
      "type": "Feature",
      "geometry": {
        "type": "Point",
        "coordinates": [
          247.00238505644637,
          1315.18294165252
        ]
      },
      "properties": {
        "elevation_m": 408.6749572753906,
        "kind": "tree"
      }
    },
    {
      "type": "Feature",
      "geometry": {
        "type": "Point",
        "coordinates": [
          819.9913559507129,
          283.8609202079799
        ]
      },
      "properties": {
        "elevation_m": 484.93109130859375,
        "kind": "tree"
      }
    },
    {
      "type": "Feature",
      "geometry": {
        "type": "Point",
        "coordinates": [
          2214.7042454117427,
          1466.3069981466244
        ]
      },
      "properties": {
        "elevation_m": 499.2854309082031,
        "kind": "tree"
      }
    },
    {
      "type": "Feature",
      "geometry": {
        "type": "Point",
        "coordinates": [
          242.8224004927552,
          1991.112994989109
        ]
      },
      "properties": {
        "elevation_m": 273.35650634765625,
        "kind": "tree"
      }
    },
    {
      "type": "Feature",
      "geometry": {
        "type": "Point",
        "coordinates": [
          526.0361493258135,
          666.4022350540375
        ]
      },
      "properties": {
        "elevation_m": 468.9009094238281,
        "kind": "tree"
      }
    },
    {
      "type": "Feature",
      "geometry": {
        "type": "Point",
        "coordinates": [
          1009.0986136027292,
          844.4473322861611
        ]
      },
      "properties": {
        "elevation_m": 468.1236572265625,
        "kind": "tree"
      }
    },
    {
      "type": "Feature",
      "geometry": {
        "type": "Point",
        "coordinates": [
          68.9152178145719,
          1582.8466466998862
        ]
      },
      "properties": {
        "elevation_m": 364.3275451660156,
        "kind": "tree"
      }
    },
    {
      "type": "Feature",
      "geometry": {
        "type": "Point",
        "coordinates": [
          99.33758340539575,
          49.01008106055411
        ]
      },
      "properties": {
        "elevation_m": 412.314208984375,
        "kind": "tree"
      }
    },
    {
      "type": "Feature",
      "geometry": {
        "type": "Point",
        "coordinates": [
          2055.03011707346,
          60.564182915368605
        ]
      },
      "properties": {
        "elevation_m": 531.0,
        "kind": "tree"
      }
    },
    {
      "type": "Feature",
      "geometry": {
        "type": "Point",
        "coordinates": [
          2071.107357510952,
          1840.9578748193703
        ]
      },
      "properties": {
        "elevation_m": 501.7403564453125,
        "kind": "tree"
      }
    },
    {
      "type": "Feature",
      "geometry": {
        "type": "Point",
        "coordinates": [
          1616.2186327147115,
          2057.0612536559156
        ]
      },
      "properties": {
        "elevation_m": 413.41143798828125,
        "kind": "tree"
      }
    },
    {
      "type": "Feature",
      "geometry": {
        "type": "Point",
        "coordinates": [
          1435.132280575633,
          1852.3497991217835
        ]
      },
      "properties": {
        "elevation_m": 383.0479736328125,
        "kind": "tree"
      }
    },
    {
      "type": "Feature",
      "geometry": {
        "type": "Point",
        "coordinates": [
          2369.329569461972,
          1228.171637416199
        ]
      },
      "properties": {
        "elevation_m": 494.21929931640625,
        "kind": "tree"
      }
    },
    {
      "type": "Feature",
      "geometry": {
        "type": "Point",
        "coordinates": [
          127.1900136171383,
          696.309788406522
        ]
      },
      "properties": {
        "elevation_m": 433.669189453125,
        "kind": "tree"
      }
    },
    {
      "type": "Feature",
      "geometry": {
        "type": "Point",
        "coordinates": [
          2339.356083359754,
          1441.0193488285713
        ]
      },
      "properties": {
        "elevation_m": 492.49517822265625,
        "kind": "tree"
      }
    },
    {
      "type": "Feature",
      "geometry": {
        "type": "Point",
        "coordinates": [
          1920.2655714773816,
          2139.610982900119
        ]
      },
      "properties": {
        "elevation_m": 450.6795959472656,
        "kind": "tree"
      }
    },
    {
      "type": "Feature",
      "geometry": {
        "type": "Point",
        "coordinates": [
          1193.4791543837393,
          770.1057807912488
        ]
      },
      "properties": {
        "elevation_m": 494.82855224609375,
        "kind": "tree"
      }
    },
    {
      "type": "Feature",
      "geometry": {
        "type": "Point",
        "coordinates": [
          2019.4954751161201,
          1402.7864206763034
        ]
      },
      "properties": {
        "elevation_m": 474.4058837890625,
        "kind": "tree"
      }
    },
    {
      "type": "Feature",
      "geometry": {
        "type": "Point",
        "coordinates": [
          2324.9016541909155,
          1924.3025740986882
        ]
      },
      "properties": {
        "elevation_m": 519.9959106445312,
        "kind": "tree"
      }
    },
    {
      "type": "Feature",
      "geometry": {
        "type": "Point",
        "coordinates": [
          686.3437605152815,
          790.4549042762325
        ]
      },
      "properties": {
        "elevation_m": 474.5953674316406,
        "kind": "tree"
      }
    },
    {
      "type": "Feature",
      "geometry": {
        "type": "Point",
        "coordinates": [
          2318.8696921196233,
          2125.368256228717
        ]
      },
      "properties": {
        "elevation_m": 476.2908630371094,
        "kind": "tree"
      }
    },
    {
      "type": "Feature",
      "geometry": {
        "type": "Point",
        "coordinates": [
          367.7005955242436,
          837.0042243096611
        ]
      },
      "properties": {
        "elevation_m": 466.09918212890625,
        "kind": "tree"
      }
    },
    {
      "type": "Feature",
      "geometry": {
        "type": "Point",
        "coordinates": [
          540.8936571105417,
          358.6172163591972
        ]
      },
      "properties": {
        "elevation_m": 457.3680725097656,
        "kind": "tree"
      }
    },
    {
      "type": "Feature",
      "geometry": {
        "type": "Point",
        "coordinates": [
          2119.839667460934,
          1868.330992929905
        ]
      },
      "properties": {
        "elevation_m": 507.3358154296875,
        "kind": "tree"
      }
    },
    {
      "type": "Feature",
      "geometry": {
        "type": "Point",
        "coordinates": [
          1613.4047197127086,
          1314.0038371964886
        ]
      },
      "properties": {
        "elevation_m": 504.04449462890625,
        "kind": "tree"
      }
    },
    {
      "type": "Feature",
      "geometry": {
        "type": "Point",
        "coordinates": [
          2209.4523844529663,
          588.5541960970381
        ]
      },
      "properties": {
        "elevation_m": 571.814208984375,
        "kind": "tree"
      }
    },
    {
      "type": "Feature",
      "geometry": {
        "type": "Point",
        "coordinates": [
          86.32847458024887,
          306.1201085296944
        ]
      },
      "properties": {
        "elevation_m": 431.4653015136719,
        "kind": "tree"
      }
    },
    {
      "type": "Feature",
      "geometry": {
        "type": "Point",
        "coordinates": [
          766.1130458398374,
          869.950510218855
        ]
      },
      "properties": {
        "elevation_m": 473.98492431640625,
        "kind": "tree"
      }
    },
    {
      "type": "Feature",
      "geometry": {
        "type": "Point",
        "coordinates": [
          1564.2609775846156,
          664.9378336975584
        ]
      },
      "properties": {
        "elevation_m": 563.018310546875,
        "kind": "tree"
      }
    },
    {
      "type": "Feature",
      "geometry": {
        "type": "Point",
        "coordinates": [
          2194.366738779492,
          1503.3100532613996
        ]
      },
      "properties": {
        "elevation_m": 498.7336730957031,
        "kind": "tree"
      }
    },
    {
      "type": "Feature",
      "geometry": {
        "type": "Point",
        "coordinates": [
          719.3669173016262,
          2086.1080994125386
        ]
      },
      "properties": {
        "elevation_m": 294.5849304199219,
        "kind": "tree"
      }
    },
    {
      "type": "Feature",
      "geometry": {
        "type": "Point",
        "coordinates": [
          1917.6776253130731,
          39.843806575849825
        ]
      },
      "properties": {
        "elevation_m": 561.2738037109375,
        "kind": "tree"
      }
    },
    {
      "type": "Feature",
      "geometry": {
        "type": "Point",
        "coordinates": [
          1261.3469682057003,
          904.6340861341058
        ]
      },
      "properties": {
        "elevation_m": 485.8992614746094,
        "kind": "tree"
      }
    },
    {
      "type": "Feature",
      "geometry": {
        "type": "Point",
        "coordinates": [
          928.56353506814,
          197.4371378511024
        ]
      },
      "properties": {
        "elevation_m": 511.3123779296875,
        "kind": "tree"
      }
    },
    {
      "type": "Feature",
      "geometry": {
        "type": "Point",
        "coordinates": [
          187.37643444157985,
          365.7819778938106
        ]
      },
      "properties": {
        "elevation_m": 421.83502197265625,
        "kind": "tree"
      }
    },
    {
      "type": "Feature",
      "geometry": {
        "type": "Point",
        "coordinates": [
          219.37550081257362,
          615.8123840107247
        ]
      },
      "properties": {
        "elevation_m": 436.0250549316406,
        "kind": "tree"
      }
    },
    {
      "type": "Feature",
      "geometry": {
        "type": "Point",
        "coordinates": [
          1729.6532040724096,
          956.698735241617
        ]
      },
      "properties": {
        "elevation_m": 565.2177734375,
        "kind": "tree"
      }
    },
    {
      "type": "Feature",
      "geometry": {
        "type": "Point",
        "coordinates": [
          2112.5064558476806,
          593.7874124601722
        ]
      },
      "properties": {
        "elevation_m": 573.331787109375,
        "kind": "tree"
      }
    },
    {
      "type": "Feature",
      "geometry": {
        "type": "Point",
        "coordinates": [
          2048.285216075178,
          1918.0425351544773
        ]
      },
      "properties": {
        "elevation_m": 491.37664794921875,
        "kind": "tree"
      }
    },
    {
      "type": "Feature",
      "geometry": {
        "type": "Point",
        "coordinates": [
          336.1240488115217,
          1789.3451988973911
        ]
      },
      "properties": {
        "elevation_m": 280.0,
        "kind": "tree"
      }
    },
    {
      "type": "Feature",
      "geometry": {
        "type": "Point",
        "coordinates": [
          1143.055107143235,
          1672.5993845276275
        ]
      },
      "properties": {
        "elevation_m": 413.1671447753906,
        "kind": "tree"
      }
    },
    {
      "type": "Feature",
      "geometry": {
        "type": "Point",
        "coordinates": [
          2196.6180258832937,
          68.54609744494036
        ]
      },
      "properties": {
        "elevation_m": 510.024169921875,
        "kind": "tree"
      }
    },
    {
      "type": "Feature",
      "geometry": {
        "type": "Point",
        "coordinates": [
          1562.3649340374482,
          1470.5886699964667
        ]
      },
      "properties": {
        "elevation_m": 483.5843811035156,
        "kind": "tree"
      }
    },
    {
      "type": "Feature",
      "geometry": {
        "type": "Point",
        "coordinates": [
          1103.6345849410095,
          2034.5253415620468
        ]
      },
      "properties": {
        "elevation_m": 343.25274658203125,
        "kind": "tree"
      }
    },
    {
      "type": "Feature",
      "geometry": {
        "type": "Point",
        "coordinates": [
          1727.6290814528254,
          1973.2280879889454
        ]
      },
      "properties": {
        "elevation_m": 437.1720886230469,
        "kind": "tree"
      }
    },
    {
      "type": "Feature",
      "geometry": {
        "type": "Point",
        "coordinates": [
          67.36522196412139,
          451.32921488609804
        ]
      },
      "properties": {
        "elevation_m": 415.038330078125,
        "kind": "tree"
      }
    },
    {
      "type": "Feature",
      "geometry": {
        "type": "Point",
        "coordinates": [
          129.63258329599626,
          410.27771508239476
        ]
      },
      "properties": {
        "elevation_m": 411.7387390136719,
        "kind": "tree"
      }
    },
    {
      "type": "Feature",
      "geometry": {
        "type": "Point",
        "coordinates": [
          452.2517563452404,
          1983.323118777661
        ]
      },
      "properties": {
        "elevation_m": 336.10589599609375,
        "kind": "tree"
      }
    },
    {
      "type": "Feature",
      "geometry": {
        "type": "Point",
        "coordinates": [
          1333.4060220375984,
          108.74147836889867
        ]
      },
      "properties": {
        "elevation_m": 524.1163330078125,
        "kind": "tree"
      }
    },
    {
      "type": "Feature",
      "geometry": {
        "type": "Point",
        "coordinates": [
          2018.4039286606694,
          1909.5388972765854
        ]
      },
      "properties": {
        "elevation_m": 488.2829895019531,
        "kind": "tree"
      }
    },
    {
      "type": "Feature",
      "geometry": {
        "type": "Point",
        "coordinates": [
          765.5716341523361,
          2064.1172065543637
        ]
      },
      "properties": {
        "elevation_m": 291.2075500488281,
        "kind": "tree"
      }
    },
    {
      "type": "Feature",
      "geometry": {
        "type": "Point",
        "coordinates": [
          1340.537346268393,
          484.47121508045257
        ]
      },
      "properties": {
        "elevation_m": 510.4810791015625,
        "kind": "tree"
      }
    },
    {
      "type": "Feature",
      "geometry": {
        "type": "Point",
        "coordinates": [
          827.4194511588798,
          1908.737349841651
        ]
      },
      "properties": {
        "elevation_m": 304.0115661621094,
        "kind": "tree"
      }
    },
    {
      "type": "Feature",
      "geometry": {
        "type": "Point",
        "coordinates": [
          413.55753418687834,
          77.9363430391181
        ]
      },
      "properties": {
        "elevation_m": 446.6361389160156,
        "kind": "tree"
      }
    },
    {
      "type": "Feature",
      "geometry": {
        "type": "Point",
        "coordinates": [
          663.3593373326778,
          320.9963177762222
        ]
      },
      "properties": {
        "elevation_m": 476.05426025390625,
        "kind": "tree"
      }
    },
    {
      "type": "Feature",
      "geometry": {
        "type": "Point",
        "coordinates": [
          1977.7581623657732,
          674.0304340863066
        ]
      },
      "properties": {
        "elevation_m": 593.6427001953125,
        "kind": "tree"
      }
    },
    {
      "type": "Feature",
      "geometry": {
        "type": "Point",
        "coordinates": [
          2346.914265335058,
          587.2163224349082
        ]
      },
      "properties": {
        "elevation_m": 568.6205444335938,
        "kind": "tree"
      }
    },
    {
      "type": "Feature",
      "geometry": {
        "type": "Point",
        "coordinates": [
          797.4680161815021,
          83.12529898777173
        ]
      },
      "properties": {
        "elevation_m": 541.9425048828125,
        "kind": "tree"
      }
    },
    {
      "type": "Feature",
      "geometry": {
        "type": "Point",
        "coordinates": [
          895.9642092755257,
          1037.4135997612493
        ]
      },
      "properties": {
        "elevation_m": 461.4919128417969,
        "kind": "tree"
      }
    },
    {
      "type": "Feature",
      "geometry": {
        "type": "Point",
        "coordinates": [
          1154.9151506715953,
          1096.0983851009596
        ]
      },
      "properties": {
        "elevation_m": 456.62396240234375,
        "kind": "tree"
      }
    },
    {
      "type": "Feature",
      "geometry": {
        "type": "Point",
        "coordinates": [
          2250.026445654132,
          825.3221032311133
        ]
      },
      "properties": {
        "elevation_m": 561.7048950195312,
        "kind": "tree"
      }
    },
    {
      "type": "Feature",
      "geometry": {
        "type": "Point",
        "coordinates": [
          1118.7008337626985,
          1026.1162683319517
        ]
      },
      "properties": {
        "elevation_m": 460.35552978515625,
        "kind": "tree"
      }
    },
    {
      "type": "Feature",
      "geometry": {
        "type": "Point",
        "coordinates": [
          612.6425605173821,
          1617.2439672440116
        ]
      },
      "properties": {
        "elevation_m": 294.88995361328125,
        "kind": "tree"
      }
    },
    {
      "type": "Feature",
      "geometry": {
        "type": "Point",
        "coordinates": [
          89.71469608464324,
          371.2334244461923
        ]
      },
      "properties": {
        "elevation_m": 411.2310791015625,
        "kind": "tree"
      }
    },
    {
      "type": "Feature",
      "geometry": {
        "type": "Point",
        "coordinates": [
          133.2019968701615,
          231.1009847205066
        ]
      },
      "properties": {
        "elevation_m": 439.24493408203125,
        "kind": "tree"
      }
    },
    {
      "type": "Feature",
      "geometry": {
        "type": "Point",
        "coordinates": [
          2105.2720120187273,
          1031.718476190393
        ]
      },
      "properties": {
        "elevation_m": 522.5435180664062,
        "kind": "tree"
      }
    },
    {
      "type": "Feature",
      "geometry": {
        "type": "Point",
        "coordinates": [
          2028.5472989419768,
          195.71191017261805
        ]
      },
      "properties": {
        "elevation_m": 557.130126953125,
        "kind": "tree"
      }
    },
    {
      "type": "Feature",
      "geometry": {
        "type": "Point",
        "coordinates": [
          2320.6068837961093,
          1699.0046355480602
        ]
      },
      "properties": {
        "elevation_m": 509.84832763671875,
        "kind": "tree"
      }
    },
    {
      "type": "Feature",
      "geometry": {
        "type": "Point",
        "coordinates": [
          395.58887688060713,
          455.2995849571822
        ]
      },
      "properties": {
        "elevation_m": 423.8558349609375,
        "kind": "tree"
      }
    },
    {
      "type": "Feature",
      "geometry": {
        "type": "Point",
        "coordinates": [
          1570.1792554557085,
          847.8422344546599
        ]
      },
      "properties": {
        "elevation_m": 544.958251953125,
        "kind": "tree"
      }
    },
    {
      "type": "Feature",
      "geometry": {
        "type": "Point",
        "coordinates": [
          1953.7632281708597,
          1090.9358159729823
        ]
      },
      "properties": {
        "elevation_m": 528.774658203125,
        "kind": "tree"
      }
    },
    {
      "type": "Feature",
      "geometry": {
        "type": "Point",
        "coordinates": [
          1943.4283648793614,
          808.8201614517667
        ]
      },
      "properties": {
        "elevation_m": 584.4569702148438,
        "kind": "tree"
      }
    },
    {
      "type": "Feature",
      "geometry": {
        "type": "Point",
        "coordinates": [
          1515.7106416274726,
          2029.284717222789
        ]
      },
      "properties": {
        "elevation_m": 386.3934631347656,
        "kind": "tree"
      }
    },
    {
      "type": "Feature",
      "geometry": {
        "type": "Point",
        "coordinates": [
          2365.6071385582313,
          181.87150582602038
        ]
      },
      "properties": {
        "elevation_m": 515.77978515625,
        "kind": "tree"
      }
    },
    {
      "type": "Feature",
      "geometry": {
        "type": "Point",
        "coordinates": [
          2297.674971047362,
          1729.1267411634035
        ]
      },
      "properties": {
        "elevation_m": 510.87139892578125,
        "kind": "tree"
      }
    },
    {
      "type": "Feature",
      "geometry": {
        "type": "Point",
        "coordinates": [
          1308.1328052327058,
          202.49836348563593
        ]
      },
      "properties": {
        "elevation_m": 506.8580017089844,
        "kind": "tree"
      }
    },
    {
      "type": "Feature",
      "geometry": {
        "type": "Point",
        "coordinates": [
          1041.8750375708564,
          253.14410042520035
        ]
      },
      "properties": {
        "elevation_m": 480.9194641113281,
        "kind": "tree"
      }
    },
    {
      "type": "Feature",
      "geometry": {
        "type": "Point",
        "coordinates": [
          2197.473603093061,
          244.1008277419085
        ]
      },
      "properties": {
        "elevation_m": 526.8883666992188,
        "kind": "tree"
      }
    },
    {
      "type": "Feature",
      "geometry": {
        "type": "Point",
        "coordinates": [
          2303.1984351244523,
          89.55371064962505
        ]
      },
      "properties": {
        "elevation_m": 499.72442626953125,
        "kind": "tree"
      }
    },
    {
      "type": "Feature",
      "geometry": {
        "type": "Point",
        "coordinates": [
          445.8008839762175,
          1008.5761047254948
        ]
      },
      "properties": {
        "elevation_m": 465.4803466796875,
        "kind": "tree"
      }
    },
    {
      "type": "Feature",
      "geometry": {
        "type": "Point",
        "coordinates": [
          1337.4128471954173,
          86.90662975708238
        ]
      },
      "properties": {
        "elevation_m": 532.5960083007812,
        "kind": "tree"
      }
    },
    {
      "type": "Feature",
      "geometry": {
        "type": "Point",
        "coordinates": [
          489.6479678407677,
          2160.95882046494
        ]
      },
      "properties": {
        "elevation_m": 351.4860534667969,
        "kind": "tree"
      }
    },
    {
      "type": "Feature",
      "geometry": {
        "type": "Point",
        "coordinates": [
          1107.3460804205997,
          698.2020661212346
        ]
      },
      "properties": {
        "elevation_m": 489.2981262207031,
        "kind": "tree"
      }
    },
    {
      "type": "Feature",
      "geometry": {
        "type": "Point",
        "coordinates": [
          2155.4137324698113,
          2108.3409794899208
        ]
      },
      "properties": {
        "elevation_m": 474.57647705078125,
        "kind": "tree"
      }
    },
    {
      "type": "Feature",
      "geometry": {
        "type": "Point",
        "coordinates": [
          2282.2687403174477,
          2074.1405032420944
        ]
      },
      "properties": {
        "elevation_m": 487.4770202636719,
        "kind": "tree"
      }
    },
    {
      "type": "Feature",
      "geometry": {
        "type": "Point",
        "coordinates": [
          1647.810120163506,
          740.6762001575629
        ]
      },
      "properties": {
        "elevation_m": 575.906494140625,
        "kind": "tree"
      }
    },
    {
      "type": "Feature",
      "geometry": {
        "type": "Point",
        "coordinates": [
          492.9938024860479,
          1666.5163224910102
        ]
      },
      "properties": {
        "elevation_m": 281.6905212402344,
        "kind": "tree"
      }
    },
    {
      "type": "Feature",
      "geometry": {
        "type": "Point",
        "coordinates": [
          105.87989564702715,
          481.35475533115994
        ]
      },
      "properties": {
        "elevation_m": 421.74072265625,
        "kind": "tree"
      }
    },
    {
      "type": "Feature",
      "geometry": {
        "type": "Point",
        "coordinates": [
          594.3460944368503,
          569.5927324604733
        ]
      },
      "properties": {
        "elevation_m": 434.9962463378906,
        "kind": "tree"
      }
    },
    {
      "type": "Feature",
      "geometry": {
        "type": "Point",
        "coordinates": [
          1315.03992551994,
          359.7333582369186
        ]
      },
      "properties": {
        "elevation_m": 496.38214111328125,
        "kind": "tree"
      }
    },
    {
      "type": "Feature",
      "geometry": {
        "type": "Point",
        "coordinates": [
          1530.305083181227,
          1182.6082633190638
        ]
      },
      "properties": {
        "elevation_m": 507.68310546875,
        "kind": "tree"
      }
    },
    {
      "type": "Feature",
      "geometry": {
        "type": "Point",
        "coordinates": [
          2305.8876238749435,
          1573.5242786160888
        ]
      },
      "properties": {
        "elevation_m": 498.3641662597656,
        "kind": "tree"
      }
    },
    {
      "type": "Feature",
      "geometry": {
        "type": "Point",
        "coordinates": [
          2077.758902264446,
          1703.4431285173023
        ]
      },
      "properties": {
        "elevation_m": 483.6986999511719,
        "kind": "tree"
      }
    },
    {
      "type": "Feature",
      "geometry": {
        "type": "Point",
        "coordinates": [
          92.11289383156918,
          92.49853832206117
        ]
      },
      "properties": {
        "elevation_m": 414.39678955078125,
        "kind": "tree"
      }
    },
    {
      "type": "Feature",
      "geometry": {
        "type": "Point",
        "coordinates": [
          505.9599119677886,
          681.2219254717029
        ]
      },
      "properties": {
        "elevation_m": 470.2176818847656,
        "kind": "tree"
      }
    },
    {
      "type": "Feature",
      "geometry": {
        "type": "Point",
        "coordinates": [
          697.7249048091523,
          533.7764041849653
        ]
      },
      "properties": {
        "elevation_m": 429.65960693359375,
        "kind": "tree"
      }
    },
    {
      "type": "Feature",
      "geometry": {
        "type": "Point",
        "coordinates": [
          2176.4659996344144,
          265.07668778023776
        ]
      },
      "properties": {
        "elevation_m": 531.7027587890625,
        "kind": "tree"
      }
    },
    {
      "type": "Feature",
      "geometry": {
        "type": "Point",
        "coordinates": [
          574.4032022669356,
          132.20515488634464
        ]
      },
      "properties": {
        "elevation_m": 492.9397888183594,
        "kind": "tree"
      }
    },
    {
      "type": "Feature",
      "geometry": {
        "type": "Point",
        "coordinates": [
          968.6343493636182,
          1106.3691934199958
        ]
      },
      "properties": {
        "elevation_m": 444.39111328125,
        "kind": "tree"
      }
    },
    {
      "type": "Feature",
      "geometry": {
        "type": "Point",
        "coordinates": [
          2161.1829028839747,
          325.6575887312181
        ]
      },
      "properties": {
        "elevation_m": 545.5509643554688,
        "kind": "tree"
      }
    },
    {
      "type": "Feature",
      "geometry": {
        "type": "Point",
        "coordinates": [
          646.5657458029391,
          966.3273499163704
        ]
      },
      "properties": {
        "elevation_m": 473.3332824707031,
        "kind": "tree"
      }
    },
    {
      "type": "Feature",
      "geometry": {
        "type": "Point",
        "coordinates": [
          939.4497045962312,
          2020.4986711839194
        ]
      },
      "properties": {
        "elevation_m": 341.0131530761719,
        "kind": "tree"
      }
    },
    {
      "type": "Feature",
      "geometry": {
        "type": "Point",
        "coordinates": [
          1577.9521193267988,
          1298.9510870167858
        ]
      },
      "properties": {
        "elevation_m": 501.001708984375,
        "kind": "tree"
      }
    },
    {
      "type": "Feature",
      "geometry": {
        "type": "Point",
        "coordinates": [
          429.50754044051223,
          233.15777401571887
        ]
      },
      "properties": {
        "elevation_m": 465.5643310546875,
        "kind": "tree"
      }
    },
    {
      "type": "Feature",
      "geometry": {
        "type": "Point",
        "coordinates": [
          290.46101565622644,
          697.9120273223798
        ]
      },
      "properties": {
        "elevation_m": 449.66668701171875,
        "kind": "tree"
      }
    },
    {
      "type": "Feature",
      "geometry": {
        "type": "Point",
        "coordinates": [
          2369.913574316923,
          1991.613840143493
        ]
      },
      "properties": {
        "elevation_m": 508.6500549316406,
        "kind": "tree"
      }
    },
    {
      "type": "Feature",
      "geometry": {
        "type": "Point",
        "coordinates": [
          1394.0453817813084,
          1001.9660654061314
        ]
      },
      "properties": {
        "elevation_m": 498.0387268066406,
        "kind": "tree"
      }
    },
    {
      "type": "Feature",
      "geometry": {
        "type": "Point",
        "coordinates": [
          1840.3426190462133,
          1293.4087500799653
        ]
      },
      "properties": {
        "elevation_m": 510.11810302734375,
        "kind": "tree"
      }
    },
    {
      "type": "Feature",
      "geometry": {
        "type": "Point",
        "coordinates": [
          526.2451952205563,
          1112.8738656117885
        ]
      },
      "properties": {
        "elevation_m": 451.7307434082031,
        "kind": "tree"
      }
    },
    {
      "type": "Feature",
      "geometry": {
        "type": "Point",
        "coordinates": [
          2214.9563625232877,
          241.73530031658433
        ]
      },
      "properties": {
        "elevation_m": 526.0737915039062,
        "kind": "tree"
      }
    },
    {
      "type": "Feature",
      "geometry": {
        "type": "Point",
        "coordinates": [
          692.8112827092183,
          1817.7727442783712
        ]
      },
      "properties": {
        "elevation_m": 316.72576904296875,
        "kind": "tree"
      }
    },
    {
      "type": "Feature",
      "geometry": {
        "type": "Point",
        "coordinates": [
          1925.1953623723914,
          440.0553209998846
        ]
      },
      "properties": {
        "elevation_m": 597.1491088867188,
        "kind": "tree"
      }
    },
    {
      "type": "Feature",
      "geometry": {
        "type": "Point",
        "coordinates": [
          271.9578237684385,
          317.51306235445776
        ]
      },
      "properties": {
        "elevation_m": 437.2138671875,
        "kind": "tree"
      }
    },
    {
      "type": "Feature",
      "geometry": {
        "type": "Point",
        "coordinates": [
          1586.2630386486858,
          1638.0990569093365
        ]
      },
      "properties": {
        "elevation_m": 455.68206787109375,
        "kind": "tree"
      }
    },
    {
      "type": "Feature",
      "geometry": {
        "type": "Point",
        "coordinates": [
          1845.9064477354113,
          470.5433246758125
        ]
      },
      "properties": {
        "elevation_m": 597.2901611328125,
        "kind": "tree"
      }
    },
    {
      "type": "Feature",
      "geometry": {
        "type": "Point",
        "coordinates": [
          1308.792960858188,
          50.3569691694059
        ]
      },
      "properties": {
        "elevation_m": 539.258544921875,
        "kind": "tree"
      }
    },
    {
      "type": "Feature",
      "geometry": {
        "type": "Point",
        "coordinates": [
          2070.3230003921335,
          317.2233461671756
        ]
      },
      "properties": {
        "elevation_m": 561.2882690429688,
        "kind": "tree"
      }
    }
  ]
}