{
  "type": "FeatureCollection",
  "coordinate_system": {
    "kind": "local_game_meters",
    "not_wgs84": true,
    "axes": {
      "geojson_x": "local_east_m",
      "geojson_y": "local_north_m"
    },
    "game_axes": {
      "x": "east_m",
      "y": "elevation_m",
      "z": "negative_north_m"
    },
    "local_origin": {
      "easting_m": 622275.3519675976,
      "northing_m": 5967597.845997158,
      "longitude": 148.36408010178278,
      "latitude": -36.42904674164383
    },
    "projected_crs": "EPSG:32755",
    "note": "This is not RFC 7946 WGS84 GeoJSON. Convert X,Y to game X,Z via game_axes."
  },
  "attribution": "\u00a9 OpenStreetMap contributors (ODbL)",
  "layer": "lifts",
  "features": [
    {
      "type": "Feature",
      "geometry": {
        "type": "Point",
        "coordinates": [
          2500.5023969043978,
          1457.9984310958534
        ]
      },
      "properties": {
        "id": "lifts:nan:32670060",
        "osm_type": null,
        "osm_id": "32670060",
        "name": null,
        "tags": {
          "other_tags": "\"aerialway:access\"=>\"entry\"",
          "State": "New South Wales",
          "Country": "Australia",
          "Ski Area": "Perisher",
          "region": "australia-oceania"
        },
        "source": "OpenStreetMap",
        "source_confidence": "osm_as_mapped",
        "coordinate_space": "local_east_m, local_north_m",
        "aerialway": null
      }
    },
    {
      "type": "Feature",
      "geometry": {
        "type": "Point",
        "coordinates": [
          3220.729074482224,
          2885.0416349601
        ]
      },
      "properties": {
        "id": "lifts:nan:1379897856",
        "osm_type": null,
        "osm_id": "1379897856",
        "name": "Perisher Quad Express Mid Station",
        "tags": {
          "name": "Perisher Quad Express Mid Station",
          "other_tags": "\"aerialway\"=>\"station\",\"aerialway:access\"=>\"both\",\"public_transport\"=>\"station\"",
          "State": "New South Wales",
          "Country": "Australia",
          "Ski Area": "Perisher",
          "region": "australia-oceania"
        },
        "source": "OpenStreetMap",
        "source_confidence": "osm_as_mapped",
        "coordinate_space": "local_east_m, local_north_m",
        "aerialway": null
      }
    },
    {
      "type": "Feature",
      "geometry": {
        "type": "Point",
        "coordinates": [
          2658.605772630195,
          2731.390074070543
        ]
      },
      "properties": {
        "id": "lifts:nan:1834083900",
        "osm_type": null,
        "osm_id": "1834083900",
        "name": null,
        "tags": {
          "other_tags": "\"aerialway\"=>\"pylon\"",
          "State": "New South Wales",
          "Country": "Australia",
          "Ski Area": "Perisher",
          "region": "australia-oceania"
        },
        "source": "OpenStreetMap",
        "source_confidence": "osm_as_mapped",
        "coordinate_space": "local_east_m, local_north_m",
        "aerialway": null
      }
    },
    {
      "type": "Feature",
      "geometry": {
        "type": "Point",
        "coordinates": [
          2167.403070258675,
          2112.980929862708
        ]
      },
      "properties": {
        "id": "lifts:nan:2641378312",
        "osm_type": null,
        "osm_id": "2641378312",
        "name": null,
        "tags": {
          "other_tags": "\"aerialway:access\"=>\"exit\"",
          "State": "New South Wales",
          "Country": "Australia",
          "Ski Area": "Perisher",
          "region": "australia-oceania"
        },
        "source": "OpenStreetMap",
        "source_confidence": "osm_as_mapped",
        "coordinate_space": "local_east_m, local_north_m",
        "aerialway": null
      }
    },
    {
      "type": "Feature",
      "geometry": {
        "type": "Point",
        "coordinates": [
          2859.431979339104,
          1726.9849231224507
        ]
      },
      "properties": {
        "id": "lifts:nan:2641378313",
        "osm_type": null,
        "osm_id": "2641378313",
        "name": null,
        "tags": {
          "other_tags": "\"aerialway:access\"=>\"entry\"",
          "State": "New South Wales",
          "Country": "Australia",
          "Ski Area": "Perisher",
          "region": "australia-oceania"
        },
        "source": "OpenStreetMap",
        "source_confidence": "osm_as_mapped",
        "coordinate_space": "local_east_m, local_north_m",
        "aerialway": null
      }
    },
    {
      "type": "Feature",
      "geometry": {
        "type": "Point",
        "coordinates": [
          3807.8740424263524,
          3839.4694559797645
        ]
      },
      "properties": {
        "id": "lifts:nan:4387036396",
        "osm_type": null,
        "osm_id": "4387036396",
        "name": "Interceptor Quad Mid Station",
        "tags": {
          "name": "Interceptor Quad Mid Station",
          "other_tags": "\"aerialway\"=>\"station\",\"aerialway:access\"=>\"entry\",\"public_transport\"=>\"station\"",
          "State": "New South Wales",
          "Country": "Australia",
          "Ski Area": "Perisher",
          "region": "australia-oceania"
        },
        "source": "OpenStreetMap",
        "source_confidence": "osm_as_mapped",
        "coordinate_space": "local_east_m, local_north_m",
        "aerialway": null
      }
    },
    {
      "type": "Feature",
      "geometry": {
        "type": "Point",
        "coordinates": [
          3801.4876140839187,
          2735.832381542772
        ]
      },
      "properties": {
        "id": "lifts:nan:6658159206",
        "osm_type": null,
        "osm_id": "6658159206",
        "name": null,
        "tags": {
          "other_tags": "\"aerialway\"=>\"pylon\"",
          "State": "New South Wales",
          "Country": "Australia",
          "Ski Area": "Perisher",
          "region": "australia-oceania"
        },
        "source": "OpenStreetMap",
        "source_confidence": "osm_as_mapped",
        "coordinate_space": "local_east_m, local_north_m",
        "aerialway": null
      }
    },
    {
      "type": "Feature",
      "geometry": {
        "type": "Point",
        "coordinates": [
          2103.4357574011665,
          2106.488819461316
        ]
      },
      "properties": {
        "id": "lifts:nan:9169270149",
        "osm_type": null,
        "osm_id": "9169270149",
        "name": null,
        "tags": {
          "other_tags": "\"aerialway:access\"=>\"exit\"",
          "State": "New South Wales",
          "Country": "Australia",
          "Ski Area": "Perisher",
          "region": "australia-oceania"
        },
        "source": "OpenStreetMap",
        "source_confidence": "osm_as_mapped",
        "coordinate_space": "local_east_m, local_north_m",
        "aerialway": null
      }
    },
    {
      "type": "Feature",
      "geometry": {
        "type": "Point",
        "coordinates": [
          4094.141810991452,
          2655.0160215459764
        ]
      },
      "properties": {
        "id": "lifts:nan:9204324139",
        "osm_type": null,
        "osm_id": "9204324139",
        "name": null,
        "tags": {
          "other_tags": "\"aerialway\"=>\"pylon\"",
          "State": "New South Wales",
          "Country": "Australia",
          "Ski Area": "Perisher",
          "region": "australia-oceania"
        },
        "source": "OpenStreetMap",
        "source_confidence": "osm_as_mapped",
        "coordinate_space": "local_east_m, local_north_m",
        "aerialway": null
      }
    },
    {
      "type": "Feature",
      "geometry": {
        "type": "Point",
        "coordinates": [
          3993.4357533314032,
          2712.8291574530303
        ]
      },
      "properties": {
        "id": "lifts:nan:9204324140",
        "osm_type": null,
        "osm_id": "9204324140",
        "name": null,
        "tags": {
          "other_tags": "\"aerialway\"=>\"pylon\"",
          "State": "New South Wales",
          "Country": "Australia",
          "Ski Area": "Perisher",
          "region": "australia-oceania"
        },
        "source": "OpenStreetMap",
        "source_confidence": "osm_as_mapped",
        "coordinate_space": "local_east_m, local_north_m",
        "aerialway": null
      }
    },
    {
      "type": "Feature",
      "geometry": {
        "type": "Point",
        "coordinates": [
          3868.756635088008,
          2784.4050243031234
        ]
      },
      "properties": {
        "id": "lifts:nan:9204324141",
        "osm_type": null,
        "osm_id": "9204324141",
        "name": null,
        "tags": {
          "other_tags": "\"aerialway\"=>\"pylon\"",
          "State": "New South Wales",
          "Country": "Australia",
          "Ski Area": "Perisher",
          "region": "australia-oceania"
        },
        "source": "OpenStreetMap",
        "source_confidence": "osm_as_mapped",
        "coordinate_space": "local_east_m, local_north_m",
        "aerialway": null
      }
    },
    {
      "type": "Feature",
      "geometry": {
        "type": "Point",
        "coordinates": [
          3765.5215371908853,
          2843.672463711351
        ]
      },
      "properties": {
        "id": "lifts:nan:9204324142",
        "osm_type": null,
        "osm_id": "9204324142",
        "name": null,
        "tags": {
          "other_tags": "\"aerialway\"=>\"pylon\"",
          "State": "New South Wales",
          "Country": "Australia",
          "Ski Area": "Perisher",
          "region": "australia-oceania"
        },
        "source": "OpenStreetMap",
        "source_confidence": "osm_as_mapped",
        "coordinate_space": "local_east_m, local_north_m",
        "aerialway": null
      }
    },
    {
      "type": "Feature",
      "geometry": {
        "type": "Point",
        "coordinates": [
          3696.1132370259147,
          2883.517353195697
        ]
      },
      "properties": {
        "id": "lifts:nan:9204324143",
        "osm_type": null,
        "osm_id": "9204324143",
        "name": null,
        "tags": {
          "other_tags": "\"aerialway\"=>\"pylon\"",
          "State": "New South Wales",
          "Country": "Australia",
          "Ski Area": "Perisher",
          "region": "australia-oceania"
        },
        "source": "OpenStreetMap",
        "source_confidence": "osm_as_mapped",
        "coordinate_space": "local_east_m, local_north_m",
        "aerialway": null
      }
    },
    {
      "type": "Feature",
      "geometry": {
        "type": "Point",
        "coordinates": [
          3996.1649389084196,
          2602.343999877572
        ]
      },
      "properties": {
        "id": "lifts:nan:9204324144",
        "osm_type": null,
        "osm_id": "9204324144",
        "name": null,
        "tags": {
          "other_tags": "\"aerialway\"=>\"pylon\"",
          "State": "New South Wales",
          "Country": "Australia",
          "Ski Area": "Perisher",
          "region": "australia-oceania"
        },
        "source": "OpenStreetMap",
        "source_confidence": "osm_as_mapped",
        "coordinate_space": "local_east_m, local_north_m",
        "aerialway": null
      }
    },
    {
      "type": "Feature",
      "geometry": {
        "type": "Point",
        "coordinates": [
          3957.109126337804,
          2629.121472625062
        ]
      },
      "properties": {
        "id": "lifts:nan:9204324145",
        "osm_type": null,
        "osm_id": "9204324145",
        "name": null,
        "tags": {
          "other_tags": "\"aerialway\"=>\"pylon\"",
          "State": "New South Wales",
          "Country": "Australia",
          "Ski Area": "Perisher",
          "region": "australia-oceania"
        },
        "source": "OpenStreetMap",
        "source_confidence": "osm_as_mapped",
        "coordinate_space": "local_east_m, local_north_m",
        "aerialway": null
      }
    },
    {
      "type": "Feature",
      "geometry": {
        "type": "Point",
        "coordinates": [
          3915.3978907561395,
          2657.723862050101
        ]
      },
      "properties": {
        "id": "lifts:nan:9204324146",
        "osm_type": null,
        "osm_id": "9204324146",
        "name": null,
        "tags": {
          "other_tags": "\"aerialway\"=>\"pylon\"",
          "State": "New South Wales",
          "Country": "Australia",
          "Ski Area": "Perisher",
          "region": "australia-oceania"
        },
        "source": "OpenStreetMap",
        "source_confidence": "osm_as_mapped",
        "coordinate_space": "local_east_m, local_north_m",
        "aerialway": null
      }
    },
    {
      "type": "Feature",
      "geometry": {
        "type": "Point",
        "coordinates": [
          3858.6338643835625,
          2696.642388889566
        ]
      },
      "properties": {
        "id": "lifts:nan:9204324147",
        "osm_type": null,
        "osm_id": "9204324147",
        "name": null,
        "tags": {
          "other_tags": "\"aerialway\"=>\"pylon\"",
          "State": "New South Wales",
          "Country": "Australia",
          "Ski Area": "Perisher",
          "region": "australia-oceania"
        },
        "source": "OpenStreetMap",
        "source_confidence": "osm_as_mapped",
        "coordinate_space": "local_east_m, local_north_m",
        "aerialway": null
      }
    },
    {
      "type": "Feature",
      "geometry": {
        "type": "Point",
        "coordinates": [
          3742.8842463595793,
          2776.008502420038
        ]
      },
      "properties": {
        "id": "lifts:nan:9204324148",
        "osm_type": null,
        "osm_id": "9204324148",
        "name": null,
        "tags": {
          "other_tags": "\"aerialway\"=>\"pylon\"",
          "State": "New South Wales",
          "Country": "Australia",
          "Ski Area": "Perisher",
          "region": "australia-oceania"
        },
        "source": "OpenStreetMap",
        "source_confidence": "osm_as_mapped",
        "coordinate_space": "local_east_m, local_north_m",
        "aerialway": null
      }
    },
    {
      "type": "Feature",
      "geometry": {
        "type": "Point",
        "coordinates": [
          3675.347459074226,
          2821.7732161376625
        ]
      },
      "properties": {
        "id": "lifts:nan:9204324149",
        "osm_type": null,
        "osm_id": "9204324149",
        "name": null,
        "tags": {
          "other_tags": "\"aerialway\"=>\"pylon\"",
          "State": "New South Wales",
          "Country": "Australia",
          "Ski Area": "Perisher",
          "region": "australia-oceania"
        },
        "source": "OpenStreetMap",
        "source_confidence": "osm_as_mapped",
        "coordinate_space": "local_east_m, local_north_m",
        "aerialway": null
      }
    },
    {
      "type": "Feature",
      "geometry": {
        "type": "Point",
        "coordinates": [
          4048.094923901139,
          2522.974021449685
        ]
      },
      "properties": {
        "id": "lifts:nan:9204378755",
        "osm_type": null,
        "osm_id": "9204378755",
        "name": null,
        "tags": {
          "other_tags": "\"aerialway\"=>\"pylon\"",
          "State": "New South Wales",
          "Country": "Australia",
          "Ski Area": "Perisher",
          "region": "australia-oceania"
        },
        "source": "OpenStreetMap",
        "source_confidence": "osm_as_mapped",
        "coordinate_space": "local_east_m, local_north_m",
        "aerialway": null
      }
    },
    {
      "type": "Feature",
      "geometry": {
        "type": "Point",
        "coordinates": [
          4025.7431865895633,
          2532.753676019609
        ]
      },
      "properties": {
        "id": "lifts:nan:9204378756",
        "osm_type": null,
        "osm_id": "9204378756",
        "name": null,
        "tags": {
          "other_tags": "\"aerialway\"=>\"pylon\"",
          "State": "New South Wales",
          "Country": "Australia",
          "Ski Area": "Perisher",
          "region": "australia-oceania"
        },
        "source": "OpenStreetMap",
        "source_confidence": "osm_as_mapped",
        "coordinate_space": "local_east_m, local_north_m",
        "aerialway": null
      }
    },
    {
      "type": "Feature",
      "geometry": {
        "type": "Point",
        "coordinates": [
          3955.434875445091,
          2563.526675084606
        ]
      },
      "properties": {
        "id": "lifts:nan:9204378757",
        "osm_type": null,
        "osm_id": "9204378757",
        "name": null,
        "tags": {
          "other_tags": "\"aerialway\"=>\"pylon\"",
          "State": "New South Wales",
          "Country": "Australia",
          "Ski Area": "Perisher",
          "region": "australia-oceania"
        },
        "source": "OpenStreetMap",
        "source_confidence": "osm_as_mapped",
        "coordinate_space": "local_east_m, local_north_m",
        "aerialway": null
      }
    },
    {
      "type": "Feature",
      "geometry": {
        "type": "Point",
        "coordinates": [
          3840.1278687147424,
          2613.99490554817
        ]
      },
      "properties": {
        "id": "lifts:nan:9204378758",
        "osm_type": null,
        "osm_id": "9204378758",
        "name": null,
        "tags": {
          "other_tags": "\"aerialway\"=>\"pylon\"",
          "State": "New South Wales",
          "Country": "Australia",
          "Ski Area": "Perisher",
          "region": "australia-oceania"
        },
        "source": "OpenStreetMap",
        "source_confidence": "osm_as_mapped",
        "coordinate_space": "local_east_m, local_north_m",
        "aerialway": null
      }
    },
    {
      "type": "Feature",
      "geometry": {
        "type": "Point",
        "coordinates": [
          3760.5315545171034,
          2648.829429280013
        ]
      },
      "properties": {
        "id": "lifts:nan:9204378759",
        "osm_type": null,
        "osm_id": "9204378759",
        "name": null,
        "tags": {
          "other_tags": "\"aerialway\"=>\"pylon\"",
          "State": "New South Wales",
          "Country": "Australia",
          "Ski Area": "Perisher",
          "region": "australia-oceania"
        },
        "source": "OpenStreetMap",
        "source_confidence": "osm_as_mapped",
        "coordinate_space": "local_east_m, local_north_m",
        "aerialway": null
      }
    },
    {
      "type": "Feature",
      "geometry": {
        "type": "Point",
        "coordinates": [
          3670.7475996240973,
          2688.116524340585
        ]
      },
      "properties": {
        "id": "lifts:nan:9204378760",
        "osm_type": null,
        "osm_id": "9204378760",
        "name": null,
        "tags": {
          "other_tags": "\"aerialway\"=>\"pylon\"",
          "State": "New South Wales",
          "Country": "Australia",
          "Ski Area": "Perisher",
          "region": "australia-oceania"
        },
        "source": "OpenStreetMap",
        "source_confidence": "osm_as_mapped",
        "coordinate_space": "local_east_m, local_north_m",
        "aerialway": null
      }
    },
    {
      "type": "Feature",
      "geometry": {
        "type": "Point",
        "coordinates": [
          3532.3627368281595,
          2748.680382348597
        ]
      },
      "properties": {
        "id": "lifts:nan:9204378761",
        "osm_type": null,
        "osm_id": "9204378761",
        "name": null,
        "tags": {
          "other_tags": "\"aerialway\"=>\"pylon\"",
          "State": "New South Wales",
          "Country": "Australia",
          "Ski Area": "Perisher",
          "region": "australia-oceania"
        },
        "source": "OpenStreetMap",
        "source_confidence": "osm_as_mapped",
        "coordinate_space": "local_east_m, local_north_m",
        "aerialway": null
      }
    },
    {
      "type": "Feature",
      "geometry": {
        "type": "Point",
        "coordinates": [
          3491.2666835990967,
          2766.6643594307825
        ]
      },
      "properties": {
        "id": "lifts:nan:9204378762",
        "osm_type": null,
        "osm_id": "9204378762",
        "name": null,
        "tags": {
          "other_tags": "\"aerialway\"=>\"pylon\"",
          "State": "New South Wales",
          "Country": "Australia",
          "Ski Area": "Perisher",
          "region": "australia-oceania"
        },
        "source": "OpenStreetMap",
        "source_confidence": "osm_as_mapped",
        "coordinate_space": "local_east_m, local_north_m",
        "aerialway": null
      }
    },
    {
      "type": "Feature",
      "geometry": {
        "type": "Point",
        "coordinates": [
          3415.8120698141865,
          2799.68231382221
        ]
      },
      "properties": {
        "id": "lifts:nan:9204378763",
        "osm_type": null,
        "osm_id": "9204378763",
        "name": null,
        "tags": {
          "other_tags": "\"aerialway\"=>\"pylon\"",
          "State": "New South Wales",
          "Country": "Australia",
          "Ski Area": "Perisher",
          "region": "australia-oceania"
        },
        "source": "OpenStreetMap",
        "source_confidence": "osm_as_mapped",
        "coordinate_space": "local_east_m, local_north_m",
        "aerialway": null
      }
    },
    {
      "type": "Feature",
      "geometry": {
        "type": "Point",
        "coordinates": [
          3261.0151563492836,
          2867.414699977264
        ]
      },
      "properties": {
        "id": "lifts:nan:9204378764",
        "osm_type": null,
        "osm_id": "9204378764",
        "name": null,
        "tags": {
          "other_tags": "\"aerialway\"=>\"pylon\"",
          "State": "New South Wales",
          "Country": "Australia",
          "Ski Area": "Perisher",
          "region": "australia-oceania"
        },
        "source": "OpenStreetMap",
        "source_confidence": "osm_as_mapped",
        "coordinate_space": "local_east_m, local_north_m",
        "aerialway": null
      }
    },
    {
      "type": "Feature",
      "geometry": {
        "type": "Point",
        "coordinates": [
          2941.5770186779555,
          3004.2670614756644
        ]
      },
      "properties": {
        "id": "lifts:nan:9204378765",
        "osm_type": null,
        "osm_id": "9204378765",
        "name": null,
        "tags": {
          "other_tags": "\"aerialway\"=>\"pylon\"",
          "State": "New South Wales",
          "Country": "Australia",
          "Ski Area": "Perisher",
          "region": "australia-oceania"
        },
        "source": "OpenStreetMap",
        "source_confidence": "osm_as_mapped",
        "coordinate_space": "local_east_m, local_north_m",
        "aerialway": null
      }
    },
    {
      "type": "Feature",
      "geometry": {
        "type": "Point",
        "coordinates": [
          2875.8863141763723,
          3032.3234291635454
        ]
      },
      "properties": {
        "id": "lifts:nan:9204378767",
        "osm_type": null,
        "osm_id": "9204378767",
        "name": null,
        "tags": {
          "other_tags": "\"aerialway\"=>\"pylon\"",
          "State": "New South Wales",
          "Country": "Australia",
          "Ski Area": "Perisher",
          "region": "australia-oceania"
        },
        "source": "OpenStreetMap",
        "source_confidence": "osm_as_mapped",
        "coordinate_space": "local_east_m, local_north_m",
        "aerialway": null
      }
    },
    {
      "type": "Feature",
      "geometry": {
        "type": "Point",
        "coordinates": [
          2997.060404457152,
          2980.574206005782
        ]
      },
      "properties": {
        "id": "lifts:nan:9204378768",
        "osm_type": null,
        "osm_id": "9204378768",
        "name": null,
        "tags": {
          "other_tags": "\"aerialway\"=>\"pylon\"",
          "State": "New South Wales",
          "Country": "Australia",
          "Ski Area": "Perisher",
          "region": "australia-oceania"
        },
        "source": "OpenStreetMap",
        "source_confidence": "osm_as_mapped",
        "coordinate_space": "local_east_m, local_north_m",
        "aerialway": null
      }
    },
    {
      "type": "Feature",
      "geometry": {
        "type": "Point",
        "coordinates": [
          3081.006890798686,
          2944.718656932935
        ]
      },
      "properties": {
        "id": "lifts:nan:9204378769",
        "osm_type": null,
        "osm_id": "9204378769",
        "name": null,
        "tags": {
          "other_tags": "\"aerialway\"=>\"pylon\"",
          "State": "New South Wales",
          "Country": "Australia",
          "Ski Area": "Perisher",
          "region": "australia-oceania"
        },
        "source": "OpenStreetMap",
        "source_confidence": "osm_as_mapped",
        "coordinate_space": "local_east_m, local_north_m",
        "aerialway": null
      }
    },
    {
      "type": "Feature",
      "geometry": {
        "type": "Point",
        "coordinates": [
          3176.0063854277832,
          2904.141811126843
        ]
      },
      "properties": {
        "id": "lifts:nan:9204378770",
        "osm_type": null,
        "osm_id": "9204378770",
        "name": null,
        "tags": {
          "other_tags": "\"aerialway\"=>\"pylon\"",
          "State": "New South Wales",
          "Country": "Australia",
          "Ski Area": "Perisher",
          "region": "australia-oceania"
        },
        "source": "OpenStreetMap",
        "source_confidence": "osm_as_mapped",
        "coordinate_space": "local_east_m, local_north_m",
        "aerialway": null
      }
    },
    {
      "type": "Feature",
      "geometry": {
        "type": "Point",
        "coordinates": [
          2756.181689141551,
          3083.4394159894437
        ]
      },
      "properties": {
        "id": "lifts:nan:9204378771",
        "osm_type": null,
        "osm_id": "9204378771",
        "name": null,
        "tags": {
          "other_tags": "\"aerialway\"=>\"pylon\"",
          "State": "New South Wales",
          "Country": "Australia",
          "Ski Area": "Perisher",
          "region": "australia-oceania"
        },
        "source": "OpenStreetMap",
        "source_confidence": "osm_as_mapped",
        "coordinate_space": "local_east_m, local_north_m",
        "aerialway": null
      }
    },
    {
      "type": "Feature",
      "geometry": {
        "type": "Point",
        "coordinates": [
          2678.972198682837,
          3116.420577770099
        ]
      },
      "properties": {
        "id": "lifts:nan:9204378772",
        "osm_type": null,
        "osm_id": "9204378772",
        "name": null,
        "tags": {
          "other_tags": "\"aerialway\"=>\"pylon\"",
          "State": "New South Wales",
          "Country": "Australia",
          "Ski Area": "Perisher",
          "region": "australia-oceania"
        },
        "source": "OpenStreetMap",
        "source_confidence": "osm_as_mapped",
        "coordinate_space": "local_east_m, local_north_m",
        "aerialway": null
      }
    },
    {
      "type": "Feature",
      "geometry": {
        "type": "Point",
        "coordinates": [
          2674.389997210703,
          3118.372956175357
        ]
      },
      "properties": {
        "id": "lifts:nan:9204378773",
        "osm_type": null,
        "osm_id": "9204378773",
        "name": null,
        "tags": {
          "other_tags": "\"aerialway\"=>\"pylon\"",
          "State": "New South Wales",
          "Country": "Australia",
          "Ski Area": "Perisher",
          "region": "australia-oceania"
        },
        "source": "OpenStreetMap",
        "source_confidence": "osm_as_mapped",
        "coordinate_space": "local_east_m, local_north_m",
        "aerialway": null
      }
    },
    {
      "type": "Feature",
      "geometry": {
        "type": "Point",
        "coordinates": [
          2506.3915984451305,
          2548.657282911241
        ]
      },
      "properties": {
        "id": "lifts:nan:9204378774",
        "osm_type": null,
        "osm_id": "9204378774",
        "name": null,
        "tags": {
          "other_tags": "\"aerialway\"=>\"pylon\"",
          "State": "New South Wales",
          "Country": "Australia",
          "Ski Area": "Perisher",
          "region": "australia-oceania"
        },
        "source": "OpenStreetMap",
        "source_confidence": "osm_as_mapped",
        "coordinate_space": "local_east_m, local_north_m",
        "aerialway": null
      }
    },
    {
      "type": "Feature",
      "geometry": {
        "type": "Point",
        "coordinates": [
          2577.6741274489323,
          2634.2296147691086
        ]
      },
      "properties": {
        "id": "lifts:nan:9204378775",
        "osm_type": null,
        "osm_id": "9204378775",
        "name": null,
        "tags": {
          "other_tags": "\"aerialway\"=>\"pylon\"",
          "State": "New South Wales",
          "Country": "Australia",
          "Ski Area": "Perisher",
          "region": "australia-oceania"
        },
        "source": "OpenStreetMap",
        "source_confidence": "osm_as_mapped",
        "coordinate_space": "local_east_m, local_north_m",
        "aerialway": null
      }
    },
    {
      "type": "Feature",
      "geometry": {
        "type": "Point",
        "coordinates": [
          2638.8360308881383,
          2707.664758171886
        ]
      },
      "properties": {
        "id": "lifts:nan:9204378776",
        "osm_type": null,
        "osm_id": "9204378776",
        "name": null,
        "tags": {
          "other_tags": "\"aerialway\"=>\"pylon\"",
          "State": "New South Wales",
          "Country": "Australia",
          "Ski Area": "Perisher",
          "region": "australia-oceania"
        },
        "source": "OpenStreetMap",
        "source_confidence": "osm_as_mapped",
        "coordinate_space": "local_east_m, local_north_m",
        "aerialway": null
      }
    },
    {
      "type": "Feature",
      "geometry": {
        "type": "Point",
        "coordinates": [
          2638.812791131786,
          2826.6199521850795
        ]
      },
      "properties": {
        "id": "lifts:nan:9204378777",
        "osm_type": null,
        "osm_id": "9204378777",
        "name": null,
        "tags": {
          "other_tags": "\"aerialway\"=>\"pylon\"",
          "State": "New South Wales",
          "Country": "Australia",
          "Ski Area": "Perisher",
          "region": "australia-oceania"
        },
        "source": "OpenStreetMap",
        "source_confidence": "osm_as_mapped",
        "coordinate_space": "local_east_m, local_north_m",
        "aerialway": null
      }
    },
    {
      "type": "Feature",
      "geometry": {
        "type": "Point",
        "coordinates": [
          5744.318143825163,
          4252.860284656286
        ]
      },
      "properties": {
        "id": "lifts:nan:9204378778",
        "osm_type": null,
        "osm_id": "9204378778",
        "name": null,
        "tags": {
          "other_tags": "\"aerialway\"=>\"pylon\"",
          "State": "New South Wales",
          "Country": "Australia",
          "Ski Area": "Perisher",
          "region": "australia-oceania"
        },
        "source": "OpenStreetMap",
        "source_confidence": "osm_as_mapped",
        "coordinate_space": "local_east_m, local_north_m",
        "aerialway": null
      }
    },
    {
      "type": "Feature",
      "geometry": {
        "type": "Point",
        "coordinates": [
          5751.93502854777,
          4340.880332474597
        ]
      },
      "properties": {
        "id": "lifts:nan:9204378779",
        "osm_type": null,
        "osm_id": "9204378779",
        "name": null,
        "tags": {
          "other_tags": "\"aerialway\"=>\"pylon\"",
          "State": "New South Wales",
          "Country": "Australia",
          "Ski Area": "Perisher",
          "region": "australia-oceania"
        },
        "source": "OpenStreetMap",
        "source_confidence": "osm_as_mapped",
        "coordinate_space": "local_east_m, local_north_m",
        "aerialway": null
      }
    },
    {
      "type": "Feature",
      "geometry": {
        "type": "Point",
        "coordinates": [
          5757.811286371434,
          4408.854095313698
        ]
      },
      "properties": {
        "id": "lifts:nan:9204378780",
        "osm_type": null,
        "osm_id": "9204378780",
        "name": null,
        "tags": {
          "other_tags": "\"aerialway\"=>\"pylon\"",
          "State": "New South Wales",
          "Country": "Australia",
          "Ski Area": "Perisher",
          "region": "australia-oceania"
        },
        "source": "OpenStreetMap",
        "source_confidence": "osm_as_mapped",
        "coordinate_space": "local_east_m, local_north_m",
        "aerialway": null
      }
    },
    {
      "type": "Feature",
      "geometry": {
        "type": "Point",
        "coordinates": [
          5682.662197027588,
          4401.709664957598
        ]
      },
      "properties": {
        "id": "lifts:nan:9204378781",
        "osm_type": null,
        "osm_id": "9204378781",
        "name": null,
        "tags": {
          "other_tags": "\"aerialway\"=>\"pylon\"",
          "State": "New South Wales",
          "Country": "Australia",
          "Ski Area": "Perisher",
          "region": "australia-oceania"
        },
        "source": "OpenStreetMap",
        "source_confidence": "osm_as_mapped",
        "coordinate_space": "local_east_m, local_north_m",
        "aerialway": null
      }
    },
    {
      "type": "Feature",
      "geometry": {
        "type": "Point",
        "coordinates": [
          5700.881732254988,
          4280.853073191829
        ]
      },
      "properties": {
        "id": "lifts:nan:9204378782",
        "osm_type": null,
        "osm_id": "9204378782",
        "name": null,
        "tags": {
          "other_tags": "\"aerialway\"=>\"pylon\"",
          "State": "New South Wales",
          "Country": "Australia",
          "Ski Area": "Perisher",
          "region": "australia-oceania"
        },
        "source": "OpenStreetMap",
        "source_confidence": "osm_as_mapped",
        "coordinate_space": "local_east_m, local_north_m",
        "aerialway": null
      }
    },
    {
      "type": "Feature",
      "geometry": {
        "type": "Point",
        "coordinates": [
          5712.230378057691,
          4205.6122657153755
        ]
      },
      "properties": {
        "id": "lifts:nan:9204378783",
        "osm_type": null,
        "osm_id": "9204378783",
        "name": null,
        "tags": {
          "other_tags": "\"aerialway\"=>\"pylon\"",
          "State": "New South Wales",
          "Country": "Australia",
          "Ski Area": "Perisher",
          "region": "australia-oceania"
        },
        "source": "OpenStreetMap",
        "source_confidence": "osm_as_mapped",
        "coordinate_space": "local_east_m, local_north_m",
        "aerialway": null
      }
    },
    {
      "type": "Feature",
      "geometry": {
        "type": "Point",
        "coordinates": [
          5252.185156396823,
          4452.996877228841
        ]
      },
      "properties": {
        "id": "lifts:nan:9204378784",
        "osm_type": null,
        "osm_id": "9204378784",
        "name": null,
        "tags": {
          "other_tags": "\"aerialway\"=>\"pylon\"",
          "State": "New South Wales",
          "Country": "Australia",
          "Ski Area": "Perisher",
          "region": "australia-oceania"
        },
        "source": "OpenStreetMap",
        "source_confidence": "osm_as_mapped",
        "coordinate_space": "local_east_m, local_north_m",
        "aerialway": null
      }
    },
    {
      "type": "Feature",
      "geometry": {
        "type": "Point",
        "coordinates": [
          5296.698291237699,
          4413.29580520466
        ]
      },
      "properties": {
        "id": "lifts:nan:9204378785",
        "osm_type": null,
        "osm_id": "9204378785",
        "name": null,
        "tags": {
          "other_tags": "\"aerialway\"=>\"pylon\"",
          "State": "New South Wales",
          "Country": "Australia",
          "Ski Area": "Perisher",
          "region": "australia-oceania"
        },
        "source": "OpenStreetMap",
        "source_confidence": "osm_as_mapped",
        "coordinate_space": "local_east_m, local_north_m",
        "aerialway": null
      }
    },
    {
      "type": "Feature",
      "geometry": {
        "type": "Point",
        "coordinates": [
          5375.159756286419,
          4343.313497122377
        ]
      },
      "properties": {
        "id": "lifts:nan:9204378786",
        "osm_type": null,
        "osm_id": "9204378786",
        "name": null,
        "tags": {
          "other_tags": "\"aerialway\"=>\"pylon\"",
          "State": "New South Wales",
          "Country": "Australia",
          "Ski Area": "Perisher",
          "region": "australia-oceania"
        },
        "source": "OpenStreetMap",
        "source_confidence": "osm_as_mapped",
        "coordinate_space": "local_east_m, local_north_m",
        "aerialway": null
      }
    },
    {
      "type": "Feature",
      "geometry": {
        "type": "Point",
        "coordinates": [
          5440.373588298098,
          4285.142928340472
        ]
      },
      "properties": {
        "id": "lifts:nan:9204378787",
        "osm_type": null,
        "osm_id": "9204378787",
        "name": null,
        "tags": {
          "other_tags": "\"aerialway\"=>\"pylon\"",
          "State": "New South Wales",
          "Country": "Australia",
          "Ski Area": "Perisher",
          "region": "australia-oceania"
        },
        "source": "OpenStreetMap",
        "source_confidence": "osm_as_mapped",
        "coordinate_space": "local_east_m, local_north_m",
        "aerialway": null
      }
    },
    {
      "type": "Feature",
      "geometry": {
        "type": "Point",
        "coordinates": [
          5503.523452981026,
          4228.810870349407
        ]
      },
      "properties": {
        "id": "lifts:nan:9204378788",
        "osm_type": null,
        "osm_id": "9204378788",
        "name": null,
        "tags": {
          "other_tags": "\"aerialway\"=>\"pylon\"",
          "State": "New South Wales",
          "Country": "Australia",
          "Ski Area": "Perisher",
          "region": "australia-oceania"
        },
        "source": "OpenStreetMap",
        "source_confidence": "osm_as_mapped",
        "coordinate_space": "local_east_m, local_north_m",
        "aerialway": null
      }
    },
    {
      "type": "Feature",
      "geometry": {
        "type": "Point",
        "coordinates": [
          5534.345458056079,
          4201.315957013518
        ]
      },
      "properties": {
        "id": "lifts:nan:9204378789",
        "osm_type": null,
        "osm_id": "9204378789",
        "name": null,
        "tags": {
          "other_tags": "\"aerialway\"=>\"pylon\"",
          "State": "New South Wales",
          "Country": "Australia",
          "Ski Area": "Perisher",
          "region": "australia-oceania"
        },
        "source": "OpenStreetMap",
        "source_confidence": "osm_as_mapped",
        "coordinate_space": "local_east_m, local_north_m",
        "aerialway": null
      }
    },
    {
      "type": "Feature",
      "geometry": {
        "type": "Point",
        "coordinates": [
          5596.281086195842,
          4146.066267417744
        ]
      },
      "properties": {
        "id": "lifts:nan:9204378790",
        "osm_type": null,
        "osm_id": "9204378790",
        "name": null,
        "tags": {
          "other_tags": "\"aerialway\"=>\"pylon\"",
          "State": "New South Wales",
          "Country": "Australia",
          "Ski Area": "Perisher",
          "region": "australia-oceania"
        },
        "source": "OpenStreetMap",
        "source_confidence": "osm_as_mapped",
        "coordinate_space": "local_east_m, local_north_m",
        "aerialway": null
      }
    },
    {
      "type": "Feature",
      "geometry": {
        "type": "Point",
        "coordinates": [
          5627.589562807581,
          4118.142176192254
        ]
      },
      "properties": {
        "id": "lifts:nan:9204378791",
        "osm_type": null,
        "osm_id": "9204378791",
        "name": null,
        "tags": {
          "other_tags": "\"aerialway\"=>\"pylon\"",
          "State": "New South Wales",
          "Country": "Australia",
          "Ski Area": "Perisher",
          "region": "australia-oceania"
        },
        "source": "OpenStreetMap",
        "source_confidence": "osm_as_mapped",
        "coordinate_space": "local_east_m, local_north_m",
        "aerialway": null
      }
    },
    {
      "type": "Feature",
      "geometry": {
        "type": "Point",
        "coordinates": [
          5621.73612724198,
          4080.7919622296467
        ]
      },
      "properties": {
        "id": "lifts:nan:9204378792",
        "osm_type": null,
        "osm_id": "9204378792",
        "name": null,
        "tags": {
          "other_tags": "\"aerialway\"=>\"pylon\"",
          "State": "New South Wales",
          "Country": "Australia",
          "Ski Area": "Perisher",
          "region": "australia-oceania"
        },
        "source": "OpenStreetMap",
        "source_confidence": "osm_as_mapped",
        "coordinate_space": "local_east_m, local_north_m",
        "aerialway": null
      }
    },
    {
      "type": "Feature",
      "geometry": {
        "type": "Point",
        "coordinates": [
          5577.903179178713,
          4116.52367441915
        ]
      },
      "properties": {
        "id": "lifts:nan:9204378793",
        "osm_type": null,
        "osm_id": "9204378793",
        "name": null,
        "tags": {
          "other_tags": "\"aerialway\"=>\"pylon\"",
          "State": "New South Wales",
          "Country": "Australia",
          "Ski Area": "Perisher",
          "region": "australia-oceania"
        },
        "source": "OpenStreetMap",
        "source_confidence": "osm_as_mapped",
        "coordinate_space": "local_east_m, local_north_m",
        "aerialway": null
      }
    },
    {
      "type": "Feature",
      "geometry": {
        "type": "Point",
        "coordinates": [
          5507.193574917037,
          4174.166227368638
        ]
      },
      "properties": {
        "id": "lifts:nan:9204378794",
        "osm_type": null,
        "osm_id": "9204378794",
        "name": null,
        "tags": {
          "other_tags": "\"aerialway\"=>\"pylon\"",
          "State": "New South Wales",
          "Country": "Australia",
          "Ski Area": "Perisher",
          "region": "australia-oceania"
        },
        "source": "OpenStreetMap",
        "source_confidence": "osm_as_mapped",
        "coordinate_space": "local_east_m, local_north_m",
        "aerialway": null
      }
    },
    {
      "type": "Feature",
      "geometry": {
        "type": "Point",
        "coordinates": [
          5458.2361708818935,
          4214.078288525343
        ]
      },
      "properties": {
        "id": "lifts:nan:9204378795",
        "osm_type": null,
        "osm_id": "9204378795",
        "name": null,
        "tags": {
          "other_tags": "\"aerialway\"=>\"pylon\"",
          "State": "New South Wales",
          "Country": "Australia",
          "Ski Area": "Perisher",
          "region": "australia-oceania"
        },
        "source": "OpenStreetMap",
        "source_confidence": "osm_as_mapped",
        "coordinate_space": "local_east_m, local_north_m",
        "aerialway": null
      }
    },
    {
      "type": "Feature",
      "geometry": {
        "type": "Point",
        "coordinates": [
          5339.213533135946,
          4311.100132714957
        ]
      },
      "properties": {
        "id": "lifts:nan:9204378796",
        "osm_type": null,
        "osm_id": "9204378796",
        "name": null,
        "tags": {
          "other_tags": "\"aerialway\"=>\"pylon\"",
          "State": "New South Wales",
          "Country": "Australia",
          "Ski Area": "Perisher",
          "region": "australia-oceania"
        },
        "source": "OpenStreetMap",
        "source_confidence": "osm_as_mapped",
        "coordinate_space": "local_east_m, local_north_m",
        "aerialway": null
      }
    },
    {
      "type": "Feature",
      "geometry": {
        "type": "Point",
        "coordinates": [
          5563.702087679412,
          4073.970779083669
        ]
      },
      "properties": {
        "id": "lifts:nan:9204378797",
        "osm_type": null,
        "osm_id": "9204378797",
        "name": null,
        "tags": {
          "other_tags": "\"aerialway\"=>\"pylon\"",
          "State": "New South Wales",
          "Country": "Australia",
          "Ski Area": "Perisher",
          "region": "australia-oceania"
        },
        "source": "OpenStreetMap",
        "source_confidence": "osm_as_mapped",
        "coordinate_space": "local_east_m, local_north_m",
        "aerialway": null
      }
    },
    {
      "type": "Feature",
      "geometry": {
        "type": "Point",
        "coordinates": [
          5561.630392908817,
          4067.9320539887995
        ]
      },
      "properties": {
        "id": "lifts:nan:9204378798",
        "osm_type": null,
        "osm_id": "9204378798",
        "name": null,
        "tags": {
          "other_tags": "\"aerialway\"=>\"pylon\"",
          "State": "New South Wales",
          "Country": "Australia",
          "Ski Area": "Perisher",
          "region": "australia-oceania"
        },
        "source": "OpenStreetMap",
        "source_confidence": "osm_as_mapped",
        "coordinate_space": "local_east_m, local_north_m",
        "aerialway": null
      }
    },
    {
      "type": "Feature",
      "geometry": {
        "type": "Point",
        "coordinates": [
          5473.213740171865,
          4106.79564675875
        ]
      },
      "properties": {
        "id": "lifts:nan:9204378799",
        "osm_type": null,
        "osm_id": "9204378799",
        "name": null,
        "tags": {
          "other_tags": "\"aerialway\"=>\"pylon\"",
          "State": "New South Wales",
          "Country": "Australia",
          "Ski Area": "Perisher",
          "region": "australia-oceania"
        },
        "source": "OpenStreetMap",
        "source_confidence": "osm_as_mapped",
        "coordinate_space": "local_east_m, local_north_m",
        "aerialway": null
      }
    },
    {
      "type": "Feature",
      "geometry": {
        "type": "Point",
        "coordinates": [
          5471.44409778167,
          4100.55272519961
        ]
      },
      "properties": {
        "id": "lifts:nan:9204378800",
        "osm_type": null,
        "osm_id": "9204378800",
        "name": null,
        "tags": {
          "other_tags": "\"aerialway\"=>\"pylon\"",
          "State": "New South Wales",
          "Country": "Australia",
          "Ski Area": "Perisher",
          "region": "australia-oceania"
        },
        "source": "OpenStreetMap",
        "source_confidence": "osm_as_mapped",
        "coordinate_space": "local_east_m, local_north_m",
        "aerialway": null
      }
    },
    {
      "type": "Feature",
      "geometry": {
        "type": "Point",
        "coordinates": [
          5367.591021191096,
          4145.10196979437
        ]
      },
      "properties": {
        "id": "lifts:nan:9204378801",
        "osm_type": null,
        "osm_id": "9204378801",
        "name": null,
        "tags": {
          "other_tags": "\"aerialway\"=>\"pylon\"",
          "State": "New South Wales",
          "Country": "Australia",
          "Ski Area": "Perisher",
          "region": "australia-oceania"
        },
        "source": "OpenStreetMap",
        "source_confidence": "osm_as_mapped",
        "coordinate_space": "local_east_m, local_north_m",
        "aerialway": null
      }
    },
    {
      "type": "Feature",
      "geometry": {
        "type": "Point",
        "coordinates": [
          5365.757522722706,
          4138.782301835716
        ]
      },
      "properties": {
        "id": "lifts:nan:9204378802",
        "osm_type": null,
        "osm_id": "9204378802",
        "name": null,
        "tags": {
          "other_tags": "\"aerialway\"=>\"pylon\"",
          "State": "New South Wales",
          "Country": "Australia",
          "Ski Area": "Perisher",
          "region": "australia-oceania"
        },
        "source": "OpenStreetMap",
        "source_confidence": "osm_as_mapped",
        "coordinate_space": "local_east_m, local_north_m",
        "aerialway": null
      }
    },
    {
      "type": "Feature",
      "geometry": {
        "type": "Point",
        "coordinates": [
          5270.917495206464,
          4180.168379999697
        ]
      },
      "properties": {
        "id": "lifts:nan:9204378803",
        "osm_type": null,
        "osm_id": "9204378803",
        "name": null,
        "tags": {
          "other_tags": "\"aerialway\"=>\"pylon\"",
          "State": "New South Wales",
          "Country": "Australia",
          "Ski Area": "Perisher",
          "region": "australia-oceania"
        },
        "source": "OpenStreetMap",
        "source_confidence": "osm_as_mapped",
        "coordinate_space": "local_east_m, local_north_m",
        "aerialway": null
      }
    },
    {
      "type": "Feature",
      "geometry": {
        "type": "Point",
        "coordinates": [
          5269.082591580227,
          4173.748854741454
        ]
      },
      "properties": {
        "id": "lifts:nan:9204378804",
        "osm_type": null,
        "osm_id": "9204378804",
        "name": null,
        "tags": {
          "other_tags": "\"aerialway\"=>\"pylon\"",
          "State": "New South Wales",
          "Country": "Australia",
          "Ski Area": "Perisher",
          "region": "australia-oceania"
        },
        "source": "OpenStreetMap",
        "source_confidence": "osm_as_mapped",
        "coordinate_space": "local_east_m, local_north_m",
        "aerialway": null
      }
    },
    {
      "type": "Feature",
      "geometry": {
        "type": "Point",
        "coordinates": [
          5169.620814386406,
          4216.899487893097
        ]
      },
      "properties": {
        "id": "lifts:nan:9204378805",
        "osm_type": null,
        "osm_id": "9204378805",
        "name": null,
        "tags": {
          "other_tags": "\"aerialway\"=>\"pylon\"",
          "State": "New South Wales",
          "Country": "Australia",
          "Ski Area": "Perisher",
          "region": "australia-oceania"
        },
        "source": "OpenStreetMap",
        "source_confidence": "osm_as_mapped",
        "coordinate_space": "local_east_m, local_north_m",
        "aerialway": null
      }
    },
    {
      "type": "Feature",
      "geometry": {
        "type": "Point",
        "coordinates": [
          5167.463261460536,
          4210.495788535103
        ]
      },
      "properties": {
        "id": "lifts:nan:9204378806",
        "osm_type": null,
        "osm_id": "9204378806",
        "name": null,
        "tags": {
          "other_tags": "\"aerialway\"=>\"pylon\"",
          "State": "New South Wales",
          "Country": "Australia",
          "Ski Area": "Perisher",
          "region": "australia-oceania"
        },
        "source": "OpenStreetMap",
        "source_confidence": "osm_as_mapped",
        "coordinate_space": "local_east_m, local_north_m",
        "aerialway": null
      }
    },
    {
      "type": "Feature",
      "geometry": {
        "type": "Point",
        "coordinates": [
          5111.369601705344,
          4238.028280809522
        ]
      },
      "properties": {
        "id": "lifts:nan:9204378807",
        "osm_type": null,
        "osm_id": "9204378807",
        "name": null,
        "tags": {
          "other_tags": "\"aerialway\"=>\"pylon\"",
          "State": "New South Wales",
          "Country": "Australia",
          "Ski Area": "Perisher",
          "region": "australia-oceania"
        },
        "source": "OpenStreetMap",
        "source_confidence": "osm_as_mapped",
        "coordinate_space": "local_east_m, local_north_m",
        "aerialway": null
      }
    },
    {
      "type": "Feature",
      "geometry": {
        "type": "Point",
        "coordinates": [
          5108.934539480135,
          4231.661937868223
        ]
      },
      "properties": {
        "id": "lifts:nan:9204378808",
        "osm_type": null,
        "osm_id": "9204378808",
        "name": null,
        "tags": {
          "other_tags": "\"aerialway\"=>\"pylon\"",
          "State": "New South Wales",
          "Country": "Australia",
          "Ski Area": "Perisher",
          "region": "australia-oceania"
        },
        "source": "OpenStreetMap",
        "source_confidence": "osm_as_mapped",
        "coordinate_space": "local_east_m, local_north_m",
        "aerialway": null
      }
    },
    {
      "type": "Feature",
      "geometry": {
        "type": "Point",
        "coordinates": [
          5041.089395526913,
          4263.516576520167
        ]
      },
      "properties": {
        "id": "lifts:nan:9204378809",
        "osm_type": null,
        "osm_id": "9204378809",
        "name": null,
        "tags": {
          "other_tags": "\"aerialway\"=>\"pylon\"",
          "State": "New South Wales",
          "Country": "Australia",
          "Ski Area": "Perisher",
          "region": "australia-oceania"
        },
        "source": "OpenStreetMap",
        "source_confidence": "osm_as_mapped",
        "coordinate_space": "local_east_m, local_north_m",
        "aerialway": null
      }
    },
    {
      "type": "Feature",
      "geometry": {
        "type": "Point",
        "coordinates": [
          5039.403045602958,
          4256.817435704172
        ]
      },
      "properties": {
        "id": "lifts:nan:9204378810",
        "osm_type": null,
        "osm_id": "9204378810",
        "name": null,
        "tags": {
          "other_tags": "\"aerialway\"=>\"pylon\"",
          "State": "New South Wales",
          "Country": "Australia",
          "Ski Area": "Perisher",
          "region": "australia-oceania"
        },
        "source": "OpenStreetMap",
        "source_confidence": "osm_as_mapped",
        "coordinate_space": "local_east_m, local_north_m",
        "aerialway": null
      }
    },
    {
      "type": "Feature",
      "geometry": {
        "type": "Point",
        "coordinates": [
          4980.36571875331,
          4285.53517312184
        ]
      },
      "properties": {
        "id": "lifts:nan:9204378811",
        "osm_type": null,
        "osm_id": "9204378811",
        "name": null,
        "tags": {
          "other_tags": "\"aerialway\"=>\"pylon\"",
          "State": "New South Wales",
          "Country": "Australia",
          "Ski Area": "Perisher",
          "region": "australia-oceania"
        },
        "source": "OpenStreetMap",
        "source_confidence": "osm_as_mapped",
        "coordinate_space": "local_east_m, local_north_m",
        "aerialway": null
      }
    },
    {
      "type": "Feature",
      "geometry": {
        "type": "Point",
        "coordinates": [
          4978.071638969122,
          4278.989195990376
        ]
      },
      "properties": {
        "id": "lifts:nan:9204378812",
        "osm_type": null,
        "osm_id": "9204378812",
        "name": null,
        "tags": {
          "other_tags": "\"aerialway\"=>\"pylon\"",
          "State": "New South Wales",
          "Country": "Australia",
          "Ski Area": "Perisher",
          "region": "australia-oceania"
        },
        "source": "OpenStreetMap",
        "source_confidence": "osm_as_mapped",
        "coordinate_space": "local_east_m, local_north_m",
        "aerialway": null
      }
    },
    {
      "type": "Feature",
      "geometry": {
        "type": "Point",
        "coordinates": [
          5460.9200093670515,
          3987.355050843209
        ]
      },
      "properties": {
        "id": "lifts:nan:9204378813",
        "osm_type": null,
        "osm_id": "9204378813",
        "name": null,
        "tags": {
          "other_tags": "\"aerialway\"=>\"pylon\"",
          "State": "New South Wales",
          "Country": "Australia",
          "Ski Area": "Perisher",
          "region": "australia-oceania"
        },
        "source": "OpenStreetMap",
        "source_confidence": "osm_as_mapped",
        "coordinate_space": "local_east_m, local_north_m",
        "aerialway": null
      }
    },
    {
      "type": "Feature",
      "geometry": {
        "type": "Point",
        "coordinates": [
          5412.884932333371,
          3983.902687544003
        ]
      },
      "properties": {
        "id": "lifts:nan:9204378814",
        "osm_type": null,
        "osm_id": "9204378814",
        "name": null,
        "tags": {
          "other_tags": "\"aerialway\"=>\"pylon\"",
          "State": "New South Wales",
          "Country": "Australia",
          "Ski Area": "Perisher",
          "region": "australia-oceania"
        },
        "source": "OpenStreetMap",
        "source_confidence": "osm_as_mapped",
        "coordinate_space": "local_east_m, local_north_m",
        "aerialway": null
      }
    },
    {
      "type": "Feature",
      "geometry": {
        "type": "Point",
        "coordinates": [
          5293.107284974423,
          3975.2937925457954
        ]
      },
      "properties": {
        "id": "lifts:nan:9204378815",
        "osm_type": null,
        "osm_id": "9204378815",
        "name": null,
        "tags": {
          "other_tags": "\"aerialway\"=>\"pylon\"",
          "State": "New South Wales",
          "Country": "Australia",
          "Ski Area": "Perisher",
          "region": "australia-oceania"
        },
        "source": "OpenStreetMap",
        "source_confidence": "osm_as_mapped",
        "coordinate_space": "local_east_m, local_north_m",
        "aerialway": null
      }
    },
    {
      "type": "Feature",
      "geometry": {
        "type": "Point",
        "coordinates": [
          5210.247309395578,
          3969.335310606286
        ]
      },
      "properties": {
        "id": "lifts:nan:9204378816",
        "osm_type": null,
        "osm_id": "9204378816",
        "name": null,
        "tags": {
          "other_tags": "\"aerialway\"=>\"pylon\"",
          "State": "New South Wales",
          "Country": "Australia",
          "Ski Area": "Perisher",
          "region": "australia-oceania"
        },
        "source": "OpenStreetMap",
        "source_confidence": "osm_as_mapped",
        "coordinate_space": "local_east_m, local_north_m",
        "aerialway": null
      }
    },
    {
      "type": "Feature",
      "geometry": {
        "type": "Point",
        "coordinates": [
          5159.706957871909,
          3965.6965260412544
        ]
      },
      "properties": {
        "id": "lifts:nan:9204379817",
        "osm_type": null,
        "osm_id": "9204379817",
        "name": null,
        "tags": {
          "other_tags": "\"aerialway\"=>\"pylon\"",
          "State": "New South Wales",
          "Country": "Australia",
          "Ski Area": "Perisher",
          "region": "australia-oceania"
        },
        "source": "OpenStreetMap",
        "source_confidence": "osm_as_mapped",
        "coordinate_space": "local_east_m, local_north_m",
        "aerialway": null
      }
    },
    {
      "type": "Feature",
      "geometry": {
        "type": "Point",
        "coordinates": [
          5085.908212210517,
          3960.3912859726697
        ]
      },
      "properties": {
        "id": "lifts:nan:9204379818",
        "osm_type": null,
        "osm_id": "9204379818",
        "name": null,
        "tags": {
          "other_tags": "\"aerialway\"=>\"pylon\"",
          "State": "New South Wales",
          "Country": "Australia",
          "Ski Area": "Perisher",
          "region": "australia-oceania"
        },
        "source": "OpenStreetMap",
        "source_confidence": "osm_as_mapped",
        "coordinate_space": "local_east_m, local_north_m",
        "aerialway": null
      }
    },
    {
      "type": "Feature",
      "geometry": {
        "type": "Point",
        "coordinates": [
          5031.452755323378,
          3956.4764766916633
        ]
      },
      "properties": {
        "id": "lifts:nan:9204379819",
        "osm_type": null,
        "osm_id": "9204379819",
        "name": null,
        "tags": {
          "other_tags": "\"aerialway\"=>\"pylon\"",
          "State": "New South Wales",
          "Country": "Australia",
          "Ski Area": "Perisher",
          "region": "australia-oceania"
        },
        "source": "OpenStreetMap",
        "source_confidence": "osm_as_mapped",
        "coordinate_space": "local_east_m, local_north_m",
        "aerialway": null
      }
    },
    {
      "type": "Feature",
      "geometry": {
        "type": "Point",
        "coordinates": [
          4943.860720609548,
          3950.174499168992
        ]
      },
      "properties": {
        "id": "lifts:nan:9204379820",
        "osm_type": null,
        "osm_id": "9204379820",
        "name": null,
        "tags": {
          "other_tags": "\"aerialway\"=>\"pylon\"",
          "State": "New South Wales",
          "Country": "Australia",
          "Ski Area": "Perisher",
          "region": "australia-oceania"
        },
        "source": "OpenStreetMap",
        "source_confidence": "osm_as_mapped",
        "coordinate_space": "local_east_m, local_north_m",
        "aerialway": null
      }
    },
    {
      "type": "Feature",
      "geometry": {
        "type": "Point",
        "coordinates": [
          4899.87609686947,
          3947.003759389743
        ]
      },
      "properties": {
        "id": "lifts:nan:9204379821",
        "osm_type": null,
        "osm_id": "9204379821",
        "name": null,
        "tags": {
          "other_tags": "\"aerialway\"=>\"pylon\"",
          "State": "New South Wales",
          "Country": "Australia",
          "Ski Area": "Perisher",
          "region": "australia-oceania"
        },
        "source": "OpenStreetMap",
        "source_confidence": "osm_as_mapped",
        "coordinate_space": "local_east_m, local_north_m",
        "aerialway": null
      }
    },
    {
      "type": "Feature",
      "geometry": {
        "type": "Point",
        "coordinates": [
          4746.69949352683,
          3666.103775789961
        ]
      },
      "properties": {
        "id": "lifts:nan:9205057020",
        "osm_type": null,
        "osm_id": "9205057020",
        "name": null,
        "tags": {
          "other_tags": "\"aerialway\"=>\"pylon\"",
          "State": "New South Wales",
          "Country": "Australia",
          "Ski Area": "Perisher",
          "region": "australia-oceania"
        },
        "source": "OpenStreetMap",
        "source_confidence": "osm_as_mapped",
        "coordinate_space": "local_east_m, local_north_m",
        "aerialway": null
      }
    },
    {
      "type": "Feature",
      "geometry": {
        "type": "Point",
        "coordinates": [
          4689.566236400162,
          3599.3363625910133
        ]
      },
      "properties": {
        "id": "lifts:nan:9205057021",
        "osm_type": null,
        "osm_id": "9205057021",
        "name": null,
        "tags": {
          "other_tags": "\"aerialway\"=>\"pylon\"",
          "State": "New South Wales",
          "Country": "Australia",
          "Ski Area": "Perisher",
          "region": "australia-oceania"
        },
        "source": "OpenStreetMap",
        "source_confidence": "osm_as_mapped",
        "coordinate_space": "local_east_m, local_north_m",
        "aerialway": null
      }
    },
    {
      "type": "Feature",
      "geometry": {
        "type": "Point",
        "coordinates": [
          4641.286714783637,
          3542.924146900885
        ]
      },
      "properties": {
        "id": "lifts:nan:9205057022",
        "osm_type": null,
        "osm_id": "9205057022",
        "name": null,
        "tags": {
          "other_tags": "\"aerialway\"=>\"pylon\"",
          "State": "New South Wales",
          "Country": "Australia",
          "Ski Area": "Perisher",
          "region": "australia-oceania"
        },
        "source": "OpenStreetMap",
        "source_confidence": "osm_as_mapped",
        "coordinate_space": "local_east_m, local_north_m",
        "aerialway": null
      }
    },
    {
      "type": "Feature",
      "geometry": {
        "type": "Point",
        "coordinates": [
          4602.6086611042265,
          3497.721762754023
        ]
      },
      "properties": {
        "id": "lifts:nan:9205057023",
        "osm_type": null,
        "osm_id": "9205057023",
        "name": null,
        "tags": {
          "other_tags": "\"aerialway\"=>\"pylon\"",
          "State": "New South Wales",
          "Country": "Australia",
          "Ski Area": "Perisher",
          "region": "australia-oceania"
        },
        "source": "OpenStreetMap",
        "source_confidence": "osm_as_mapped",
        "coordinate_space": "local_east_m, local_north_m",
        "aerialway": null
      }
    },
    {
      "type": "Feature",
      "geometry": {
        "type": "Point",
        "coordinates": [
          4547.29377534322,
          3433.0793802700937
        ]
      },
      "properties": {
        "id": "lifts:nan:9205057024",
        "osm_type": null,
        "osm_id": "9205057024",
        "name": null,
        "tags": {
          "other_tags": "\"aerialway\"=>\"pylon\"",
          "State": "New South Wales",
          "Country": "Australia",
          "Ski Area": "Perisher",
          "region": "australia-oceania"
        },
        "source": "OpenStreetMap",
        "source_confidence": "osm_as_mapped",
        "coordinate_space": "local_east_m, local_north_m",
        "aerialway": null
      }
    },
    {
      "type": "Feature",
      "geometry": {
        "type": "Point",
        "coordinates": [
          4502.803297137492,
          3381.0824675550684
        ]
      },
      "properties": {
        "id": "lifts:nan:9205057025",
        "osm_type": null,
        "osm_id": "9205057025",
        "name": null,
        "tags": {
          "other_tags": "\"aerialway\"=>\"pylon\"",
          "State": "New South Wales",
          "Country": "Australia",
          "Ski Area": "Perisher",
          "region": "australia-oceania"
        },
        "source": "OpenStreetMap",
        "source_confidence": "osm_as_mapped",
        "coordinate_space": "local_east_m, local_north_m",
        "aerialway": null
      }
    },
    {
      "type": "Feature",
      "geometry": {
        "type": "Point",
        "coordinates": [
          4453.905627838569,
          3323.946033358574
        ]
      },
      "properties": {
        "id": "lifts:nan:9205057026",
        "osm_type": null,
        "osm_id": "9205057026",
        "name": null,
        "tags": {
          "other_tags": "\"aerialway\"=>\"pylon\"",
          "State": "New South Wales",
          "Country": "Australia",
          "Ski Area": "Perisher",
          "region": "australia-oceania"
        },
        "source": "OpenStreetMap",
        "source_confidence": "osm_as_mapped",
        "coordinate_space": "local_east_m, local_north_m",
        "aerialway": null
      }
    },
    {
      "type": "Feature",
      "geometry": {
        "type": "Point",
        "coordinates": [
          4408.202573188464,
          3270.5350934416056
        ]
      },
      "properties": {
        "id": "lifts:nan:9205057027",
        "osm_type": null,
        "osm_id": "9205057027",
        "name": null,
        "tags": {
          "other_tags": "\"aerialway\"=>\"pylon\"",
          "State": "New South Wales",
          "Country": "Australia",
          "Ski Area": "Perisher",
          "region": "australia-oceania"
        },
        "source": "OpenStreetMap",
        "source_confidence": "osm_as_mapped",
        "coordinate_space": "local_east_m, local_north_m",
        "aerialway": null
      }
    },
    {
      "type": "Feature",
      "geometry": {
        "type": "Point",
        "coordinates": [
          4364.443992116954,
          3219.403366319835
        ]
      },
      "properties": {
        "id": "lifts:nan:9205057028",
        "osm_type": null,
        "osm_id": "9205057028",
        "name": null,
        "tags": {
          "other_tags": "\"aerialway\"=>\"pylon\"",
          "State": "New South Wales",
          "Country": "Australia",
          "Ski Area": "Perisher",
          "region": "australia-oceania"
        },
        "source": "OpenStreetMap",
        "source_confidence": "osm_as_mapped",
        "coordinate_space": "local_east_m, local_north_m",
        "aerialway": null
      }
    },
    {
      "type": "Feature",
      "geometry": {
        "type": "Point",
        "coordinates": [
          4191.366582797375,
          3177.939706718549
        ]
      },
      "properties": {
        "id": "lifts:nan:9205057029",
        "osm_type": null,
        "osm_id": "9205057029",
        "name": null,
        "tags": {
          "other_tags": "\"aerialway\"=>\"pylon\"",
          "State": "New South Wales",
          "Country": "Australia",
          "Ski Area": "Perisher",
          "region": "australia-oceania"
        },
        "source": "OpenStreetMap",
        "source_confidence": "osm_as_mapped",
        "coordinate_space": "local_east_m, local_north_m",
        "aerialway": null
      }
    },
    {
      "type": "Feature",
      "geometry": {
        "type": "Point",
        "coordinates": [
          4122.707769612083,
          3117.4508560327813
        ]
      },
      "properties": {
        "id": "lifts:nan:9205057030",
        "osm_type": null,
        "osm_id": "9205057030",
        "name": null,
        "tags": {
          "other_tags": "\"aerialway\"=>\"pylon\"",
          "State": "New South Wales",
          "Country": "Australia",
          "Ski Area": "Perisher",
          "region": "australia-oceania"
        },
        "source": "OpenStreetMap",
        "source_confidence": "osm_as_mapped",
        "coordinate_space": "local_east_m, local_north_m",
        "aerialway": null
      }
    },
    {
      "type": "Feature",
      "geometry": {
        "type": "Point",
        "coordinates": [
          4061.2462592558004,
          3063.291882753372
        ]
      },
      "properties": {
        "id": "lifts:nan:9205057031",
        "osm_type": null,
        "osm_id": "9205057031",
        "name": null,
        "tags": {
          "other_tags": "\"aerialway\"=>\"pylon\"",
          "State": "New South Wales",
          "Country": "Australia",
          "Ski Area": "Perisher",
          "region": "australia-oceania"
        },
        "source": "OpenStreetMap",
        "source_confidence": "osm_as_mapped",
        "coordinate_space": "local_east_m, local_north_m",
        "aerialway": null
      }
    },
    {
      "type": "Feature",
      "geometry": {
        "type": "Point",
        "coordinates": [
          4029.152992819203,
          3035.022707099095
        ]
      },
      "properties": {
        "id": "lifts:nan:9205057032",
        "osm_type": null,
        "osm_id": "9205057032",
        "name": null,
        "tags": {
          "other_tags": "\"aerialway\"=>\"pylon\"",
          "State": "New South Wales",
          "Country": "Australia",
          "Ski Area": "Perisher",
          "region": "australia-oceania"
        },
        "source": "OpenStreetMap",
        "source_confidence": "osm_as_mapped",
        "coordinate_space": "local_east_m, local_north_m",
        "aerialway": null
      }
    },
    {
      "type": "Feature",
      "geometry": {
        "type": "Point",
        "coordinates": [
          3962.1045845428016,
          2975.940492792055
        ]
      },
      "properties": {
        "id": "lifts:nan:9205057033",
        "osm_type": null,
        "osm_id": "9205057033",
        "name": null,
        "tags": {
          "other_tags": "\"aerialway\"=>\"pylon\"",
          "State": "New South Wales",
          "Country": "Australia",
          "Ski Area": "Perisher",
          "region": "australia-oceania"
        },
        "source": "OpenStreetMap",
        "source_confidence": "osm_as_mapped",
        "coordinate_space": "local_east_m, local_north_m",
        "aerialway": null
      }
    },
    {
      "type": "Feature",
      "geometry": {
        "type": "Point",
        "coordinates": [
          3920.2986300075427,
          2939.102565453388
        ]
      },
      "properties": {
        "id": "lifts:nan:9205057034",
        "osm_type": null,
        "osm_id": "9205057034",
        "name": null,
        "tags": {
          "other_tags": "\"aerialway\"=>\"pylon\"",
          "State": "New South Wales",
          "Country": "Australia",
          "Ski Area": "Perisher",
          "region": "australia-oceania"
        },
        "source": "OpenStreetMap",
        "source_confidence": "osm_as_mapped",
        "coordinate_space": "local_east_m, local_north_m",
        "aerialway": null
      }
    },
    {
      "type": "Feature",
      "geometry": {
        "type": "Point",
        "coordinates": [
          4132.951994508505,
          2769.266332118772
        ]
      },
      "properties": {
        "id": "lifts:nan:9205057035",
        "osm_type": null,
        "osm_id": "9205057035",
        "name": null,
        "tags": {
          "other_tags": "\"aerialway\"=>\"pylon\"",
          "State": "New South Wales",
          "Country": "Australia",
          "Ski Area": "Perisher",
          "region": "australia-oceania"
        },
        "source": "OpenStreetMap",
        "source_confidence": "osm_as_mapped",
        "coordinate_space": "local_east_m, local_north_m",
        "aerialway": null
      }
    },
    {
      "type": "Feature",
      "geometry": {
        "type": "Point",
        "coordinates": [
          4119.891928827041,
          2726.838944874704
        ]
      },
      "properties": {
        "id": "lifts:nan:9205057036",
        "osm_type": null,
        "osm_id": "9205057036",
        "name": null,
        "tags": {
          "other_tags": "\"aerialway\"=>\"pylon\"",
          "State": "New South Wales",
          "Country": "Australia",
          "Ski Area": "Perisher",
          "region": "australia-oceania"
        },
        "source": "OpenStreetMap",
        "source_confidence": "osm_as_mapped",
        "coordinate_space": "local_east_m, local_north_m",
        "aerialway": null
      }
    },
    {
      "type": "Feature",
      "geometry": {
        "type": "Point",
        "coordinates": [
          4025.788287067553,
          2790.9137668395415
        ]
      },
      "properties": {
        "id": "lifts:nan:9205057037",
        "osm_type": null,
        "osm_id": "9205057037",
        "name": null,
        "tags": {
          "other_tags": "\"aerialway\"=>\"pylon\"",
          "State": "New South Wales",
          "Country": "Australia",
          "Ski Area": "Perisher",
          "region": "australia-oceania"
        },
        "source": "OpenStreetMap",
        "source_confidence": "osm_as_mapped",
        "coordinate_space": "local_east_m, local_north_m",
        "aerialway": null
      }
    },
    {
      "type": "Feature",
      "geometry": {
        "type": "Point",
        "coordinates": [
          3966.266712278477,
          2831.4376886598766
        ]
      },
      "properties": {
        "id": "lifts:nan:9205057038",
        "osm_type": null,
        "osm_id": "9205057038",
        "name": null,
        "tags": {
          "other_tags": "\"aerialway\"=>\"pylon\"",
          "State": "New South Wales",
          "Country": "Australia",
          "Ski Area": "Perisher",
          "region": "australia-oceania"
        },
        "source": "OpenStreetMap",
        "source_confidence": "osm_as_mapped",
        "coordinate_space": "local_east_m, local_north_m",
        "aerialway": null
      }
    },
    {
      "type": "Feature",
      "geometry": {
        "type": "Point",
        "coordinates": [
          3846.1841814308427,
          2913.2871583336964
        ]
      },
      "properties": {
        "id": "lifts:nan:9205057039",
        "osm_type": null,
        "osm_id": "9205057039",
        "name": null,
        "tags": {
          "other_tags": "\"aerialway\"=>\"pylon\"",
          "State": "New South Wales",
          "Country": "Australia",
          "Ski Area": "Perisher",
          "region": "australia-oceania"
        },
        "source": "OpenStreetMap",
        "source_confidence": "osm_as_mapped",
        "coordinate_space": "local_east_m, local_north_m",
        "aerialway": null
      }
    },
    {
      "type": "Feature",
      "geometry": {
        "type": "Point",
        "coordinates": [
          3866.9700587706175,
          2483.363938657567
        ]
      },
      "properties": {
        "id": "lifts:nan:9205057040",
        "osm_type": null,
        "osm_id": "9205057040",
        "name": null,
        "tags": {
          "other_tags": "\"aerialway\"=>\"pylon\"",
          "State": "New South Wales",
          "Country": "Australia",
          "Ski Area": "Perisher",
          "region": "australia-oceania"
        },
        "source": "OpenStreetMap",
        "source_confidence": "osm_as_mapped",
        "coordinate_space": "local_east_m, local_north_m",
        "aerialway": null
      }
    },
    {
      "type": "Feature",
      "geometry": {
        "type": "Point",
        "coordinates": [
          3862.139961097273,
          2478.729816865176
        ]
      },
      "properties": {
        "id": "lifts:nan:9205057041",
        "osm_type": null,
        "osm_id": "9205057041",
        "name": null,
        "tags": {
          "other_tags": "\"aerialway\"=>\"pylon\"",
          "State": "New South Wales",
          "Country": "Australia",
          "Ski Area": "Perisher",
          "region": "australia-oceania"
        },
        "source": "OpenStreetMap",
        "source_confidence": "osm_as_mapped",
        "coordinate_space": "local_east_m, local_north_m",
        "aerialway": null
      }
    },
    {
      "type": "Feature",
      "geometry": {
        "type": "Point",
        "coordinates": [
          3805.82619425538,
          2547.255550082773
        ]
      },
      "properties": {
        "id": "lifts:nan:9205057042",
        "osm_type": null,
        "osm_id": "9205057042",
        "name": null,
        "tags": {
          "other_tags": "\"aerialway\"=>\"pylon\"",
          "State": "New South Wales",
          "Country": "Australia",
          "Ski Area": "Perisher",
          "region": "australia-oceania"
        },
        "source": "OpenStreetMap",
        "source_confidence": "osm_as_mapped",
        "coordinate_space": "local_east_m, local_north_m",
        "aerialway": null
      }
    },
    {
      "type": "Feature",
      "geometry": {
        "type": "Point",
        "coordinates": [
          3812.1502627864247,
          2551.623835356906
        ]
      },
      "properties": {
        "id": "lifts:nan:9205057043",
        "osm_type": null,
        "osm_id": "9205057043",
        "name": null,
        "tags": {
          "other_tags": "\"aerialway\"=>\"pylon\"",
          "State": "New South Wales",
          "Country": "Australia",
          "Ski Area": "Perisher",
          "region": "australia-oceania"
        },
        "source": "OpenStreetMap",
        "source_confidence": "osm_as_mapped",
        "coordinate_space": "local_east_m, local_north_m",
        "aerialway": null
      }
    },
    {
      "type": "Feature",
      "geometry": {
        "type": "Point",
        "coordinates": [
          3749.6876355090644,
          2615.5564104747027
        ]
      },
      "properties": {
        "id": "lifts:nan:9205057044",
        "osm_type": null,
        "osm_id": "9205057044",
        "name": null,
        "tags": {
          "other_tags": "\"aerialway\"=>\"pylon\"",
          "State": "New South Wales",
          "Country": "Australia",
          "Ski Area": "Perisher",
          "region": "australia-oceania"
        },
        "source": "OpenStreetMap",
        "source_confidence": "osm_as_mapped",
        "coordinate_space": "local_east_m, local_north_m",
        "aerialway": null
      }
    },
    {
      "type": "Feature",
      "geometry": {
        "type": "Point",
        "coordinates": [
          3756.448852806585,
          2620.9946408513933
        ]
      },
      "properties": {
        "id": "lifts:nan:9205057045",
        "osm_type": null,
        "osm_id": "9205057045",
        "name": null,
        "tags": {
          "other_tags": "\"aerialway\"=>\"pylon\"",
          "State": "New South Wales",
          "Country": "Australia",
          "Ski Area": "Perisher",
          "region": "australia-oceania"
        },
        "source": "OpenStreetMap",
        "source_confidence": "osm_as_mapped",
        "coordinate_space": "local_east_m, local_north_m",
        "aerialway": null
      }
    },
    {
      "type": "Feature",
      "geometry": {
        "type": "Point",
        "coordinates": [
          3708.4866923987865,
          2665.697922838852
        ]
      },
      "properties": {
        "id": "lifts:nan:9205057046",
        "osm_type": null,
        "osm_id": "9205057046",
        "name": null,
        "tags": {
          "other_tags": "\"aerialway\"=>\"pylon\"",
          "State": "New South Wales",
          "Country": "Australia",
          "Ski Area": "Perisher",
          "region": "australia-oceania"
        },
        "source": "OpenStreetMap",
        "source_confidence": "osm_as_mapped",
        "coordinate_space": "local_east_m, local_north_m",
        "aerialway": null
      }
    },
    {
      "type": "Feature",
      "geometry": {
        "type": "Point",
        "coordinates": [
          3716.357121852925,
          2670.931414026767
        ]
      },
      "properties": {
        "id": "lifts:nan:9205057047",
        "osm_type": null,
        "osm_id": "9205057047",
        "name": null,
        "tags": {
          "other_tags": "\"aerialway\"=>\"pylon\"",
          "State": "New South Wales",
          "Country": "Australia",
          "Ski Area": "Perisher",
          "region": "australia-oceania"
        },
        "source": "OpenStreetMap",
        "source_confidence": "osm_as_mapped",
        "coordinate_space": "local_east_m, local_north_m",
        "aerialway": null
      }
    },
    {
      "type": "Feature",
      "geometry": {
        "type": "Point",
        "coordinates": [
          3675.1376437548315,
          2706.271542964503
        ]
      },
      "properties": {
        "id": "lifts:nan:9205057048",
        "osm_type": null,
        "osm_id": "9205057048",
        "name": null,
        "tags": {
          "other_tags": "\"aerialway\"=>\"pylon\"",
          "State": "New South Wales",
          "Country": "Australia",
          "Ski Area": "Perisher",
          "region": "australia-oceania"
        },
        "source": "OpenStreetMap",
        "source_confidence": "osm_as_mapped",
        "coordinate_space": "local_east_m, local_north_m",
        "aerialway": null
      }
    },
    {
      "type": "Feature",
      "geometry": {
        "type": "Point",
        "coordinates": [
          3683.0392601931235,
          2712.4144465476274
        ]
      },
      "properties": {
        "id": "lifts:nan:9205057049",
        "osm_type": null,
        "osm_id": "9205057049",
        "name": null,
        "tags": {
          "other_tags": "\"aerialway\"=>\"pylon\"",
          "State": "New South Wales",
          "Country": "Australia",
          "Ski Area": "Perisher",
          "region": "australia-oceania"
        },
        "source": "OpenStreetMap",
        "source_confidence": "osm_as_mapped",
        "coordinate_space": "local_east_m, local_north_m",
        "aerialway": null
      }
    },
    {
      "type": "Feature",
      "geometry": {
        "type": "Point",
        "coordinates": [
          3613.938269293285,
          2780.7365223448724
        ]
      },
      "properties": {
        "id": "lifts:nan:9205057050",
        "osm_type": null,
        "osm_id": "9205057050",
        "name": null,
        "tags": {
          "other_tags": "\"aerialway\"=>\"pylon\"",
          "State": "New South Wales",
          "Country": "Australia",
          "Ski Area": "Perisher",
          "region": "australia-oceania"
        },
        "source": "OpenStreetMap",
        "source_confidence": "osm_as_mapped",
        "coordinate_space": "local_east_m, local_north_m",
        "aerialway": null
      }
    },
    {
      "type": "Feature",
      "geometry": {
        "type": "Point",
        "coordinates": [
          3623.5563273755834,
          2786.4883617479354
        ]
      },
      "properties": {
        "id": "lifts:nan:9205057051",
        "osm_type": null,
        "osm_id": "9205057051",
        "name": null,
        "tags": {
          "other_tags": "\"aerialway\"=>\"pylon\"",
          "State": "New South Wales",
          "Country": "Australia",
          "Ski Area": "Perisher",
          "region": "australia-oceania"
        },
        "source": "OpenStreetMap",
        "source_confidence": "osm_as_mapped",
        "coordinate_space": "local_east_m, local_north_m",
        "aerialway": null
      }
    },
    {
      "type": "Feature",
      "geometry": {
        "type": "Point",
        "coordinates": [
          3572.3477715105982,
          2831.3378926645964
        ]
      },
      "properties": {
        "id": "lifts:nan:9205057052",
        "osm_type": null,
        "osm_id": "9205057052",
        "name": null,
        "tags": {
          "other_tags": "\"aerialway\"=>\"pylon\"",
          "State": "New South Wales",
          "Country": "Australia",
          "Ski Area": "Perisher",
          "region": "australia-oceania"
        },
        "source": "OpenStreetMap",
        "source_confidence": "osm_as_mapped",
        "coordinate_space": "local_east_m, local_north_m",
        "aerialway": null
      }
    },
    {
      "type": "Feature",
      "geometry": {
        "type": "Point",
        "coordinates": [
          3582.009209940792,
          2838.22089413926
        ]
      },
      "properties": {
        "id": "lifts:nan:9205057053",
        "osm_type": null,
        "osm_id": "9205057053",
        "name": null,
        "tags": {
          "other_tags": "\"aerialway\"=>\"pylon\"",
          "State": "New South Wales",
          "Country": "Australia",
          "Ski Area": "Perisher",
          "region": "australia-oceania"
        },
        "source": "OpenStreetMap",
        "source_confidence": "osm_as_mapped",
        "coordinate_space": "local_east_m, local_north_m",
        "aerialway": null
      }
    },
    {
      "type": "Feature",
      "geometry": {
        "type": "Point",
        "coordinates": [
          3781.3716374512296,
          2466.2590902112424
        ]
      },
      "properties": {
        "id": "lifts:nan:9205057054",
        "osm_type": null,
        "osm_id": "9205057054",
        "name": null,
        "tags": {
          "other_tags": "\"aerialway\"=>\"pylon\"",
          "State": "New South Wales",
          "Country": "Australia",
          "Ski Area": "Perisher",
          "region": "australia-oceania"
        },
        "source": "OpenStreetMap",
        "source_confidence": "osm_as_mapped",
        "coordinate_space": "local_east_m, local_north_m",
        "aerialway": null
      }
    },
    {
      "type": "Feature",
      "geometry": {
        "type": "Point",
        "coordinates": [
          3726.807466735365,
          2492.97291780822
        ]
      },
      "properties": {
        "id": "lifts:nan:9205057055",
        "osm_type": null,
        "osm_id": "9205057055",
        "name": null,
        "tags": {
          "other_tags": "\"aerialway\"=>\"pylon\"",
          "State": "New South Wales",
          "Country": "Australia",
          "Ski Area": "Perisher",
          "region": "australia-oceania"
        },
        "source": "OpenStreetMap",
        "source_confidence": "osm_as_mapped",
        "coordinate_space": "local_east_m, local_north_m",
        "aerialway": null
      }
    },
    {
      "type": "Feature",
      "geometry": {
        "type": "Point",
        "coordinates": [
          3656.0347640234977,
          2527.622568964958
        ]
      },
      "properties": {
        "id": "lifts:nan:9205057056",
        "osm_type": null,
        "osm_id": "9205057056",
        "name": null,
        "tags": {
          "other_tags": "\"aerialway\"=>\"pylon\"",
          "State": "New South Wales",
          "Country": "Australia",
          "Ski Area": "Perisher",
          "region": "australia-oceania"
        },
        "source": "OpenStreetMap",
        "source_confidence": "osm_as_mapped",
        "coordinate_space": "local_east_m, local_north_m",
        "aerialway": null
      }
    },
    {
      "type": "Feature",
      "geometry": {
        "type": "Point",
        "coordinates": [
          3604.880719818757,
          2552.666022270918
        ]
      },
      "properties": {
        "id": "lifts:nan:9205057057",
        "osm_type": null,
        "osm_id": "9205057057",
        "name": null,
        "tags": {
          "other_tags": "\"aerialway\"=>\"pylon\"",
          "State": "New South Wales",
          "Country": "Australia",
          "Ski Area": "Perisher",
          "region": "australia-oceania"
        },
        "source": "OpenStreetMap",
        "source_confidence": "osm_as_mapped",
        "coordinate_space": "local_east_m, local_north_m",
        "aerialway": null
      }
    },
    {
      "type": "Feature",
      "geometry": {
        "type": "Point",
        "coordinates": [
          3523.972347603296,
          2592.277434227988
        ]
      },
      "properties": {
        "id": "lifts:nan:9205057058",
        "osm_type": null,
        "osm_id": "9205057058",
        "name": null,
        "tags": {
          "other_tags": "\"aerialway\"=>\"pylon\"",
          "State": "New South Wales",
          "Country": "Australia",
          "Ski Area": "Perisher",
          "region": "australia-oceania"
        },
        "source": "OpenStreetMap",
        "source_confidence": "osm_as_mapped",
        "coordinate_space": "local_east_m, local_north_m",
        "aerialway": null
      }
    },
    {
      "type": "Feature",
      "geometry": {
        "type": "Point",
        "coordinates": [
          3472.532543426845,
          2617.4573720563203
        ]
      },
      "properties": {
        "id": "lifts:nan:9205057059",
        "osm_type": null,
        "osm_id": "9205057059",
        "name": null,
        "tags": {
          "other_tags": "\"aerialway\"=>\"pylon\"",
          "State": "New South Wales",
          "Country": "Australia",
          "Ski Area": "Perisher",
          "region": "australia-oceania"
        },
        "source": "OpenStreetMap",
        "source_confidence": "osm_as_mapped",
        "coordinate_space": "local_east_m, local_north_m",
        "aerialway": null
      }
    },
    {
      "type": "Feature",
      "geometry": {
        "type": "Point",
        "coordinates": [
          3409.773007113603,
          2648.171625665389
        ]
      },
      "properties": {
        "id": "lifts:nan:9205057060",
        "osm_type": null,
        "osm_id": "9205057060",
        "name": null,
        "tags": {
          "other_tags": "\"aerialway\"=>\"pylon\"",
          "State": "New South Wales",
          "Country": "Australia",
          "Ski Area": "Perisher",
          "region": "australia-oceania"
        },
        "source": "OpenStreetMap",
        "source_confidence": "osm_as_mapped",
        "coordinate_space": "local_east_m, local_north_m",
        "aerialway": null
      }
    },
    {
      "type": "Feature",
      "geometry": {
        "type": "Point",
        "coordinates": [
          3497.5294195930474,
          2294.6796303447336
        ]
      },
      "properties": {
        "id": "lifts:nan:9205057061",
        "osm_type": null,
        "osm_id": "9205057061",
        "name": null,
        "tags": {
          "other_tags": "\"aerialway\"=>\"pylon\"",
          "State": "New South Wales",
          "Country": "Australia",
          "Ski Area": "Perisher",
          "region": "australia-oceania"
        },
        "source": "OpenStreetMap",
        "source_confidence": "osm_as_mapped",
        "coordinate_space": "local_east_m, local_north_m",
        "aerialway": null
      }
    },
    {
      "type": "Feature",
      "geometry": {
        "type": "Point",
        "coordinates": [
          3449.6855792662827,
          2401.1931106131524
        ]
      },
      "properties": {
        "id": "lifts:nan:9205057062",
        "osm_type": null,
        "osm_id": "9205057062",
        "name": null,
        "tags": {
          "other_tags": "\"aerialway\"=>\"pylon\"",
          "State": "New South Wales",
          "Country": "Australia",
          "Ski Area": "Perisher",
          "region": "australia-oceania"
        },
        "source": "OpenStreetMap",
        "source_confidence": "osm_as_mapped",
        "coordinate_space": "local_east_m, local_north_m",
        "aerialway": null
      }
    },
    {
      "type": "Feature",
      "geometry": {
        "type": "Point",
        "coordinates": [
          3409.3728722569067,
          2490.920287472196
        ]
      },
      "properties": {
        "id": "lifts:nan:9205057063",
        "osm_type": null,
        "osm_id": "9205057063",
        "name": null,
        "tags": {
          "other_tags": "\"aerialway\"=>\"pylon\"",
          "State": "New South Wales",
          "Country": "Australia",
          "Ski Area": "Perisher",
          "region": "australia-oceania"
        },
        "source": "OpenStreetMap",
        "source_confidence": "osm_as_mapped",
        "coordinate_space": "local_east_m, local_north_m",
        "aerialway": null
      }
    },
    {
      "type": "Feature",
      "geometry": {
        "type": "Point",
        "coordinates": [
          3361.256976935314,
          2598.002980371937
        ]
      },
      "properties": {
        "id": "lifts:nan:9205057064",
        "osm_type": null,
        "osm_id": "9205057064",
        "name": null,
        "tags": {
          "other_tags": "\"aerialway\"=>\"pylon\"",
          "State": "New South Wales",
          "Country": "Australia",
          "Ski Area": "Perisher",
          "region": "australia-oceania"
        },
        "source": "OpenStreetMap",
        "source_confidence": "osm_as_mapped",
        "coordinate_space": "local_east_m, local_north_m",
        "aerialway": null
      }
    },
    {
      "type": "Feature",
      "geometry": {
        "type": "Point",
        "coordinates": [
          3352.0646397629753,
          2618.4634467493743
        ]
      },
      "properties": {
        "id": "lifts:nan:9205057065",
        "osm_type": null,
        "osm_id": "9205057065",
        "name": null,
        "tags": {
          "other_tags": "\"aerialway\"=>\"pylon\"",
          "State": "New South Wales",
          "Country": "Australia",
          "Ski Area": "Perisher",
          "region": "australia-oceania"
        },
        "source": "OpenStreetMap",
        "source_confidence": "osm_as_mapped",
        "coordinate_space": "local_east_m, local_north_m",
        "aerialway": null
      }
    },
    {
      "type": "Feature",
      "geometry": {
        "type": "Point",
        "coordinates": [
          3335.9217452693265,
          2654.41429271549
        ]
      },
      "properties": {
        "id": "lifts:nan:9205057066",
        "osm_type": null,
        "osm_id": "9205057066",
        "name": null,
        "tags": {
          "other_tags": "\"aerialway\"=>\"pylon\"",
          "State": "New South Wales",
          "Country": "Australia",
          "Ski Area": "Perisher",
          "region": "australia-oceania"
        },
        "source": "OpenStreetMap",
        "source_confidence": "osm_as_mapped",
        "coordinate_space": "local_east_m, local_north_m",
        "aerialway": null
      }
    },
    {
      "type": "Feature",
      "geometry": {
        "type": "Point",
        "coordinates": [
          3098.183607184328,
          2253.140854367055
        ]
      },
      "properties": {
        "id": "lifts:nan:9205057067",
        "osm_type": null,
        "osm_id": "9205057067",
        "name": null,
        "tags": {
          "other_tags": "\"aerialway\"=>\"pylon\"",
          "State": "New South Wales",
          "Country": "Australia",
          "Ski Area": "Perisher",
          "region": "australia-oceania"
        },
        "source": "OpenStreetMap",
        "source_confidence": "osm_as_mapped",
        "coordinate_space": "local_east_m, local_north_m",
        "aerialway": null
      }
    },
    {
      "type": "Feature",
      "geometry": {
        "type": "Point",
        "coordinates": [
          3097.7194839089643,
          2317.679197457619
        ]
      },
      "properties": {
        "id": "lifts:nan:9205057068",
        "osm_type": null,
        "osm_id": "9205057068",
        "name": null,
        "tags": {
          "other_tags": "\"aerialway\"=>\"pylon\"",
          "State": "New South Wales",
          "Country": "Australia",
          "Ski Area": "Perisher",
          "region": "australia-oceania"
        },
        "source": "OpenStreetMap",
        "source_confidence": "osm_as_mapped",
        "coordinate_space": "local_east_m, local_north_m",
        "aerialway": null
      }
    },
    {
      "type": "Feature",
      "geometry": {
        "type": "Point",
        "coordinates": [
          3097.2193332393654,
          2385.9239629674703
        ]
      },
      "properties": {
        "id": "lifts:nan:9205057069",
        "osm_type": null,
        "osm_id": "9205057069",
        "name": null,
        "tags": {
          "other_tags": "\"aerialway\"=>\"pylon\"",
          "State": "New South Wales",
          "Country": "Australia",
          "Ski Area": "Perisher",
          "region": "australia-oceania"
        },
        "source": "OpenStreetMap",
        "source_confidence": "osm_as_mapped",
        "coordinate_space": "local_east_m, local_north_m",
        "aerialway": null
      }
    },
    {
      "type": "Feature",
      "geometry": {
        "type": "Point",
        "coordinates": [
          3096.6403724243864,
          2466.6856199670583
        ]
      },
      "properties": {
        "id": "lifts:nan:9205057070",
        "osm_type": null,
        "osm_id": "9205057070",
        "name": null,
        "tags": {
          "other_tags": "\"aerialway\"=>\"pylon\"",
          "State": "New South Wales",
          "Country": "Australia",
          "Ski Area": "Perisher",
          "region": "australia-oceania"
        },
        "source": "OpenStreetMap",
        "source_confidence": "osm_as_mapped",
        "coordinate_space": "local_east_m, local_north_m",
        "aerialway": null
      }
    },
    {
      "type": "Feature",
      "geometry": {
        "type": "Point",
        "coordinates": [
          3095.939636261668,
          2562.572234911844
        ]
      },
      "properties": {
        "id": "lifts:nan:9205057071",
        "osm_type": null,
        "osm_id": "9205057071",
        "name": null,
        "tags": {
          "other_tags": "\"aerialway\"=>\"pylon\"",
          "State": "New South Wales",
          "Country": "Australia",
          "Ski Area": "Perisher",
          "region": "australia-oceania"
        },
        "source": "OpenStreetMap",
        "source_confidence": "osm_as_mapped",
        "coordinate_space": "local_east_m, local_north_m",
        "aerialway": null
      }
    },
    {
      "type": "Feature",
      "geometry": {
        "type": "Point",
        "coordinates": [
          3095.236959709553,
          2659.5684153446928
        ]
      },
      "properties": {
        "id": "lifts:nan:9205057072",
        "osm_type": null,
        "osm_id": "9205057072",
        "name": null,
        "tags": {
          "other_tags": "\"aerialway\"=>\"pylon\"",
          "State": "New South Wales",
          "Country": "Australia",
          "Ski Area": "Perisher",
          "region": "australia-oceania"
        },
        "source": "OpenStreetMap",
        "source_confidence": "osm_as_mapped",
        "coordinate_space": "local_east_m, local_north_m",
        "aerialway": null
      }
    },
    {
      "type": "Feature",
      "geometry": {
        "type": "Point",
        "coordinates": [
          3094.4987762728706,
          2762.1683343145996
        ]
      },
      "properties": {
        "id": "lifts:nan:9205057073",
        "osm_type": null,
        "osm_id": "9205057073",
        "name": null,
        "tags": {
          "other_tags": "\"aerialway\"=>\"pylon\"",
          "State": "New South Wales",
          "Country": "Australia",
          "Ski Area": "Perisher",
          "region": "australia-oceania"
        },
        "source": "OpenStreetMap",
        "source_confidence": "osm_as_mapped",
        "coordinate_space": "local_east_m, local_north_m",
        "aerialway": null
      }
    },
    {
      "type": "Feature",
      "geometry": {
        "type": "Point",
        "coordinates": [
          3093.7857809190173,
          2860.9399157632142
        ]
      },
      "properties": {
        "id": "lifts:nan:9205057074",
        "osm_type": null,
        "osm_id": "9205057074",
        "name": null,
        "tags": {
          "other_tags": "\"aerialway\"=>\"pylon\"",
          "State": "New South Wales",
          "Country": "Australia",
          "Ski Area": "Perisher",
          "region": "australia-oceania"
        },
        "source": "OpenStreetMap",
        "source_confidence": "osm_as_mapped",
        "coordinate_space": "local_east_m, local_north_m",
        "aerialway": null
      }
    },
    {
      "type": "Feature",
      "geometry": {
        "type": "Point",
        "coordinates": [
          2866.0717147400137,
          2405.0362545596436
        ]
      },
      "properties": {
        "id": "lifts:nan:9205057075",
        "osm_type": null,
        "osm_id": "9205057075",
        "name": null,
        "tags": {
          "other_tags": "\"aerialway\"=>\"pylon\"",
          "State": "New South Wales",
          "Country": "Australia",
          "Ski Area": "Perisher",
          "region": "australia-oceania"
        },
        "source": "OpenStreetMap",
        "source_confidence": "osm_as_mapped",
        "coordinate_space": "local_east_m, local_north_m",
        "aerialway": null
      }
    },
    {
      "type": "Feature",
      "geometry": {
        "type": "Point",
        "coordinates": [
          2791.6513524588663,
          2366.179313668981
        ]
      },
      "properties": {
        "id": "lifts:nan:9205057076",
        "osm_type": null,
        "osm_id": "9205057076",
        "name": null,
        "tags": {
          "other_tags": "\"aerialway\"=>\"pylon\"",
          "State": "New South Wales",
          "Country": "Australia",
          "Ski Area": "Perisher",
          "region": "australia-oceania"
        },
        "source": "OpenStreetMap",
        "source_confidence": "osm_as_mapped",
        "coordinate_space": "local_east_m, local_north_m",
        "aerialway": null
      }
    },
    {
      "type": "Feature",
      "geometry": {
        "type": "Point",
        "coordinates": [
          2689.2802175284596,
          2312.7131921891123
        ]
      },
      "properties": {
        "id": "lifts:nan:9205057077",
        "osm_type": null,
        "osm_id": "9205057077",
        "name": null,
        "tags": {
          "other_tags": "\"aerialway\"=>\"pylon\"",
          "State": "New South Wales",
          "Country": "Australia",
          "Ski Area": "Perisher",
          "region": "australia-oceania"
        },
        "source": "OpenStreetMap",
        "source_confidence": "osm_as_mapped",
        "coordinate_space": "local_east_m, local_north_m",
        "aerialway": null
      }
    },
    {
      "type": "Feature",
      "geometry": {
        "type": "Point",
        "coordinates": [
          2628.7418761872686,
          2281.0884276200086
        ]
      },
      "properties": {
        "id": "lifts:nan:9205057078",
        "osm_type": null,
        "osm_id": "9205057078",
        "name": null,
        "tags": {
          "other_tags": "\"aerialway\"=>\"pylon\"",
          "State": "New South Wales",
          "Country": "Australia",
          "Ski Area": "Perisher",
          "region": "australia-oceania"
        },
        "source": "OpenStreetMap",
        "source_confidence": "osm_as_mapped",
        "coordinate_space": "local_east_m, local_north_m",
        "aerialway": null
      }
    },
    {
      "type": "Feature",
      "geometry": {
        "type": "Point",
        "coordinates": [
          2571.656370821409,
          2251.288583578542
        ]
      },
      "properties": {
        "id": "lifts:nan:9205057079",
        "osm_type": null,
        "osm_id": "9205057079",
        "name": null,
        "tags": {
          "other_tags": "\"aerialway\"=>\"pylon\"",
          "State": "New South Wales",
          "Country": "Australia",
          "Ski Area": "Perisher",
          "region": "australia-oceania"
        },
        "source": "OpenStreetMap",
        "source_confidence": "osm_as_mapped",
        "coordinate_space": "local_east_m, local_north_m",
        "aerialway": null
      }
    },
    {
      "type": "Feature",
      "geometry": {
        "type": "Point",
        "coordinates": [
          2487.054116605548,
          2207.0948358625174
        ]
      },
      "properties": {
        "id": "lifts:nan:9205057080",
        "osm_type": null,
        "osm_id": "9205057080",
        "name": null,
        "tags": {
          "other_tags": "\"aerialway\"=>\"pylon\"",
          "State": "New South Wales",
          "Country": "Australia",
          "Ski Area": "Perisher",
          "region": "australia-oceania"
        },
        "source": "OpenStreetMap",
        "source_confidence": "osm_as_mapped",
        "coordinate_space": "local_east_m, local_north_m",
        "aerialway": null
      }
    },
    {
      "type": "Feature",
      "geometry": {
        "type": "Point",
        "coordinates": [
          2790.3215443696827,
          1765.3428080771118
        ]
      },
      "properties": {
        "id": "lifts:nan:9205057106",
        "osm_type": null,
        "osm_id": "9205057106",
        "name": null,
        "tags": {
          "other_tags": "\"aerialway\"=>\"pylon\"",
          "State": "New South Wales",
          "Country": "Australia",
          "Ski Area": "Perisher",
          "region": "australia-oceania"
        },
        "source": "OpenStreetMap",
        "source_confidence": "osm_as_mapped",
        "coordinate_space": "local_east_m, local_north_m",
        "aerialway": null
      }
    },
    {
      "type": "Feature",
      "geometry": {
        "type": "Point",
        "coordinates": [
          2679.892764099175,
          1826.6100048860535
        ]
      },
      "properties": {
        "id": "lifts:nan:9205057107",
        "osm_type": null,
        "osm_id": "9205057107",
        "name": null,
        "tags": {
          "other_tags": "\"aerialway\"=>\"pylon\"",
          "State": "New South Wales",
          "Country": "Australia",
          "Ski Area": "Perisher",
          "region": "australia-oceania"
        },
        "source": "OpenStreetMap",
        "source_confidence": "osm_as_mapped",
        "coordinate_space": "local_east_m, local_north_m",
        "aerialway": null
      }
    },
    {
      "type": "Feature",
      "geometry": {
        "type": "Point",
        "coordinates": [
          2635.5500775331166,
          1851.2165814116597
        ]
      },
      "properties": {
        "id": "lifts:nan:9205057108",
        "osm_type": null,
        "osm_id": "9205057108",
        "name": null,
        "tags": {
          "other_tags": "\"aerialway\"=>\"pylon\"",
          "State": "New South Wales",
          "Country": "Australia",
          "Ski Area": "Perisher",
          "region": "australia-oceania"
        },
        "source": "OpenStreetMap",
        "source_confidence": "osm_as_mapped",
        "coordinate_space": "local_east_m, local_north_m",
        "aerialway": null
      }
    },
    {
      "type": "Feature",
      "geometry": {
        "type": "Point",
        "coordinates": [
          2580.5572078505065,
          1881.7240816652775
        ]
      },
      "properties": {
        "id": "lifts:nan:9205057109",
        "osm_type": null,
        "osm_id": "9205057109",
        "name": null,
        "tags": {
          "other_tags": "\"aerialway\"=>\"pylon\"",
          "State": "New South Wales",
          "Country": "Australia",
          "Ski Area": "Perisher",
          "region": "australia-oceania"
        },
        "source": "OpenStreetMap",
        "source_confidence": "osm_as_mapped",
        "coordinate_space": "local_east_m, local_north_m",
        "aerialway": null
      }
    },
    {
      "type": "Feature",
      "geometry": {
        "type": "Point",
        "coordinates": [
          2524.3451488082064,
          1912.9145305389538
        ]
      },
      "properties": {
        "id": "lifts:nan:9205057110",
        "osm_type": null,
        "osm_id": "9205057110",
        "name": null,
        "tags": {
          "other_tags": "\"aerialway\"=>\"pylon\"",
          "State": "New South Wales",
          "Country": "Australia",
          "Ski Area": "Perisher",
          "region": "australia-oceania"
        },
        "source": "OpenStreetMap",
        "source_confidence": "osm_as_mapped",
        "coordinate_space": "local_east_m, local_north_m",
        "aerialway": null
      }
    },
    {
      "type": "Feature",
      "geometry": {
        "type": "Point",
        "coordinates": [
          2444.4039594635833,
          1957.2841528784484
        ]
      },
      "properties": {
        "id": "lifts:nan:9205057111",
        "osm_type": null,
        "osm_id": "9205057111",
        "name": null,
        "tags": {
          "other_tags": "\"aerialway\"=>\"pylon\"",
          "State": "New South Wales",
          "Country": "Australia",
          "Ski Area": "Perisher",
          "region": "australia-oceania"
        },
        "source": "OpenStreetMap",
        "source_confidence": "osm_as_mapped",
        "coordinate_space": "local_east_m, local_north_m",
        "aerialway": null
      }
    },
    {
      "type": "Feature",
      "geometry": {
        "type": "Point",
        "coordinates": [
          2365.539077248657,
          2001.7151657734066
        ]
      },
      "properties": {
        "id": "lifts:nan:9205057112",
        "osm_type": null,
        "osm_id": "9205057112",
        "name": null,
        "tags": {
          "other_tags": "\"aerialway\"=>\"pylon\"",
          "State": "New South Wales",
          "Country": "Australia",
          "Ski Area": "Perisher",
          "region": "australia-oceania"
        },
        "source": "OpenStreetMap",
        "source_confidence": "osm_as_mapped",
        "coordinate_space": "local_east_m, local_north_m",
        "aerialway": null
      }
    },
    {
      "type": "Feature",
      "geometry": {
        "type": "Point",
        "coordinates": [
          2292.3937516638543,
          2042.9230642486364
        ]
      },
      "properties": {
        "id": "lifts:nan:9205057113",
        "osm_type": null,
        "osm_id": "9205057113",
        "name": null,
        "tags": {
          "other_tags": "\"aerialway\"=>\"pylon\"",
          "State": "New South Wales",
          "Country": "Australia",
          "Ski Area": "Perisher",
          "region": "australia-oceania"
        },
        "source": "OpenStreetMap",
        "source_confidence": "osm_as_mapped",
        "coordinate_space": "local_east_m, local_north_m",
        "aerialway": null
      }
    },
    {
      "type": "Feature",
      "geometry": {
        "type": "Point",
        "coordinates": [
          2226.889619607595,
          2079.8151852227747
        ]
      },
      "properties": {
        "id": "lifts:nan:9205057114",
        "osm_type": null,
        "osm_id": "9205057114",
        "name": null,
        "tags": {
          "other_tags": "\"aerialway\"=>\"pylon\"",
          "State": "New South Wales",
          "Country": "Australia",
          "Ski Area": "Perisher",
          "region": "australia-oceania"
        },
        "source": "OpenStreetMap",
        "source_confidence": "osm_as_mapped",
        "coordinate_space": "local_east_m, local_north_m",
        "aerialway": null
      }
    },
    {
      "type": "Feature",
      "geometry": {
        "type": "Point",
        "coordinates": [
          2439.2324165084865,
          1558.0646624136716
        ]
      },
      "properties": {
        "id": "lifts:nan:9205057115",
        "osm_type": null,
        "osm_id": "9205057115",
        "name": null,
        "tags": {
          "other_tags": "\"aerialway\"=>\"pylon\"",
          "State": "New South Wales",
          "Country": "Australia",
          "Ski Area": "Perisher",
          "region": "australia-oceania"
        },
        "source": "OpenStreetMap",
        "source_confidence": "osm_as_mapped",
        "coordinate_space": "local_east_m, local_north_m",
        "aerialway": null
      }
    },
    {
      "type": "Feature",
      "geometry": {
        "type": "Point",
        "coordinates": [
          2381.246911215596,
          1652.779413108714
        ]
      },
      "properties": {
        "id": "lifts:nan:9205057116",
        "osm_type": null,
        "osm_id": "9205057116",
        "name": null,
        "tags": {
          "other_tags": "\"aerialway\"=>\"pylon\"",
          "State": "New South Wales",
          "Country": "Australia",
          "Ski Area": "Perisher",
          "region": "australia-oceania"
        },
        "source": "OpenStreetMap",
        "source_confidence": "osm_as_mapped",
        "coordinate_space": "local_east_m, local_north_m",
        "aerialway": null
      }
    },
    {
      "type": "Feature",
      "geometry": {
        "type": "Point",
        "coordinates": [
          2319.8776902045356,
          1753.0014233402908
        ]
      },
      "properties": {
        "id": "lifts:nan:9205060217",
        "osm_type": null,
        "osm_id": "9205060217",
        "name": null,
        "tags": {
          "other_tags": "\"aerialway\"=>\"pylon\"",
          "State": "New South Wales",
          "Country": "Australia",
          "Ski Area": "Perisher",
          "region": "australia-oceania"
        },
        "source": "OpenStreetMap",
        "source_confidence": "osm_as_mapped",
        "coordinate_space": "local_east_m, local_north_m",
        "aerialway": null
      }
    },
    {
      "type": "Feature",
      "geometry": {
        "type": "Point",
        "coordinates": [
          2271.361515886965,
          1832.244963556528
        ]
      },
      "properties": {
        "id": "lifts:nan:9205060218",
        "osm_type": null,
        "osm_id": "9205060218",
        "name": null,
        "tags": {
          "other_tags": "\"aerialway\"=>\"pylon\"",
          "State": "New South Wales",
          "Country": "Australia",
          "Ski Area": "Perisher",
          "region": "australia-oceania"
        },
        "source": "OpenStreetMap",
        "source_confidence": "osm_as_mapped",
        "coordinate_space": "local_east_m, local_north_m",
        "aerialway": null
      }
    },
    {
      "type": "Feature",
      "geometry": {
        "type": "Point",
        "coordinates": [
          2241.1925838126335,
          1881.499350543134
        ]
      },
      "properties": {
        "id": "lifts:nan:9205066660",
        "osm_type": null,
        "osm_id": "9205066660",
        "name": null,
        "tags": {
          "other_tags": "\"aerialway\"=>\"pylon\"",
          "State": "New South Wales",
          "Country": "Australia",
          "Ski Area": "Perisher",
          "region": "australia-oceania"
        },
        "source": "OpenStreetMap",
        "source_confidence": "osm_as_mapped",
        "coordinate_space": "local_east_m, local_north_m",
        "aerialway": null
      }
    },
    {
      "type": "Feature",
      "geometry": {
        "type": "Point",
        "coordinates": [
          2201.4112525806995,
          1946.4810673650354
        ]
      },
      "properties": {
        "id": "lifts:nan:9205066661",
        "osm_type": null,
        "osm_id": "9205066661",
        "name": null,
        "tags": {
          "other_tags": "\"aerialway\"=>\"pylon\"",
          "State": "New South Wales",
          "Country": "Australia",
          "Ski Area": "Perisher",
          "region": "australia-oceania"
        },
        "source": "OpenStreetMap",
        "source_confidence": "osm_as_mapped",
        "coordinate_space": "local_east_m, local_north_m",
        "aerialway": null
      }
    },
    {
      "type": "Feature",
      "geometry": {
        "type": "Point",
        "coordinates": [
          2174.3962335765827,
          1990.5969796935096
        ]
      },
      "properties": {
        "id": "lifts:nan:9205066662",
        "osm_type": null,
        "osm_id": "9205066662",
        "name": null,
        "tags": {
          "other_tags": "\"aerialway\"=>\"pylon\"",
          "State": "New South Wales",
          "Country": "Australia",
          "Ski Area": "Perisher",
          "region": "australia-oceania"
        },
        "source": "OpenStreetMap",
        "source_confidence": "osm_as_mapped",
        "coordinate_space": "local_east_m, local_north_m",
        "aerialway": null
      }
    },
    {
      "type": "Feature",
      "geometry": {
        "type": "Point",
        "coordinates": [
          2143.823267753469,
          2040.5225102361292
        ]
      },
      "properties": {
        "id": "lifts:nan:9205066663",
        "osm_type": null,
        "osm_id": "9205066663",
        "name": null,
        "tags": {
          "other_tags": "\"aerialway\"=>\"pylon\"",
          "State": "New South Wales",
          "Country": "Australia",
          "Ski Area": "Perisher",
          "region": "australia-oceania"
        },
        "source": "OpenStreetMap",
        "source_confidence": "osm_as_mapped",
        "coordinate_space": "local_east_m, local_north_m",
        "aerialway": null
      }
    },
    {
      "type": "Feature",
      "geometry": {
        "type": "Point",
        "coordinates": [
          2115.6511521097273,
          2086.5410783207044
        ]
      },
      "properties": {
        "id": "lifts:nan:9205066664",
        "osm_type": null,
        "osm_id": "9205066664",
        "name": null,
        "tags": {
          "other_tags": "\"aerialway\"=>\"pylon\"",
          "State": "New South Wales",
          "Country": "Australia",
          "Ski Area": "Perisher",
          "region": "australia-oceania"
        },
        "source": "OpenStreetMap",
        "source_confidence": "osm_as_mapped",
        "coordinate_space": "local_east_m, local_north_m",
        "aerialway": null
      }
    },
    {
      "type": "Feature",
      "geometry": {
        "type": "Point",
        "coordinates": [
          2924.7754795544315,
          3094.0730579104275
        ]
      },
      "properties": {
        "id": "lifts:nan:9205066665",
        "osm_type": null,
        "osm_id": "9205066665",
        "name": null,
        "tags": {
          "other_tags": "\"aerialway\"=>\"pylon\"",
          "State": "New South Wales",
          "Country": "Australia",
          "Ski Area": "Perisher",
          "region": "australia-oceania"
        },
        "source": "OpenStreetMap",
        "source_confidence": "osm_as_mapped",
        "coordinate_space": "local_east_m, local_north_m",
        "aerialway": null
      }
    },
    {
      "type": "Feature",
      "geometry": {
        "type": "Point",
        "coordinates": [
          2987.1962657211116,
          3109.0365765839815
        ]
      },
      "properties": {
        "id": "lifts:nan:9205066666",
        "osm_type": null,
        "osm_id": "9205066666",
        "name": null,
        "tags": {
          "other_tags": "\"aerialway\"=>\"pylon\"",
          "State": "New South Wales",
          "Country": "Australia",
          "Ski Area": "Perisher",
          "region": "australia-oceania"
        },
        "source": "OpenStreetMap",
        "source_confidence": "osm_as_mapped",
        "coordinate_space": "local_east_m, local_north_m",
        "aerialway": null
      }
    },
    {
      "type": "Feature",
      "geometry": {
        "type": "Point",
        "coordinates": [
          3085.8012134197634,
          3132.696077679284
        ]
      },
      "properties": {
        "id": "lifts:nan:9205066667",
        "osm_type": null,
        "osm_id": "9205066667",
        "name": null,
        "tags": {
          "other_tags": "\"aerialway\"=>\"pylon\"",
          "State": "New South Wales",
          "Country": "Australia",
          "Ski Area": "Perisher",
          "region": "australia-oceania"
        },
        "source": "OpenStreetMap",
        "source_confidence": "osm_as_mapped",
        "coordinate_space": "local_east_m, local_north_m",
        "aerialway": null
      }
    },
    {
      "type": "Feature",
      "geometry": {
        "type": "Point",
        "coordinates": [
          3172.5072556921514,
          3153.4867528583854
        ]
      },
      "properties": {
        "id": "lifts:nan:9205066668",
        "osm_type": null,
        "osm_id": "9205066668",
        "name": null,
        "tags": {
          "other_tags": "\"aerialway\"=>\"pylon\"",
          "State": "New South Wales",
          "Country": "Australia",
          "Ski Area": "Perisher",
          "region": "australia-oceania"
        },
        "source": "OpenStreetMap",
        "source_confidence": "osm_as_mapped",
        "coordinate_space": "local_east_m, local_north_m",
        "aerialway": null
      }
    },
    {
      "type": "Feature",
      "geometry": {
        "type": "Point",
        "coordinates": [
          3269.537972962833,
          3176.7564817769453
        ]
      },
      "properties": {
        "id": "lifts:nan:9205066669",
        "osm_type": null,
        "osm_id": "9205066669",
        "name": null,
        "tags": {
          "other_tags": "\"aerialway\"=>\"pylon\"",
          "State": "New South Wales",
          "Country": "Australia",
          "Ski Area": "Perisher",
          "region": "australia-oceania"
        },
        "source": "OpenStreetMap",
        "source_confidence": "osm_as_mapped",
        "coordinate_space": "local_east_m, local_north_m",
        "aerialway": null
      }
    },
    {
      "type": "Feature",
      "geometry": {
        "type": "Point",
        "coordinates": [
          3341.4474081823137,
          3194.0097958892584
        ]
      },
      "properties": {
        "id": "lifts:nan:9205066670",
        "osm_type": null,
        "osm_id": "9205066670",
        "name": null,
        "tags": {
          "other_tags": "\"aerialway\"=>\"pylon\"",
          "State": "New South Wales",
          "Country": "Australia",
          "Ski Area": "Perisher",
          "region": "australia-oceania"
        },
        "source": "OpenStreetMap",
        "source_confidence": "osm_as_mapped",
        "coordinate_space": "local_east_m, local_north_m",
        "aerialway": null
      }
    },
    {
      "type": "Feature",
      "geometry": {
        "type": "Point",
        "coordinates": [
          3418.739588846569,
          3212.5380224045366
        ]
      },
      "properties": {
        "id": "lifts:nan:9205066671",
        "osm_type": null,
        "osm_id": "9205066671",
        "name": null,
        "tags": {
          "other_tags": "\"aerialway\"=>\"pylon\"",
          "State": "New South Wales",
          "Country": "Australia",
          "Ski Area": "Perisher",
          "region": "australia-oceania"
        },
        "source": "OpenStreetMap",
        "source_confidence": "osm_as_mapped",
        "coordinate_space": "local_east_m, local_north_m",
        "aerialway": null
      }
    },
    {
      "type": "Feature",
      "geometry": {
        "type": "Point",
        "coordinates": [
          3486.6980963851092,
          3228.837827811949
        ]
      },
      "properties": {
        "id": "lifts:nan:9205066672",
        "osm_type": null,
        "osm_id": "9205066672",
        "name": null,
        "tags": {
          "other_tags": "\"aerialway\"=>\"pylon\"",
          "State": "New South Wales",
          "Country": "Australia",
          "Ski Area": "Perisher",
          "region": "australia-oceania"
        },
        "source": "OpenStreetMap",
        "source_confidence": "osm_as_mapped",
        "coordinate_space": "local_east_m, local_north_m",
        "aerialway": null
      }
    },
    {
      "type": "Feature",
      "geometry": {
        "type": "Point",
        "coordinates": [
          3544.350575226359,
          3242.668363051489
        ]
      },
      "properties": {
        "id": "lifts:nan:9205066673",
        "osm_type": null,
        "osm_id": "9205066673",
        "name": null,
        "tags": {
          "other_tags": "\"aerialway\"=>\"pylon\"",
          "State": "New South Wales",
          "Country": "Australia",
          "Ski Area": "Perisher",
          "region": "australia-oceania"
        },
        "source": "OpenStreetMap",
        "source_confidence": "osm_as_mapped",
        "coordinate_space": "local_east_m, local_north_m",
        "aerialway": null
      }
    },
    {
      "type": "Feature",
      "geometry": {
        "type": "Point",
        "coordinates": [
          3648.0263097847346,
          3267.523870254867
        ]
      },
      "properties": {
        "id": "lifts:nan:9205066674",
        "osm_type": null,
        "osm_id": "9205066674",
        "name": null,
        "tags": {
          "other_tags": "\"aerialway\"=>\"pylon\"",
          "State": "New South Wales",
          "Country": "Australia",
          "Ski Area": "Perisher",
          "region": "australia-oceania"
        },
        "source": "OpenStreetMap",
        "source_confidence": "osm_as_mapped",
        "coordinate_space": "local_east_m, local_north_m",
        "aerialway": null
      }
    },
    {
      "type": "Feature",
      "geometry": {
        "type": "Point",
        "coordinates": [
          3748.219327662955,
          3291.552313806489
        ]
      },
      "properties": {
        "id": "lifts:nan:9205066675",
        "osm_type": null,
        "osm_id": "9205066675",
        "name": null,
        "tags": {
          "other_tags": "\"aerialway\"=>\"pylon\"",
          "State": "New South Wales",
          "Country": "Australia",
          "Ski Area": "Perisher",
          "region": "australia-oceania"
        },
        "source": "OpenStreetMap",
        "source_confidence": "osm_as_mapped",
        "coordinate_space": "local_east_m, local_north_m",
        "aerialway": null
      }
    },
    {
      "type": "Feature",
      "geometry": {
        "type": "Point",
        "coordinates": [
          3819.0775275224587,
          3308.5396539326757
        ]
      },
      "properties": {
        "id": "lifts:nan:9205066676",
        "osm_type": null,
        "osm_id": "9205066676",
        "name": null,
        "tags": {
          "other_tags": "\"aerialway\"=>\"pylon\"",
          "State": "New South Wales",
          "Country": "Australia",
          "Ski Area": "Perisher",
          "region": "australia-oceania"
        },
        "source": "OpenStreetMap",
        "source_confidence": "osm_as_mapped",
        "coordinate_space": "local_east_m, local_north_m",
        "aerialway": null
      }
    },
    {
      "type": "Feature",
      "geometry": {
        "type": "Point",
        "coordinates": [
          3404.7569329137914,
          3940.5188072882593
        ]
      },
      "properties": {
        "id": "lifts:nan:9205066677",
        "osm_type": null,
        "osm_id": "9205066677",
        "name": null,
        "tags": {
          "other_tags": "\"aerialway\"=>\"pylon\"",
          "State": "New South Wales",
          "Country": "Australia",
          "Ski Area": "Perisher",
          "region": "australia-oceania"
        },
        "source": "OpenStreetMap",
        "source_confidence": "osm_as_mapped",
        "coordinate_space": "local_east_m, local_north_m",
        "aerialway": null
      }
    },
    {
      "type": "Feature",
      "geometry": {
        "type": "Point",
        "coordinates": [
          3455.059824489639,
          3927.905201960355
        ]
      },
      "properties": {
        "id": "lifts:nan:9205066678",
        "osm_type": null,
        "osm_id": "9205066678",
        "name": null,
        "tags": {
          "other_tags": "\"aerialway\"=>\"pylon\"",
          "State": "New South Wales",
          "Country": "Australia",
          "Ski Area": "Perisher",
          "region": "australia-oceania"
        },
        "source": "OpenStreetMap",
        "source_confidence": "osm_as_mapped",
        "coordinate_space": "local_east_m, local_north_m",
        "aerialway": null
      }
    },
    {
      "type": "Feature",
      "geometry": {
        "type": "Point",
        "coordinates": [
          3591.148906774819,
          3893.795323403552
        ]
      },
      "properties": {
        "id": "lifts:nan:9205066679",
        "osm_type": null,
        "osm_id": "9205066679",
        "name": null,
        "tags": {
          "other_tags": "\"aerialway\"=>\"pylon\"",
          "State": "New South Wales",
          "Country": "Australia",
          "Ski Area": "Perisher",
          "region": "australia-oceania"
        },
        "source": "OpenStreetMap",
        "source_confidence": "osm_as_mapped",
        "coordinate_space": "local_east_m, local_north_m",
        "aerialway": null
      }
    },
    {
      "type": "Feature",
      "geometry": {
        "type": "Point",
        "coordinates": [
          3682.4673353892285,
          3870.9087289832532
        ]
      },
      "properties": {
        "id": "lifts:nan:9205066680",
        "osm_type": null,
        "osm_id": "9205066680",
        "name": null,
        "tags": {
          "other_tags": "\"aerialway\"=>\"pylon\"",
          "State": "New South Wales",
          "Country": "Australia",
          "Ski Area": "Perisher",
          "region": "australia-oceania"
        },
        "source": "OpenStreetMap",
        "source_confidence": "osm_as_mapped",
        "coordinate_space": "local_east_m, local_north_m",
        "aerialway": null
      }
    },
    {
      "type": "Feature",
      "geometry": {
        "type": "Point",
        "coordinates": [
          3767.3499334952794,
          3849.6238368395716
        ]
      },
      "properties": {
        "id": "lifts:nan:9205066681",
        "osm_type": null,
        "osm_id": "9205066681",
        "name": null,
        "tags": {
          "other_tags": "\"aerialway\"=>\"pylon\"",
          "State": "New South Wales",
          "Country": "Australia",
          "Ski Area": "Perisher",
          "region": "australia-oceania"
        },
        "source": "OpenStreetMap",
        "source_confidence": "osm_as_mapped",
        "coordinate_space": "local_east_m, local_north_m",
        "aerialway": null
      }
    },
    {
      "type": "Feature",
      "geometry": {
        "type": "Point",
        "coordinates": [
          3839.1288118183147,
          3832.2015973441303
        ]
      },
      "properties": {
        "id": "lifts:nan:9205066682",
        "osm_type": null,
        "osm_id": "9205066682",
        "name": null,
        "tags": {
          "other_tags": "\"aerialway\"=>\"pylon\"",
          "State": "New South Wales",
          "Country": "Australia",
          "Ski Area": "Perisher",
          "region": "australia-oceania"
        },
        "source": "OpenStreetMap",
        "source_confidence": "osm_as_mapped",
        "coordinate_space": "local_east_m, local_north_m",
        "aerialway": null
      }
    },
    {
      "type": "Feature",
      "geometry": {
        "type": "Point",
        "coordinates": [
          3888.0402623864356,
          3820.826202190481
        ]
      },
      "properties": {
        "id": "lifts:nan:9205066683",
        "osm_type": null,
        "osm_id": "9205066683",
        "name": null,
        "tags": {
          "other_tags": "\"aerialway\"=>\"pylon\"",
          "State": "New South Wales",
          "Country": "Australia",
          "Ski Area": "Perisher",
          "region": "australia-oceania"
        },
        "source": "OpenStreetMap",
        "source_confidence": "osm_as_mapped",
        "coordinate_space": "local_east_m, local_north_m",
        "aerialway": null
      }
    },
    {
      "type": "Feature",
      "geometry": {
        "type": "Point",
        "coordinates": [
          3998.361123710638,
          3795.173890469596
        ]
      },
      "properties": {
        "id": "lifts:nan:9205066684",
        "osm_type": null,
        "osm_id": "9205066684",
        "name": null,
        "tags": {
          "other_tags": "\"aerialway\"=>\"pylon\"",
          "State": "New South Wales",
          "Country": "Australia",
          "Ski Area": "Perisher",
          "region": "australia-oceania"
        },
        "source": "OpenStreetMap",
        "source_confidence": "osm_as_mapped",
        "coordinate_space": "local_east_m, local_north_m",
        "aerialway": null
      }
    },
    {
      "type": "Feature",
      "geometry": {
        "type": "Point",
        "coordinates": [
          4058.098541321,
          3781.27626625821
        ]
      },
      "properties": {
        "id": "lifts:nan:9205066685",
        "osm_type": null,
        "osm_id": "9205066685",
        "name": null,
        "tags": {
          "other_tags": "\"aerialway\"=>\"pylon\"",
          "State": "New South Wales",
          "Country": "Australia",
          "Ski Area": "Perisher",
          "region": "australia-oceania"
        },
        "source": "OpenStreetMap",
        "source_confidence": "osm_as_mapped",
        "coordinate_space": "local_east_m, local_north_m",
        "aerialway": null
      }
    },
    {
      "type": "Feature",
      "geometry": {
        "type": "Point",
        "coordinates": [
          3982.2569966397714,
          4057.0862129125744
        ]
      },
      "properties": {
        "id": "lifts:nan:9205066686",
        "osm_type": null,
        "osm_id": "9205066686",
        "name": null,
        "tags": {
          "other_tags": "\"aerialway\"=>\"pylon\"",
          "State": "New South Wales",
          "Country": "Australia",
          "Ski Area": "Perisher",
          "region": "australia-oceania"
        },
        "source": "OpenStreetMap",
        "source_confidence": "osm_as_mapped",
        "coordinate_space": "local_east_m, local_north_m",
        "aerialway": null
      }
    },
    {
      "type": "Feature",
      "geometry": {
        "type": "Point",
        "coordinates": [
          3881.2176979871,
          4096.305941526778
        ]
      },
      "properties": {
        "id": "lifts:nan:9205066687",
        "osm_type": null,
        "osm_id": "9205066687",
        "name": null,
        "tags": {
          "other_tags": "\"aerialway\"=>\"pylon\"",
          "State": "New South Wales",
          "Country": "Australia",
          "Ski Area": "Perisher",
          "region": "australia-oceania"
        },
        "source": "OpenStreetMap",
        "source_confidence": "osm_as_mapped",
        "coordinate_space": "local_east_m, local_north_m",
        "aerialway": null
      }
    },
    {
      "type": "Feature",
      "geometry": {
        "type": "Point",
        "coordinates": [
          3792.4428092733724,
          4130.752350900322
        ]
      },
      "properties": {
        "id": "lifts:nan:9205066688",
        "osm_type": null,
        "osm_id": "9205066688",
        "name": null,
        "tags": {
          "other_tags": "\"aerialway\"=>\"pylon\"",
          "State": "New South Wales",
          "Country": "Australia",
          "Ski Area": "Perisher",
          "region": "australia-oceania"
        },
        "source": "OpenStreetMap",
        "source_confidence": "osm_as_mapped",
        "coordinate_space": "local_east_m, local_north_m",
        "aerialway": null
      }
    },
    {
      "type": "Feature",
      "geometry": {
        "type": "Point",
        "coordinates": [
          3756.788305755239,
          4144.5971093177795
        ]
      },
      "properties": {
        "id": "lifts:nan:9205066689",
        "osm_type": null,
        "osm_id": "9205066689",
        "name": null,
        "tags": {
          "other_tags": "\"aerialway\"=>\"pylon\"",
          "State": "New South Wales",
          "Country": "Australia",
          "Ski Area": "Perisher",
          "region": "australia-oceania"
        },
        "source": "OpenStreetMap",
        "source_confidence": "osm_as_mapped",
        "coordinate_space": "local_east_m, local_north_m",
        "aerialway": null
      }
    },
    {
      "type": "Feature",
      "geometry": {
        "type": "Point",
        "coordinates": [
          3667.0581241481705,
          4179.422247228213
        ]
      },
      "properties": {
        "id": "lifts:nan:9205066690",
        "osm_type": null,
        "osm_id": "9205066690",
        "name": null,
        "tags": {
          "other_tags": "\"aerialway\"=>\"pylon\"",
          "State": "New South Wales",
          "Country": "Australia",
          "Ski Area": "Perisher",
          "region": "australia-oceania"
        },
        "source": "OpenStreetMap",
        "source_confidence": "osm_as_mapped",
        "coordinate_space": "local_east_m, local_north_m",
        "aerialway": null
      }
    },
    {
      "type": "Feature",
      "geometry": {
        "type": "Point",
        "coordinates": [
          3611.5639905967982,
          4200.955636097118
        ]
      },
      "properties": {
        "id": "lifts:nan:9205066691",
        "osm_type": null,
        "osm_id": "9205066691",
        "name": null,
        "tags": {
          "other_tags": "\"aerialway\"=>\"pylon\"",
          "State": "New South Wales",
          "Country": "Australia",
          "Ski Area": "Perisher",
          "region": "australia-oceania"
        },
        "source": "OpenStreetMap",
        "source_confidence": "osm_as_mapped",
        "coordinate_space": "local_east_m, local_north_m",
        "aerialway": null
      }
    },
    {
      "type": "Feature",
      "geometry": {
        "type": "Point",
        "coordinates": [
          3595.61419104971,
          4207.145793367177
        ]
      },
      "properties": {
        "id": "lifts:nan:9205066692",
        "osm_type": null,
        "osm_id": "9205066692",
        "name": null,
        "tags": {
          "other_tags": "\"aerialway\"=>\"pylon\"",
          "State": "New South Wales",
          "Country": "Australia",
          "Ski Area": "Perisher",
          "region": "australia-oceania"
        },
        "source": "OpenStreetMap",
        "source_confidence": "osm_as_mapped",
        "coordinate_space": "local_east_m, local_north_m",
        "aerialway": null
      }
    },
    {
      "type": "Feature",
      "geometry": {
        "type": "Point",
        "coordinates": [
          3213.2888500966365,
          4570.5913115227595
        ]
      },
      "properties": {
        "id": "lifts:nan:9205066693",
        "osm_type": null,
        "osm_id": "9205066693",
        "name": null,
        "tags": {
          "other_tags": "\"aerialway\"=>\"pylon\"",
          "State": "New South Wales",
          "Country": "Australia",
          "Ski Area": "Perisher",
          "region": "australia-oceania"
        },
        "source": "OpenStreetMap",
        "source_confidence": "osm_as_mapped",
        "coordinate_space": "local_east_m, local_north_m",
        "aerialway": null
      }
    },
    {
      "type": "Feature",
      "geometry": {
        "type": "Point",
        "coordinates": [
          3170.2442124476656,
          4520.353164995089
        ]
      },
      "properties": {
        "id": "lifts:nan:9205066694",
        "osm_type": null,
        "osm_id": "9205066694",
        "name": null,
        "tags": {
          "other_tags": "\"aerialway\"=>\"pylon\"",
          "State": "New South Wales",
          "Country": "Australia",
          "Ski Area": "Perisher",
          "region": "australia-oceania"
        },
        "source": "OpenStreetMap",
        "source_confidence": "osm_as_mapped",
        "coordinate_space": "local_east_m, local_north_m",
        "aerialway": null
      }
    },
    {
      "type": "Feature",
      "geometry": {
        "type": "Point",
        "coordinates": [
          3097.3238387515303,
          4435.230427882634
        ]
      },
      "properties": {
        "id": "lifts:nan:9205066695",
        "osm_type": null,
        "osm_id": "9205066695",
        "name": null,
        "tags": {
          "other_tags": "\"aerialway\"=>\"pylon\"",
          "State": "New South Wales",
          "Country": "Australia",
          "Ski Area": "Perisher",
          "region": "australia-oceania"
        },
        "source": "OpenStreetMap",
        "source_confidence": "osm_as_mapped",
        "coordinate_space": "local_east_m, local_north_m",
        "aerialway": null
      }
    },
    {
      "type": "Feature",
      "geometry": {
        "type": "Point",
        "coordinates": [
          3054.3988895650255,
          4385.112068163231
        ]
      },
      "properties": {
        "id": "lifts:nan:9205066696",
        "osm_type": null,
        "osm_id": "9205066696",
        "name": null,
        "tags": {
          "other_tags": "\"aerialway\"=>\"pylon\"",
          "State": "New South Wales",
          "Country": "Australia",
          "Ski Area": "Perisher",
          "region": "australia-oceania"
        },
        "source": "OpenStreetMap",
        "source_confidence": "osm_as_mapped",
        "coordinate_space": "local_east_m, local_north_m",
        "aerialway": null
      }
    },
    {
      "type": "Feature",
      "geometry": {
        "type": "Point",
        "coordinates": [
          2987.6309577783104,
          4307.1669840672985
        ]
      },
      "properties": {
        "id": "lifts:nan:9205066697",
        "osm_type": null,
        "osm_id": "9205066697",
        "name": null,
        "tags": {
          "other_tags": "\"aerialway\"=>\"pylon\"",
          "State": "New South Wales",
          "Country": "Australia",
          "Ski Area": "Perisher",
          "region": "australia-oceania"
        },
        "source": "OpenStreetMap",
        "source_confidence": "osm_as_mapped",
        "coordinate_space": "local_east_m, local_north_m",
        "aerialway": null
      }
    },
    {
      "type": "Feature",
      "geometry": {
        "type": "Point",
        "coordinates": [
          2952.4361374406144,
          4266.079021986574
        ]
      },
      "properties": {
        "id": "lifts:nan:9205066698",
        "osm_type": null,
        "osm_id": "9205066698",
        "name": null,
        "tags": {
          "other_tags": "\"aerialway\"=>\"pylon\"",
          "State": "New South Wales",
          "Country": "Australia",
          "Ski Area": "Perisher",
          "region": "australia-oceania"
        },
        "source": "OpenStreetMap",
        "source_confidence": "osm_as_mapped",
        "coordinate_space": "local_east_m, local_north_m",
        "aerialway": null
      }
    },
    {
      "type": "Feature",
      "geometry": {
        "type": "Point",
        "coordinates": [
          2886.162829359644,
          4188.71412453521
        ]
      },
      "properties": {
        "id": "lifts:nan:9205066699",
        "osm_type": null,
        "osm_id": "9205066699",
        "name": null,
        "tags": {
          "other_tags": "\"aerialway\"=>\"pylon\"",
          "State": "New South Wales",
          "Country": "Australia",
          "Ski Area": "Perisher",
          "region": "australia-oceania"
        },
        "source": "OpenStreetMap",
        "source_confidence": "osm_as_mapped",
        "coordinate_space": "local_east_m, local_north_m",
        "aerialway": null
      }
    },
    {
      "type": "Feature",
      "geometry": {
        "type": "Point",
        "coordinates": [
          2856.1062511163764,
          4153.631858976558
        ]
      },
      "properties": {
        "id": "lifts:nan:9205066700",
        "osm_type": null,
        "osm_id": "9205066700",
        "name": null,
        "tags": {
          "other_tags": "\"aerialway\"=>\"pylon\"",
          "State": "New South Wales",
          "Country": "Australia",
          "Ski Area": "Perisher",
          "region": "australia-oceania"
        },
        "source": "OpenStreetMap",
        "source_confidence": "osm_as_mapped",
        "coordinate_space": "local_east_m, local_north_m",
        "aerialway": null
      }
    },
    {
      "type": "Feature",
      "geometry": {
        "type": "Point",
        "coordinates": [
          2786.577198414714,
          4072.4631720827892
        ]
      },
      "properties": {
        "id": "lifts:nan:9205066701",
        "osm_type": null,
        "osm_id": "9205066701",
        "name": null,
        "tags": {
          "other_tags": "\"aerialway\"=>\"pylon\"",
          "State": "New South Wales",
          "Country": "Australia",
          "Ski Area": "Perisher",
          "region": "australia-oceania"
        },
        "source": "OpenStreetMap",
        "source_confidence": "osm_as_mapped",
        "coordinate_space": "local_east_m, local_north_m",
        "aerialway": null
      }
    },
    {
      "type": "Feature",
      "geometry": {
        "type": "Point",
        "coordinates": [
          2741.83081952855,
          4020.206071025692
        ]
      },
      "properties": {
        "id": "lifts:nan:9205066702",
        "osm_type": null,
        "osm_id": "9205066702",
        "name": null,
        "tags": {
          "other_tags": "\"aerialway\"=>\"pylon\"",
          "State": "New South Wales",
          "Country": "Australia",
          "Ski Area": "Perisher",
          "region": "australia-oceania"
        },
        "source": "OpenStreetMap",
        "source_confidence": "osm_as_mapped",
        "coordinate_space": "local_east_m, local_north_m",
        "aerialway": null
      }
    },
    {
      "type": "Feature",
      "geometry": {
        "type": "Point",
        "coordinates": [
          2677.9061697265133,
          3945.579663809389
        ]
      },
      "properties": {
        "id": "lifts:nan:9205066703",
        "osm_type": null,
        "osm_id": "9205066703",
        "name": null,
        "tags": {
          "other_tags": "\"aerialway\"=>\"pylon\"",
          "State": "New South Wales",
          "Country": "Australia",
          "Ski Area": "Perisher",
          "region": "australia-oceania"
        },
        "source": "OpenStreetMap",
        "source_confidence": "osm_as_mapped",
        "coordinate_space": "local_east_m, local_north_m",
        "aerialway": null
      }
    },
    {
      "type": "Feature",
      "geometry": {
        "type": "Point",
        "coordinates": [
          2625.2965697512263,
          3884.1707526110113
        ]
      },
      "properties": {
        "id": "lifts:nan:9205066704",
        "osm_type": null,
        "osm_id": "9205066704",
        "name": null,
        "tags": {
          "other_tags": "\"aerialway\"=>\"pylon\"",
          "State": "New South Wales",
          "Country": "Australia",
          "Ski Area": "Perisher",
          "region": "australia-oceania"
        },
        "source": "OpenStreetMap",
        "source_confidence": "osm_as_mapped",
        "coordinate_space": "local_east_m, local_north_m",
        "aerialway": null
      }
    },
    {
      "type": "Feature",
      "geometry": {
        "type": "Point",
        "coordinates": [
          2556.766132516437,
          3804.1509836455807
        ]
      },
      "properties": {
        "id": "lifts:nan:9205066705",
        "osm_type": null,
        "osm_id": "9205066705",
        "name": null,
        "tags": {
          "other_tags": "\"aerialway\"=>\"pylon\"",
          "State": "New South Wales",
          "Country": "Australia",
          "Ski Area": "Perisher",
          "region": "australia-oceania"
        },
        "source": "OpenStreetMap",
        "source_confidence": "osm_as_mapped",
        "coordinate_space": "local_east_m, local_north_m",
        "aerialway": null
      }
    },
    {
      "type": "Feature",
      "geometry": {
        "type": "Point",
        "coordinates": [
          2496.44852180453,
          3733.731997642666
        ]
      },
      "properties": {
        "id": "lifts:nan:9205066706",
        "osm_type": null,
        "osm_id": "9205066706",
        "name": null,
        "tags": {
          "other_tags": "\"aerialway\"=>\"pylon\"",
          "State": "New South Wales",
          "Country": "Australia",
          "Ski Area": "Perisher",
          "region": "australia-oceania"
        },
        "source": "OpenStreetMap",
        "source_confidence": "osm_as_mapped",
        "coordinate_space": "local_east_m, local_north_m",
        "aerialway": null
      }
    },
    {
      "type": "Feature",
      "geometry": {
        "type": "Point",
        "coordinates": [
          2756.819897681242,
          4713.556903015822
        ]
      },
      "properties": {
        "id": "lifts:nan:9209614168",
        "osm_type": null,
        "osm_id": "9209614168",
        "name": null,
        "tags": {
          "other_tags": "\"aerialway\"=>\"pylon\"",
          "State": "New South Wales",
          "Country": "Australia",
          "Ski Area": "Perisher",
          "region": "australia-oceania"
        },
        "source": "OpenStreetMap",
        "source_confidence": "osm_as_mapped",
        "coordinate_space": "local_east_m, local_north_m",
        "aerialway": null
      }
    },
    {
      "type": "Feature",
      "geometry": {
        "type": "Point",
        "coordinates": [
          3209.4292220269563,
          4706.666939876974
        ]
      },
      "properties": {
        "id": "lifts:nan:9209614169",
        "osm_type": null,
        "osm_id": "9209614169",
        "name": null,
        "tags": {
          "other_tags": "\"aerialway\"=>\"pylon\"",
          "State": "New South Wales",
          "Country": "Australia",
          "Ski Area": "Perisher",
          "region": "australia-oceania"
        },
        "source": "OpenStreetMap",
        "source_confidence": "osm_as_mapped",
        "coordinate_space": "local_east_m, local_north_m",
        "aerialway": null
      }
    },
    {
      "type": "Feature",
      "geometry": {
        "type": "Point",
        "coordinates": [
          3151.6004805726698,
          4702.345220180228
        ]
      },
      "properties": {
        "id": "lifts:nan:9209614170",
        "osm_type": null,
        "osm_id": "9209614170",
        "name": null,
        "tags": {
          "other_tags": "\"aerialway\"=>\"pylon\"",
          "State": "New South Wales",
          "Country": "Australia",
          "Ski Area": "Perisher",
          "region": "australia-oceania"
        },
        "source": "OpenStreetMap",
        "source_confidence": "osm_as_mapped",
        "coordinate_space": "local_east_m, local_north_m",
        "aerialway": null
      }
    },
    {
      "type": "Feature",
      "geometry": {
        "type": "Point",
        "coordinates": [
          3092.32581239508,
          4697.910901736468
        ]
      },
      "properties": {
        "id": "lifts:nan:9209614171",
        "osm_type": null,
        "osm_id": "9209614171",
        "name": null,
        "tags": {
          "other_tags": "\"aerialway\"=>\"pylon\"",
          "State": "New South Wales",
          "Country": "Australia",
          "Ski Area": "Perisher",
          "region": "australia-oceania"
        },
        "source": "OpenStreetMap",
        "source_confidence": "osm_as_mapped",
        "coordinate_space": "local_east_m, local_north_m",
        "aerialway": null
      }
    },
    {
      "type": "Feature",
      "geometry": {
        "type": "Point",
        "coordinates": [
          3065.517639783444,
          4695.913391156122
        ]
      },
      "properties": {
        "id": "lifts:nan:9209614172",
        "osm_type": null,
        "osm_id": "9209614172",
        "name": null,
        "tags": {
          "other_tags": "\"aerialway\"=>\"pylon\"",
          "State": "New South Wales",
          "Country": "Australia",
          "Ski Area": "Perisher",
          "region": "australia-oceania"
        },
        "source": "OpenStreetMap",
        "source_confidence": "osm_as_mapped",
        "coordinate_space": "local_east_m, local_north_m",
        "aerialway": null
      }
    },
    {
      "type": "Feature",
      "geometry": {
        "type": "Point",
        "coordinates": [
          2957.0003995429724,
          4687.796858003363
        ]
      },
      "properties": {
        "id": "lifts:nan:9209614173",
        "osm_type": null,
        "osm_id": "9209614173",
        "name": null,
        "tags": {
          "other_tags": "\"aerialway\"=>\"pylon\"",
          "State": "New South Wales",
          "Country": "Australia",
          "Ski Area": "Perisher",
          "region": "australia-oceania"
        },
        "source": "OpenStreetMap",
        "source_confidence": "osm_as_mapped",
        "coordinate_space": "local_east_m, local_north_m",
        "aerialway": null
      }
    },
    {
      "type": "Feature",
      "geometry": {
        "type": "Point",
        "coordinates": [
          2885.7363141002133,
          4682.458231078461
        ]
      },
      "properties": {
        "id": "lifts:nan:9209614174",
        "osm_type": null,
        "osm_id": "9209614174",
        "name": null,
        "tags": {
          "other_tags": "\"aerialway\"=>\"pylon\"",
          "State": "New South Wales",
          "Country": "Australia",
          "Ski Area": "Perisher",
          "region": "australia-oceania"
        },
        "source": "OpenStreetMap",
        "source_confidence": "osm_as_mapped",
        "coordinate_space": "local_east_m, local_north_m",
        "aerialway": null
      }
    },
    {
      "type": "Feature",
      "geometry": {
        "type": "Point",
        "coordinates": [
          2832.0662512809504,
          4678.451537873596
        ]
      },
      "properties": {
        "id": "lifts:nan:9209614175",
        "osm_type": null,
        "osm_id": "9209614175",
        "name": null,
        "tags": {
          "other_tags": "\"aerialway\"=>\"pylon\"",
          "State": "New South Wales",
          "Country": "Australia",
          "Ski Area": "Perisher",
          "region": "australia-oceania"
        },
        "source": "OpenStreetMap",
        "source_confidence": "osm_as_mapped",
        "coordinate_space": "local_east_m, local_north_m",
        "aerialway": null
      }
    },
    {
      "type": "Feature",
      "geometry": {
        "type": "Point",
        "coordinates": [
          2794.5504597101826,
          4759.9681627023965
        ]
      },
      "properties": {
        "id": "lifts:nan:9209614176",
        "osm_type": null,
        "osm_id": "9209614176",
        "name": null,
        "tags": {
          "other_tags": "\"aerialway\"=>\"pylon\"",
          "State": "New South Wales",
          "Country": "Australia",
          "Ski Area": "Perisher",
          "region": "australia-oceania"
        },
        "source": "OpenStreetMap",
        "source_confidence": "osm_as_mapped",
        "coordinate_space": "local_east_m, local_north_m",
        "aerialway": null
      }
    },
    {
      "type": "Feature",
      "geometry": {
        "type": "Point",
        "coordinates": [
          2848.1923587608617,
          4825.954841843806
        ]
      },
      "properties": {
        "id": "lifts:nan:9209614177",
        "osm_type": null,
        "osm_id": "9209614177",
        "name": null,
        "tags": {
          "other_tags": "\"aerialway\"=>\"pylon\"",
          "State": "New South Wales",
          "Country": "Australia",
          "Ski Area": "Perisher",
          "region": "australia-oceania"
        },
        "source": "OpenStreetMap",
        "source_confidence": "osm_as_mapped",
        "coordinate_space": "local_east_m, local_north_m",
        "aerialway": null
      }
    },
    {
      "type": "Feature",
      "geometry": {
        "type": "Point",
        "coordinates": [
          2865.4550644800765,
          4847.18627708219
        ]
      },
      "properties": {
        "id": "lifts:nan:9209614178",
        "osm_type": null,
        "osm_id": "9209614178",
        "name": null,
        "tags": {
          "other_tags": "\"aerialway\"=>\"pylon\"",
          "State": "New South Wales",
          "Country": "Australia",
          "Ski Area": "Perisher",
          "region": "australia-oceania"
        },
        "source": "OpenStreetMap",
        "source_confidence": "osm_as_mapped",
        "coordinate_space": "local_east_m, local_north_m",
        "aerialway": null
      }
    },
    {
      "type": "Feature",
      "geometry": {
        "type": "Point",
        "coordinates": [
          2919.0249844962964,
          4913.084829211235
        ]
      },
      "properties": {
        "id": "lifts:nan:9209614179",
        "osm_type": null,
        "osm_id": "9209614179",
        "name": null,
        "tags": {
          "other_tags": "\"aerialway\"=>\"pylon\"",
          "State": "New South Wales",
          "Country": "Australia",
          "Ski Area": "Perisher",
          "region": "australia-oceania"
        },
        "source": "OpenStreetMap",
        "source_confidence": "osm_as_mapped",
        "coordinate_space": "local_east_m, local_north_m",
        "aerialway": null
      }
    },
    {
      "type": "Feature",
      "geometry": {
        "type": "Point",
        "coordinates": [
          2965.2701659407467,
          4969.968508282676
        ]
      },
      "properties": {
        "id": "lifts:nan:9209614180",
        "osm_type": null,
        "osm_id": "9209614180",
        "name": null,
        "tags": {
          "other_tags": "\"aerialway\"=>\"pylon\"",
          "State": "New South Wales",
          "Country": "Australia",
          "Ski Area": "Perisher",
          "region": "australia-oceania"
        },
        "source": "OpenStreetMap",
        "source_confidence": "osm_as_mapped",
        "coordinate_space": "local_east_m, local_north_m",
        "aerialway": null
      }
    },
    {
      "type": "Feature",
      "geometry": {
        "type": "Point",
        "coordinates": [
          3006.7296385840746,
          5020.962909621187
        ]
      },
      "properties": {
        "id": "lifts:nan:9209614181",
        "osm_type": null,
        "osm_id": "9209614181",
        "name": null,
        "tags": {
          "other_tags": "\"aerialway\"=>\"pylon\"",
          "State": "New South Wales",
          "Country": "Australia",
          "Ski Area": "Perisher",
          "region": "australia-oceania"
        },
        "source": "OpenStreetMap",
        "source_confidence": "osm_as_mapped",
        "coordinate_space": "local_east_m, local_north_m",
        "aerialway": null
      }
    },
    {
      "type": "Feature",
      "geometry": {
        "type": "Point",
        "coordinates": [
          3038.8821478423197,
          5060.530291151255
        ]
      },
      "properties": {
        "id": "lifts:nan:9209614182",
        "osm_type": null,
        "osm_id": "9209614182",
        "name": null,
        "tags": {
          "other_tags": "\"aerialway\"=>\"pylon\"",
          "State": "New South Wales",
          "Country": "Australia",
          "Ski Area": "Perisher",
          "region": "australia-oceania"
        },
        "source": "OpenStreetMap",
        "source_confidence": "osm_as_mapped",
        "coordinate_space": "local_east_m, local_north_m",
        "aerialway": null
      }
    },
    {
      "type": "Feature",
      "geometry": {
        "type": "Point",
        "coordinates": [
          2774.1030102707446,
          4953.712948456407
        ]
      },
      "properties": {
        "id": "lifts:nan:9209614183",
        "osm_type": null,
        "osm_id": "9209614183",
        "name": null,
        "tags": {
          "other_tags": "\"aerialway\"=>\"pylon\"",
          "State": "New South Wales",
          "Country": "Australia",
          "Ski Area": "Perisher",
          "region": "australia-oceania"
        },
        "source": "OpenStreetMap",
        "source_confidence": "osm_as_mapped",
        "coordinate_space": "local_east_m, local_north_m",
        "aerialway": null
      }
    },
    {
      "type": "Feature",
      "geometry": {
        "type": "Point",
        "coordinates": [
          2736.0385687485104,
          4916.537832109258
        ]
      },
      "properties": {
        "id": "lifts:nan:9209614184",
        "osm_type": null,
        "osm_id": "9209614184",
        "name": null,
        "tags": {
          "other_tags": "\"aerialway\"=>\"pylon\"",
          "State": "New South Wales",
          "Country": "Australia",
          "Ski Area": "Perisher",
          "region": "australia-oceania"
        },
        "source": "OpenStreetMap",
        "source_confidence": "osm_as_mapped",
        "coordinate_space": "local_east_m, local_north_m",
        "aerialway": null
      }
    },
    {
      "type": "Feature",
      "geometry": {
        "type": "Point",
        "coordinates": [
          2681.4134392427513,
          4863.213496930897
        ]
      },
      "properties": {
        "id": "lifts:nan:9209614185",
        "osm_type": null,
        "osm_id": "9209614185",
        "name": null,
        "tags": {
          "other_tags": "\"aerialway\"=>\"pylon\"",
          "State": "New South Wales",
          "Country": "Australia",
          "Ski Area": "Perisher",
          "region": "australia-oceania"
        },
        "source": "OpenStreetMap",
        "source_confidence": "osm_as_mapped",
        "coordinate_space": "local_east_m, local_north_m",
        "aerialway": null
      }
    },
    {
      "type": "Feature",
      "geometry": {
        "type": "Point",
        "coordinates": [
          2624.4228328249883,
          4807.559619476087
        ]
      },
      "properties": {
        "id": "lifts:nan:9209614186",
        "osm_type": null,
        "osm_id": "9209614186",
        "name": null,
        "tags": {
          "other_tags": "\"aerialway\"=>\"pylon\"",
          "State": "New South Wales",
          "Country": "Australia",
          "Ski Area": "Perisher",
          "region": "australia-oceania"
        },
        "source": "OpenStreetMap",
        "source_confidence": "osm_as_mapped",
        "coordinate_space": "local_east_m, local_north_m",
        "aerialway": null
      }
    },
    {
      "type": "Feature",
      "geometry": {
        "type": "Point",
        "coordinates": [
          3066.469428950455,
          5217.354093810543
        ]
      },
      "properties": {
        "id": "lifts:nan:9215574739",
        "osm_type": null,
        "osm_id": "9215574739",
        "name": null,
        "tags": {
          "other_tags": "\"aerialway\"=>\"pylon\"",
          "State": "New South Wales",
          "Country": "Australia",
          "Ski Area": "Perisher",
          "region": "australia-oceania"
        },
        "source": "OpenStreetMap",
        "source_confidence": "osm_as_mapped",
        "coordinate_space": "local_east_m, local_north_m",
        "aerialway": null
      }
    },
    {
      "type": "Feature",
      "geometry": {
        "type": "Point",
        "coordinates": [
          3036.5808489688206,
          5284.714451370761
        ]
      },
      "properties": {
        "id": "lifts:nan:9215574740",
        "osm_type": null,
        "osm_id": "9215574740",
        "name": null,
        "tags": {
          "other_tags": "\"aerialway\"=>\"pylon\"",
          "State": "New South Wales",
          "Country": "Australia",
          "Ski Area": "Perisher",
          "region": "australia-oceania"
        },
        "source": "OpenStreetMap",
        "source_confidence": "osm_as_mapped",
        "coordinate_space": "local_east_m, local_north_m",
        "aerialway": null
      }
    },
    {
      "type": "Feature",
      "geometry": {
        "type": "Point",
        "coordinates": [
          2996.065800620476,
          5376.050339771435
        ]
      },
      "properties": {
        "id": "lifts:nan:9215574741",
        "osm_type": null,
        "osm_id": "9215574741",
        "name": null,
        "tags": {
          "other_tags": "\"aerialway\"=>\"pylon\"",
          "State": "New South Wales",
          "Country": "Australia",
          "Ski Area": "Perisher",
          "region": "australia-oceania"
        },
        "source": "OpenStreetMap",
        "source_confidence": "osm_as_mapped",
        "coordinate_space": "local_east_m, local_north_m",
        "aerialway": null
      }
    },
    {
      "type": "Feature",
      "geometry": {
        "type": "Point",
        "coordinates": [
          2967.635743565159,
          5440.1161424471065
        ]
      },
      "properties": {
        "id": "lifts:nan:9215574742",
        "osm_type": null,
        "osm_id": "9215574742",
        "name": null,
        "tags": {
          "other_tags": "\"aerialway\"=>\"pylon\"",
          "State": "New South Wales",
          "Country": "Australia",
          "Ski Area": "Perisher",
          "region": "australia-oceania"
        },
        "source": "OpenStreetMap",
        "source_confidence": "osm_as_mapped",
        "coordinate_space": "local_east_m, local_north_m",
        "aerialway": null
      }
    },
    {
      "type": "Feature",
      "geometry": {
        "type": "Point",
        "coordinates": [
          2943.2894476407673,
          5495.002325688489
        ]
      },
      "properties": {
        "id": "lifts:nan:9215574743",
        "osm_type": null,
        "osm_id": "9215574743",
        "name": null,
        "tags": {
          "other_tags": "\"aerialway\"=>\"pylon\"",
          "State": "New South Wales",
          "Country": "Australia",
          "Ski Area": "Perisher",
          "region": "australia-oceania"
        },
        "source": "OpenStreetMap",
        "source_confidence": "osm_as_mapped",
        "coordinate_space": "local_east_m, local_north_m",
        "aerialway": null
      }
    },
    {
      "type": "Feature",
      "geometry": {
        "type": "Point",
        "coordinates": [
          2929.9690604471834,
          5525.019471246749
        ]
      },
      "properties": {
        "id": "lifts:nan:9215574744",
        "osm_type": null,
        "osm_id": "9215574744",
        "name": null,
        "tags": {
          "other_tags": "\"aerialway\"=>\"pylon\"",
          "State": "New South Wales",
          "Country": "Australia",
          "Ski Area": "Perisher",
          "region": "australia-oceania"
        },
        "source": "OpenStreetMap",
        "source_confidence": "osm_as_mapped",
        "coordinate_space": "local_east_m, local_north_m",
        "aerialway": null
      }
    },
    {
      "type": "Feature",
      "geometry": {
        "type": "Point",
        "coordinates": [
          2900.7476413268596,
          5590.893901801668
        ]
      },
      "properties": {
        "id": "lifts:nan:9215574745",
        "osm_type": null,
        "osm_id": "9215574745",
        "name": null,
        "tags": {
          "other_tags": "\"aerialway\"=>\"pylon\"",
          "State": "New South Wales",
          "Country": "Australia",
          "Ski Area": "Perisher",
          "region": "australia-oceania"
        },
        "source": "OpenStreetMap",
        "source_confidence": "osm_as_mapped",
        "coordinate_space": "local_east_m, local_north_m",
        "aerialway": null
      }
    },
    {
      "type": "Feature",
      "geometry": {
        "type": "Point",
        "coordinates": [
          2873.4718227448175,
          5652.357396077365
        ]
      },
      "properties": {
        "id": "lifts:nan:9215574746",
        "osm_type": null,
        "osm_id": "9215574746",
        "name": null,
        "tags": {
          "other_tags": "\"aerialway\"=>\"pylon\"",
          "State": "New South Wales",
          "Country": "Australia",
          "Ski Area": "Perisher",
          "region": "australia-oceania"
        },
        "source": "OpenStreetMap",
        "source_confidence": "osm_as_mapped",
        "coordinate_space": "local_east_m, local_north_m",
        "aerialway": null
      }
    },
    {
      "type": "Feature",
      "geometry": {
        "type": "Point",
        "coordinates": [
          2993.0153855733806,
          5704.908712183125
        ]
      },
      "properties": {
        "id": "lifts:nan:9215574747",
        "osm_type": null,
        "osm_id": "9215574747",
        "name": null,
        "tags": {
          "other_tags": "\"aerialway\"=>\"pylon\"",
          "State": "New South Wales",
          "Country": "Australia",
          "Ski Area": "Perisher",
          "region": "australia-oceania"
        },
        "source": "OpenStreetMap",
        "source_confidence": "osm_as_mapped",
        "coordinate_space": "local_east_m, local_north_m",
        "aerialway": null
      }
    },
    {
      "type": "Feature",
      "geometry": {
        "type": "Point",
        "coordinates": [
          3071.496521640569,
          5688.18444291316
        ]
      },
      "properties": {
        "id": "lifts:nan:9215574748",
        "osm_type": null,
        "osm_id": "9215574748",
        "name": null,
        "tags": {
          "other_tags": "\"aerialway\"=>\"pylon\"",
          "State": "New South Wales",
          "Country": "Australia",
          "Ski Area": "Perisher",
          "region": "australia-oceania"
        },
        "source": "OpenStreetMap",
        "source_confidence": "osm_as_mapped",
        "coordinate_space": "local_east_m, local_north_m",
        "aerialway": null
      }
    },
    {
      "type": "Feature",
      "geometry": {
        "type": "Point",
        "coordinates": [
          3158.6717250046786,
          5669.613778885454
        ]
      },
      "properties": {
        "id": "lifts:nan:9215574749",
        "osm_type": null,
        "osm_id": "9215574749",
        "name": null,
        "tags": {
          "other_tags": "\"aerialway\"=>\"pylon\"",
          "State": "New South Wales",
          "Country": "Australia",
          "Ski Area": "Perisher",
          "region": "australia-oceania"
        },
        "source": "OpenStreetMap",
        "source_confidence": "osm_as_mapped",
        "coordinate_space": "local_east_m, local_north_m",
        "aerialway": null
      }
    },
    {
      "type": "Feature",
      "geometry": {
        "type": "Point",
        "coordinates": [
          3256.5087539473316,
          5648.779598853551
        ]
      },
      "properties": {
        "id": "lifts:nan:9215574750",
        "osm_type": null,
        "osm_id": "9215574750",
        "name": null,
        "tags": {
          "other_tags": "\"aerialway\"=>\"pylon\"",
          "State": "New South Wales",
          "Country": "Australia",
          "Ski Area": "Perisher",
          "region": "australia-oceania"
        },
        "source": "OpenStreetMap",
        "source_confidence": "osm_as_mapped",
        "coordinate_space": "local_east_m, local_north_m",
        "aerialway": null
      }
    },
    {
      "type": "Feature",
      "geometry": {
        "type": "Point",
        "coordinates": [
          3364.1394347703317,
          5625.838367369026
        ]
      },
      "properties": {
        "id": "lifts:nan:9215574751",
        "osm_type": null,
        "osm_id": "9215574751",
        "name": null,
        "tags": {
          "other_tags": "\"aerialway\"=>\"pylon\"",
          "State": "New South Wales",
          "Country": "Australia",
          "Ski Area": "Perisher",
          "region": "australia-oceania"
        },
        "source": "OpenStreetMap",
        "source_confidence": "osm_as_mapped",
        "coordinate_space": "local_east_m, local_north_m",
        "aerialway": null
      }
    },
    {
      "type": "Feature",
      "geometry": {
        "type": "Point",
        "coordinates": [
          3453.871612985502,
          5606.717206388712
        ]
      },
      "properties": {
        "id": "lifts:nan:9215574752",
        "osm_type": null,
        "osm_id": "9215574752",
        "name": null,
        "tags": {
          "other_tags": "\"aerialway\"=>\"pylon\"",
          "State": "New South Wales",
          "Country": "Australia",
          "Ski Area": "Perisher",
          "region": "australia-oceania"
        },
        "source": "OpenStreetMap",
        "source_confidence": "osm_as_mapped",
        "coordinate_space": "local_east_m, local_north_m",
        "aerialway": null
      }
    },
    {
      "type": "Feature",
      "geometry": {
        "type": "Point",
        "coordinates": [
          3524.48011189315,
          5591.678573619574
        ]
      },
      "properties": {
        "id": "lifts:nan:9215574753",
        "osm_type": null,
        "osm_id": "9215574753",
        "name": null,
        "tags": {
          "other_tags": "\"aerialway\"=>\"pylon\"",
          "State": "New South Wales",
          "Country": "Australia",
          "Ski Area": "Perisher",
          "region": "australia-oceania"
        },
        "source": "OpenStreetMap",
        "source_confidence": "osm_as_mapped",
        "coordinate_space": "local_east_m, local_north_m",
        "aerialway": null
      }
    },
    {
      "type": "Feature",
      "geometry": {
        "type": "Point",
        "coordinates": [
          3558.8450518569443,
          5584.355757040903
        ]
      },
      "properties": {
        "id": "lifts:nan:9215574754",
        "osm_type": null,
        "osm_id": "9215574754",
        "name": null,
        "tags": {
          "other_tags": "\"aerialway\"=>\"pylon\"",
          "State": "New South Wales",
          "Country": "Australia",
          "Ski Area": "Perisher",
          "region": "australia-oceania"
        },
        "source": "OpenStreetMap",
        "source_confidence": "osm_as_mapped",
        "coordinate_space": "local_east_m, local_north_m",
        "aerialway": null
      }
    },
    {
      "type": "Feature",
      "geometry": {
        "type": "Point",
        "coordinates": [
          3599.1042970095295,
          5575.771037712693
        ]
      },
      "properties": {
        "id": "lifts:nan:9215574755",
        "osm_type": null,
        "osm_id": "9215574755",
        "name": null,
        "tags": {
          "other_tags": "\"aerialway\"=>\"pylon\"",
          "State": "New South Wales",
          "Country": "Australia",
          "Ski Area": "Perisher",
          "region": "australia-oceania"
        },
        "source": "OpenStreetMap",
        "source_confidence": "osm_as_mapped",
        "coordinate_space": "local_east_m, local_north_m",
        "aerialway": null
      }
    },
    {
      "type": "Feature",
      "geometry": {
        "type": "Point",
        "coordinates": [
          3580.0793762205867,
          5579.831010356545
        ]
      },
      "properties": {
        "id": "lifts:nan:9215574756",
        "osm_type": null,
        "osm_id": "9215574756",
        "name": null,
        "tags": {
          "other_tags": "\"aerialway\"=>\"pylon\"",
          "State": "New South Wales",
          "Country": "Australia",
          "Ski Area": "Perisher",
          "region": "australia-oceania"
        },
        "source": "OpenStreetMap",
        "source_confidence": "osm_as_mapped",
        "coordinate_space": "local_east_m, local_north_m",
        "aerialway": null
      }
    },
    {
      "type": "Feature",
      "geometry": {
        "type": "Point",
        "coordinates": [
          3681.849886058015,
          5558.135922897607
        ]
      },
      "properties": {
        "id": "lifts:nan:9215574757",
        "osm_type": null,
        "osm_id": "9215574757",
        "name": null,
        "tags": {
          "other_tags": "\"aerialway\"=>\"pylon\"",
          "State": "New South Wales",
          "Country": "Australia",
          "Ski Area": "Perisher",
          "region": "australia-oceania"
        },
        "source": "OpenStreetMap",
        "source_confidence": "osm_as_mapped",
        "coordinate_space": "local_east_m, local_north_m",
        "aerialway": null
      }
    },
    {
      "type": "Feature",
      "geometry": {
        "type": "Point",
        "coordinates": [
          3774.827643727651,
          5538.320651121438
        ]
      },
      "properties": {
        "id": "lifts:nan:9215574758",
        "osm_type": null,
        "osm_id": "9215574758",
        "name": null,
        "tags": {
          "other_tags": "\"aerialway\"=>\"pylon\"",
          "State": "New South Wales",
          "Country": "Australia",
          "Ski Area": "Perisher",
          "region": "australia-oceania"
        },
        "source": "OpenStreetMap",
        "source_confidence": "osm_as_mapped",
        "coordinate_space": "local_east_m, local_north_m",
        "aerialway": null
      }
    },
    {
      "type": "Feature",
      "geometry": {
        "type": "Point",
        "coordinates": [
          3870.237982872175,
          5517.9918355979025
        ]
      },
      "properties": {
        "id": "lifts:nan:9215574759",
        "osm_type": null,
        "osm_id": "9215574759",
        "name": null,
        "tags": {
          "other_tags": "\"aerialway\"=>\"pylon\"",
          "State": "New South Wales",
          "Country": "Australia",
          "Ski Area": "Perisher",
          "region": "australia-oceania"
        },
        "source": "OpenStreetMap",
        "source_confidence": "osm_as_mapped",
        "coordinate_space": "local_east_m, local_north_m",
        "aerialway": null
      }
    },
    {
      "type": "Feature",
      "geometry": {
        "type": "Point",
        "coordinates": [
          3915.2640823841793,
          5508.393089445308
        ]
      },
      "properties": {
        "id": "lifts:nan:9215574760",
        "osm_type": null,
        "osm_id": "9215574760",
        "name": null,
        "tags": {
          "other_tags": "\"aerialway\"=>\"pylon\"",
          "State": "New South Wales",
          "Country": "Australia",
          "Ski Area": "Perisher",
          "region": "australia-oceania"
        },
        "source": "OpenStreetMap",
        "source_confidence": "osm_as_mapped",
        "coordinate_space": "local_east_m, local_north_m",
        "aerialway": null
      }
    },
    {
      "type": "Feature",
      "geometry": {
        "type": "Point",
        "coordinates": [
          1232.5855154653545,
          5470.807599641383
        ]
      },
      "properties": {
        "id": "lifts:nan:9251515846",
        "osm_type": null,
        "osm_id": "9251515846",
        "name": null,
        "tags": {
          "other_tags": "\"aerialway\"=>\"pylon\"",
          "State": "New South Wales",
          "Country": "Australia",
          "Ski Area": "Perisher",
          "region": "australia-oceania"
        },
        "source": "OpenStreetMap",
        "source_confidence": "osm_as_mapped",
        "coordinate_space": "local_east_m, local_north_m",
        "aerialway": null
      }
    },
    {
      "type": "Feature",
      "geometry": {
        "type": "Point",
        "coordinates": [
          1205.0587044804124,
          5528.030534930527
        ]
      },
      "properties": {
        "id": "lifts:nan:9251515847",
        "osm_type": null,
        "osm_id": "9251515847",
        "name": null,
        "tags": {
          "other_tags": "\"aerialway\"=>\"pylon\"",
          "State": "New South Wales",
          "Country": "Australia",
          "Ski Area": "Perisher",
          "region": "australia-oceania"
        },
        "source": "OpenStreetMap",
        "source_confidence": "osm_as_mapped",
        "coordinate_space": "local_east_m, local_north_m",
        "aerialway": null
      }
    },
    {
      "type": "Feature",
      "geometry": {
        "type": "Point",
        "coordinates": [
          1167.5279681996908,
          5606.055502452888
        ]
      },
      "properties": {
        "id": "lifts:nan:9251515848",
        "osm_type": null,
        "osm_id": "9251515848",
        "name": null,
        "tags": {
          "other_tags": "\"aerialway\"=>\"pylon\"",
          "State": "New South Wales",
          "Country": "Australia",
          "Ski Area": "Perisher",
          "region": "australia-oceania"
        },
        "source": "OpenStreetMap",
        "source_confidence": "osm_as_mapped",
        "coordinate_space": "local_east_m, local_north_m",
        "aerialway": null
      }
    },
    {
      "type": "Feature",
      "geometry": {
        "type": "Point",
        "coordinates": [
          1147.4944492481882,
          5647.704486116767
        ]
      },
      "properties": {
        "id": "lifts:nan:9251515849",
        "osm_type": null,
        "osm_id": "9251515849",
        "name": null,
        "tags": {
          "other_tags": "\"aerialway\"=>\"pylon\"",
          "State": "New South Wales",
          "Country": "Australia",
          "Ski Area": "Perisher",
          "region": "australia-oceania"
        },
        "source": "OpenStreetMap",
        "source_confidence": "osm_as_mapped",
        "coordinate_space": "local_east_m, local_north_m",
        "aerialway": null
      }
    },
    {
      "type": "Feature",
      "geometry": {
        "type": "Point",
        "coordinates": [
          1291.027489646105,
          5349.311887158081
        ]
      },
      "properties": {
        "id": "lifts:nan:9251515850",
        "osm_type": null,
        "osm_id": "9251515850",
        "name": null,
        "tags": {
          "other_tags": "\"aerialway\"=>\"pylon\"",
          "State": "New South Wales",
          "Country": "Australia",
          "Ski Area": "Perisher",
          "region": "australia-oceania"
        },
        "source": "OpenStreetMap",
        "source_confidence": "osm_as_mapped",
        "coordinate_space": "local_east_m, local_north_m",
        "aerialway": null
      }
    },
    {
      "type": "Feature",
      "geometry": {
        "type": "Point",
        "coordinates": [
          1345.9560989427846,
          5235.100026510656
        ]
      },
      "properties": {
        "id": "lifts:nan:9251515851",
        "osm_type": null,
        "osm_id": "9251515851",
        "name": null,
        "tags": {
          "other_tags": "\"aerialway\"=>\"pylon\"",
          "State": "New South Wales",
          "Country": "Australia",
          "Ski Area": "Perisher",
          "region": "australia-oceania"
        },
        "source": "OpenStreetMap",
        "source_confidence": "osm_as_mapped",
        "coordinate_space": "local_east_m, local_north_m",
        "aerialway": null
      }
    },
    {
      "type": "Feature",
      "geometry": {
        "type": "Point",
        "coordinates": [
          1365.4300163704902,
          5194.612388313748
        ]
      },
      "properties": {
        "id": "lifts:nan:9251515852",
        "osm_type": null,
        "osm_id": "9251515852",
        "name": null,
        "tags": {
          "other_tags": "\"aerialway\"=>\"pylon\"",
          "State": "New South Wales",
          "Country": "Australia",
          "Ski Area": "Perisher",
          "region": "australia-oceania"
        },
        "source": "OpenStreetMap",
        "source_confidence": "osm_as_mapped",
        "coordinate_space": "local_east_m, local_north_m",
        "aerialway": null
      }
    },
    {
      "type": "Feature",
      "geometry": {
        "type": "Point",
        "coordinates": [
          1629.0299650253728,
          4999.727421949618
        ]
      },
      "properties": {
        "id": "lifts:nan:12497868485",
        "osm_type": null,
        "osm_id": "12497868485",
        "name": null,
        "tags": {
          "other_tags": "\"aerialway\"=>\"pylon\"",
          "State": "New South Wales",
          "Country": "Australia",
          "Ski Area": "Perisher",
          "region": "australia-oceania"
        },
        "source": "OpenStreetMap",
        "source_confidence": "osm_as_mapped",
        "coordinate_space": "local_east_m, local_north_m",
        "aerialway": null
      }
    },
    {
      "type": "Feature",
      "geometry": {
        "type": "Point",
        "coordinates": [
          1535.9769618069986,
          4936.926621995866
        ]
      },
      "properties": {
        "id": "lifts:nan:12497868486",
        "osm_type": null,
        "osm_id": "12497868486",
        "name": null,
        "tags": {
          "other_tags": "\"aerialway\"=>\"pylon\"",
          "State": "New South Wales",
          "Country": "Australia",
          "Ski Area": "Perisher",
          "region": "australia-oceania"
        },
        "source": "OpenStreetMap",
        "source_confidence": "osm_as_mapped",
        "coordinate_space": "local_east_m, local_north_m",
        "aerialway": null
      }
    },
    {
      "type": "Feature",
      "geometry": {
        "type": "Point",
        "coordinates": [
          1445.8514811651548,
          4876.1135120764375
        ]
      },
      "properties": {
        "id": "lifts:nan:12497868487",
        "osm_type": null,
        "osm_id": "12497868487",
        "name": null,
        "tags": {
          "other_tags": "\"aerialway\"=>\"pylon\"",
          "State": "New South Wales",
          "Country": "Australia",
          "Ski Area": "Perisher",
          "region": "australia-oceania"
        },
        "source": "OpenStreetMap",
        "source_confidence": "osm_as_mapped",
        "coordinate_space": "local_east_m, local_north_m",
        "aerialway": null
      }
    },
    {
      "type": "Feature",
      "geometry": {
        "type": "Point",
        "coordinates": [
          1725.3272606020328,
          5064.699909470975
        ]
      },
      "properties": {
        "id": "lifts:nan:12497868488",
        "osm_type": null,
        "osm_id": "12497868488",
        "name": null,
        "tags": {
          "other_tags": "\"aerialway\"=>\"pylon\"",
          "State": "New South Wales",
          "Country": "Australia",
          "Ski Area": "Perisher",
          "region": "australia-oceania"
        },
        "source": "OpenStreetMap",
        "source_confidence": "osm_as_mapped",
        "coordinate_space": "local_east_m, local_north_m",
        "aerialway": null
      }
    },
    {
      "type": "Feature",
      "geometry": {
        "type": "Point",
        "coordinates": [
          1826.04715032049,
          5132.67035163939
        ]
      },
      "properties": {
        "id": "lifts:nan:12497868489",
        "osm_type": null,
        "osm_id": "12497868489",
        "name": null,
        "tags": {
          "other_tags": "\"aerialway\"=>\"pylon\"",
          "State": "New South Wales",
          "Country": "Australia",
          "Ski Area": "Perisher",
          "region": "australia-oceania"
        },
        "source": "OpenStreetMap",
        "source_confidence": "osm_as_mapped",
        "coordinate_space": "local_east_m, local_north_m",
        "aerialway": null
      }
    },
    {
      "type": "Feature",
      "geometry": {
        "type": "Point",
        "coordinates": [
          3220.729074482224,
          2885.0416349601
        ]
      },
      "properties": {
        "id": "lifts:node:1379897856",
        "osm_type": "node",
        "osm_id": "1379897856",
        "name": "Perisher Quad Express Mid Station",
        "tags": {
          "name": "Perisher Quad Express Mid Station",
          "aerialway": "station",
          "aerialway:access": "both",
          "public_transport": "station",
          "winter_sports_id": "178133225",
          "winter_sports_name": "Perisher",
          "State": "New South Wales",
          "Country": "Australia",
          "Ski Area": "Perisher",
          "region": "australia-oceania"
        },
        "source": "OpenStreetMap",
        "source_confidence": "osm_as_mapped",
        "coordinate_space": "local_east_m, local_north_m",
        "aerialway": "station"
      }
    },
    {
      "type": "Feature",
      "geometry": {
        "type": "Point",
        "coordinates": [
          2658.605772630195,
          2731.390074070543
        ]
      },
      "properties": {
        "id": "lifts:node:1834083900",
        "osm_type": "node",
        "osm_id": "1834083900",
        "name": null,
        "tags": {
          "aerialway": "pylon",
          "winter_sports_id": "178133225",
          "winter_sports_name": "Perisher",
          "State": "New South Wales",
          "Country": "Australia",
          "Ski Area": "Perisher",
          "region": "australia-oceania"
        },
        "source": "OpenStreetMap",
        "source_confidence": "osm_as_mapped",
        "coordinate_space": "local_east_m, local_north_m",
        "aerialway": "pylon"
      }
    },
    {
      "type": "Feature",
      "geometry": {
        "type": "Point",
        "coordinates": [
          3807.8740424263524,
          3839.4694559797645
        ]
      },
      "properties": {
        "id": "lifts:node:4387036396",
        "osm_type": "node",
        "osm_id": "4387036396",
        "name": "Interceptor Quad Mid Station",
        "tags": {
          "name": "Interceptor Quad Mid Station",
          "aerialway": "station",
          "aerialway:access": "entry",
          "public_transport": "station",
          "winter_sports_id": "178133225",
          "winter_sports_name": "Perisher",
          "State": "New South Wales",
          "Country": "Australia",
          "Ski Area": "Perisher",
          "region": "australia-oceania"
        },
        "source": "OpenStreetMap",
        "source_confidence": "osm_as_mapped",
        "coordinate_space": "local_east_m, local_north_m",
        "aerialway": "station"
      }
    },
    {
      "type": "Feature",
      "geometry": {
        "type": "Point",
        "coordinates": [
          3801.4876140839187,
          2735.832381542772
        ]
      },
      "properties": {
        "id": "lifts:node:6658159206",
        "osm_type": "node",
        "osm_id": "6658159206",
        "name": null,
        "tags": {
          "aerialway": "pylon",
          "winter_sports_id": "178133225",
          "winter_sports_name": "Perisher",
          "State": "New South Wales",
          "Country": "Australia",
          "Ski Area": "Perisher",
          "region": "australia-oceania"
        },
        "source": "OpenStreetMap",
        "source_confidence": "osm_as_mapped",
        "coordinate_space": "local_east_m, local_north_m",
        "aerialway": "pylon"
      }
    },
    {
      "type": "Feature",
      "geometry": {
        "type": "Point",
        "coordinates": [
          4094.141810991452,
          2655.0160215459764
        ]
      },
      "properties": {
        "id": "lifts:node:9204324139",
        "osm_type": "node",
        "osm_id": "9204324139",
        "name": null,
        "tags": {
          "aerialway": "pylon",
          "winter_sports_id": "178133225",
          "winter_sports_name": "Perisher",
          "State": "New South Wales",
          "Country": "Australia",
          "Ski Area": "Perisher",
          "region": "australia-oceania"
        },
        "source": "OpenStreetMap",
        "source_confidence": "osm_as_mapped",
        "coordinate_space": "local_east_m, local_north_m",
        "aerialway": "pylon"
      }
    },
    {
      "type": "Feature",
      "geometry": {
        "type": "Point",
        "coordinates": [
          3993.4357533314032,
          2712.8291574530303
        ]
      },
      "properties": {
        "id": "lifts:node:9204324140",
        "osm_type": "node",
        "osm_id": "9204324140",
        "name": null,
        "tags": {
          "aerialway": "pylon",
          "winter_sports_id": "178133225",
          "winter_sports_name": "Perisher",
          "State": "New South Wales",
          "Country": "Australia",
          "Ski Area": "Perisher",
          "region": "australia-oceania"
        },
        "source": "OpenStreetMap",
        "source_confidence": "osm_as_mapped",
        "coordinate_space": "local_east_m, local_north_m",
        "aerialway": "pylon"
      }
    },
    {
      "type": "Feature",
      "geometry": {
        "type": "Point",
        "coordinates": [
          3868.756635088008,
          2784.4050243031234
        ]
      },
      "properties": {
        "id": "lifts:node:9204324141",
        "osm_type": "node",
        "osm_id": "9204324141",
        "name": null,
        "tags": {
          "aerialway": "pylon",
          "winter_sports_id": "178133225",
          "winter_sports_name": "Perisher",
          "State": "New South Wales",
          "Country": "Australia",
          "Ski Area": "Perisher",
          "region": "australia-oceania"
        },
        "source": "OpenStreetMap",
        "source_confidence": "osm_as_mapped",
        "coordinate_space": "local_east_m, local_north_m",
        "aerialway": "pylon"
      }
    },
    {
      "type": "Feature",
      "geometry": {
        "type": "Point",
        "coordinates": [
          3765.5215371908853,
          2843.672463711351
        ]
      },
      "properties": {
        "id": "lifts:node:9204324142",
        "osm_type": "node",
        "osm_id": "9204324142",
        "name": null,
        "tags": {
          "aerialway": "pylon",
          "winter_sports_id": "178133225",
          "winter_sports_name": "Perisher",
          "State": "New South Wales",
          "Country": "Australia",
          "Ski Area": "Perisher",
          "region": "australia-oceania"
        },
        "source": "OpenStreetMap",
        "source_confidence": "osm_as_mapped",
        "coordinate_space": "local_east_m, local_north_m",
        "aerialway": "pylon"
      }
    },
    {
      "type": "Feature",
      "geometry": {
        "type": "Point",
        "coordinates": [
          3696.1132370259147,
          2883.517353195697
        ]
      },
      "properties": {
        "id": "lifts:node:9204324143",
        "osm_type": "node",
        "osm_id": "9204324143",
        "name": null,
        "tags": {
          "aerialway": "pylon",
          "winter_sports_id": "178133225",
          "winter_sports_name": "Perisher",
          "State": "New South Wales",
          "Country": "Australia",
          "Ski Area": "Perisher",
          "region": "australia-oceania"
        },
        "source": "OpenStreetMap",
        "source_confidence": "osm_as_mapped",
        "coordinate_space": "local_east_m, local_north_m",
        "aerialway": "pylon"
      }
    },
    {
      "type": "Feature",
      "geometry": {
        "type": "Point",
        "coordinates": [
          3996.1649389084196,
          2602.343999877572
        ]
      },
      "properties": {
        "id": "lifts:node:9204324144",
        "osm_type": "node",
        "osm_id": "9204324144",
        "name": null,
        "tags": {
          "aerialway": "pylon",
          "winter_sports_id": "178133225",
          "winter_sports_name": "Perisher",
          "State": "New South Wales",
          "Country": "Australia",
          "Ski Area": "Perisher",
          "region": "australia-oceania"
        },
        "source": "OpenStreetMap",
        "source_confidence": "osm_as_mapped",
        "coordinate_space": "local_east_m, local_north_m",
        "aerialway": "pylon"
      }
    },
    {
      "type": "Feature",
      "geometry": {
        "type": "Point",
        "coordinates": [
          3957.109126337804,
          2629.121472625062
        ]
      },
      "properties": {
        "id": "lifts:node:9204324145",
        "osm_type": "node",
        "osm_id": "9204324145",
        "name": null,
        "tags": {
          "aerialway": "pylon",
          "winter_sports_id": "178133225",
          "winter_sports_name": "Perisher",
          "State": "New South Wales",
          "Country": "Australia",
          "Ski Area": "Perisher",
          "region": "australia-oceania"
        },
        "source": "OpenStreetMap",
        "source_confidence": "osm_as_mapped",
        "coordinate_space": "local_east_m, local_north_m",
        "aerialway": "pylon"
      }
    },
    {
      "type": "Feature",
      "geometry": {
        "type": "Point",
        "coordinates": [
          3915.3978907561395,
          2657.723862050101
        ]
      },
      "properties": {
        "id": "lifts:node:9204324146",
        "osm_type": "node",
        "osm_id": "9204324146",
        "name": null,
        "tags": {
          "aerialway": "pylon",
          "winter_sports_id": "178133225",
          "winter_sports_name": "Perisher",
          "State": "New South Wales",
          "Country": "Australia",
          "Ski Area": "Perisher",
          "region": "australia-oceania"
        },
        "source": "OpenStreetMap",
        "source_confidence": "osm_as_mapped",
        "coordinate_space": "local_east_m, local_north_m",
        "aerialway": "pylon"
      }
    },
    {
      "type": "Feature",
      "geometry": {
        "type": "Point",
        "coordinates": [
          3858.6338643835625,
          2696.642388889566
        ]
      },
      "properties": {
        "id": "lifts:node:9204324147",
        "osm_type": "node",
        "osm_id": "9204324147",
        "name": null,
        "tags": {
          "aerialway": "pylon",
          "winter_sports_id": "178133225",
          "winter_sports_name": "Perisher",
          "State": "New South Wales",
          "Country": "Australia",
          "Ski Area": "Perisher",
          "region": "australia-oceania"
        },
        "source": "OpenStreetMap",
        "source_confidence": "osm_as_mapped",
        "coordinate_space": "local_east_m, local_north_m",
        "aerialway": "pylon"
      }
    },
    {
      "type": "Feature",
      "geometry": {
        "type": "Point",
        "coordinates": [
          3742.8842463595793,
          2776.008502420038
        ]
      },
      "properties": {
        "id": "lifts:node:9204324148",
        "osm_type": "node",
        "osm_id": "9204324148",
        "name": null,
        "tags": {
          "aerialway": "pylon",
          "winter_sports_id": "178133225",
          "winter_sports_name": "Perisher",
          "State": "New South Wales",
          "Country": "Australia",
          "Ski Area": "Perisher",
          "region": "australia-oceania"
        },
        "source": "OpenStreetMap",
        "source_confidence": "osm_as_mapped",
        "coordinate_space": "local_east_m, local_north_m",
        "aerialway": "pylon"
      }
    },
    {
      "type": "Feature",
      "geometry": {
        "type": "Point",
        "coordinates": [
          3675.347459074226,
          2821.7732161376625
        ]
      },
      "properties": {
        "id": "lifts:node:9204324149",
        "osm_type": "node",
        "osm_id": "9204324149",
        "name": null,
        "tags": {
          "aerialway": "pylon",
          "winter_sports_id": "178133225",
          "winter_sports_name": "Perisher",
          "State": "New South Wales",
          "Country": "Australia",
          "Ski Area": "Perisher",
          "region": "australia-oceania"
        },
        "source": "OpenStreetMap",
        "source_confidence": "osm_as_mapped",
        "coordinate_space": "local_east_m, local_north_m",
        "aerialway": "pylon"
      }
    },
    {
      "type": "Feature",
      "geometry": {
        "type": "Point",
        "coordinates": [
          4048.094923901139,
          2522.974021449685
        ]
      },
      "properties": {
        "id": "lifts:node:9204378755",
        "osm_type": "node",
        "osm_id": "9204378755",
        "name": null,
        "tags": {
          "aerialway": "pylon",
          "winter_sports_id": "178133225",
          "winter_sports_name": "Perisher",
          "State": "New South Wales",
          "Country": "Australia",
          "Ski Area": "Perisher",
          "region": "australia-oceania"
        },
        "source": "OpenStreetMap",
        "source_confidence": "osm_as_mapped",
        "coordinate_space": "local_east_m, local_north_m",
        "aerialway": "pylon"
      }
    },
    {
      "type": "Feature",
      "geometry": {
        "type": "Point",
        "coordinates": [
          4025.7431865895633,
          2532.753676019609
        ]
      },
      "properties": {
        "id": "lifts:node:9204378756",
        "osm_type": "node",
        "osm_id": "9204378756",
        "name": null,
        "tags": {
          "aerialway": "pylon",
          "winter_sports_id": "178133225",
          "winter_sports_name": "Perisher",
          "State": "New South Wales",
          "Country": "Australia",
          "Ski Area": "Perisher",
          "region": "australia-oceania"
        },
        "source": "OpenStreetMap",
        "source_confidence": "osm_as_mapped",
        "coordinate_space": "local_east_m, local_north_m",
        "aerialway": "pylon"
      }
    },
    {
      "type": "Feature",
      "geometry": {
        "type": "Point",
        "coordinates": [
          3955.434875445091,
          2563.526675084606
        ]
      },
      "properties": {
        "id": "lifts:node:9204378757",
        "osm_type": "node",
        "osm_id": "9204378757",
        "name": null,
        "tags": {
          "aerialway": "pylon",
          "winter_sports_id": "178133225",
          "winter_sports_name": "Perisher",
          "State": "New South Wales",
          "Country": "Australia",
          "Ski Area": "Perisher",
          "region": "australia-oceania"
        },
        "source": "OpenStreetMap",
        "source_confidence": "osm_as_mapped",
        "coordinate_space": "local_east_m, local_north_m",
        "aerialway": "pylon"
      }
    },
    {
      "type": "Feature",
      "geometry": {
        "type": "Point",
        "coordinates": [
          3840.1278687147424,
          2613.99490554817
        ]
      },
      "properties": {
        "id": "lifts:node:9204378758",
        "osm_type": "node",
        "osm_id": "9204378758",
        "name": null,
        "tags": {
          "aerialway": "pylon",
          "winter_sports_id": "178133225",
          "winter_sports_name": "Perisher",
          "State": "New South Wales",
          "Country": "Australia",
          "Ski Area": "Perisher",
          "region": "australia-oceania"
        },
        "source": "OpenStreetMap",
        "source_confidence": "osm_as_mapped",
        "coordinate_space": "local_east_m, local_north_m",
        "aerialway": "pylon"
      }
    },
    {
      "type": "Feature",
      "geometry": {
        "type": "Point",
        "coordinates": [
          3760.5315545171034,
          2648.829429280013
        ]
      },
      "properties": {
        "id": "lifts:node:9204378759",
        "osm_type": "node",
        "osm_id": "9204378759",
        "name": null,
        "tags": {
          "aerialway": "pylon",
          "winter_sports_id": "178133225",
          "winter_sports_name": "Perisher",
          "State": "New South Wales",
          "Country": "Australia",
          "Ski Area": "Perisher",
          "region": "australia-oceania"
        },
        "source": "OpenStreetMap",
        "source_confidence": "osm_as_mapped",
        "coordinate_space": "local_east_m, local_north_m",
        "aerialway": "pylon"
      }
    },
    {
      "type": "Feature",
      "geometry": {
        "type": "Point",
        "coordinates": [
          3670.7475996240973,
          2688.116524340585
        ]
      },
      "properties": {
        "id": "lifts:node:9204378760",
        "osm_type": "node",
        "osm_id": "9204378760",
        "name": null,
        "tags": {
          "aerialway": "pylon",
          "winter_sports_id": "178133225",
          "winter_sports_name": "Perisher",
          "State": "New South Wales",
          "Country": "Australia",
          "Ski Area": "Perisher",
          "region": "australia-oceania"
        },
        "source": "OpenStreetMap",
        "source_confidence": "osm_as_mapped",
        "coordinate_space": "local_east_m, local_north_m",
        "aerialway": "pylon"
      }
    },
    {
      "type": "Feature",
      "geometry": {
        "type": "Point",
        "coordinates": [
          3532.3627368281595,
          2748.680382348597
        ]
      },
      "properties": {
        "id": "lifts:node:9204378761",
        "osm_type": "node",
        "osm_id": "9204378761",
        "name": null,
        "tags": {
          "aerialway": "pylon",
          "winter_sports_id": "178133225",
          "winter_sports_name": "Perisher",
          "State": "New South Wales",
          "Country": "Australia",
          "Ski Area": "Perisher",
          "region": "australia-oceania"
        },
        "source": "OpenStreetMap",
        "source_confidence": "osm_as_mapped",
        "coordinate_space": "local_east_m, local_north_m",
        "aerialway": "pylon"
      }
    },
    {
      "type": "Feature",
      "geometry": {
        "type": "Point",
        "coordinates": [
          3491.2666835990967,
          2766.6643594307825
        ]
      },
      "properties": {
        "id": "lifts:node:9204378762",
        "osm_type": "node",
        "osm_id": "9204378762",
        "name": null,
        "tags": {
          "aerialway": "pylon",
          "winter_sports_id": "178133225",
          "winter_sports_name": "Perisher",
          "State": "New South Wales",
          "Country": "Australia",
          "Ski Area": "Perisher",
          "region": "australia-oceania"
        },
        "source": "OpenStreetMap",
        "source_confidence": "osm_as_mapped",
        "coordinate_space": "local_east_m, local_north_m",
        "aerialway": "pylon"
      }
    },
    {
      "type": "Feature",
      "geometry": {
        "type": "Point",
        "coordinates": [
          3415.8120698141865,
          2799.68231382221
        ]
      },
      "properties": {
        "id": "lifts:node:9204378763",
        "osm_type": "node",
        "osm_id": "9204378763",
        "name": null,
        "tags": {
          "aerialway": "pylon",
          "winter_sports_id": "178133225",
          "winter_sports_name": "Perisher",
          "State": "New South Wales",
          "Country": "Australia",
          "Ski Area": "Perisher",
          "region": "australia-oceania"
        },
        "source": "OpenStreetMap",
        "source_confidence": "osm_as_mapped",
        "coordinate_space": "local_east_m, local_north_m",
        "aerialway": "pylon"
      }
    },
    {
      "type": "Feature",
      "geometry": {
        "type": "Point",
        "coordinates": [
          3261.0151563492836,
          2867.414699977264
        ]
      },
      "properties": {
        "id": "lifts:node:9204378764",
        "osm_type": "node",
        "osm_id": "9204378764",
        "name": null,
        "tags": {
          "aerialway": "pylon",
          "winter_sports_id": "178133225",
          "winter_sports_name": "Perisher",
          "State": "New South Wales",
          "Country": "Australia",
          "Ski Area": "Perisher",
          "region": "australia-oceania"
        },
        "source": "OpenStreetMap",
        "source_confidence": "osm_as_mapped",
        "coordinate_space": "local_east_m, local_north_m",
        "aerialway": "pylon"
      }
    },
    {
      "type": "Feature",
      "geometry": {
        "type": "Point",
        "coordinates": [
          2941.5770186779555,
          3004.2670614756644
        ]
      },
      "properties": {
        "id": "lifts:node:9204378765",
        "osm_type": "node",
        "osm_id": "9204378765",
        "name": null,
        "tags": {
          "aerialway": "pylon",
          "winter_sports_id": "178133225",
          "winter_sports_name": "Perisher",
          "State": "New South Wales",
          "Country": "Australia",
          "Ski Area": "Perisher",
          "region": "australia-oceania"
        },
        "source": "OpenStreetMap",
        "source_confidence": "osm_as_mapped",
        "coordinate_space": "local_east_m, local_north_m",
        "aerialway": "pylon"
      }
    },
    {
      "type": "Feature",
      "geometry": {
        "type": "Point",
        "coordinates": [
          2875.8863141763723,
          3032.3234291635454
        ]
      },
      "properties": {
        "id": "lifts:node:9204378767",
        "osm_type": "node",
        "osm_id": "9204378767",
        "name": null,
        "tags": {
          "aerialway": "pylon",
          "winter_sports_id": "178133225",
          "winter_sports_name": "Perisher",
          "State": "New South Wales",
          "Country": "Australia",
          "Ski Area": "Perisher",
          "region": "australia-oceania"
        },
        "source": "OpenStreetMap",
        "source_confidence": "osm_as_mapped",
        "coordinate_space": "local_east_m, local_north_m",
        "aerialway": "pylon"
      }
    },
    {
      "type": "Feature",
      "geometry": {
        "type": "Point",
        "coordinates": [
          2997.060404457152,
          2980.574206005782
        ]
      },
      "properties": {
        "id": "lifts:node:9204378768",
        "osm_type": "node",
        "osm_id": "9204378768",
        "name": null,
        "tags": {
          "aerialway": "pylon",
          "winter_sports_id": "178133225",
          "winter_sports_name": "Perisher",
          "State": "New South Wales",
          "Country": "Australia",
          "Ski Area": "Perisher",
          "region": "australia-oceania"
        },
        "source": "OpenStreetMap",
        "source_confidence": "osm_as_mapped",
        "coordinate_space": "local_east_m, local_north_m",
        "aerialway": "pylon"
      }
    },
    {
      "type": "Feature",
      "geometry": {
        "type": "Point",
        "coordinates": [
          3081.006890798686,
          2944.718656932935
        ]
      },
      "properties": {
        "id": "lifts:node:9204378769",
        "osm_type": "node",
        "osm_id": "9204378769",
        "name": null,
        "tags": {
          "aerialway": "pylon",
          "winter_sports_id": "178133225",
          "winter_sports_name": "Perisher",
          "State": "New South Wales",
          "Country": "Australia",
          "Ski Area": "Perisher",
          "region": "australia-oceania"
        },
        "source": "OpenStreetMap",
        "source_confidence": "osm_as_mapped",
        "coordinate_space": "local_east_m, local_north_m",
        "aerialway": "pylon"
      }
    },
    {
      "type": "Feature",
      "geometry": {
        "type": "Point",
        "coordinates": [
          3176.0063854277832,
          2904.141811126843
        ]
      },
      "properties": {
        "id": "lifts:node:9204378770",
        "osm_type": "node",
        "osm_id": "9204378770",
        "name": null,
        "tags": {
          "aerialway": "pylon",
          "winter_sports_id": "178133225",
          "winter_sports_name": "Perisher",
          "State": "New South Wales",
          "Country": "Australia",
          "Ski Area": "Perisher",
          "region": "australia-oceania"
        },
        "source": "OpenStreetMap",
        "source_confidence": "osm_as_mapped",
        "coordinate_space": "local_east_m, local_north_m",
        "aerialway": "pylon"
      }
    },
    {
      "type": "Feature",
      "geometry": {
        "type": "Point",
        "coordinates": [
          2756.181689141551,
          3083.4394159894437
        ]
      },
      "properties": {
        "id": "lifts:node:9204378771",
        "osm_type": "node",
        "osm_id": "9204378771",
        "name": null,
        "tags": {
          "aerialway": "pylon",
          "winter_sports_id": "178133225",
          "winter_sports_name": "Perisher",
          "State": "New South Wales",
          "Country": "Australia",
          "Ski Area": "Perisher",
          "region": "australia-oceania"
        },
        "source": "OpenStreetMap",
        "source_confidence": "osm_as_mapped",
        "coordinate_space": "local_east_m, local_north_m",
        "aerialway": "pylon"
      }
    },
    {
      "type": "Feature",
      "geometry": {
        "type": "Point",
        "coordinates": [
          2678.972198682837,
          3116.420577770099
        ]
      },
      "properties": {
        "id": "lifts:node:9204378772",
        "osm_type": "node",
        "osm_id": "9204378772",
        "name": null,
        "tags": {
          "aerialway": "pylon",
          "winter_sports_id": "178133225",
          "winter_sports_name": "Perisher",
          "State": "New South Wales",
          "Country": "Australia",
          "Ski Area": "Perisher",
          "region": "australia-oceania"
        },
        "source": "OpenStreetMap",
        "source_confidence": "osm_as_mapped",
        "coordinate_space": "local_east_m, local_north_m",
        "aerialway": "pylon"
      }
    },
    {
      "type": "Feature",
      "geometry": {
        "type": "Point",
        "coordinates": [
          2674.389997210703,
          3118.372956175357
        ]
      },
      "properties": {
        "id": "lifts:node:9204378773",
        "osm_type": "node",
        "osm_id": "9204378773",
        "name": null,
        "tags": {
          "aerialway": "pylon",
          "winter_sports_id": "178133225",
          "winter_sports_name": "Perisher",
          "State": "New South Wales",
          "Country": "Australia",
          "Ski Area": "Perisher",
          "region": "australia-oceania"
        },
        "source": "OpenStreetMap",
        "source_confidence": "osm_as_mapped",
        "coordinate_space": "local_east_m, local_north_m",
        "aerialway": "pylon"
      }
    },
    {
      "type": "Feature",
      "geometry": {
        "type": "Point",
        "coordinates": [
          2506.3915984451305,
          2548.657282911241
        ]
      },
      "properties": {
        "id": "lifts:node:9204378774",
        "osm_type": "node",
        "osm_id": "9204378774",
        "name": null,
        "tags": {
          "aerialway": "pylon",
          "winter_sports_id": "178133225",
          "winter_sports_name": "Perisher",
          "State": "New South Wales",
          "Country": "Australia",
          "Ski Area": "Perisher",
          "region": "australia-oceania"
        },
        "source": "OpenStreetMap",
        "source_confidence": "osm_as_mapped",
        "coordinate_space": "local_east_m, local_north_m",
        "aerialway": "pylon"
      }
    },
    {
      "type": "Feature",
      "geometry": {
        "type": "Point",
        "coordinates": [
          2577.6741274489323,
          2634.2296147691086
        ]
      },
      "properties": {
        "id": "lifts:node:9204378775",
        "osm_type": "node",
        "osm_id": "9204378775",
        "name": null,
        "tags": {
          "aerialway": "pylon",
          "winter_sports_id": "178133225",
          "winter_sports_name": "Perisher",
          "State": "New South Wales",
          "Country": "Australia",
          "Ski Area": "Perisher",
          "region": "australia-oceania"
        },
        "source": "OpenStreetMap",
        "source_confidence": "osm_as_mapped",
        "coordinate_space": "local_east_m, local_north_m",
        "aerialway": "pylon"
      }
    },
    {
      "type": "Feature",
      "geometry": {
        "type": "Point",
        "coordinates": [
          2638.8360308881383,
          2707.664758171886
        ]
      },
      "properties": {
        "id": "lifts:node:9204378776",
        "osm_type": "node",
        "osm_id": "9204378776",
        "name": null,
        "tags": {
          "aerialway": "pylon",
          "winter_sports_id": "178133225",
          "winter_sports_name": "Perisher",
          "State": "New South Wales",
          "Country": "Australia",
          "Ski Area": "Perisher",
          "region": "australia-oceania"
        },
        "source": "OpenStreetMap",
        "source_confidence": "osm_as_mapped",
        "coordinate_space": "local_east_m, local_north_m",
        "aerialway": "pylon"
      }
    },
    {
      "type": "Feature",
      "geometry": {
        "type": "Point",
        "coordinates": [
          2638.812791131786,
          2826.6199521850795
        ]
      },
      "properties": {
        "id": "lifts:node:9204378777",
        "osm_type": "node",
        "osm_id": "9204378777",
        "name": null,
        "tags": {
          "aerialway": "pylon",
          "winter_sports_id": "178133225",
          "winter_sports_name": "Perisher",
          "State": "New South Wales",
          "Country": "Australia",
          "Ski Area": "Perisher",
          "region": "australia-oceania"
        },
        "source": "OpenStreetMap",
        "source_confidence": "osm_as_mapped",
        "coordinate_space": "local_east_m, local_north_m",
        "aerialway": "pylon"
      }
    },
    {
      "type": "Feature",
      "geometry": {
        "type": "Point",
        "coordinates": [
          5744.318143825163,
          4252.860284656286
        ]
      },
      "properties": {
        "id": "lifts:node:9204378778",
        "osm_type": "node",
        "osm_id": "9204378778",
        "name": null,
        "tags": {
          "aerialway": "pylon",
          "winter_sports_id": "178133225",
          "winter_sports_name": "Perisher",
          "State": "New South Wales",
          "Country": "Australia",
          "Ski Area": "Perisher",
          "region": "australia-oceania"
        },
        "source": "OpenStreetMap",
        "source_confidence": "osm_as_mapped",
        "coordinate_space": "local_east_m, local_north_m",
        "aerialway": "pylon"
      }
    },
    {
      "type": "Feature",
      "geometry": {
        "type": "Point",
        "coordinates": [
          5751.93502854777,
          4340.880332474597
        ]
      },
      "properties": {
        "id": "lifts:node:9204378779",
        "osm_type": "node",
        "osm_id": "9204378779",
        "name": null,
        "tags": {
          "aerialway": "pylon",
          "winter_sports_id": "178133225",
          "winter_sports_name": "Perisher",
          "State": "New South Wales",
          "Country": "Australia",
          "Ski Area": "Perisher",
          "region": "australia-oceania"
        },
        "source": "OpenStreetMap",
        "source_confidence": "osm_as_mapped",
        "coordinate_space": "local_east_m, local_north_m",
        "aerialway": "pylon"
      }
    },
    {
      "type": "Feature",
      "geometry": {
        "type": "Point",
        "coordinates": [
          5757.811286371434,
          4408.854095313698
        ]
      },
      "properties": {
        "id": "lifts:node:9204378780",
        "osm_type": "node",
        "osm_id": "9204378780",
        "name": null,
        "tags": {
          "aerialway": "pylon",
          "winter_sports_id": "178133225",
          "winter_sports_name": "Perisher",
          "State": "New South Wales",
          "Country": "Australia",
          "Ski Area": "Perisher",
          "region": "australia-oceania"
        },
        "source": "OpenStreetMap",
        "source_confidence": "osm_as_mapped",
        "coordinate_space": "local_east_m, local_north_m",
        "aerialway": "pylon"
      }
    },
    {
      "type": "Feature",
      "geometry": {
        "type": "Point",
        "coordinates": [
          5682.662197027588,
          4401.709664957598
        ]
      },
      "properties": {
        "id": "lifts:node:9204378781",
        "osm_type": "node",
        "osm_id": "9204378781",
        "name": null,
        "tags": {
          "aerialway": "pylon",
          "winter_sports_id": "178133225",
          "winter_sports_name": "Perisher",
          "State": "New South Wales",
          "Country": "Australia",
          "Ski Area": "Perisher",
          "region": "australia-oceania"
        },
        "source": "OpenStreetMap",
        "source_confidence": "osm_as_mapped",
        "coordinate_space": "local_east_m, local_north_m",
        "aerialway": "pylon"
      }
    },
    {
      "type": "Feature",
      "geometry": {
        "type": "Point",
        "coordinates": [
          5700.881732254988,
          4280.853073191829
        ]
      },
      "properties": {
        "id": "lifts:node:9204378782",
        "osm_type": "node",
        "osm_id": "9204378782",
        "name": null,
        "tags": {
          "aerialway": "pylon",
          "winter_sports_id": "178133225",
          "winter_sports_name": "Perisher",
          "State": "New South Wales",
          "Country": "Australia",
          "Ski Area": "Perisher",
          "region": "australia-oceania"
        },
        "source": "OpenStreetMap",
        "source_confidence": "osm_as_mapped",
        "coordinate_space": "local_east_m, local_north_m",
        "aerialway": "pylon"
      }
    },
    {
      "type": "Feature",
      "geometry": {
        "type": "Point",
        "coordinates": [
          5712.230378057691,
          4205.6122657153755
        ]
      },
      "properties": {
        "id": "lifts:node:9204378783",
        "osm_type": "node",
        "osm_id": "9204378783",
        "name": null,
        "tags": {
          "aerialway": "pylon",
          "winter_sports_id": "178133225",
          "winter_sports_name": "Perisher",
          "State": "New South Wales",
          "Country": "Australia",
          "Ski Area": "Perisher",
          "region": "australia-oceania"
        },
        "source": "OpenStreetMap",
        "source_confidence": "osm_as_mapped",
        "coordinate_space": "local_east_m, local_north_m",
        "aerialway": "pylon"
      }
    },
    {
      "type": "Feature",
      "geometry": {
        "type": "Point",
        "coordinates": [
          5252.185156396823,
          4452.996877228841
        ]
      },
      "properties": {
        "id": "lifts:node:9204378784",
        "osm_type": "node",
        "osm_id": "9204378784",
        "name": null,
        "tags": {
          "aerialway": "pylon",
          "winter_sports_id": "178133225",
          "winter_sports_name": "Perisher",
          "State": "New South Wales",
          "Country": "Australia",
          "Ski Area": "Perisher",
          "region": "australia-oceania"
        },
        "source": "OpenStreetMap",
        "source_confidence": "osm_as_mapped",
        "coordinate_space": "local_east_m, local_north_m",
        "aerialway": "pylon"
      }
    },
    {
      "type": "Feature",
      "geometry": {
        "type": "Point",
        "coordinates": [
          5296.698291237699,
          4413.29580520466
        ]
      },
      "properties": {
        "id": "lifts:node:9204378785",
        "osm_type": "node",
        "osm_id": "9204378785",
        "name": null,
        "tags": {
          "aerialway": "pylon",
          "winter_sports_id": "178133225",
          "winter_sports_name": "Perisher",
          "State": "New South Wales",
          "Country": "Australia",
          "Ski Area": "Perisher",
          "region": "australia-oceania"
        },
        "source": "OpenStreetMap",
        "source_confidence": "osm_as_mapped",
        "coordinate_space": "local_east_m, local_north_m",
        "aerialway": "pylon"
      }
    },
    {
      "type": "Feature",
      "geometry": {
        "type": "Point",
        "coordinates": [
          5375.159756286419,
          4343.313497122377
        ]
      },
      "properties": {
        "id": "lifts:node:9204378786",
        "osm_type": "node",
        "osm_id": "9204378786",
        "name": null,
        "tags": {
          "aerialway": "pylon",
          "winter_sports_id": "178133225",
          "winter_sports_name": "Perisher",
          "State": "New South Wales",
          "Country": "Australia",
          "Ski Area": "Perisher",
          "region": "australia-oceania"
        },
        "source": "OpenStreetMap",
        "source_confidence": "osm_as_mapped",
        "coordinate_space": "local_east_m, local_north_m",
        "aerialway": "pylon"
      }
    },
    {
      "type": "Feature",
      "geometry": {
        "type": "Point",
        "coordinates": [
          5440.373588298098,
          4285.142928340472
        ]
      },
      "properties": {
        "id": "lifts:node:9204378787",
        "osm_type": "node",
        "osm_id": "9204378787",
        "name": null,
        "tags": {
          "aerialway": "pylon",
          "winter_sports_id": "178133225",
          "winter_sports_name": "Perisher",
          "State": "New South Wales",
          "Country": "Australia",
          "Ski Area": "Perisher",
          "region": "australia-oceania"
        },
        "source": "OpenStreetMap",
        "source_confidence": "osm_as_mapped",
        "coordinate_space": "local_east_m, local_north_m",
        "aerialway": "pylon"
      }
    },
    {
      "type": "Feature",
      "geometry": {
        "type": "Point",
        "coordinates": [
          5503.523452981026,
          4228.810870349407
        ]
      },
      "properties": {
        "id": "lifts:node:9204378788",
        "osm_type": "node",
        "osm_id": "9204378788",
        "name": null,
        "tags": {
          "aerialway": "pylon",
          "winter_sports_id": "178133225",
          "winter_sports_name": "Perisher",
          "State": "New South Wales",
          "Country": "Australia",
          "Ski Area": "Perisher",
          "region": "australia-oceania"
        },
        "source": "OpenStreetMap",
        "source_confidence": "osm_as_mapped",
        "coordinate_space": "local_east_m, local_north_m",
        "aerialway": "pylon"
      }
    },
    {
      "type": "Feature",
      "geometry": {
        "type": "Point",
        "coordinates": [
          5534.345458056079,
          4201.315957013518
        ]
      },
      "properties": {
        "id": "lifts:node:9204378789",
        "osm_type": "node",
        "osm_id": "9204378789",
        "name": null,
        "tags": {
          "aerialway": "pylon",
          "winter_sports_id": "178133225",
          "winter_sports_name": "Perisher",
          "State": "New South Wales",
          "Country": "Australia",
          "Ski Area": "Perisher",
          "region": "australia-oceania"
        },
        "source": "OpenStreetMap",
        "source_confidence": "osm_as_mapped",
        "coordinate_space": "local_east_m, local_north_m",
        "aerialway": "pylon"
      }
    },
    {
      "type": "Feature",
      "geometry": {
        "type": "Point",
        "coordinates": [
          5596.281086195842,
          4146.066267417744
        ]
      },
      "properties": {
        "id": "lifts:node:9204378790",
        "osm_type": "node",
        "osm_id": "9204378790",
        "name": null,
        "tags": {
          "aerialway": "pylon",
          "winter_sports_id": "178133225",
          "winter_sports_name": "Perisher",
          "State": "New South Wales",
          "Country": "Australia",
          "Ski Area": "Perisher",
          "region": "australia-oceania"
        },
        "source": "OpenStreetMap",
        "source_confidence": "osm_as_mapped",
        "coordinate_space": "local_east_m, local_north_m",
        "aerialway": "pylon"
      }
    },
    {
      "type": "Feature",
      "geometry": {
        "type": "Point",
        "coordinates": [
          5627.589562807581,
          4118.142176192254
        ]
      },
      "properties": {
        "id": "lifts:node:9204378791",
        "osm_type": "node",
        "osm_id": "9204378791",
        "name": null,
        "tags": {
          "aerialway": "pylon",
          "winter_sports_id": "178133225",
          "winter_sports_name": "Perisher",
          "State": "New South Wales",
          "Country": "Australia",
          "Ski Area": "Perisher",
          "region": "australia-oceania"
        },
        "source": "OpenStreetMap",
        "source_confidence": "osm_as_mapped",
        "coordinate_space": "local_east_m, local_north_m",
        "aerialway": "pylon"
      }
    },
    {
      "type": "Feature",
      "geometry": {
        "type": "Point",
        "coordinates": [
          5621.73612724198,
          4080.7919622296467
        ]
      },
      "properties": {
        "id": "lifts:node:9204378792",
        "osm_type": "node",
        "osm_id": "9204378792",
        "name": null,
        "tags": {
          "aerialway": "pylon",
          "winter_sports_id": "178133225",
          "winter_sports_name": "Perisher",
          "State": "New South Wales",
          "Country": "Australia",
          "Ski Area": "Perisher",
          "region": "australia-oceania"
        },
        "source": "OpenStreetMap",
        "source_confidence": "osm_as_mapped",
        "coordinate_space": "local_east_m, local_north_m",
        "aerialway": "pylon"
      }
    },
    {
      "type": "Feature",
      "geometry": {
        "type": "Point",
        "coordinates": [
          5577.903179178713,
          4116.52367441915
        ]
      },
      "properties": {
        "id": "lifts:node:9204378793",
        "osm_type": "node",
        "osm_id": "9204378793",
        "name": null,
        "tags": {
          "aerialway": "pylon",
          "winter_sports_id": "178133225",
          "winter_sports_name": "Perisher",
          "State": "New South Wales",
          "Country": "Australia",
          "Ski Area": "Perisher",
          "region": "australia-oceania"
        },
        "source": "OpenStreetMap",
        "source_confidence": "osm_as_mapped",
        "coordinate_space": "local_east_m, local_north_m",
        "aerialway": "pylon"
      }
    },
    {
      "type": "Feature",
      "geometry": {
        "type": "Point",
        "coordinates": [
          5507.193574917037,
          4174.166227368638
        ]
      },
      "properties": {
        "id": "lifts:node:9204378794",
        "osm_type": "node",
        "osm_id": "9204378794",
        "name": null,
        "tags": {
          "aerialway": "pylon",
          "winter_sports_id": "178133225",
          "winter_sports_name": "Perisher",
          "State": "New South Wales",
          "Country": "Australia",
          "Ski Area": "Perisher",
          "region": "australia-oceania"
        },
        "source": "OpenStreetMap",
        "source_confidence": "osm_as_mapped",
        "coordinate_space": "local_east_m, local_north_m",
        "aerialway": "pylon"
      }
    },
    {
      "type": "Feature",
      "geometry": {
        "type": "Point",
        "coordinates": [
          5458.2361708818935,
          4214.078288525343
        ]
      },
      "properties": {
        "id": "lifts:node:9204378795",
        "osm_type": "node",
        "osm_id": "9204378795",
        "name": null,
        "tags": {
          "aerialway": "pylon",
          "winter_sports_id": "178133225",
          "winter_sports_name": "Perisher",
          "State": "New South Wales",
          "Country": "Australia",
          "Ski Area": "Perisher",
          "region": "australia-oceania"
        },
        "source": "OpenStreetMap",
        "source_confidence": "osm_as_mapped",
        "coordinate_space": "local_east_m, local_north_m",
        "aerialway": "pylon"
      }
    },
    {
      "type": "Feature",
      "geometry": {
        "type": "Point",
        "coordinates": [
          5339.213533135946,
          4311.100132714957
        ]
      },
      "properties": {
        "id": "lifts:node:9204378796",
        "osm_type": "node",
        "osm_id": "9204378796",
        "name": null,
        "tags": {
          "aerialway": "pylon",
          "winter_sports_id": "178133225",
          "winter_sports_name": "Perisher",
          "State": "New South Wales",
          "Country": "Australia",
          "Ski Area": "Perisher",
          "region": "australia-oceania"
        },
        "source": "OpenStreetMap",
        "source_confidence": "osm_as_mapped",
        "coordinate_space": "local_east_m, local_north_m",
        "aerialway": "pylon"
      }
    },
    {
      "type": "Feature",
      "geometry": {
        "type": "Point",
        "coordinates": [
          5563.702087679412,
          4073.970779083669
        ]
      },
      "properties": {
        "id": "lifts:node:9204378797",
        "osm_type": "node",
        "osm_id": "9204378797",
        "name": null,
        "tags": {
          "aerialway": "pylon",
          "winter_sports_id": "178133225",
          "winter_sports_name": "Perisher",
          "State": "New South Wales",
          "Country": "Australia",
          "Ski Area": "Perisher",
          "region": "australia-oceania"
        },
        "source": "OpenStreetMap",
        "source_confidence": "osm_as_mapped",
        "coordinate_space": "local_east_m, local_north_m",
        "aerialway": "pylon"
      }
    },
    {
      "type": "Feature",
      "geometry": {
        "type": "Point",
        "coordinates": [
          5561.630392908817,
          4067.9320539887995
        ]
      },
      "properties": {
        "id": "lifts:node:9204378798",
        "osm_type": "node",
        "osm_id": "9204378798",
        "name": null,
        "tags": {
          "aerialway": "pylon",
          "winter_sports_id": "178133225",
          "winter_sports_name": "Perisher",
          "State": "New South Wales",
          "Country": "Australia",
          "Ski Area": "Perisher",
          "region": "australia-oceania"
        },
        "source": "OpenStreetMap",
        "source_confidence": "osm_as_mapped",
        "coordinate_space": "local_east_m, local_north_m",
        "aerialway": "pylon"
      }
    },
    {
      "type": "Feature",
      "geometry": {
        "type": "Point",
        "coordinates": [
          5473.213740171865,
          4106.79564675875
        ]
      },
      "properties": {
        "id": "lifts:node:9204378799",
        "osm_type": "node",
        "osm_id": "9204378799",
        "name": null,
        "tags": {
          "aerialway": "pylon",
          "winter_sports_id": "178133225",
          "winter_sports_name": "Perisher",
          "State": "New South Wales",
          "Country": "Australia",
          "Ski Area": "Perisher",
          "region": "australia-oceania"
        },
        "source": "OpenStreetMap",
        "source_confidence": "osm_as_mapped",
        "coordinate_space": "local_east_m, local_north_m",
        "aerialway": "pylon"
      }
    },
    {
      "type": "Feature",
      "geometry": {
        "type": "Point",
        "coordinates": [
          5471.44409778167,
          4100.55272519961
        ]
      },
      "properties": {
        "id": "lifts:node:9204378800",
        "osm_type": "node",
        "osm_id": "9204378800",
        "name": null,
        "tags": {
          "aerialway": "pylon",
          "winter_sports_id": "178133225",
          "winter_sports_name": "Perisher",
          "State": "New South Wales",
          "Country": "Australia",
          "Ski Area": "Perisher",
          "region": "australia-oceania"
        },
        "source": "OpenStreetMap",
        "source_confidence": "osm_as_mapped",
        "coordinate_space": "local_east_m, local_north_m",
        "aerialway": "pylon"
      }
    },
    {
      "type": "Feature",
      "geometry": {
        "type": "Point",
        "coordinates": [
          5367.591021191096,
          4145.10196979437
        ]
      },
      "properties": {
        "id": "lifts:node:9204378801",
        "osm_type": "node",
        "osm_id": "9204378801",
        "name": null,
        "tags": {
          "aerialway": "pylon",
          "winter_sports_id": "178133225",
          "winter_sports_name": "Perisher",
          "State": "New South Wales",
          "Country": "Australia",
          "Ski Area": "Perisher",
          "region": "australia-oceania"
        },
        "source": "OpenStreetMap",
        "source_confidence": "osm_as_mapped",
        "coordinate_space": "local_east_m, local_north_m",
        "aerialway": "pylon"
      }
    },
    {
      "type": "Feature",
      "geometry": {
        "type": "Point",
        "coordinates": [
          5365.757522722706,
          4138.782301835716
        ]
      },
      "properties": {
        "id": "lifts:node:9204378802",
        "osm_type": "node",
        "osm_id": "9204378802",
        "name": null,
        "tags": {
          "aerialway": "pylon",
          "winter_sports_id": "178133225",
          "winter_sports_name": "Perisher",
          "State": "New South Wales",
          "Country": "Australia",
          "Ski Area": "Perisher",
          "region": "australia-oceania"
        },
        "source": "OpenStreetMap",
        "source_confidence": "osm_as_mapped",
        "coordinate_space": "local_east_m, local_north_m",
        "aerialway": "pylon"
      }
    },
    {
      "type": "Feature",
      "geometry": {
        "type": "Point",
        "coordinates": [
          5270.917495206464,
          4180.168379999697
        ]
      },
      "properties": {
        "id": "lifts:node:9204378803",
        "osm_type": "node",
        "osm_id": "9204378803",
        "name": null,
        "tags": {
          "aerialway": "pylon",
          "winter_sports_id": "178133225",
          "winter_sports_name": "Perisher",
          "State": "New South Wales",
          "Country": "Australia",
          "Ski Area": "Perisher",
          "region": "australia-oceania"
        },
        "source": "OpenStreetMap",
        "source_confidence": "osm_as_mapped",
        "coordinate_space": "local_east_m, local_north_m",
        "aerialway": "pylon"
      }
    },
    {
      "type": "Feature",
      "geometry": {
        "type": "Point",
        "coordinates": [
          5269.082591580227,
          4173.748854741454
        ]
      },
      "properties": {
        "id": "lifts:node:9204378804",
        "osm_type": "node",
        "osm_id": "9204378804",
        "name": null,
        "tags": {
          "aerialway": "pylon",
          "winter_sports_id": "178133225",
          "winter_sports_name": "Perisher",
          "State": "New South Wales",
          "Country": "Australia",
          "Ski Area": "Perisher",
          "region": "australia-oceania"
        },
        "source": "OpenStreetMap",
        "source_confidence": "osm_as_mapped",
        "coordinate_space": "local_east_m, local_north_m",
        "aerialway": "pylon"
      }
    },
    {
      "type": "Feature",
      "geometry": {
        "type": "Point",
        "coordinates": [
          5169.620814386406,
          4216.899487893097
        ]
      },
      "properties": {
        "id": "lifts:node:9204378805",
        "osm_type": "node",
        "osm_id": "9204378805",
        "name": null,
        "tags": {
          "aerialway": "pylon",
          "winter_sports_id": "178133225",
          "winter_sports_name": "Perisher",
          "State": "New South Wales",
          "Country": "Australia",
          "Ski Area": "Perisher",
          "region": "australia-oceania"
        },
        "source": "OpenStreetMap",
        "source_confidence": "osm_as_mapped",
        "coordinate_space": "local_east_m, local_north_m",
        "aerialway": "pylon"
      }
    },
    {
      "type": "Feature",
      "geometry": {
        "type": "Point",
        "coordinates": [
          5167.463261460536,
          4210.495788535103
        ]
      },
      "properties": {
        "id": "lifts:node:9204378806",
        "osm_type": "node",
        "osm_id": "9204378806",
        "name": null,
        "tags": {
          "aerialway": "pylon",
          "winter_sports_id": "178133225",
          "winter_sports_name": "Perisher",
          "State": "New South Wales",
          "Country": "Australia",
          "Ski Area": "Perisher",
          "region": "australia-oceania"
        },
        "source": "OpenStreetMap",
        "source_confidence": "osm_as_mapped",
        "coordinate_space": "local_east_m, local_north_m",
        "aerialway": "pylon"
      }
    },
    {
      "type": "Feature",
      "geometry": {
        "type": "Point",
        "coordinates": [
          5111.369601705344,
          4238.028280809522
        ]
      },
      "properties": {
        "id": "lifts:node:9204378807",
        "osm_type": "node",
        "osm_id": "9204378807",
        "name": null,
        "tags": {
          "aerialway": "pylon",
          "winter_sports_id": "178133225",
          "winter_sports_name": "Perisher",
          "State": "New South Wales",
          "Country": "Australia",
          "Ski Area": "Perisher",
          "region": "australia-oceania"
        },
        "source": "OpenStreetMap",
        "source_confidence": "osm_as_mapped",
        "coordinate_space": "local_east_m, local_north_m",
        "aerialway": "pylon"
      }
    },
    {
      "type": "Feature",
      "geometry": {
        "type": "Point",
        "coordinates": [
          5108.934539480135,
          4231.661937868223
        ]
      },
      "properties": {
        "id": "lifts:node:9204378808",
        "osm_type": "node",
        "osm_id": "9204378808",
        "name": null,
        "tags": {
          "aerialway": "pylon",
          "winter_sports_id": "178133225",
          "winter_sports_name": "Perisher",
          "State": "New South Wales",
          "Country": "Australia",
          "Ski Area": "Perisher",
          "region": "australia-oceania"
        },
        "source": "OpenStreetMap",
        "source_confidence": "osm_as_mapped",
        "coordinate_space": "local_east_m, local_north_m",
        "aerialway": "pylon"
      }
    },
    {
      "type": "Feature",
      "geometry": {
        "type": "Point",
        "coordinates": [
          5041.089395526913,
          4263.516576520167
        ]
      },
      "properties": {
        "id": "lifts:node:9204378809",
        "osm_type": "node",
        "osm_id": "9204378809",
        "name": null,
        "tags": {
          "aerialway": "pylon",
          "winter_sports_id": "178133225",
          "winter_sports_name": "Perisher",
          "State": "New South Wales",
          "Country": "Australia",
          "Ski Area": "Perisher",
          "region": "australia-oceania"
        },
        "source": "OpenStreetMap",
        "source_confidence": "osm_as_mapped",
        "coordinate_space": "local_east_m, local_north_m",
        "aerialway": "pylon"
      }
    },
    {
      "type": "Feature",
      "geometry": {
        "type": "Point",
        "coordinates": [
          5039.403045602958,
          4256.817435704172
        ]
      },
      "properties": {
        "id": "lifts:node:9204378810",
        "osm_type": "node",
        "osm_id": "9204378810",
        "name": null,
        "tags": {
          "aerialway": "pylon",
          "winter_sports_id": "178133225",
          "winter_sports_name": "Perisher",
          "State": "New South Wales",
          "Country": "Australia",
          "Ski Area": "Perisher",
          "region": "australia-oceania"
        },
        "source": "OpenStreetMap",
        "source_confidence": "osm_as_mapped",
        "coordinate_space": "local_east_m, local_north_m",
        "aerialway": "pylon"
      }
    },
    {
      "type": "Feature",
      "geometry": {
        "type": "Point",
        "coordinates": [
          4980.36571875331,
          4285.53517312184
        ]
      },
      "properties": {
        "id": "lifts:node:9204378811",
        "osm_type": "node",
        "osm_id": "9204378811",
        "name": null,
        "tags": {
          "aerialway": "pylon",
          "winter_sports_id": "178133225",
          "winter_sports_name": "Perisher",
          "State": "New South Wales",
          "Country": "Australia",
          "Ski Area": "Perisher",
          "region": "australia-oceania"
        },
        "source": "OpenStreetMap",
        "source_confidence": "osm_as_mapped",
        "coordinate_space": "local_east_m, local_north_m",
        "aerialway": "pylon"
      }
    },
    {
      "type": "Feature",
      "geometry": {
        "type": "Point",
        "coordinates": [
          4978.071638969122,
          4278.989195990376
        ]
      },
      "properties": {
        "id": "lifts:node:9204378812",
        "osm_type": "node",
        "osm_id": "9204378812",
        "name": null,
        "tags": {
          "aerialway": "pylon",
          "winter_sports_id": "178133225",
          "winter_sports_name": "Perisher",
          "State": "New South Wales",
          "Country": "Australia",
          "Ski Area": "Perisher",
          "region": "australia-oceania"
        },
        "source": "OpenStreetMap",
        "source_confidence": "osm_as_mapped",
        "coordinate_space": "local_east_m, local_north_m",
        "aerialway": "pylon"
      }
    },
    {
      "type": "Feature",
      "geometry": {
        "type": "Point",
        "coordinates": [
          5460.9200093670515,
          3987.355050843209
        ]
      },
      "properties": {
        "id": "lifts:node:9204378813",
        "osm_type": "node",
        "osm_id": "9204378813",
        "name": null,
        "tags": {
          "aerialway": "pylon",
          "winter_sports_id": "178133225",
          "winter_sports_name": "Perisher",
          "State": "New South Wales",
          "Country": "Australia",
          "Ski Area": "Perisher",
          "region": "australia-oceania"
        },
        "source": "OpenStreetMap",
        "source_confidence": "osm_as_mapped",
        "coordinate_space": "local_east_m, local_north_m",
        "aerialway": "pylon"
      }
    },
    {
      "type": "Feature",
      "geometry": {
        "type": "Point",
        "coordinates": [
          5412.884932333371,
          3983.902687544003
        ]
      },
      "properties": {
        "id": "lifts:node:9204378814",
        "osm_type": "node",
        "osm_id": "9204378814",
        "name": null,
        "tags": {
          "aerialway": "pylon",
          "winter_sports_id": "178133225",
          "winter_sports_name": "Perisher",
          "State": "New South Wales",
          "Country": "Australia",
          "Ski Area": "Perisher",
          "region": "australia-oceania"
        },
        "source": "OpenStreetMap",
        "source_confidence": "osm_as_mapped",
        "coordinate_space": "local_east_m, local_north_m",
        "aerialway": "pylon"
      }
    },
    {
      "type": "Feature",
      "geometry": {
        "type": "Point",
        "coordinates": [
          5293.107284974423,
          3975.2937925457954
        ]
      },
      "properties": {
        "id": "lifts:node:9204378815",
        "osm_type": "node",
        "osm_id": "9204378815",
        "name": null,
        "tags": {
          "aerialway": "pylon",
          "winter_sports_id": "178133225",
          "winter_sports_name": "Perisher",
          "State": "New South Wales",
          "Country": "Australia",
          "Ski Area": "Perisher",
          "region": "australia-oceania"
        },
        "source": "OpenStreetMap",
        "source_confidence": "osm_as_mapped",
        "coordinate_space": "local_east_m, local_north_m",
        "aerialway": "pylon"
      }
    },
    {
      "type": "Feature",
      "geometry": {
        "type": "Point",
        "coordinates": [
          5210.247309395578,
          3969.335310606286
        ]
      },
      "properties": {
        "id": "lifts:node:9204378816",
        "osm_type": "node",
        "osm_id": "9204378816",
        "name": null,
        "tags": {
          "aerialway": "pylon",
          "winter_sports_id": "178133225",
          "winter_sports_name": "Perisher",
          "State": "New South Wales",
          "Country": "Australia",
          "Ski Area": "Perisher",
          "region": "australia-oceania"
        },
        "source": "OpenStreetMap",
        "source_confidence": "osm_as_mapped",
        "coordinate_space": "local_east_m, local_north_m",
        "aerialway": "pylon"
      }
    },
    {
      "type": "Feature",
      "geometry": {
        "type": "Point",
        "coordinates": [
          5159.706957871909,
          3965.6965260412544
        ]
      },
      "properties": {
        "id": "lifts:node:9204379817",
        "osm_type": "node",
        "osm_id": "9204379817",
        "name": null,
        "tags": {
          "aerialway": "pylon",
          "winter_sports_id": "178133225",
          "winter_sports_name": "Perisher",
          "State": "New South Wales",
          "Country": "Australia",
          "Ski Area": "Perisher",
          "region": "australia-oceania"
        },
        "source": "OpenStreetMap",
        "source_confidence": "osm_as_mapped",
        "coordinate_space": "local_east_m, local_north_m",
        "aerialway": "pylon"
      }
    },
    {
      "type": "Feature",
      "geometry": {
        "type": "Point",
        "coordinates": [
          5085.908212210517,
          3960.3912859726697
        ]
      },
      "properties": {
        "id": "lifts:node:9204379818",
        "osm_type": "node",
        "osm_id": "9204379818",
        "name": null,
        "tags": {
          "aerialway": "pylon",
          "winter_sports_id": "178133225",
          "winter_sports_name": "Perisher",
          "State": "New South Wales",
          "Country": "Australia",
          "Ski Area": "Perisher",
          "region": "australia-oceania"
        },
        "source": "OpenStreetMap",
        "source_confidence": "osm_as_mapped",
        "coordinate_space": "local_east_m, local_north_m",
        "aerialway": "pylon"
      }
    },
    {
      "type": "Feature",
      "geometry": {
        "type": "Point",
        "coordinates": [
          5031.452755323378,
          3956.4764766916633
        ]
      },
      "properties": {
        "id": "lifts:node:9204379819",
        "osm_type": "node",
        "osm_id": "9204379819",
        "name": null,
        "tags": {
          "aerialway": "pylon",
          "winter_sports_id": "178133225",
          "winter_sports_name": "Perisher",
          "State": "New South Wales",
          "Country": "Australia",
          "Ski Area": "Perisher",
          "region": "australia-oceania"
        },
        "source": "OpenStreetMap",
        "source_confidence": "osm_as_mapped",
        "coordinate_space": "local_east_m, local_north_m",
        "aerialway": "pylon"
      }
    },
    {
      "type": "Feature",
      "geometry": {
        "type": "Point",
        "coordinates": [
          4943.860720609548,
          3950.174499168992
        ]
      },
      "properties": {
        "id": "lifts:node:9204379820",
        "osm_type": "node",
        "osm_id": "9204379820",
        "name": null,
        "tags": {
          "aerialway": "pylon",
          "winter_sports_id": "178133225",
          "winter_sports_name": "Perisher",
          "State": "New South Wales",
          "Country": "Australia",
          "Ski Area": "Perisher",
          "region": "australia-oceania"
        },
        "source": "OpenStreetMap",
        "source_confidence": "osm_as_mapped",
        "coordinate_space": "local_east_m, local_north_m",
        "aerialway": "pylon"
      }
    },
    {
      "type": "Feature",
      "geometry": {
        "type": "Point",
        "coordinates": [
          4899.87609686947,
          3947.003759389743
        ]
      },
      "properties": {
        "id": "lifts:node:9204379821",
        "osm_type": "node",
        "osm_id": "9204379821",
        "name": null,
        "tags": {
          "aerialway": "pylon",
          "winter_sports_id": "178133225",
          "winter_sports_name": "Perisher",
          "State": "New South Wales",
          "Country": "Australia",
          "Ski Area": "Perisher",
          "region": "australia-oceania"
        },
        "source": "OpenStreetMap",
        "source_confidence": "osm_as_mapped",
        "coordinate_space": "local_east_m, local_north_m",
        "aerialway": "pylon"
      }
    },
    {
      "type": "Feature",
      "geometry": {
        "type": "Point",
        "coordinates": [
          4746.69949352683,
          3666.103775789961
        ]
      },
      "properties": {
        "id": "lifts:node:9205057020",
        "osm_type": "node",
        "osm_id": "9205057020",
        "name": null,
        "tags": {
          "aerialway": "pylon",
          "winter_sports_id": "178133225",
          "winter_sports_name": "Perisher",
          "State": "New South Wales",
          "Country": "Australia",
          "Ski Area": "Perisher",
          "region": "australia-oceania"
        },
        "source": "OpenStreetMap",
        "source_confidence": "osm_as_mapped",
        "coordinate_space": "local_east_m, local_north_m",
        "aerialway": "pylon"
      }
    },
    {
      "type": "Feature",
      "geometry": {
        "type": "Point",
        "coordinates": [
          4689.566236400162,
          3599.3363625910133
        ]
      },
      "properties": {
        "id": "lifts:node:9205057021",
        "osm_type": "node",
        "osm_id": "9205057021",
        "name": null,
        "tags": {
          "aerialway": "pylon",
          "winter_sports_id": "178133225",
          "winter_sports_name": "Perisher",
          "State": "New South Wales",
          "Country": "Australia",
          "Ski Area": "Perisher",
          "region": "australia-oceania"
        },
        "source": "OpenStreetMap",
        "source_confidence": "osm_as_mapped",
        "coordinate_space": "local_east_m, local_north_m",
        "aerialway": "pylon"
      }
    },
    {
      "type": "Feature",
      "geometry": {
        "type": "Point",
        "coordinates": [
          4641.286714783637,
          3542.924146900885
        ]
      },
      "properties": {
        "id": "lifts:node:9205057022",
        "osm_type": "node",
        "osm_id": "9205057022",
        "name": null,
        "tags": {
          "aerialway": "pylon",
          "winter_sports_id": "178133225",
          "winter_sports_name": "Perisher",
          "State": "New South Wales",
          "Country": "Australia",
          "Ski Area": "Perisher",
          "region": "australia-oceania"
        },
        "source": "OpenStreetMap",
        "source_confidence": "osm_as_mapped",
        "coordinate_space": "local_east_m, local_north_m",
        "aerialway": "pylon"
      }
    },
    {
      "type": "Feature",
      "geometry": {
        "type": "Point",
        "coordinates": [
          4602.6086611042265,
          3497.721762754023
        ]
      },
      "properties": {
        "id": "lifts:node:9205057023",
        "osm_type": "node",
        "osm_id": "9205057023",
        "name": null,
        "tags": {
          "aerialway": "pylon",
          "winter_sports_id": "178133225",
          "winter_sports_name": "Perisher",
          "State": "New South Wales",
          "Country": "Australia",
          "Ski Area": "Perisher",
          "region": "australia-oceania"
        },
        "source": "OpenStreetMap",
        "source_confidence": "osm_as_mapped",
        "coordinate_space": "local_east_m, local_north_m",
        "aerialway": "pylon"
      }
    },
    {
      "type": "Feature",
      "geometry": {
        "type": "Point",
        "coordinates": [
          4547.29377534322,
          3433.0793802700937
        ]
      },
      "properties": {
        "id": "lifts:node:9205057024",
        "osm_type": "node",
        "osm_id": "9205057024",
        "name": null,
        "tags": {
          "aerialway": "pylon",
          "winter_sports_id": "178133225",
          "winter_sports_name": "Perisher",
          "State": "New South Wales",
          "Country": "Australia",
          "Ski Area": "Perisher",
          "region": "australia-oceania"
        },
        "source": "OpenStreetMap",
        "source_confidence": "osm_as_mapped",
        "coordinate_space": "local_east_m, local_north_m",
        "aerialway": "pylon"
      }
    },
    {
      "type": "Feature",
      "geometry": {
        "type": "Point",
        "coordinates": [
          4502.803297137492,
          3381.0824675550684
        ]
      },
      "properties": {
        "id": "lifts:node:9205057025",
        "osm_type": "node",
        "osm_id": "9205057025",
        "name": null,
        "tags": {
          "aerialway": "pylon",
          "winter_sports_id": "178133225",
          "winter_sports_name": "Perisher",
          "State": "New South Wales",
          "Country": "Australia",
          "Ski Area": "Perisher",
          "region": "australia-oceania"
        },
        "source": "OpenStreetMap",
        "source_confidence": "osm_as_mapped",
        "coordinate_space": "local_east_m, local_north_m",
        "aerialway": "pylon"
      }
    },
    {
      "type": "Feature",
      "geometry": {
        "type": "Point",
        "coordinates": [
          4453.905627838569,
          3323.946033358574
        ]
      },
      "properties": {
        "id": "lifts:node:9205057026",
        "osm_type": "node",
        "osm_id": "9205057026",
        "name": null,
        "tags": {
          "aerialway": "pylon",
          "winter_sports_id": "178133225",
          "winter_sports_name": "Perisher",
          "State": "New South Wales",
          "Country": "Australia",
          "Ski Area": "Perisher",
          "region": "australia-oceania"
        },
        "source": "OpenStreetMap",
        "source_confidence": "osm_as_mapped",
        "coordinate_space": "local_east_m, local_north_m",
        "aerialway": "pylon"
      }
    },
    {
      "type": "Feature",
      "geometry": {
        "type": "Point",
        "coordinates": [
          4408.202573188464,
          3270.5350934416056
        ]
      },
      "properties": {
        "id": "lifts:node:9205057027",
        "osm_type": "node",
        "osm_id": "9205057027",
        "name": null,
        "tags": {
          "aerialway": "pylon",
          "winter_sports_id": "178133225",
          "winter_sports_name": "Perisher",
          "State": "New South Wales",
          "Country": "Australia",
          "Ski Area": "Perisher",
          "region": "australia-oceania"
        },
        "source": "OpenStreetMap",
        "source_confidence": "osm_as_mapped",
        "coordinate_space": "local_east_m, local_north_m",
        "aerialway": "pylon"
      }
    },
    {
      "type": "Feature",
      "geometry": {
        "type": "Point",
        "coordinates": [
          4364.443992116954,
          3219.403366319835
        ]
      },
      "properties": {
        "id": "lifts:node:9205057028",
        "osm_type": "node",
        "osm_id": "9205057028",
        "name": null,
        "tags": {
          "aerialway": "pylon",
          "winter_sports_id": "178133225",
          "winter_sports_name": "Perisher",
          "State": "New South Wales",
          "Country": "Australia",
          "Ski Area": "Perisher",
          "region": "australia-oceania"
        },
        "source": "OpenStreetMap",
        "source_confidence": "osm_as_mapped",
        "coordinate_space": "local_east_m, local_north_m",
        "aerialway": "pylon"
      }
    },
    {
      "type": "Feature",
      "geometry": {
        "type": "Point",
        "coordinates": [
          4191.366582797375,
          3177.939706718549
        ]
      },
      "properties": {
        "id": "lifts:node:9205057029",
        "osm_type": "node",
        "osm_id": "9205057029",
        "name": null,
        "tags": {
          "aerialway": "pylon",
          "winter_sports_id": "178133225",
          "winter_sports_name": "Perisher",
          "State": "New South Wales",
          "Country": "Australia",
          "Ski Area": "Perisher",
          "region": "australia-oceania"
        },
        "source": "OpenStreetMap",
        "source_confidence": "osm_as_mapped",
        "coordinate_space": "local_east_m, local_north_m",
        "aerialway": "pylon"
      }
    },
    {
      "type": "Feature",
      "geometry": {
        "type": "Point",
        "coordinates": [
          4122.707769612083,
          3117.4508560327813
        ]
      },
      "properties": {
        "id": "lifts:node:9205057030",
        "osm_type": "node",
        "osm_id": "9205057030",
        "name": null,
        "tags": {
          "aerialway": "pylon",
          "winter_sports_id": "178133225",
          "winter_sports_name": "Perisher",
          "State": "New South Wales",
          "Country": "Australia",
          "Ski Area": "Perisher",
          "region": "australia-oceania"
        },
        "source": "OpenStreetMap",
        "source_confidence": "osm_as_mapped",
        "coordinate_space": "local_east_m, local_north_m",
        "aerialway": "pylon"
      }
    },
    {
      "type": "Feature",
      "geometry": {
        "type": "Point",
        "coordinates": [
          4061.2462592558004,
          3063.291882753372
        ]
      },
      "properties": {
        "id": "lifts:node:9205057031",
        "osm_type": "node",
        "osm_id": "9205057031",
        "name": null,
        "tags": {
          "aerialway": "pylon",
          "winter_sports_id": "178133225",
          "winter_sports_name": "Perisher",
          "State": "New South Wales",
          "Country": "Australia",
          "Ski Area": "Perisher",
          "region": "australia-oceania"
        },
        "source": "OpenStreetMap",
        "source_confidence": "osm_as_mapped",
        "coordinate_space": "local_east_m, local_north_m",
        "aerialway": "pylon"
      }
    },
    {
      "type": "Feature",
      "geometry": {
        "type": "Point",
        "coordinates": [
          4029.152992819203,
          3035.022707099095
        ]
      },
      "properties": {
        "id": "lifts:node:9205057032",
        "osm_type": "node",
        "osm_id": "9205057032",
        "name": null,
        "tags": {
          "aerialway": "pylon",
          "winter_sports_id": "178133225",
          "winter_sports_name": "Perisher",
          "State": "New South Wales",
          "Country": "Australia",
          "Ski Area": "Perisher",
          "region": "australia-oceania"
        },
        "source": "OpenStreetMap",
        "source_confidence": "osm_as_mapped",
        "coordinate_space": "local_east_m, local_north_m",
        "aerialway": "pylon"
      }
    },
    {
      "type": "Feature",
      "geometry": {
        "type": "Point",
        "coordinates": [
          3962.1045845428016,
          2975.940492792055
        ]
      },
      "properties": {
        "id": "lifts:node:9205057033",
        "osm_type": "node",
        "osm_id": "9205057033",
        "name": null,
        "tags": {
          "aerialway": "pylon",
          "winter_sports_id": "178133225",
          "winter_sports_name": "Perisher",
          "State": "New South Wales",
          "Country": "Australia",
          "Ski Area": "Perisher",
          "region": "australia-oceania"
        },
        "source": "OpenStreetMap",
        "source_confidence": "osm_as_mapped",
        "coordinate_space": "local_east_m, local_north_m",
        "aerialway": "pylon"
      }
    },
    {
      "type": "Feature",
      "geometry": {
        "type": "Point",
        "coordinates": [
          3920.2986300075427,
          2939.102565453388
        ]
      },
      "properties": {
        "id": "lifts:node:9205057034",
        "osm_type": "node",
        "osm_id": "9205057034",
        "name": null,
        "tags": {
          "aerialway": "pylon",
          "winter_sports_id": "178133225",
          "winter_sports_name": "Perisher",
          "State": "New South Wales",
          "Country": "Australia",
          "Ski Area": "Perisher",
          "region": "australia-oceania"
        },
        "source": "OpenStreetMap",
        "source_confidence": "osm_as_mapped",
        "coordinate_space": "local_east_m, local_north_m",
        "aerialway": "pylon"
      }
    },
    {
      "type": "Feature",
      "geometry": {
        "type": "Point",
        "coordinates": [
          4132.951994508505,
          2769.266332118772
        ]
      },
      "properties": {
        "id": "lifts:node:9205057035",
        "osm_type": "node",
        "osm_id": "9205057035",
        "name": null,
        "tags": {
          "aerialway": "pylon",
          "winter_sports_id": "178133225",
          "winter_sports_name": "Perisher",
          "State": "New South Wales",
          "Country": "Australia",
          "Ski Area": "Perisher",
          "region": "australia-oceania"
        },
        "source": "OpenStreetMap",
        "source_confidence": "osm_as_mapped",
        "coordinate_space": "local_east_m, local_north_m",
        "aerialway": "pylon"
      }
    },
    {
      "type": "Feature",
      "geometry": {
        "type": "Point",
        "coordinates": [
          4119.891928827041,
          2726.838944874704
        ]
      },
      "properties": {
        "id": "lifts:node:9205057036",
        "osm_type": "node",
        "osm_id": "9205057036",
        "name": null,
        "tags": {
          "aerialway": "pylon",
          "winter_sports_id": "178133225",
          "winter_sports_name": "Perisher",
          "State": "New South Wales",
          "Country": "Australia",
          "Ski Area": "Perisher",
          "region": "australia-oceania"
        },
        "source": "OpenStreetMap",
        "source_confidence": "osm_as_mapped",
        "coordinate_space": "local_east_m, local_north_m",
        "aerialway": "pylon"
      }
    },
    {
      "type": "Feature",
      "geometry": {
        "type": "Point",
        "coordinates": [
          4025.788287067553,
          2790.9137668395415
        ]
      },
      "properties": {
        "id": "lifts:node:9205057037",
        "osm_type": "node",
        "osm_id": "9205057037",
        "name": null,
        "tags": {
          "aerialway": "pylon",
          "winter_sports_id": "178133225",
          "winter_sports_name": "Perisher",
          "State": "New South Wales",
          "Country": "Australia",
          "Ski Area": "Perisher",
          "region": "australia-oceania"
        },
        "source": "OpenStreetMap",
        "source_confidence": "osm_as_mapped",
        "coordinate_space": "local_east_m, local_north_m",
        "aerialway": "pylon"
      }
    },
    {
      "type": "Feature",
      "geometry": {
        "type": "Point",
        "coordinates": [
          3966.266712278477,
          2831.4376886598766
        ]
      },
      "properties": {
        "id": "lifts:node:9205057038",
        "osm_type": "node",
        "osm_id": "9205057038",
        "name": null,
        "tags": {
          "aerialway": "pylon",
          "winter_sports_id": "178133225",
          "winter_sports_name": "Perisher",
          "State": "New South Wales",
          "Country": "Australia",
          "Ski Area": "Perisher",
          "region": "australia-oceania"
        },
        "source": "OpenStreetMap",
        "source_confidence": "osm_as_mapped",
        "coordinate_space": "local_east_m, local_north_m",
        "aerialway": "pylon"
      }
    },
    {
      "type": "Feature",
      "geometry": {
        "type": "Point",
        "coordinates": [
          3846.1841814308427,
          2913.2871583336964
        ]
      },
      "properties": {
        "id": "lifts:node:9205057039",
        "osm_type": "node",
        "osm_id": "9205057039",
        "name": null,
        "tags": {
          "aerialway": "pylon",
          "winter_sports_id": "178133225",
          "winter_sports_name": "Perisher",
          "State": "New South Wales",
          "Country": "Australia",
          "Ski Area": "Perisher",
          "region": "australia-oceania"
        },
        "source": "OpenStreetMap",
        "source_confidence": "osm_as_mapped",
        "coordinate_space": "local_east_m, local_north_m",
        "aerialway": "pylon"
      }
    },
    {
      "type": "Feature",
      "geometry": {
        "type": "Point",
        "coordinates": [
          3866.9700587706175,
          2483.363938657567
        ]
      },
      "properties": {
        "id": "lifts:node:9205057040",
        "osm_type": "node",
        "osm_id": "9205057040",
        "name": null,
        "tags": {
          "aerialway": "pylon",
          "winter_sports_id": "178133225",
          "winter_sports_name": "Perisher",
          "State": "New South Wales",
          "Country": "Australia",
          "Ski Area": "Perisher",
          "region": "australia-oceania"
        },
        "source": "OpenStreetMap",
        "source_confidence": "osm_as_mapped",
        "coordinate_space": "local_east_m, local_north_m",
        "aerialway": "pylon"
      }
    },
    {
      "type": "Feature",
      "geometry": {
        "type": "Point",
        "coordinates": [
          3862.139961097273,
          2478.729816865176
        ]
      },
      "properties": {
        "id": "lifts:node:9205057041",
        "osm_type": "node",
        "osm_id": "9205057041",
        "name": null,
        "tags": {
          "aerialway": "pylon",
          "winter_sports_id": "178133225",
          "winter_sports_name": "Perisher",
          "State": "New South Wales",
          "Country": "Australia",
          "Ski Area": "Perisher",
          "region": "australia-oceania"
        },
        "source": "OpenStreetMap",
        "source_confidence": "osm_as_mapped",
        "coordinate_space": "local_east_m, local_north_m",
        "aerialway": "pylon"
      }
    },
    {
      "type": "Feature",
      "geometry": {
        "type": "Point",
        "coordinates": [
          3805.82619425538,
          2547.255550082773
        ]
      },
      "properties": {
        "id": "lifts:node:9205057042",
        "osm_type": "node",
        "osm_id": "9205057042",
        "name": null,
        "tags": {
          "aerialway": "pylon",
          "winter_sports_id": "178133225",
          "winter_sports_name": "Perisher",
          "State": "New South Wales",
          "Country": "Australia",
          "Ski Area": "Perisher",
          "region": "australia-oceania"
        },
        "source": "OpenStreetMap",
        "source_confidence": "osm_as_mapped",
        "coordinate_space": "local_east_m, local_north_m",
        "aerialway": "pylon"
      }
    },
    {
      "type": "Feature",
      "geometry": {
        "type": "Point",
        "coordinates": [
          3812.1502627864247,
          2551.623835356906
        ]
      },
      "properties": {
        "id": "lifts:node:9205057043",
        "osm_type": "node",
        "osm_id": "9205057043",
        "name": null,
        "tags": {
          "aerialway": "pylon",
          "winter_sports_id": "178133225",
          "winter_sports_name": "Perisher",
          "State": "New South Wales",
          "Country": "Australia",
          "Ski Area": "Perisher",
          "region": "australia-oceania"
        },
        "source": "OpenStreetMap",
        "source_confidence": "osm_as_mapped",
        "coordinate_space": "local_east_m, local_north_m",
        "aerialway": "pylon"
      }
    },
    {
      "type": "Feature",
      "geometry": {
        "type": "Point",
        "coordinates": [
          3749.6876355090644,
          2615.5564104747027
        ]
      },
      "properties": {
        "id": "lifts:node:9205057044",
        "osm_type": "node",
        "osm_id": "9205057044",
        "name": null,
        "tags": {
          "aerialway": "pylon",
          "winter_sports_id": "178133225",
          "winter_sports_name": "Perisher",
          "State": "New South Wales",
          "Country": "Australia",
          "Ski Area": "Perisher",
          "region": "australia-oceania"
        },
        "source": "OpenStreetMap",
        "source_confidence": "osm_as_mapped",
        "coordinate_space": "local_east_m, local_north_m",
        "aerialway": "pylon"
      }
    },
    {
      "type": "Feature",
      "geometry": {
        "type": "Point",
        "coordinates": [
          3756.448852806585,
          2620.9946408513933
        ]
      },
      "properties": {
        "id": "lifts:node:9205057045",
        "osm_type": "node",
        "osm_id": "9205057045",
        "name": null,
        "tags": {
          "aerialway": "pylon",
          "winter_sports_id": "178133225",
          "winter_sports_name": "Perisher",
          "State": "New South Wales",
          "Country": "Australia",
          "Ski Area": "Perisher",
          "region": "australia-oceania"
        },
        "source": "OpenStreetMap",
        "source_confidence": "osm_as_mapped",
        "coordinate_space": "local_east_m, local_north_m",
        "aerialway": "pylon"
      }
    },
    {
      "type": "Feature",
      "geometry": {
        "type": "Point",
        "coordinates": [
          3708.4866923987865,
          2665.697922838852
        ]
      },
      "properties": {
        "id": "lifts:node:9205057046",
        "osm_type": "node",
        "osm_id": "9205057046",
        "name": null,
        "tags": {
          "aerialway": "pylon",
          "winter_sports_id": "178133225",
          "winter_sports_name": "Perisher",
          "State": "New South Wales",
          "Country": "Australia",
          "Ski Area": "Perisher",
          "region": "australia-oceania"
        },
        "source": "OpenStreetMap",
        "source_confidence": "osm_as_mapped",
        "coordinate_space": "local_east_m, local_north_m",
        "aerialway": "pylon"
      }
    },
    {
      "type": "Feature",
      "geometry": {
        "type": "Point",
        "coordinates": [
          3716.357121852925,
          2670.931414026767
        ]
      },
      "properties": {
        "id": "lifts:node:9205057047",
        "osm_type": "node",
        "osm_id": "9205057047",
        "name": null,
        "tags": {
          "aerialway": "pylon",
          "winter_sports_id": "178133225",
          "winter_sports_name": "Perisher",
          "State": "New South Wales",
          "Country": "Australia",
          "Ski Area": "Perisher",
          "region": "australia-oceania"
        },
        "source": "OpenStreetMap",
        "source_confidence": "osm_as_mapped",
        "coordinate_space": "local_east_m, local_north_m",
        "aerialway": "pylon"
      }
    },
    {
      "type": "Feature",
      "geometry": {
        "type": "Point",
        "coordinates": [
          3675.1376437548315,
          2706.271542964503
        ]
      },
      "properties": {
        "id": "lifts:node:9205057048",
        "osm_type": "node",
        "osm_id": "9205057048",
        "name": null,
        "tags": {
          "aerialway": "pylon",
          "winter_sports_id": "178133225",
          "winter_sports_name": "Perisher",
          "State": "New South Wales",
          "Country": "Australia",
          "Ski Area": "Perisher",
          "region": "australia-oceania"
        },
        "source": "OpenStreetMap",
        "source_confidence": "osm_as_mapped",
        "coordinate_space": "local_east_m, local_north_m",
        "aerialway": "pylon"
      }
    },
    {
      "type": "Feature",
      "geometry": {
        "type": "Point",
        "coordinates": [
          3683.0392601931235,
          2712.4144465476274
        ]
      },
      "properties": {
        "id": "lifts:node:9205057049",
        "osm_type": "node",
        "osm_id": "9205057049",
        "name": null,
        "tags": {
          "aerialway": "pylon",
          "winter_sports_id": "178133225",
          "winter_sports_name": "Perisher",
          "State": "New South Wales",
          "Country": "Australia",
          "Ski Area": "Perisher",
          "region": "australia-oceania"
        },
        "source": "OpenStreetMap",
        "source_confidence": "osm_as_mapped",
        "coordinate_space": "local_east_m, local_north_m",
        "aerialway": "pylon"
      }
    },
    {
      "type": "Feature",
      "geometry": {
        "type": "Point",
        "coordinates": [
          3613.938269293285,
          2780.7365223448724
        ]
      },
      "properties": {
        "id": "lifts:node:9205057050",
        "osm_type": "node",
        "osm_id": "9205057050",
        "name": null,
        "tags": {
          "aerialway": "pylon",
          "winter_sports_id": "178133225",
          "winter_sports_name": "Perisher",
          "State": "New South Wales",
          "Country": "Australia",
          "Ski Area": "Perisher",
          "region": "australia-oceania"
        },
        "source": "OpenStreetMap",
        "source_confidence": "osm_as_mapped",
        "coordinate_space": "local_east_m, local_north_m",
        "aerialway": "pylon"
      }
    },
    {
      "type": "Feature",
      "geometry": {
        "type": "Point",
        "coordinates": [
          3623.5563273755834,
          2786.4883617479354
        ]
      },
      "properties": {
        "id": "lifts:node:9205057051",
        "osm_type": "node",
        "osm_id": "9205057051",
        "name": null,
        "tags": {
          "aerialway": "pylon",
          "winter_sports_id": "178133225",
          "winter_sports_name": "Perisher",
          "State": "New South Wales",
          "Country": "Australia",
          "Ski Area": "Perisher",
          "region": "australia-oceania"
        },
        "source": "OpenStreetMap",
        "source_confidence": "osm_as_mapped",
        "coordinate_space": "local_east_m, local_north_m",
        "aerialway": "pylon"
      }
    },
    {
      "type": "Feature",
      "geometry": {
        "type": "Point",
        "coordinates": [
          3572.3477715105982,
          2831.3378926645964
        ]
      },
      "properties": {
        "id": "lifts:node:9205057052",
        "osm_type": "node",
        "osm_id": "9205057052",
        "name": null,
        "tags": {
          "aerialway": "pylon",
          "winter_sports_id": "178133225",
          "winter_sports_name": "Perisher",
          "State": "New South Wales",
          "Country": "Australia",
          "Ski Area": "Perisher",
          "region": "australia-oceania"
        },
        "source": "OpenStreetMap",
        "source_confidence": "osm_as_mapped",
        "coordinate_space": "local_east_m, local_north_m",
        "aerialway": "pylon"
      }
    },
    {
      "type": "Feature",
      "geometry": {
        "type": "Point",
        "coordinates": [
          3582.009209940792,
          2838.22089413926
        ]
      },
      "properties": {
        "id": "lifts:node:9205057053",
        "osm_type": "node",
        "osm_id": "9205057053",
        "name": null,
        "tags": {
          "aerialway": "pylon",
          "winter_sports_id": "178133225",
          "winter_sports_name": "Perisher",
          "State": "New South Wales",
          "Country": "Australia",
          "Ski Area": "Perisher",
          "region": "australia-oceania"
        },
        "source": "OpenStreetMap",
        "source_confidence": "osm_as_mapped",
        "coordinate_space": "local_east_m, local_north_m",
        "aerialway": "pylon"
      }
    },
    {
      "type": "Feature",
      "geometry": {
        "type": "Point",
        "coordinates": [
          3781.3716374512296,
          2466.2590902112424
        ]
      },
      "properties": {
        "id": "lifts:node:9205057054",
        "osm_type": "node",
        "osm_id": "9205057054",
        "name": null,
        "tags": {
          "aerialway": "pylon",
          "winter_sports_id": "178133225",
          "winter_sports_name": "Perisher",
          "State": "New South Wales",
          "Country": "Australia",
          "Ski Area": "Perisher",
          "region": "australia-oceania"
        },
        "source": "OpenStreetMap",
        "source_confidence": "osm_as_mapped",
        "coordinate_space": "local_east_m, local_north_m",
        "aerialway": "pylon"
      }
    },
    {
      "type": "Feature",
      "geometry": {
        "type": "Point",
        "coordinates": [
          3726.807466735365,
          2492.97291780822
        ]
      },
      "properties": {
        "id": "lifts:node:9205057055",
        "osm_type": "node",
        "osm_id": "9205057055",
        "name": null,
        "tags": {
          "aerialway": "pylon",
          "winter_sports_id": "178133225",
          "winter_sports_name": "Perisher",
          "State": "New South Wales",
          "Country": "Australia",
          "Ski Area": "Perisher",
          "region": "australia-oceania"
        },
        "source": "OpenStreetMap",
        "source_confidence": "osm_as_mapped",
        "coordinate_space": "local_east_m, local_north_m",
        "aerialway": "pylon"
      }
    },
    {
      "type": "Feature",
      "geometry": {
        "type": "Point",
        "coordinates": [
          3656.0347640234977,
          2527.622568964958
        ]
      },
      "properties": {
        "id": "lifts:node:9205057056",
        "osm_type": "node",
        "osm_id": "9205057056",
        "name": null,
        "tags": {
          "aerialway": "pylon",
          "winter_sports_id": "178133225",
          "winter_sports_name": "Perisher",
          "State": "New South Wales",
          "Country": "Australia",
          "Ski Area": "Perisher",
          "region": "australia-oceania"
        },
        "source": "OpenStreetMap",
        "source_confidence": "osm_as_mapped",
        "coordinate_space": "local_east_m, local_north_m",
        "aerialway": "pylon"
      }
    },
    {
      "type": "Feature",
      "geometry": {
        "type": "Point",
        "coordinates": [
          3604.880719818757,
          2552.666022270918
        ]
      },
      "properties": {
        "id": "lifts:node:9205057057",
        "osm_type": "node",
        "osm_id": "9205057057",
        "name": null,
        "tags": {
          "aerialway": "pylon",
          "winter_sports_id": "178133225",
          "winter_sports_name": "Perisher",
          "State": "New South Wales",
          "Country": "Australia",
          "Ski Area": "Perisher",
          "region": "australia-oceania"
        },
        "source": "OpenStreetMap",
        "source_confidence": "osm_as_mapped",
        "coordinate_space": "local_east_m, local_north_m",
        "aerialway": "pylon"
      }
    },
    {
      "type": "Feature",
      "geometry": {
        "type": "Point",
        "coordinates": [
          3523.972347603296,
          2592.277434227988
        ]
      },
      "properties": {
        "id": "lifts:node:9205057058",
        "osm_type": "node",
        "osm_id": "9205057058",
        "name": null,
        "tags": {
          "aerialway": "pylon",
          "winter_sports_id": "178133225",
          "winter_sports_name": "Perisher",
          "State": "New South Wales",
          "Country": "Australia",
          "Ski Area": "Perisher",
          "region": "australia-oceania"
        },
        "source": "OpenStreetMap",
        "source_confidence": "osm_as_mapped",
        "coordinate_space": "local_east_m, local_north_m",
        "aerialway": "pylon"
      }
    },
    {
      "type": "Feature",
      "geometry": {
        "type": "Point",
        "coordinates": [
          3472.532543426845,
          2617.4573720563203
        ]
      },
      "properties": {
        "id": "lifts:node:9205057059",
        "osm_type": "node",
        "osm_id": "9205057059",
        "name": null,
        "tags": {
          "aerialway": "pylon",
          "winter_sports_id": "178133225",
          "winter_sports_name": "Perisher",
          "State": "New South Wales",
          "Country": "Australia",
          "Ski Area": "Perisher",
          "region": "australia-oceania"
        },
        "source": "OpenStreetMap",
        "source_confidence": "osm_as_mapped",
        "coordinate_space": "local_east_m, local_north_m",
        "aerialway": "pylon"
      }
    },
    {
      "type": "Feature",
      "geometry": {
        "type": "Point",
        "coordinates": [
          3409.773007113603,
          2648.171625665389
        ]
      },
      "properties": {
        "id": "lifts:node:9205057060",
        "osm_type": "node",
        "osm_id": "9205057060",
        "name": null,
        "tags": {
          "aerialway": "pylon",
          "winter_sports_id": "178133225",
          "winter_sports_name": "Perisher",
          "State": "New South Wales",
          "Country": "Australia",
          "Ski Area": "Perisher",
          "region": "australia-oceania"
        },
        "source": "OpenStreetMap",
        "source_confidence": "osm_as_mapped",
        "coordinate_space": "local_east_m, local_north_m",
        "aerialway": "pylon"
      }
    },
    {
      "type": "Feature",
      "geometry": {
        "type": "Point",
        "coordinates": [
          3497.5294195930474,
          2294.6796303447336
        ]
      },
      "properties": {
        "id": "lifts:node:9205057061",
        "osm_type": "node",
        "osm_id": "9205057061",
        "name": null,
        "tags": {
          "aerialway": "pylon",
          "winter_sports_id": "178133225",
          "winter_sports_name": "Perisher",
          "State": "New South Wales",
          "Country": "Australia",
          "Ski Area": "Perisher",
          "region": "australia-oceania"
        },
        "source": "OpenStreetMap",
        "source_confidence": "osm_as_mapped",
        "coordinate_space": "local_east_m, local_north_m",
        "aerialway": "pylon"
      }
    },
    {
      "type": "Feature",
      "geometry": {
        "type": "Point",
        "coordinates": [
          3449.6855792662827,
          2401.1931106131524
        ]
      },
      "properties": {
        "id": "lifts:node:9205057062",
        "osm_type": "node",
        "osm_id": "9205057062",
        "name": null,
        "tags": {
          "aerialway": "pylon",
          "winter_sports_id": "178133225",
          "winter_sports_name": "Perisher",
          "State": "New South Wales",
          "Country": "Australia",
          "Ski Area": "Perisher",
          "region": "australia-oceania"
        },
        "source": "OpenStreetMap",
        "source_confidence": "osm_as_mapped",
        "coordinate_space": "local_east_m, local_north_m",
        "aerialway": "pylon"
      }
    },
    {
      "type": "Feature",
      "geometry": {
        "type": "Point",
        "coordinates": [
          3409.3728722569067,
          2490.920287472196
        ]
      },
      "properties": {
        "id": "lifts:node:9205057063",
        "osm_type": "node",
        "osm_id": "9205057063",
        "name": null,
        "tags": {
          "aerialway": "pylon",
          "winter_sports_id": "178133225",
          "winter_sports_name": "Perisher",
          "State": "New South Wales",
          "Country": "Australia",
          "Ski Area": "Perisher",
          "region": "australia-oceania"
        },
        "source": "OpenStreetMap",
        "source_confidence": "osm_as_mapped",
        "coordinate_space": "local_east_m, local_north_m",
        "aerialway": "pylon"
      }
    },
    {
      "type": "Feature",
      "geometry": {
        "type": "Point",
        "coordinates": [
          3361.256976935314,
          2598.002980371937
        ]
      },
      "properties": {
        "id": "lifts:node:9205057064",
        "osm_type": "node",
        "osm_id": "9205057064",
        "name": null,
        "tags": {
          "aerialway": "pylon",
          "winter_sports_id": "178133225",
          "winter_sports_name": "Perisher",
          "State": "New South Wales",
          "Country": "Australia",
          "Ski Area": "Perisher",
          "region": "australia-oceania"
        },
        "source": "OpenStreetMap",
        "source_confidence": "osm_as_mapped",
        "coordinate_space": "local_east_m, local_north_m",
        "aerialway": "pylon"
      }
    },
    {
      "type": "Feature",
      "geometry": {
        "type": "Point",
        "coordinates": [
          3352.0646397629753,
          2618.4634467493743
        ]
      },
      "properties": {
        "id": "lifts:node:9205057065",
        "osm_type": "node",
        "osm_id": "9205057065",
        "name": null,
        "tags": {
          "aerialway": "pylon",
          "winter_sports_id": "178133225",
          "winter_sports_name": "Perisher",
          "State": "New South Wales",
          "Country": "Australia",
          "Ski Area": "Perisher",
          "region": "australia-oceania"
        },
        "source": "OpenStreetMap",
        "source_confidence": "osm_as_mapped",
        "coordinate_space": "local_east_m, local_north_m",
        "aerialway": "pylon"
      }
    },
    {
      "type": "Feature",
      "geometry": {
        "type": "Point",
        "coordinates": [
          3335.9217452693265,
          2654.41429271549
        ]
      },
      "properties": {
        "id": "lifts:node:9205057066",
        "osm_type": "node",
        "osm_id": "9205057066",
        "name": null,
        "tags": {
          "aerialway": "pylon",
          "winter_sports_id": "178133225",
          "winter_sports_name": "Perisher",
          "State": "New South Wales",
          "Country": "Australia",
          "Ski Area": "Perisher",
          "region": "australia-oceania"
        },
        "source": "OpenStreetMap",
        "source_confidence": "osm_as_mapped",
        "coordinate_space": "local_east_m, local_north_m",
        "aerialway": "pylon"
      }
    },
    {
      "type": "Feature",
      "geometry": {
        "type": "Point",
        "coordinates": [
          3098.183607184328,
          2253.140854367055
        ]
      },
      "properties": {
        "id": "lifts:node:9205057067",
        "osm_type": "node",
        "osm_id": "9205057067",
        "name": null,
        "tags": {
          "aerialway": "pylon",
          "winter_sports_id": "178133225",
          "winter_sports_name": "Perisher",
          "State": "New South Wales",
          "Country": "Australia",
          "Ski Area": "Perisher",
          "region": "australia-oceania"
        },
        "source": "OpenStreetMap",
        "source_confidence": "osm_as_mapped",
        "coordinate_space": "local_east_m, local_north_m",
        "aerialway": "pylon"
      }
    },
    {
      "type": "Feature",
      "geometry": {
        "type": "Point",
        "coordinates": [
          3097.7194839089643,
          2317.679197457619
        ]
      },
      "properties": {
        "id": "lifts:node:9205057068",
        "osm_type": "node",
        "osm_id": "9205057068",
        "name": null,
        "tags": {
          "aerialway": "pylon",
          "winter_sports_id": "178133225",
          "winter_sports_name": "Perisher",
          "State": "New South Wales",
          "Country": "Australia",
          "Ski Area": "Perisher",
          "region": "australia-oceania"
        },
        "source": "OpenStreetMap",
        "source_confidence": "osm_as_mapped",
        "coordinate_space": "local_east_m, local_north_m",
        "aerialway": "pylon"
      }
    },
    {
      "type": "Feature",
      "geometry": {
        "type": "Point",
        "coordinates": [
          3097.2193332393654,
          2385.9239629674703
        ]
      },
      "properties": {
        "id": "lifts:node:9205057069",
        "osm_type": "node",
        "osm_id": "9205057069",
        "name": null,
        "tags": {
          "aerialway": "pylon",
          "winter_sports_id": "178133225",
          "winter_sports_name": "Perisher",
          "State": "New South Wales",
          "Country": "Australia",
          "Ski Area": "Perisher",
          "region": "australia-oceania"
        },
        "source": "OpenStreetMap",
        "source_confidence": "osm_as_mapped",
        "coordinate_space": "local_east_m, local_north_m",
        "aerialway": "pylon"
      }
    },
    {
      "type": "Feature",
      "geometry": {
        "type": "Point",
        "coordinates": [
          3096.6403724243864,
          2466.6856199670583
        ]
      },
      "properties": {
        "id": "lifts:node:9205057070",
        "osm_type": "node",
        "osm_id": "9205057070",
        "name": null,
        "tags": {
          "aerialway": "pylon",
          "winter_sports_id": "178133225",
          "winter_sports_name": "Perisher",
          "State": "New South Wales",
          "Country": "Australia",
          "Ski Area": "Perisher",
          "region": "australia-oceania"
        },
        "source": "OpenStreetMap",
        "source_confidence": "osm_as_mapped",
        "coordinate_space": "local_east_m, local_north_m",
        "aerialway": "pylon"
      }
    },
    {
      "type": "Feature",
      "geometry": {
        "type": "Point",
        "coordinates": [
          3095.939636261668,
          2562.572234911844
        ]
      },
      "properties": {
        "id": "lifts:node:9205057071",
        "osm_type": "node",
        "osm_id": "9205057071",
        "name": null,
        "tags": {
          "aerialway": "pylon",
          "winter_sports_id": "178133225",
          "winter_sports_name": "Perisher",
          "State": "New South Wales",
          "Country": "Australia",
          "Ski Area": "Perisher",
          "region": "australia-oceania"
        },
        "source": "OpenStreetMap",
        "source_confidence": "osm_as_mapped",
        "coordinate_space": "local_east_m, local_north_m",
        "aerialway": "pylon"
      }
    },
    {
      "type": "Feature",
      "geometry": {
        "type": "Point",
        "coordinates": [
          3095.236959709553,
          2659.5684153446928
        ]
      },
      "properties": {
        "id": "lifts:node:9205057072",
        "osm_type": "node",
        "osm_id": "9205057072",
        "name": null,
        "tags": {
          "aerialway": "pylon",
          "winter_sports_id": "178133225",
          "winter_sports_name": "Perisher",
          "State": "New South Wales",
          "Country": "Australia",
          "Ski Area": "Perisher",
          "region": "australia-oceania"
        },
        "source": "OpenStreetMap",
        "source_confidence": "osm_as_mapped",
        "coordinate_space": "local_east_m, local_north_m",
        "aerialway": "pylon"
      }
    },
    {
      "type": "Feature",
      "geometry": {
        "type": "Point",
        "coordinates": [
          3094.4987762728706,
          2762.1683343145996
        ]
      },
      "properties": {
        "id": "lifts:node:9205057073",
        "osm_type": "node",
        "osm_id": "9205057073",
        "name": null,
        "tags": {
          "aerialway": "pylon",
          "winter_sports_id": "178133225",
          "winter_sports_name": "Perisher",
          "State": "New South Wales",
          "Country": "Australia",
          "Ski Area": "Perisher",
          "region": "australia-oceania"
        },
        "source": "OpenStreetMap",
        "source_confidence": "osm_as_mapped",
        "coordinate_space": "local_east_m, local_north_m",
        "aerialway": "pylon"
      }
    },
    {
      "type": "Feature",
      "geometry": {
        "type": "Point",
        "coordinates": [
          3093.7857809190173,
          2860.9399157632142
        ]
      },
      "properties": {
        "id": "lifts:node:9205057074",
        "osm_type": "node",
        "osm_id": "9205057074",
        "name": null,
        "tags": {
          "aerialway": "pylon",
          "winter_sports_id": "178133225",
          "winter_sports_name": "Perisher",
          "State": "New South Wales",
          "Country": "Australia",
          "Ski Area": "Perisher",
          "region": "australia-oceania"
        },
        "source": "OpenStreetMap",
        "source_confidence": "osm_as_mapped",
        "coordinate_space": "local_east_m, local_north_m",
        "aerialway": "pylon"
      }
    },
    {
      "type": "Feature",
      "geometry": {
        "type": "Point",
        "coordinates": [
          2866.0717147400137,
          2405.0362545596436
        ]
      },
      "properties": {
        "id": "lifts:node:9205057075",
        "osm_type": "node",
        "osm_id": "9205057075",
        "name": null,
        "tags": {
          "aerialway": "pylon",
          "winter_sports_id": "178133225",
          "winter_sports_name": "Perisher",
          "State": "New South Wales",
          "Country": "Australia",
          "Ski Area": "Perisher",
          "region": "australia-oceania"
        },
        "source": "OpenStreetMap",
        "source_confidence": "osm_as_mapped",
        "coordinate_space": "local_east_m, local_north_m",
        "aerialway": "pylon"
      }
    },
    {
      "type": "Feature",
      "geometry": {
        "type": "Point",
        "coordinates": [
          2791.6513524588663,
          2366.179313668981
        ]
      },
      "properties": {
        "id": "lifts:node:9205057076",
        "osm_type": "node",
        "osm_id": "9205057076",
        "name": null,
        "tags": {
          "aerialway": "pylon",
          "winter_sports_id": "178133225",
          "winter_sports_name": "Perisher",
          "State": "New South Wales",
          "Country": "Australia",
          "Ski Area": "Perisher",
          "region": "australia-oceania"
        },
        "source": "OpenStreetMap",
        "source_confidence": "osm_as_mapped",
        "coordinate_space": "local_east_m, local_north_m",
        "aerialway": "pylon"
      }
    },
    {
      "type": "Feature",
      "geometry": {
        "type": "Point",
        "coordinates": [
          2689.2802175284596,
          2312.7131921891123
        ]
      },
      "properties": {
        "id": "lifts:node:9205057077",
        "osm_type": "node",
        "osm_id": "9205057077",
        "name": null,
        "tags": {
          "aerialway": "pylon",
          "winter_sports_id": "178133225",
          "winter_sports_name": "Perisher",
          "State": "New South Wales",
          "Country": "Australia",
          "Ski Area": "Perisher",
          "region": "australia-oceania"
        },
        "source": "OpenStreetMap",
        "source_confidence": "osm_as_mapped",
        "coordinate_space": "local_east_m, local_north_m",
        "aerialway": "pylon"
      }
    },
    {
      "type": "Feature",
      "geometry": {
        "type": "Point",
        "coordinates": [
          2628.7418761872686,
          2281.0884276200086
        ]
      },
      "properties": {
        "id": "lifts:node:9205057078",
        "osm_type": "node",
        "osm_id": "9205057078",
        "name": null,
        "tags": {
          "aerialway": "pylon",
          "winter_sports_id": "178133225",
          "winter_sports_name": "Perisher",
          "State": "New South Wales",
          "Country": "Australia",
          "Ski Area": "Perisher",
          "region": "australia-oceania"
        },
        "source": "OpenStreetMap",
        "source_confidence": "osm_as_mapped",
        "coordinate_space": "local_east_m, local_north_m",
        "aerialway": "pylon"
      }
    },
    {
      "type": "Feature",
      "geometry": {
        "type": "Point",
        "coordinates": [
          2571.656370821409,
          2251.288583578542
        ]
      },
      "properties": {
        "id": "lifts:node:9205057079",
        "osm_type": "node",
        "osm_id": "9205057079",
        "name": null,
        "tags": {
          "aerialway": "pylon",
          "winter_sports_id": "178133225",
          "winter_sports_name": "Perisher",
          "State": "New South Wales",
          "Country": "Australia",
          "Ski Area": "Perisher",
          "region": "australia-oceania"
        },
        "source": "OpenStreetMap",
        "source_confidence": "osm_as_mapped",
        "coordinate_space": "local_east_m, local_north_m",
        "aerialway": "pylon"
      }
    },
    {
      "type": "Feature",
      "geometry": {
        "type": "Point",
        "coordinates": [
          2487.054116605548,
          2207.0948358625174
        ]
      },
      "properties": {
        "id": "lifts:node:9205057080",
        "osm_type": "node",
        "osm_id": "9205057080",
        "name": null,
        "tags": {
          "aerialway": "pylon",
          "winter_sports_id": "178133225",
          "winter_sports_name": "Perisher",
          "State": "New South Wales",
          "Country": "Australia",
          "Ski Area": "Perisher",
          "region": "australia-oceania"
        },
        "source": "OpenStreetMap",
        "source_confidence": "osm_as_mapped",
        "coordinate_space": "local_east_m, local_north_m",
        "aerialway": "pylon"
      }
    },
    {
      "type": "Feature",
      "geometry": {
        "type": "Point",
        "coordinates": [
          2790.3215443696827,
          1765.3428080771118
        ]
      },
      "properties": {
        "id": "lifts:node:9205057106",
        "osm_type": "node",
        "osm_id": "9205057106",
        "name": null,
        "tags": {
          "aerialway": "pylon",
          "winter_sports_id": "178133225",
          "winter_sports_name": "Perisher",
          "State": "New South Wales",
          "Country": "Australia",
          "Ski Area": "Perisher",
          "region": "australia-oceania"
        },
        "source": "OpenStreetMap",
        "source_confidence": "osm_as_mapped",
        "coordinate_space": "local_east_m, local_north_m",
        "aerialway": "pylon"
      }
    },
    {
      "type": "Feature",
      "geometry": {
        "type": "Point",
        "coordinates": [
          2679.892764099175,
          1826.6100048860535
        ]
      },
      "properties": {
        "id": "lifts:node:9205057107",
        "osm_type": "node",
        "osm_id": "9205057107",
        "name": null,
        "tags": {
          "aerialway": "pylon",
          "winter_sports_id": "178133225",
          "winter_sports_name": "Perisher",
          "State": "New South Wales",
          "Country": "Australia",
          "Ski Area": "Perisher",
          "region": "australia-oceania"
        },
        "source": "OpenStreetMap",
        "source_confidence": "osm_as_mapped",
        "coordinate_space": "local_east_m, local_north_m",
        "aerialway": "pylon"
      }
    },
    {
      "type": "Feature",
      "geometry": {
        "type": "Point",
        "coordinates": [
          2635.5500775331166,
          1851.2165814116597
        ]
      },
      "properties": {
        "id": "lifts:node:9205057108",
        "osm_type": "node",
        "osm_id": "9205057108",
        "name": null,
        "tags": {
          "aerialway": "pylon",
          "winter_sports_id": "178133225",
          "winter_sports_name": "Perisher",
          "State": "New South Wales",
          "Country": "Australia",
          "Ski Area": "Perisher",
          "region": "australia-oceania"
        },
        "source": "OpenStreetMap",
        "source_confidence": "osm_as_mapped",
        "coordinate_space": "local_east_m, local_north_m",
        "aerialway": "pylon"
      }
    },
    {
      "type": "Feature",
      "geometry": {
        "type": "Point",
        "coordinates": [
          2580.5572078505065,
          1881.7240816652775
        ]
      },
      "properties": {
        "id": "lifts:node:9205057109",
        "osm_type": "node",
        "osm_id": "9205057109",
        "name": null,
        "tags": {
          "aerialway": "pylon",
          "winter_sports_id": "178133225",
          "winter_sports_name": "Perisher",
          "State": "New South Wales",
          "Country": "Australia",
          "Ski Area": "Perisher",
          "region": "australia-oceania"
        },
        "source": "OpenStreetMap",
        "source_confidence": "osm_as_mapped",
        "coordinate_space": "local_east_m, local_north_m",
        "aerialway": "pylon"
      }
    },
    {
      "type": "Feature",
      "geometry": {
        "type": "Point",
        "coordinates": [
          2524.3451488082064,
          1912.9145305389538
        ]
      },
      "properties": {
        "id": "lifts:node:9205057110",
        "osm_type": "node",
        "osm_id": "9205057110",
        "name": null,
        "tags": {
          "aerialway": "pylon",
          "winter_sports_id": "178133225",
          "winter_sports_name": "Perisher",
          "State": "New South Wales",
          "Country": "Australia",
          "Ski Area": "Perisher",
          "region": "australia-oceania"
        },
        "source": "OpenStreetMap",
        "source_confidence": "osm_as_mapped",
        "coordinate_space": "local_east_m, local_north_m",
        "aerialway": "pylon"
      }
    },
    {
      "type": "Feature",
      "geometry": {
        "type": "Point",
        "coordinates": [
          2444.4039594635833,
          1957.2841528784484
        ]
      },
      "properties": {
        "id": "lifts:node:9205057111",
        "osm_type": "node",
        "osm_id": "9205057111",
        "name": null,
        "tags": {
          "aerialway": "pylon",
          "winter_sports_id": "178133225",
          "winter_sports_name": "Perisher",
          "State": "New South Wales",
          "Country": "Australia",
          "Ski Area": "Perisher",
          "region": "australia-oceania"
        },
        "source": "OpenStreetMap",
        "source_confidence": "osm_as_mapped",
        "coordinate_space": "local_east_m, local_north_m",
        "aerialway": "pylon"
      }
    },
    {
      "type": "Feature",
      "geometry": {
        "type": "Point",
        "coordinates": [
          2365.539077248657,
          2001.7151657734066
        ]
      },
      "properties": {
        "id": "lifts:node:9205057112",
        "osm_type": "node",
        "osm_id": "9205057112",
        "name": null,
        "tags": {
          "aerialway": "pylon",
          "winter_sports_id": "178133225",
          "winter_sports_name": "Perisher",
          "State": "New South Wales",
          "Country": "Australia",
          "Ski Area": "Perisher",
          "region": "australia-oceania"
        },
        "source": "OpenStreetMap",
        "source_confidence": "osm_as_mapped",
        "coordinate_space": "local_east_m, local_north_m",
        "aerialway": "pylon"
      }
    },
    {
      "type": "Feature",
      "geometry": {
        "type": "Point",
        "coordinates": [
          2292.3937516638543,
          2042.9230642486364
        ]
      },
      "properties": {
        "id": "lifts:node:9205057113",
        "osm_type": "node",
        "osm_id": "9205057113",
        "name": null,
        "tags": {
          "aerialway": "pylon",
          "winter_sports_id": "178133225",
          "winter_sports_name": "Perisher",
          "State": "New South Wales",
          "Country": "Australia",
          "Ski Area": "Perisher",
          "region": "australia-oceania"
        },
        "source": "OpenStreetMap",
        "source_confidence": "osm_as_mapped",
        "coordinate_space": "local_east_m, local_north_m",
        "aerialway": "pylon"
      }
    },
    {
      "type": "Feature",
      "geometry": {
        "type": "Point",
        "coordinates": [
          2226.889619607595,
          2079.8151852227747
        ]
      },
      "properties": {
        "id": "lifts:node:9205057114",
        "osm_type": "node",
        "osm_id": "9205057114",
        "name": null,
        "tags": {
          "aerialway": "pylon",
          "winter_sports_id": "178133225",
          "winter_sports_name": "Perisher",
          "State": "New South Wales",
          "Country": "Australia",
          "Ski Area": "Perisher",
          "region": "australia-oceania"
        },
        "source": "OpenStreetMap",
        "source_confidence": "osm_as_mapped",
        "coordinate_space": "local_east_m, local_north_m",
        "aerialway": "pylon"
      }
    },
    {
      "type": "Feature",
      "geometry": {
        "type": "Point",
        "coordinates": [
          2439.2324165084865,
          1558.0646624136716
        ]
      },
      "properties": {
        "id": "lifts:node:9205057115",
        "osm_type": "node",
        "osm_id": "9205057115",
        "name": null,
        "tags": {
          "aerialway": "pylon",
          "winter_sports_id": "178133225",
          "winter_sports_name": "Perisher",
          "State": "New South Wales",
          "Country": "Australia",
          "Ski Area": "Perisher",
          "region": "australia-oceania"
        },
        "source": "OpenStreetMap",
        "source_confidence": "osm_as_mapped",
        "coordinate_space": "local_east_m, local_north_m",
        "aerialway": "pylon"
      }
    },
    {
      "type": "Feature",
      "geometry": {
        "type": "Point",
        "coordinates": [
          2381.246911215596,
          1652.779413108714
        ]
      },
      "properties": {
        "id": "lifts:node:9205057116",
        "osm_type": "node",
        "osm_id": "9205057116",
        "name": null,
        "tags": {
          "aerialway": "pylon",
          "winter_sports_id": "178133225",
          "winter_sports_name": "Perisher",
          "State": "New South Wales",
          "Country": "Australia",
          "Ski Area": "Perisher",
          "region": "australia-oceania"
        },
        "source": "OpenStreetMap",
        "source_confidence": "osm_as_mapped",
        "coordinate_space": "local_east_m, local_north_m",
        "aerialway": "pylon"
      }
    },
    {
      "type": "Feature",
      "geometry": {
        "type": "Point",
        "coordinates": [
          2319.8776902045356,
          1753.0014233402908
        ]
      },
      "properties": {
        "id": "lifts:node:9205060217",
        "osm_type": "node",
        "osm_id": "9205060217",
        "name": null,
        "tags": {
          "aerialway": "pylon",
          "winter_sports_id": "178133225",
          "winter_sports_name": "Perisher",
          "State": "New South Wales",
          "Country": "Australia",
          "Ski Area": "Perisher",
          "region": "australia-oceania"
        },
        "source": "OpenStreetMap",
        "source_confidence": "osm_as_mapped",
        "coordinate_space": "local_east_m, local_north_m",
        "aerialway": "pylon"
      }
    },
    {
      "type": "Feature",
      "geometry": {
        "type": "Point",
        "coordinates": [
          2271.361515886965,
          1832.244963556528
        ]
      },
      "properties": {
        "id": "lifts:node:9205060218",
        "osm_type": "node",
        "osm_id": "9205060218",
        "name": null,
        "tags": {
          "aerialway": "pylon",
          "winter_sports_id": "178133225",
          "winter_sports_name": "Perisher",
          "State": "New South Wales",
          "Country": "Australia",
          "Ski Area": "Perisher",
          "region": "australia-oceania"
        },
        "source": "OpenStreetMap",
        "source_confidence": "osm_as_mapped",
        "coordinate_space": "local_east_m, local_north_m",
        "aerialway": "pylon"
      }
    },
    {
      "type": "Feature",
      "geometry": {
        "type": "Point",
        "coordinates": [
          2241.1925838126335,
          1881.499350543134
        ]
      },
      "properties": {
        "id": "lifts:node:9205066660",
        "osm_type": "node",
        "osm_id": "9205066660",
        "name": null,
        "tags": {
          "aerialway": "pylon",
          "winter_sports_id": "178133225",
          "winter_sports_name": "Perisher",
          "State": "New South Wales",
          "Country": "Australia",
          "Ski Area": "Perisher",
          "region": "australia-oceania"
        },
        "source": "OpenStreetMap",
        "source_confidence": "osm_as_mapped",
        "coordinate_space": "local_east_m, local_north_m",
        "aerialway": "pylon"
      }
    },
    {
      "type": "Feature",
      "geometry": {
        "type": "Point",
        "coordinates": [
          2201.4112525806995,
          1946.4810673650354
        ]
      },
      "properties": {
        "id": "lifts:node:9205066661",
        "osm_type": "node",
        "osm_id": "9205066661",
        "name": null,
        "tags": {
          "aerialway": "pylon",
          "winter_sports_id": "178133225",
          "winter_sports_name": "Perisher",
          "State": "New South Wales",
          "Country": "Australia",
          "Ski Area": "Perisher",
          "region": "australia-oceania"
        },
        "source": "OpenStreetMap",
        "source_confidence": "osm_as_mapped",
        "coordinate_space": "local_east_m, local_north_m",
        "aerialway": "pylon"
      }
    },
    {
      "type": "Feature",
      "geometry": {
        "type": "Point",
        "coordinates": [
          2174.3962335765827,
          1990.5969796935096
        ]
      },
      "properties": {
        "id": "lifts:node:9205066662",
        "osm_type": "node",
        "osm_id": "9205066662",
        "name": null,
        "tags": {
          "aerialway": "pylon",
          "winter_sports_id": "178133225",
          "winter_sports_name": "Perisher",
          "State": "New South Wales",
          "Country": "Australia",
          "Ski Area": "Perisher",
          "region": "australia-oceania"
        },
        "source": "OpenStreetMap",
        "source_confidence": "osm_as_mapped",
        "coordinate_space": "local_east_m, local_north_m",
        "aerialway": "pylon"
      }
    },
    {
      "type": "Feature",
      "geometry": {
        "type": "Point",
        "coordinates": [
          2143.823267753469,
          2040.5225102361292
        ]
      },
      "properties": {
        "id": "lifts:node:9205066663",
        "osm_type": "node",
        "osm_id": "9205066663",
        "name": null,
        "tags": {
          "aerialway": "pylon",
          "winter_sports_id": "178133225",
          "winter_sports_name": "Perisher",
          "State": "New South Wales",
          "Country": "Australia",
          "Ski Area": "Perisher",
          "region": "australia-oceania"
        },
        "source": "OpenStreetMap",
        "source_confidence": "osm_as_mapped",
        "coordinate_space": "local_east_m, local_north_m",
        "aerialway": "pylon"
      }
    },
    {
      "type": "Feature",
      "geometry": {
        "type": "Point",
        "coordinates": [
          2115.6511521097273,
          2086.5410783207044
        ]
      },
      "properties": {
        "id": "lifts:node:9205066664",
        "osm_type": "node",
        "osm_id": "9205066664",
        "name": null,
        "tags": {
          "aerialway": "pylon",
          "winter_sports_id": "178133225",
          "winter_sports_name": "Perisher",
          "State": "New South Wales",
          "Country": "Australia",
          "Ski Area": "Perisher",
          "region": "australia-oceania"
        },
        "source": "OpenStreetMap",
        "source_confidence": "osm_as_mapped",
        "coordinate_space": "local_east_m, local_north_m",
        "aerialway": "pylon"
      }
    },
    {
      "type": "Feature",
      "geometry": {
        "type": "Point",
        "coordinates": [
          2924.7754795544315,
          3094.0730579104275
        ]
      },
      "properties": {
        "id": "lifts:node:9205066665",
        "osm_type": "node",
        "osm_id": "9205066665",
        "name": null,
        "tags": {
          "aerialway": "pylon",
          "winter_sports_id": "178133225",
          "winter_sports_name": "Perisher",
          "State": "New South Wales",
          "Country": "Australia",
          "Ski Area": "Perisher",
          "region": "australia-oceania"
        },
        "source": "OpenStreetMap",
        "source_confidence": "osm_as_mapped",
        "coordinate_space": "local_east_m, local_north_m",
        "aerialway": "pylon"
      }
    },
    {
      "type": "Feature",
      "geometry": {
        "type": "Point",
        "coordinates": [
          2987.1962657211116,
          3109.0365765839815
        ]
      },
      "properties": {
        "id": "lifts:node:9205066666",
        "osm_type": "node",
        "osm_id": "9205066666",
        "name": null,
        "tags": {
          "aerialway": "pylon",
          "winter_sports_id": "178133225",
          "winter_sports_name": "Perisher",
          "State": "New South Wales",
          "Country": "Australia",
          "Ski Area": "Perisher",
          "region": "australia-oceania"
        },
        "source": "OpenStreetMap",
        "source_confidence": "osm_as_mapped",
        "coordinate_space": "local_east_m, local_north_m",
        "aerialway": "pylon"
      }
    },
    {
      "type": "Feature",
      "geometry": {
        "type": "Point",
        "coordinates": [
          3085.8012134197634,
          3132.696077679284
        ]
      },
      "properties": {
        "id": "lifts:node:9205066667",
        "osm_type": "node",
        "osm_id": "9205066667",
        "name": null,
        "tags": {
          "aerialway": "pylon",
          "winter_sports_id": "178133225",
          "winter_sports_name": "Perisher",
          "State": "New South Wales",
          "Country": "Australia",
          "Ski Area": "Perisher",
          "region": "australia-oceania"
        },
        "source": "OpenStreetMap",
        "source_confidence": "osm_as_mapped",
        "coordinate_space": "local_east_m, local_north_m",
        "aerialway": "pylon"
      }
    },
    {
      "type": "Feature",
      "geometry": {
        "type": "Point",
        "coordinates": [
          3172.5072556921514,
          3153.4867528583854
        ]
      },
      "properties": {
        "id": "lifts:node:9205066668",
        "osm_type": "node",
        "osm_id": "9205066668",
        "name": null,
        "tags": {
          "aerialway": "pylon",
          "winter_sports_id": "178133225",
          "winter_sports_name": "Perisher",
          "State": "New South Wales",
          "Country": "Australia",
          "Ski Area": "Perisher",
          "region": "australia-oceania"
        },
        "source": "OpenStreetMap",
        "source_confidence": "osm_as_mapped",
        "coordinate_space": "local_east_m, local_north_m",
        "aerialway": "pylon"
      }
    },
    {
      "type": "Feature",
      "geometry": {
        "type": "Point",
        "coordinates": [
          3269.537972962833,
          3176.7564817769453
        ]
      },
      "properties": {
        "id": "lifts:node:9205066669",
        "osm_type": "node",
        "osm_id": "9205066669",
        "name": null,
        "tags": {
          "aerialway": "pylon",
          "winter_sports_id": "178133225",
          "winter_sports_name": "Perisher",
          "State": "New South Wales",
          "Country": "Australia",
          "Ski Area": "Perisher",
          "region": "australia-oceania"
        },
        "source": "OpenStreetMap",
        "source_confidence": "osm_as_mapped",
        "coordinate_space": "local_east_m, local_north_m",
        "aerialway": "pylon"
      }
    },
    {
      "type": "Feature",
      "geometry": {
        "type": "Point",
        "coordinates": [
          3341.4474081823137,
          3194.0097958892584
        ]
      },
      "properties": {
        "id": "lifts:node:9205066670",
        "osm_type": "node",
        "osm_id": "9205066670",
        "name": null,
        "tags": {
          "aerialway": "pylon",
          "winter_sports_id": "178133225",
          "winter_sports_name": "Perisher",
          "State": "New South Wales",
          "Country": "Australia",
          "Ski Area": "Perisher",
          "region": "australia-oceania"
        },
        "source": "OpenStreetMap",
        "source_confidence": "osm_as_mapped",
        "coordinate_space": "local_east_m, local_north_m",
        "aerialway": "pylon"
      }
    },
    {
      "type": "Feature",
      "geometry": {
        "type": "Point",
        "coordinates": [
          3418.739588846569,
          3212.5380224045366
        ]
      },
      "properties": {
        "id": "lifts:node:9205066671",
        "osm_type": "node",
        "osm_id": "9205066671",
        "name": null,
        "tags": {
          "aerialway": "pylon",
          "winter_sports_id": "178133225",
          "winter_sports_name": "Perisher",
          "State": "New South Wales",
          "Country": "Australia",
          "Ski Area": "Perisher",
          "region": "australia-oceania"
        },
        "source": "OpenStreetMap",
        "source_confidence": "osm_as_mapped",
        "coordinate_space": "local_east_m, local_north_m",
        "aerialway": "pylon"
      }
    },
    {
      "type": "Feature",
      "geometry": {
        "type": "Point",
        "coordinates": [
          3486.6980963851092,
          3228.837827811949
        ]
      },
      "properties": {
        "id": "lifts:node:9205066672",
        "osm_type": "node",
        "osm_id": "9205066672",
        "name": null,
        "tags": {
          "aerialway": "pylon",
          "winter_sports_id": "178133225",
          "winter_sports_name": "Perisher",
          "State": "New South Wales",
          "Country": "Australia",
          "Ski Area": "Perisher",
          "region": "australia-oceania"
        },
        "source": "OpenStreetMap",
        "source_confidence": "osm_as_mapped",
        "coordinate_space": "local_east_m, local_north_m",
        "aerialway": "pylon"
      }
    },
    {
      "type": "Feature",
      "geometry": {
        "type": "Point",
        "coordinates": [
          3544.350575226359,
          3242.668363051489
        ]
      },
      "properties": {
        "id": "lifts:node:9205066673",
        "osm_type": "node",
        "osm_id": "9205066673",
        "name": null,
        "tags": {
          "aerialway": "pylon",
          "winter_sports_id": "178133225",
          "winter_sports_name": "Perisher",
          "State": "New South Wales",
          "Country": "Australia",
          "Ski Area": "Perisher",
          "region": "australia-oceania"
        },
        "source": "OpenStreetMap",
        "source_confidence": "osm_as_mapped",
        "coordinate_space": "local_east_m, local_north_m",
        "aerialway": "pylon"
      }
    },
    {
      "type": "Feature",
      "geometry": {
        "type": "Point",
        "coordinates": [
          3648.0263097847346,
          3267.523870254867
        ]
      },
      "properties": {
        "id": "lifts:node:9205066674",
        "osm_type": "node",
        "osm_id": "9205066674",
        "name": null,
        "tags": {
          "aerialway": "pylon",
          "winter_sports_id": "178133225",
          "winter_sports_name": "Perisher",
          "State": "New South Wales",
          "Country": "Australia",
          "Ski Area": "Perisher",
          "region": "australia-oceania"
        },
        "source": "OpenStreetMap",
        "source_confidence": "osm_as_mapped",
        "coordinate_space": "local_east_m, local_north_m",
        "aerialway": "pylon"
      }
    },
    {
      "type": "Feature",
      "geometry": {
        "type": "Point",
        "coordinates": [
          3748.219327662955,
          3291.552313806489
        ]
      },
      "properties": {
        "id": "lifts:node:9205066675",
        "osm_type": "node",
        "osm_id": "9205066675",
        "name": null,
        "tags": {
          "aerialway": "pylon",
          "winter_sports_id": "178133225",
          "winter_sports_name": "Perisher",
          "State": "New South Wales",
          "Country": "Australia",
          "Ski Area": "Perisher",
          "region": "australia-oceania"
        },
        "source": "OpenStreetMap",
        "source_confidence": "osm_as_mapped",
        "coordinate_space": "local_east_m, local_north_m",
        "aerialway": "pylon"
      }
    },
    {
      "type": "Feature",
      "geometry": {
        "type": "Point",
        "coordinates": [
          3819.0775275224587,
          3308.5396539326757
        ]
      },
      "properties": {
        "id": "lifts:node:9205066676",
        "osm_type": "node",
        "osm_id": "9205066676",
        "name": null,
        "tags": {
          "aerialway": "pylon",
          "winter_sports_id": "178133225",
          "winter_sports_name": "Perisher",
          "State": "New South Wales",
          "Country": "Australia",
          "Ski Area": "Perisher",
          "region": "australia-oceania"
        },
        "source": "OpenStreetMap",
        "source_confidence": "osm_as_mapped",
        "coordinate_space": "local_east_m, local_north_m",
        "aerialway": "pylon"
      }
    },
    {
      "type": "Feature",
      "geometry": {
        "type": "Point",
        "coordinates": [
          3404.7569329137914,
          3940.5188072882593
        ]
      },
      "properties": {
        "id": "lifts:node:9205066677",
        "osm_type": "node",
        "osm_id": "9205066677",
        "name": null,
        "tags": {
          "aerialway": "pylon",
          "winter_sports_id": "178133225",
          "winter_sports_name": "Perisher",
          "State": "New South Wales",
          "Country": "Australia",
          "Ski Area": "Perisher",
          "region": "australia-oceania"
        },
        "source": "OpenStreetMap",
        "source_confidence": "osm_as_mapped",
        "coordinate_space": "local_east_m, local_north_m",
        "aerialway": "pylon"
      }
    },
    {
      "type": "Feature",
      "geometry": {
        "type": "Point",
        "coordinates": [
          3455.059824489639,
          3927.905201960355
        ]
      },
      "properties": {
        "id": "lifts:node:9205066678",
        "osm_type": "node",
        "osm_id": "9205066678",
        "name": null,
        "tags": {
          "aerialway": "pylon",
          "winter_sports_id": "178133225",
          "winter_sports_name": "Perisher",
          "State": "New South Wales",
          "Country": "Australia",
          "Ski Area": "Perisher",
          "region": "australia-oceania"
        },
        "source": "OpenStreetMap",
        "source_confidence": "osm_as_mapped",
        "coordinate_space": "local_east_m, local_north_m",
        "aerialway": "pylon"
      }
    },
    {
      "type": "Feature",
      "geometry": {
        "type": "Point",
        "coordinates": [
          3591.148906774819,
          3893.795323403552
        ]
      },
      "properties": {
        "id": "lifts:node:9205066679",
        "osm_type": "node",
        "osm_id": "9205066679",
        "name": null,
        "tags": {
          "aerialway": "pylon",
          "winter_sports_id": "178133225",
          "winter_sports_name": "Perisher",
          "State": "New South Wales",
          "Country": "Australia",
          "Ski Area": "Perisher",
          "region": "australia-oceania"
        },
        "source": "OpenStreetMap",
        "source_confidence": "osm_as_mapped",
        "coordinate_space": "local_east_m, local_north_m",
        "aerialway": "pylon"
      }
    },
    {
      "type": "Feature",
      "geometry": {
        "type": "Point",
        "coordinates": [
          3682.4673353892285,
          3870.9087289832532
        ]
      },
      "properties": {
        "id": "lifts:node:9205066680",
        "osm_type": "node",
        "osm_id": "9205066680",
        "name": null,
        "tags": {
          "aerialway": "pylon",
          "winter_sports_id": "178133225",
          "winter_sports_name": "Perisher",
          "State": "New South Wales",
          "Country": "Australia",
          "Ski Area": "Perisher",
          "region": "australia-oceania"
        },
        "source": "OpenStreetMap",
        "source_confidence": "osm_as_mapped",
        "coordinate_space": "local_east_m, local_north_m",
        "aerialway": "pylon"
      }
    },
    {
      "type": "Feature",
      "geometry": {
        "type": "Point",
        "coordinates": [
          3767.3499334952794,
          3849.6238368395716
        ]
      },
      "properties": {
        "id": "lifts:node:9205066681",
        "osm_type": "node",
        "osm_id": "9205066681",
        "name": null,
        "tags": {
          "aerialway": "pylon",
          "winter_sports_id": "178133225",
          "winter_sports_name": "Perisher",
          "State": "New South Wales",
          "Country": "Australia",
          "Ski Area": "Perisher",
          "region": "australia-oceania"
        },
        "source": "OpenStreetMap",
        "source_confidence": "osm_as_mapped",
        "coordinate_space": "local_east_m, local_north_m",
        "aerialway": "pylon"
      }
    },
    {
      "type": "Feature",
      "geometry": {
        "type": "Point",
        "coordinates": [
          3839.1288118183147,
          3832.2015973441303
        ]
      },
      "properties": {
        "id": "lifts:node:9205066682",
        "osm_type": "node",
        "osm_id": "9205066682",
        "name": null,
        "tags": {
          "aerialway": "pylon",
          "winter_sports_id": "178133225",
          "winter_sports_name": "Perisher",
          "State": "New South Wales",
          "Country": "Australia",
          "Ski Area": "Perisher",
          "region": "australia-oceania"
        },
        "source": "OpenStreetMap",
        "source_confidence": "osm_as_mapped",
        "coordinate_space": "local_east_m, local_north_m",
        "aerialway": "pylon"
      }
    },
    {
      "type": "Feature",
      "geometry": {
        "type": "Point",
        "coordinates": [
          3888.0402623864356,
          3820.826202190481
        ]
      },
      "properties": {
        "id": "lifts:node:9205066683",
        "osm_type": "node",
        "osm_id": "9205066683",
        "name": null,
        "tags": {
          "aerialway": "pylon",
          "winter_sports_id": "178133225",
          "winter_sports_name": "Perisher",
          "State": "New South Wales",
          "Country": "Australia",
          "Ski Area": "Perisher",
          "region": "australia-oceania"
        },
        "source": "OpenStreetMap",
        "source_confidence": "osm_as_mapped",
        "coordinate_space": "local_east_m, local_north_m",
        "aerialway": "pylon"
      }
    },
    {
      "type": "Feature",
      "geometry": {
        "type": "Point",
        "coordinates": [
          3998.361123710638,
          3795.173890469596
        ]
      },
      "properties": {
        "id": "lifts:node:9205066684",
        "osm_type": "node",
        "osm_id": "9205066684",
        "name": null,
        "tags": {
          "aerialway": "pylon",
          "winter_sports_id": "178133225",
          "winter_sports_name": "Perisher",
          "State": "New South Wales",
          "Country": "Australia",
          "Ski Area": "Perisher",
          "region": "australia-oceania"
        },
        "source": "OpenStreetMap",
        "source_confidence": "osm_as_mapped",
        "coordinate_space": "local_east_m, local_north_m",
        "aerialway": "pylon"
      }
    },
    {
      "type": "Feature",
      "geometry": {
        "type": "Point",
        "coordinates": [
          4058.098541321,
          3781.27626625821
        ]
      },
      "properties": {
        "id": "lifts:node:9205066685",
        "osm_type": "node",
        "osm_id": "9205066685",
        "name": null,
        "tags": {
          "aerialway": "pylon",
          "winter_sports_id": "178133225",
          "winter_sports_name": "Perisher",
          "State": "New South Wales",
          "Country": "Australia",
          "Ski Area": "Perisher",
          "region": "australia-oceania"
        },
        "source": "OpenStreetMap",
        "source_confidence": "osm_as_mapped",
        "coordinate_space": "local_east_m, local_north_m",
        "aerialway": "pylon"
      }
    },
    {
      "type": "Feature",
      "geometry": {
        "type": "Point",
        "coordinates": [
          3982.2569966397714,
          4057.0862129125744
        ]
      },
      "properties": {
        "id": "lifts:node:9205066686",
        "osm_type": "node",
        "osm_id": "9205066686",
        "name": null,
        "tags": {
          "aerialway": "pylon",
          "winter_sports_id": "178133225",
          "winter_sports_name": "Perisher",
          "State": "New South Wales",
          "Country": "Australia",
          "Ski Area": "Perisher",
          "region": "australia-oceania"
        },
        "source": "OpenStreetMap",
        "source_confidence": "osm_as_mapped",
        "coordinate_space": "local_east_m, local_north_m",
        "aerialway": "pylon"
      }
    },
    {
      "type": "Feature",
      "geometry": {
        "type": "Point",
        "coordinates": [
          3881.2176979871,
          4096.305941526778
        ]
      },
      "properties": {
        "id": "lifts:node:9205066687",
        "osm_type": "node",
        "osm_id": "9205066687",
        "name": null,
        "tags": {
          "aerialway": "pylon",
          "winter_sports_id": "178133225",
          "winter_sports_name": "Perisher",
          "State": "New South Wales",
          "Country": "Australia",
          "Ski Area": "Perisher",
          "region": "australia-oceania"
        },
        "source": "OpenStreetMap",
        "source_confidence": "osm_as_mapped",
        "coordinate_space": "local_east_m, local_north_m",
        "aerialway": "pylon"
      }
    },
    {
      "type": "Feature",
      "geometry": {
        "type": "Point",
        "coordinates": [
          3792.4428092733724,
          4130.752350900322
        ]
      },
      "properties": {
        "id": "lifts:node:9205066688",
        "osm_type": "node",
        "osm_id": "9205066688",
        "name": null,
        "tags": {
          "aerialway": "pylon",
          "winter_sports_id": "178133225",
          "winter_sports_name": "Perisher",
          "State": "New South Wales",
          "Country": "Australia",
          "Ski Area": "Perisher",
          "region": "australia-oceania"
        },
        "source": "OpenStreetMap",
        "source_confidence": "osm_as_mapped",
        "coordinate_space": "local_east_m, local_north_m",
        "aerialway": "pylon"
      }
    },
    {
      "type": "Feature",
      "geometry": {
        "type": "Point",
        "coordinates": [
          3756.788305755239,
          4144.5971093177795
        ]
      },
      "properties": {
        "id": "lifts:node:9205066689",
        "osm_type": "node",
        "osm_id": "9205066689",
        "name": null,
        "tags": {
          "aerialway": "pylon",
          "winter_sports_id": "178133225",
          "winter_sports_name": "Perisher",
          "State": "New South Wales",
          "Country": "Australia",
          "Ski Area": "Perisher",
          "region": "australia-oceania"
        },
        "source": "OpenStreetMap",
        "source_confidence": "osm_as_mapped",
        "coordinate_space": "local_east_m, local_north_m",
        "aerialway": "pylon"
      }
    },
    {
      "type": "Feature",
      "geometry": {
        "type": "Point",
        "coordinates": [
          3667.0581241481705,
          4179.422247228213
        ]
      },
      "properties": {
        "id": "lifts:node:9205066690",
        "osm_type": "node",
        "osm_id": "9205066690",
        "name": null,
        "tags": {
          "aerialway": "pylon",
          "winter_sports_id": "178133225",
          "winter_sports_name": "Perisher",
          "State": "New South Wales",
          "Country": "Australia",
          "Ski Area": "Perisher",
          "region": "australia-oceania"
        },
        "source": "OpenStreetMap",
        "source_confidence": "osm_as_mapped",
        "coordinate_space": "local_east_m, local_north_m",
        "aerialway": "pylon"
      }
    },
    {
      "type": "Feature",
      "geometry": {
        "type": "Point",
        "coordinates": [
          3611.5639905967982,
          4200.955636097118
        ]
      },
      "properties": {
        "id": "lifts:node:9205066691",
        "osm_type": "node",
        "osm_id": "9205066691",
        "name": null,
        "tags": {
          "aerialway": "pylon",
          "winter_sports_id": "178133225",
          "winter_sports_name": "Perisher",
          "State": "New South Wales",
          "Country": "Australia",
          "Ski Area": "Perisher",
          "region": "australia-oceania"
        },
        "source": "OpenStreetMap",
        "source_confidence": "osm_as_mapped",
        "coordinate_space": "local_east_m, local_north_m",
        "aerialway": "pylon"
      }
    },
    {
      "type": "Feature",
      "geometry": {
        "type": "Point",
        "coordinates": [
          3595.61419104971,
          4207.145793367177
        ]
      },
      "properties": {
        "id": "lifts:node:9205066692",
        "osm_type": "node",
        "osm_id": "9205066692",
        "name": null,
        "tags": {
          "aerialway": "pylon",
          "winter_sports_id": "178133225",
          "winter_sports_name": "Perisher",
          "State": "New South Wales",
          "Country": "Australia",
          "Ski Area": "Perisher",
          "region": "australia-oceania"
        },
        "source": "OpenStreetMap",
        "source_confidence": "osm_as_mapped",
        "coordinate_space": "local_east_m, local_north_m",
        "aerialway": "pylon"
      }
    },
    {
      "type": "Feature",
      "geometry": {
        "type": "Point",
        "coordinates": [
          3213.2888500966365,
          4570.5913115227595
        ]
      },
      "properties": {
        "id": "lifts:node:9205066693",
        "osm_type": "node",
        "osm_id": "9205066693",
        "name": null,
        "tags": {
          "aerialway": "pylon",
          "winter_sports_id": "178133225",
          "winter_sports_name": "Perisher",
          "State": "New South Wales",
          "Country": "Australia",
          "Ski Area": "Perisher",
          "region": "australia-oceania"
        },
        "source": "OpenStreetMap",
        "source_confidence": "osm_as_mapped",
        "coordinate_space": "local_east_m, local_north_m",
        "aerialway": "pylon"
      }
    },
    {
      "type": "Feature",
      "geometry": {
        "type": "Point",
        "coordinates": [
          3170.2442124476656,
          4520.353164995089
        ]
      },
      "properties": {
        "id": "lifts:node:9205066694",
        "osm_type": "node",
        "osm_id": "9205066694",
        "name": null,
        "tags": {
          "aerialway": "pylon",
          "winter_sports_id": "178133225",
          "winter_sports_name": "Perisher",
          "State": "New South Wales",
          "Country": "Australia",
          "Ski Area": "Perisher",
          "region": "australia-oceania"
        },
        "source": "OpenStreetMap",
        "source_confidence": "osm_as_mapped",
        "coordinate_space": "local_east_m, local_north_m",
        "aerialway": "pylon"
      }
    },
    {
      "type": "Feature",
      "geometry": {
        "type": "Point",
        "coordinates": [
          3097.3238387515303,
          4435.230427882634
        ]
      },
      "properties": {
        "id": "lifts:node:9205066695",
        "osm_type": "node",
        "osm_id": "9205066695",
        "name": null,
        "tags": {
          "aerialway": "pylon",
          "winter_sports_id": "178133225",
          "winter_sports_name": "Perisher",
          "State": "New South Wales",
          "Country": "Australia",
          "Ski Area": "Perisher",
          "region": "australia-oceania"
        },
        "source": "OpenStreetMap",
        "source_confidence": "osm_as_mapped",
        "coordinate_space": "local_east_m, local_north_m",
        "aerialway": "pylon"
      }
    },
    {
      "type": "Feature",
      "geometry": {
        "type": "Point",
        "coordinates": [
          3054.3988895650255,
          4385.112068163231
        ]
      },
      "properties": {
        "id": "lifts:node:9205066696",
        "osm_type": "node",
        "osm_id": "9205066696",
        "name": null,
        "tags": {
          "aerialway": "pylon",
          "winter_sports_id": "178133225",
          "winter_sports_name": "Perisher",
          "State": "New South Wales",
          "Country": "Australia",
          "Ski Area": "Perisher",
          "region": "australia-oceania"
        },
        "source": "OpenStreetMap",
        "source_confidence": "osm_as_mapped",
        "coordinate_space": "local_east_m, local_north_m",
        "aerialway": "pylon"
      }
    },
    {
      "type": "Feature",
      "geometry": {
        "type": "Point",
        "coordinates": [
          2987.6309577783104,
          4307.1669840672985
        ]
      },
      "properties": {
        "id": "lifts:node:9205066697",
        "osm_type": "node",
        "osm_id": "9205066697",
        "name": null,
        "tags": {
          "aerialway": "pylon",
          "winter_sports_id": "178133225",
          "winter_sports_name": "Perisher",
          "State": "New South Wales",
          "Country": "Australia",
          "Ski Area": "Perisher",
          "region": "australia-oceania"
        },
        "source": "OpenStreetMap",
        "source_confidence": "osm_as_mapped",
        "coordinate_space": "local_east_m, local_north_m",
        "aerialway": "pylon"
      }
    },
    {
      "type": "Feature",
      "geometry": {
        "type": "Point",
        "coordinates": [
          2952.4361374406144,
          4266.079021986574
        ]
      },
      "properties": {
        "id": "lifts:node:9205066698",
        "osm_type": "node",
        "osm_id": "9205066698",
        "name": null,
        "tags": {
          "aerialway": "pylon",
          "winter_sports_id": "178133225",
          "winter_sports_name": "Perisher",
          "State": "New South Wales",
          "Country": "Australia",
          "Ski Area": "Perisher",
          "region": "australia-oceania"
        },
        "source": "OpenStreetMap",
        "source_confidence": "osm_as_mapped",
        "coordinate_space": "local_east_m, local_north_m",
        "aerialway": "pylon"
      }
    },
    {
      "type": "Feature",
      "geometry": {
        "type": "Point",
        "coordinates": [
          2886.162829359644,
          4188.71412453521
        ]
      },
      "properties": {
        "id": "lifts:node:9205066699",
        "osm_type": "node",
        "osm_id": "9205066699",
        "name": null,
        "tags": {
          "aerialway": "pylon",
          "winter_sports_id": "178133225",
          "winter_sports_name": "Perisher",
          "State": "New South Wales",
          "Country": "Australia",
          "Ski Area": "Perisher",
          "region": "australia-oceania"
        },
        "source": "OpenStreetMap",
        "source_confidence": "osm_as_mapped",
        "coordinate_space": "local_east_m, local_north_m",
        "aerialway": "pylon"
      }
    },
    {
      "type": "Feature",
      "geometry": {
        "type": "Point",
        "coordinates": [
          2856.1062511163764,
          4153.631858976558
        ]
      },
      "properties": {
        "id": "lifts:node:9205066700",
        "osm_type": "node",
        "osm_id": "9205066700",
        "name": null,
        "tags": {
          "aerialway": "pylon",
          "winter_sports_id": "178133225",
          "winter_sports_name": "Perisher",
          "State": "New South Wales",
          "Country": "Australia",
          "Ski Area": "Perisher",
          "region": "australia-oceania"
        },
        "source": "OpenStreetMap",
        "source_confidence": "osm_as_mapped",
        "coordinate_space": "local_east_m, local_north_m",
        "aerialway": "pylon"
      }
    },
    {
      "type": "Feature",
      "geometry": {
        "type": "Point",
        "coordinates": [
          2786.577198414714,
          4072.4631720827892
        ]
      },
      "properties": {
        "id": "lifts:node:9205066701",
        "osm_type": "node",
        "osm_id": "9205066701",
        "name": null,
        "tags": {
          "aerialway": "pylon",
          "winter_sports_id": "178133225",
          "winter_sports_name": "Perisher",
          "State": "New South Wales",
          "Country": "Australia",
          "Ski Area": "Perisher",
          "region": "australia-oceania"
        },
        "source": "OpenStreetMap",
        "source_confidence": "osm_as_mapped",
        "coordinate_space": "local_east_m, local_north_m",
        "aerialway": "pylon"
      }
    },
    {
      "type": "Feature",
      "geometry": {
        "type": "Point",
        "coordinates": [
          2741.83081952855,
          4020.206071025692
        ]
      },
      "properties": {
        "id": "lifts:node:9205066702",
        "osm_type": "node",
        "osm_id": "9205066702",
        "name": null,
        "tags": {
          "aerialway": "pylon",
          "winter_sports_id": "178133225",
          "winter_sports_name": "Perisher",
          "State": "New South Wales",
          "Country": "Australia",
          "Ski Area": "Perisher",
          "region": "australia-oceania"
        },
        "source": "OpenStreetMap",
        "source_confidence": "osm_as_mapped",
        "coordinate_space": "local_east_m, local_north_m",
        "aerialway": "pylon"
      }
    },
    {
      "type": "Feature",
      "geometry": {
        "type": "Point",
        "coordinates": [
          2677.9061697265133,
          3945.579663809389
        ]
      },
      "properties": {
        "id": "lifts:node:9205066703",
        "osm_type": "node",
        "osm_id": "9205066703",
        "name": null,
        "tags": {
          "aerialway": "pylon",
          "winter_sports_id": "178133225",
          "winter_sports_name": "Perisher",
          "State": "New South Wales",
          "Country": "Australia",
          "Ski Area": "Perisher",
          "region": "australia-oceania"
        },
        "source": "OpenStreetMap",
        "source_confidence": "osm_as_mapped",
        "coordinate_space": "local_east_m, local_north_m",
        "aerialway": "pylon"
      }
    },
    {
      "type": "Feature",
      "geometry": {
        "type": "Point",
        "coordinates": [
          2625.2965697512263,
          3884.1707526110113
        ]
      },
      "properties": {
        "id": "lifts:node:9205066704",
        "osm_type": "node",
        "osm_id": "9205066704",
        "name": null,
        "tags": {
          "aerialway": "pylon",
          "winter_sports_id": "178133225",
          "winter_sports_name": "Perisher",
          "State": "New South Wales",
          "Country": "Australia",
          "Ski Area": "Perisher",
          "region": "australia-oceania"
        },
        "source": "OpenStreetMap",
        "source_confidence": "osm_as_mapped",
        "coordinate_space": "local_east_m, local_north_m",
        "aerialway": "pylon"
      }
    },
    {
      "type": "Feature",
      "geometry": {
        "type": "Point",
        "coordinates": [
          2556.766132516437,
          3804.1509836455807
        ]
      },
      "properties": {
        "id": "lifts:node:9205066705",
        "osm_type": "node",
        "osm_id": "9205066705",
        "name": null,
        "tags": {
          "aerialway": "pylon",
          "winter_sports_id": "178133225",
          "winter_sports_name": "Perisher",
          "State": "New South Wales",
          "Country": "Australia",
          "Ski Area": "Perisher",
          "region": "australia-oceania"
        },
        "source": "OpenStreetMap",
        "source_confidence": "osm_as_mapped",
        "coordinate_space": "local_east_m, local_north_m",
        "aerialway": "pylon"
      }
    },
    {
      "type": "Feature",
      "geometry": {
        "type": "Point",
        "coordinates": [
          2496.44852180453,
          3733.731997642666
        ]
      },
      "properties": {
        "id": "lifts:node:9205066706",
        "osm_type": "node",
        "osm_id": "9205066706",
        "name": null,
        "tags": {
          "aerialway": "pylon",
          "winter_sports_id": "178133225",
          "winter_sports_name": "Perisher",
          "State": "New South Wales",
          "Country": "Australia",
          "Ski Area": "Perisher",
          "region": "australia-oceania"
        },
        "source": "OpenStreetMap",
        "source_confidence": "osm_as_mapped",
        "coordinate_space": "local_east_m, local_north_m",
        "aerialway": "pylon"
      }
    },
    {
      "type": "Feature",
      "geometry": {
        "type": "Point",
        "coordinates": [
          2756.819897681242,
          4713.556903015822
        ]
      },
      "properties": {
        "id": "lifts:node:9209614168",
        "osm_type": "node",
        "osm_id": "9209614168",
        "name": null,
        "tags": {
          "aerialway": "pylon",
          "winter_sports_id": "178133225",
          "winter_sports_name": "Perisher",
          "State": "New South Wales",
          "Country": "Australia",
          "Ski Area": "Perisher",
          "region": "australia-oceania"
        },
        "source": "OpenStreetMap",
        "source_confidence": "osm_as_mapped",
        "coordinate_space": "local_east_m, local_north_m",
        "aerialway": "pylon"
      }
    },
    {
      "type": "Feature",
      "geometry": {
        "type": "Point",
        "coordinates": [
          3209.4292220269563,
          4706.666939876974
        ]
      },
      "properties": {
        "id": "lifts:node:9209614169",
        "osm_type": "node",
        "osm_id": "9209614169",
        "name": null,
        "tags": {
          "aerialway": "pylon",
          "winter_sports_id": "178133225",
          "winter_sports_name": "Perisher",
          "State": "New South Wales",
          "Country": "Australia",
          "Ski Area": "Perisher",
          "region": "australia-oceania"
        },
        "source": "OpenStreetMap",
        "source_confidence": "osm_as_mapped",
        "coordinate_space": "local_east_m, local_north_m",
        "aerialway": "pylon"
      }
    },
    {
      "type": "Feature",
      "geometry": {
        "type": "Point",
        "coordinates": [
          3151.6004805726698,
          4702.345220180228
        ]
      },
      "properties": {
        "id": "lifts:node:9209614170",
        "osm_type": "node",
        "osm_id": "9209614170",
        "name": null,
        "tags": {
          "aerialway": "pylon",
          "winter_sports_id": "178133225",
          "winter_sports_name": "Perisher",
          "State": "New South Wales",
          "Country": "Australia",
          "Ski Area": "Perisher",
          "region": "australia-oceania"
        },
        "source": "OpenStreetMap",
        "source_confidence": "osm_as_mapped",
        "coordinate_space": "local_east_m, local_north_m",
        "aerialway": "pylon"
      }
    },
    {
      "type": "Feature",
      "geometry": {
        "type": "Point",
        "coordinates": [
          3092.32581239508,
          4697.910901736468
        ]
      },
      "properties": {
        "id": "lifts:node:9209614171",
        "osm_type": "node",
        "osm_id": "9209614171",
        "name": null,
        "tags": {
          "aerialway": "pylon",
          "winter_sports_id": "178133225",
          "winter_sports_name": "Perisher",
          "State": "New South Wales",
          "Country": "Australia",
          "Ski Area": "Perisher",
          "region": "australia-oceania"
        },
        "source": "OpenStreetMap",
        "source_confidence": "osm_as_mapped",
        "coordinate_space": "local_east_m, local_north_m",
        "aerialway": "pylon"
      }
    },
    {
      "type": "Feature",
      "geometry": {
        "type": "Point",
        "coordinates": [
          3065.517639783444,
          4695.913391156122
        ]
      },
      "properties": {
        "id": "lifts:node:9209614172",
        "osm_type": "node",
        "osm_id": "9209614172",
        "name": null,
        "tags": {
          "aerialway": "pylon",
          "winter_sports_id": "178133225",
          "winter_sports_name": "Perisher",
          "State": "New South Wales",
          "Country": "Australia",
          "Ski Area": "Perisher",
          "region": "australia-oceania"
        },
        "source": "OpenStreetMap",
        "source_confidence": "osm_as_mapped",
        "coordinate_space": "local_east_m, local_north_m",
        "aerialway": "pylon"
      }
    },
    {
      "type": "Feature",
      "geometry": {
        "type": "Point",
        "coordinates": [
          2957.0003995429724,
          4687.796858003363
        ]
      },
      "properties": {
        "id": "lifts:node:9209614173",
        "osm_type": "node",
        "osm_id": "9209614173",
        "name": null,
        "tags": {
          "aerialway": "pylon",
          "winter_sports_id": "178133225",
          "winter_sports_name": "Perisher",
          "State": "New South Wales",
          "Country": "Australia",
          "Ski Area": "Perisher",
          "region": "australia-oceania"
        },
        "source": "OpenStreetMap",
        "source_confidence": "osm_as_mapped",
        "coordinate_space": "local_east_m, local_north_m",
        "aerialway": "pylon"
      }
    },
    {
      "type": "Feature",
      "geometry": {
        "type": "Point",
        "coordinates": [
          2885.7363141002133,
          4682.458231078461
        ]
      },
      "properties": {
        "id": "lifts:node:9209614174",
        "osm_type": "node",
        "osm_id": "9209614174",
        "name": null,
        "tags": {
          "aerialway": "pylon",
          "winter_sports_id": "178133225",
          "winter_sports_name": "Perisher",
          "State": "New South Wales",
          "Country": "Australia",
          "Ski Area": "Perisher",
          "region": "australia-oceania"
        },
        "source": "OpenStreetMap",
        "source_confidence": "osm_as_mapped",
        "coordinate_space": "local_east_m, local_north_m",
        "aerialway": "pylon"
      }
    },
    {
      "type": "Feature",
      "geometry": {
        "type": "Point",
        "coordinates": [
          2832.0662512809504,
          4678.451537873596
        ]
      },
      "properties": {
        "id": "lifts:node:9209614175",
        "osm_type": "node",
        "osm_id": "9209614175",
        "name": null,
        "tags": {
          "aerialway": "pylon",
          "winter_sports_id": "178133225",
          "winter_sports_name": "Perisher",
          "State": "New South Wales",
          "Country": "Australia",
          "Ski Area": "Perisher",
          "region": "australia-oceania"
        },
        "source": "OpenStreetMap",
        "source_confidence": "osm_as_mapped",
        "coordinate_space": "local_east_m, local_north_m",
        "aerialway": "pylon"
      }
    },
    {
      "type": "Feature",
      "geometry": {
        "type": "Point",
        "coordinates": [
          2794.5504597101826,
          4759.9681627023965
        ]
      },
      "properties": {
        "id": "lifts:node:9209614176",
        "osm_type": "node",
        "osm_id": "9209614176",
        "name": null,
        "tags": {
          "aerialway": "pylon",
          "winter_sports_id": "178133225",
          "winter_sports_name": "Perisher",
          "State": "New South Wales",
          "Country": "Australia",
          "Ski Area": "Perisher",
          "region": "australia-oceania"
        },
        "source": "OpenStreetMap",
        "source_confidence": "osm_as_mapped",
        "coordinate_space": "local_east_m, local_north_m",
        "aerialway": "pylon"
      }
    },
    {
      "type": "Feature",
      "geometry": {
        "type": "Point",
        "coordinates": [
          2848.1923587608617,
          4825.954841843806
        ]
      },
      "properties": {
        "id": "lifts:node:9209614177",
        "osm_type": "node",
        "osm_id": "9209614177",
        "name": null,
        "tags": {
          "aerialway": "pylon",
          "winter_sports_id": "178133225",
          "winter_sports_name": "Perisher",
          "State": "New South Wales",
          "Country": "Australia",
          "Ski Area": "Perisher",
          "region": "australia-oceania"
        },
        "source": "OpenStreetMap",
        "source_confidence": "osm_as_mapped",
        "coordinate_space": "local_east_m, local_north_m",
        "aerialway": "pylon"
      }
    },
    {
      "type": "Feature",
      "geometry": {
        "type": "Point",
        "coordinates": [
          2865.4550644800765,
          4847.18627708219
        ]
      },
      "properties": {
        "id": "lifts:node:9209614178",
        "osm_type": "node",
        "osm_id": "9209614178",
        "name": null,
        "tags": {
          "aerialway": "pylon",
          "winter_sports_id": "178133225",
          "winter_sports_name": "Perisher",
          "State": "New South Wales",
          "Country": "Australia",
          "Ski Area": "Perisher",
          "region": "australia-oceania"
        },
        "source": "OpenStreetMap",
        "source_confidence": "osm_as_mapped",
        "coordinate_space": "local_east_m, local_north_m",
        "aerialway": "pylon"
      }
    },
    {
      "type": "Feature",
      "geometry": {
        "type": "Point",
        "coordinates": [
          2919.0249844962964,
          4913.084829211235
        ]
      },
      "properties": {
        "id": "lifts:node:9209614179",
        "osm_type": "node",
        "osm_id": "9209614179",
        "name": null,
        "tags": {
          "aerialway": "pylon",
          "winter_sports_id": "178133225",
          "winter_sports_name": "Perisher",
          "State": "New South Wales",
          "Country": "Australia",
          "Ski Area": "Perisher",
          "region": "australia-oceania"
        },
        "source": "OpenStreetMap",
        "source_confidence": "osm_as_mapped",
        "coordinate_space": "local_east_m, local_north_m",
        "aerialway": "pylon"
      }
    },
    {
      "type": "Feature",
      "geometry": {
        "type": "Point",
        "coordinates": [
          2965.2701659407467,
          4969.968508282676
        ]
      },
      "properties": {
        "id": "lifts:node:9209614180",
        "osm_type": "node",
        "osm_id": "9209614180",
        "name": null,
        "tags": {
          "aerialway": "pylon",
          "winter_sports_id": "178133225",
          "winter_sports_name": "Perisher",
          "State": "New South Wales",
          "Country": "Australia",
          "Ski Area": "Perisher",
          "region": "australia-oceania"
        },
        "source": "OpenStreetMap",
        "source_confidence": "osm_as_mapped",
        "coordinate_space": "local_east_m, local_north_m",
        "aerialway": "pylon"
      }
    },
    {
      "type": "Feature",
      "geometry": {
        "type": "Point",
        "coordinates": [
          3006.7296385840746,
          5020.962909621187
        ]
      },
      "properties": {
        "id": "lifts:node:9209614181",
        "osm_type": "node",
        "osm_id": "9209614181",
        "name": null,
        "tags": {
          "aerialway": "pylon",
          "winter_sports_id": "178133225",
          "winter_sports_name": "Perisher",
          "State": "New South Wales",
          "Country": "Australia",
          "Ski Area": "Perisher",
          "region": "australia-oceania"
        },
        "source": "OpenStreetMap",
        "source_confidence": "osm_as_mapped",
        "coordinate_space": "local_east_m, local_north_m",
        "aerialway": "pylon"
      }
    },
    {
      "type": "Feature",
      "geometry": {
        "type": "Point",
        "coordinates": [
          3038.8821478423197,
          5060.530291151255
        ]
      },
      "properties": {
        "id": "lifts:node:9209614182",
        "osm_type": "node",
        "osm_id": "9209614182",
        "name": null,
        "tags": {
          "aerialway": "pylon",
          "winter_sports_id": "178133225",
          "winter_sports_name": "Perisher",
          "State": "New South Wales",
          "Country": "Australia",
          "Ski Area": "Perisher",
          "region": "australia-oceania"
        },
        "source": "OpenStreetMap",
        "source_confidence": "osm_as_mapped",
        "coordinate_space": "local_east_m, local_north_m",
        "aerialway": "pylon"
      }
    },
    {
      "type": "Feature",
      "geometry": {
        "type": "Point",
        "coordinates": [
          2774.1030102707446,
          4953.712948456407
        ]
      },
      "properties": {
        "id": "lifts:node:9209614183",
        "osm_type": "node",
        "osm_id": "9209614183",
        "name": null,
        "tags": {
          "aerialway": "pylon",
          "winter_sports_id": "178133225",
          "winter_sports_name": "Perisher",
          "State": "New South Wales",
          "Country": "Australia",
          "Ski Area": "Perisher",
          "region": "australia-oceania"
        },
        "source": "OpenStreetMap",
        "source_confidence": "osm_as_mapped",
        "coordinate_space": "local_east_m, local_north_m",
        "aerialway": "pylon"
      }
    },
    {
      "type": "Feature",
      "geometry": {
        "type": "Point",
        "coordinates": [
          2736.0385687485104,
          4916.537832109258
        ]
      },
      "properties": {
        "id": "lifts:node:9209614184",
        "osm_type": "node",
        "osm_id": "9209614184",
        "name": null,
        "tags": {
          "aerialway": "pylon",
          "winter_sports_id": "178133225",
          "winter_sports_name": "Perisher",
          "State": "New South Wales",
          "Country": "Australia",
          "Ski Area": "Perisher",
          "region": "australia-oceania"
        },
        "source": "OpenStreetMap",
        "source_confidence": "osm_as_mapped",
        "coordinate_space": "local_east_m, local_north_m",
        "aerialway": "pylon"
      }
    },
    {
      "type": "Feature",
      "geometry": {
        "type": "Point",
        "coordinates": [
          2681.4134392427513,
          4863.213496930897
        ]
      },
      "properties": {
        "id": "lifts:node:9209614185",
        "osm_type": "node",
        "osm_id": "9209614185",
        "name": null,
        "tags": {
          "aerialway": "pylon",
          "winter_sports_id": "178133225",
          "winter_sports_name": "Perisher",
          "State": "New South Wales",
          "Country": "Australia",
          "Ski Area": "Perisher",
          "region": "australia-oceania"
        },
        "source": "OpenStreetMap",
        "source_confidence": "osm_as_mapped",
        "coordinate_space": "local_east_m, local_north_m",
        "aerialway": "pylon"
      }
    },
    {
      "type": "Feature",
      "geometry": {
        "type": "Point",
        "coordinates": [
          2624.4228328249883,
          4807.559619476087
        ]
      },
      "properties": {
        "id": "lifts:node:9209614186",
        "osm_type": "node",
        "osm_id": "9209614186",
        "name": null,
        "tags": {
          "aerialway": "pylon",
          "winter_sports_id": "178133225",
          "winter_sports_name": "Perisher",
          "State": "New South Wales",
          "Country": "Australia",
          "Ski Area": "Perisher",
          "region": "australia-oceania"
        },
        "source": "OpenStreetMap",
        "source_confidence": "osm_as_mapped",
        "coordinate_space": "local_east_m, local_north_m",
        "aerialway": "pylon"
      }
    },
    {
      "type": "Feature",
      "geometry": {
        "type": "Point",
        "coordinates": [
          3066.469428950455,
          5217.354093810543
        ]
      },
      "properties": {
        "id": "lifts:node:9215574739",
        "osm_type": "node",
        "osm_id": "9215574739",
        "name": null,
        "tags": {
          "aerialway": "pylon",
          "winter_sports_id": "178133225",
          "winter_sports_name": "Perisher",
          "State": "New South Wales",
          "Country": "Australia",
          "Ski Area": "Perisher",
          "region": "australia-oceania"
        },
        "source": "OpenStreetMap",
        "source_confidence": "osm_as_mapped",
        "coordinate_space": "local_east_m, local_north_m",
        "aerialway": "pylon"
      }
    },
    {
      "type": "Feature",
      "geometry": {
        "type": "Point",
        "coordinates": [
          3036.5808489688206,
          5284.714451370761
        ]
      },
      "properties": {
        "id": "lifts:node:9215574740",
        "osm_type": "node",
        "osm_id": "9215574740",
        "name": null,
        "tags": {
          "aerialway": "pylon",
          "winter_sports_id": "178133225",
          "winter_sports_name": "Perisher",
          "State": "New South Wales",
          "Country": "Australia",
          "Ski Area": "Perisher",
          "region": "australia-oceania"
        },
        "source": "OpenStreetMap",
        "source_confidence": "osm_as_mapped",
        "coordinate_space": "local_east_m, local_north_m",
        "aerialway": "pylon"
      }
    },
    {
      "type": "Feature",
      "geometry": {
        "type": "Point",
        "coordinates": [
          2996.065800620476,
          5376.050339771435
        ]
      },
      "properties": {
        "id": "lifts:node:9215574741",
        "osm_type": "node",
        "osm_id": "9215574741",
        "name": null,
        "tags": {
          "aerialway": "pylon",
          "winter_sports_id": "178133225",
          "winter_sports_name": "Perisher",
          "State": "New South Wales",
          "Country": "Australia",
          "Ski Area": "Perisher",
          "region": "australia-oceania"
        },
        "source": "OpenStreetMap",
        "source_confidence": "osm_as_mapped",
        "coordinate_space": "local_east_m, local_north_m",
        "aerialway": "pylon"
      }
    },
    {
      "type": "Feature",
      "geometry": {
        "type": "Point",
        "coordinates": [
          2967.635743565159,
          5440.1161424471065
        ]
      },
      "properties": {
        "id": "lifts:node:9215574742",
        "osm_type": "node",
        "osm_id": "9215574742",
        "name": null,
        "tags": {
          "aerialway": "pylon",
          "winter_sports_id": "178133225",
          "winter_sports_name": "Perisher",
          "State": "New South Wales",
          "Country": "Australia",
          "Ski Area": "Perisher",
          "region": "australia-oceania"
        },
        "source": "OpenStreetMap",
        "source_confidence": "osm_as_mapped",
        "coordinate_space": "local_east_m, local_north_m",
        "aerialway": "pylon"
      }
    },
    {
      "type": "Feature",
      "geometry": {
        "type": "Point",
        "coordinates": [
          2943.2894476407673,
          5495.002325688489
        ]
      },
      "properties": {
        "id": "lifts:node:9215574743",
        "osm_type": "node",
        "osm_id": "9215574743",
        "name": null,
        "tags": {
          "aerialway": "pylon",
          "winter_sports_id": "178133225",
          "winter_sports_name": "Perisher",
          "State": "New South Wales",
          "Country": "Australia",
          "Ski Area": "Perisher",
          "region": "australia-oceania"
        },
        "source": "OpenStreetMap",
        "source_confidence": "osm_as_mapped",
        "coordinate_space": "local_east_m, local_north_m",
        "aerialway": "pylon"
      }
    },
    {
      "type": "Feature",
      "geometry": {
        "type": "Point",
        "coordinates": [
          2929.9690604471834,
          5525.019471246749
        ]
      },
      "properties": {
        "id": "lifts:node:9215574744",
        "osm_type": "node",
        "osm_id": "9215574744",
        "name": null,
        "tags": {
          "aerialway": "pylon",
          "winter_sports_id": "178133225",
          "winter_sports_name": "Perisher",
          "State": "New South Wales",
          "Country": "Australia",
          "Ski Area": "Perisher",
          "region": "australia-oceania"
        },
        "source": "OpenStreetMap",
        "source_confidence": "osm_as_mapped",
        "coordinate_space": "local_east_m, local_north_m",
        "aerialway": "pylon"
      }
    },
    {
      "type": "Feature",
      "geometry": {
        "type": "Point",
        "coordinates": [
          2900.7476413268596,
          5590.893901801668
        ]
      },
      "properties": {
        "id": "lifts:node:9215574745",
        "osm_type": "node",
        "osm_id": "9215574745",
        "name": null,
        "tags": {
          "aerialway": "pylon",
          "winter_sports_id": "178133225",
          "winter_sports_name": "Perisher",
          "State": "New South Wales",
          "Country": "Australia",
          "Ski Area": "Perisher",
          "region": "australia-oceania"
        },
        "source": "OpenStreetMap",
        "source_confidence": "osm_as_mapped",
        "coordinate_space": "local_east_m, local_north_m",
        "aerialway": "pylon"
      }
    },
    {
      "type": "Feature",
      "geometry": {
        "type": "Point",
        "coordinates": [
          2873.4718227448175,
          5652.357396077365
        ]
      },
      "properties": {
        "id": "lifts:node:9215574746",
        "osm_type": "node",
        "osm_id": "9215574746",
        "name": null,
        "tags": {
          "aerialway": "pylon",
          "winter_sports_id": "178133225",
          "winter_sports_name": "Perisher",
          "State": "New South Wales",
          "Country": "Australia",
          "Ski Area": "Perisher",
          "region": "australia-oceania"
        },
        "source": "OpenStreetMap",
        "source_confidence": "osm_as_mapped",
        "coordinate_space": "local_east_m, local_north_m",
        "aerialway": "pylon"
      }
    },
    {
      "type": "Feature",
      "geometry": {
        "type": "Point",
        "coordinates": [
          2993.0153855733806,
          5704.908712183125
        ]
      },
      "properties": {
        "id": "lifts:node:9215574747",
        "osm_type": "node",
        "osm_id": "9215574747",
        "name": null,
        "tags": {
          "aerialway": "pylon",
          "winter_sports_id": "178133225",
          "winter_sports_name": "Perisher",
          "State": "New South Wales",
          "Country": "Australia",
          "Ski Area": "Perisher",
          "region": "australia-oceania"
        },
        "source": "OpenStreetMap",
        "source_confidence": "osm_as_mapped",
        "coordinate_space": "local_east_m, local_north_m",
        "aerialway": "pylon"
      }
    },
    {
      "type": "Feature",
      "geometry": {
        "type": "Point",
        "coordinates": [
          3071.496521640569,
          5688.18444291316
        ]
      },
      "properties": {
        "id": "lifts:node:9215574748",
        "osm_type": "node",
        "osm_id": "9215574748",
        "name": null,
        "tags": {
          "aerialway": "pylon",
          "winter_sports_id": "178133225",
          "winter_sports_name": "Perisher",
          "State": "New South Wales",
          "Country": "Australia",
          "Ski Area": "Perisher",
          "region": "australia-oceania"
        },
        "source": "OpenStreetMap",
        "source_confidence": "osm_as_mapped",
        "coordinate_space": "local_east_m, local_north_m",
        "aerialway": "pylon"
      }
    },
    {
      "type": "Feature",
      "geometry": {
        "type": "Point",
        "coordinates": [
          3158.6717250046786,
          5669.613778885454
        ]
      },
      "properties": {
        "id": "lifts:node:9215574749",
        "osm_type": "node",
        "osm_id": "9215574749",
        "name": null,
        "tags": {
          "aerialway": "pylon",
          "winter_sports_id": "178133225",
          "winter_sports_name": "Perisher",
          "State": "New South Wales",
          "Country": "Australia",
          "Ski Area": "Perisher",
          "region": "australia-oceania"
        },
        "source": "OpenStreetMap",
        "source_confidence": "osm_as_mapped",
        "coordinate_space": "local_east_m, local_north_m",
        "aerialway": "pylon"
      }
    },
    {
      "type": "Feature",
      "geometry": {
        "type": "Point",
        "coordinates": [
          3256.5087539473316,
          5648.779598853551
        ]
      },
      "properties": {
        "id": "lifts:node:9215574750",
        "osm_type": "node",
        "osm_id": "9215574750",
        "name": null,
        "tags": {
          "aerialway": "pylon",
          "winter_sports_id": "178133225",
          "winter_sports_name": "Perisher",
          "State": "New South Wales",
          "Country": "Australia",
          "Ski Area": "Perisher",
          "region": "australia-oceania"
        },
        "source": "OpenStreetMap",
        "source_confidence": "osm_as_mapped",
        "coordinate_space": "local_east_m, local_north_m",
        "aerialway": "pylon"
      }
    },
    {
      "type": "Feature",
      "geometry": {
        "type": "Point",
        "coordinates": [
          3364.1394347703317,
          5625.838367369026
        ]
      },
      "properties": {
        "id": "lifts:node:9215574751",
        "osm_type": "node",
        "osm_id": "9215574751",
        "name": null,
        "tags": {
          "aerialway": "pylon",
          "winter_sports_id": "178133225",
          "winter_sports_name": "Perisher",
          "State": "New South Wales",
          "Country": "Australia",
          "Ski Area": "Perisher",
          "region": "australia-oceania"
        },
        "source": "OpenStreetMap",
        "source_confidence": "osm_as_mapped",
        "coordinate_space": "local_east_m, local_north_m",
        "aerialway": "pylon"
      }
    },
    {
      "type": "Feature",
      "geometry": {
        "type": "Point",
        "coordinates": [
          3453.871612985502,
          5606.717206388712
        ]
      },
      "properties": {
        "id": "lifts:node:9215574752",
        "osm_type": "node",
        "osm_id": "9215574752",
        "name": null,
        "tags": {
          "aerialway": "pylon",
          "winter_sports_id": "178133225",
          "winter_sports_name": "Perisher",
          "State": "New South Wales",
          "Country": "Australia",
          "Ski Area": "Perisher",
          "region": "australia-oceania"
        },
        "source": "OpenStreetMap",
        "source_confidence": "osm_as_mapped",
        "coordinate_space": "local_east_m, local_north_m",
        "aerialway": "pylon"
      }
    },
    {
      "type": "Feature",
      "geometry": {
        "type": "Point",
        "coordinates": [
          3524.48011189315,
          5591.678573619574
        ]
      },
      "properties": {
        "id": "lifts:node:9215574753",
        "osm_type": "node",
        "osm_id": "9215574753",
        "name": null,
        "tags": {
          "aerialway": "pylon",
          "winter_sports_id": "178133225",
          "winter_sports_name": "Perisher",
          "State": "New South Wales",
          "Country": "Australia",
          "Ski Area": "Perisher",
          "region": "australia-oceania"
        },
        "source": "OpenStreetMap",
        "source_confidence": "osm_as_mapped",
        "coordinate_space": "local_east_m, local_north_m",
        "aerialway": "pylon"
      }
    },
    {
      "type": "Feature",
      "geometry": {
        "type": "Point",
        "coordinates": [
          3558.8450518569443,
          5584.355757040903
        ]
      },
      "properties": {
        "id": "lifts:node:9215574754",
        "osm_type": "node",
        "osm_id": "9215574754",
        "name": null,
        "tags": {
          "aerialway": "pylon",
          "winter_sports_id": "178133225",
          "winter_sports_name": "Perisher",
          "State": "New South Wales",
          "Country": "Australia",
          "Ski Area": "Perisher",
          "region": "australia-oceania"
        },
        "source": "OpenStreetMap",
        "source_confidence": "osm_as_mapped",
        "coordinate_space": "local_east_m, local_north_m",
        "aerialway": "pylon"
      }
    },
    {
      "type": "Feature",
      "geometry": {
        "type": "Point",
        "coordinates": [
          3599.1042970095295,
          5575.771037712693
        ]
      },
      "properties": {
        "id": "lifts:node:9215574755",
        "osm_type": "node",
        "osm_id": "9215574755",
        "name": null,
        "tags": {
          "aerialway": "pylon",
          "winter_sports_id": "178133225",
          "winter_sports_name": "Perisher",
          "State": "New South Wales",
          "Country": "Australia",
          "Ski Area": "Perisher",
          "region": "australia-oceania"
        },
        "source": "OpenStreetMap",
        "source_confidence": "osm_as_mapped",
        "coordinate_space": "local_east_m, local_north_m",
        "aerialway": "pylon"
      }
    },
    {
      "type": "Feature",
      "geometry": {
        "type": "Point",
        "coordinates": [
          3580.0793762205867,
          5579.831010356545
        ]
      },
      "properties": {
        "id": "lifts:node:9215574756",
        "osm_type": "node",
        "osm_id": "9215574756",
        "name": null,
        "tags": {
          "aerialway": "pylon",
          "winter_sports_id": "178133225",
          "winter_sports_name": "Perisher",
          "State": "New South Wales",
          "Country": "Australia",
          "Ski Area": "Perisher",
          "region": "australia-oceania"
        },
        "source": "OpenStreetMap",
        "source_confidence": "osm_as_mapped",
        "coordinate_space": "local_east_m, local_north_m",
        "aerialway": "pylon"
      }
    },
    {
      "type": "Feature",
      "geometry": {
        "type": "Point",
        "coordinates": [
          3681.849886058015,
          5558.135922897607
        ]
      },
      "properties": {
        "id": "lifts:node:9215574757",
        "osm_type": "node",
        "osm_id": "9215574757",
        "name": null,
        "tags": {
          "aerialway": "pylon",
          "winter_sports_id": "178133225",
          "winter_sports_name": "Perisher",
          "State": "New South Wales",
          "Country": "Australia",
          "Ski Area": "Perisher",
          "region": "australia-oceania"
        },
        "source": "OpenStreetMap",
        "source_confidence": "osm_as_mapped",
        "coordinate_space": "local_east_m, local_north_m",
        "aerialway": "pylon"
      }
    },
    {
      "type": "Feature",
      "geometry": {
        "type": "Point",
        "coordinates": [
          3774.827643727651,
          5538.320651121438
        ]
      },
      "properties": {
        "id": "lifts:node:9215574758",
        "osm_type": "node",
        "osm_id": "9215574758",
        "name": null,
        "tags": {
          "aerialway": "pylon",
          "winter_sports_id": "178133225",
          "winter_sports_name": "Perisher",
          "State": "New South Wales",
          "Country": "Australia",
          "Ski Area": "Perisher",
          "region": "australia-oceania"
        },
        "source": "OpenStreetMap",
        "source_confidence": "osm_as_mapped",
        "coordinate_space": "local_east_m, local_north_m",
        "aerialway": "pylon"
      }
    },
    {
      "type": "Feature",
      "geometry": {
        "type": "Point",
        "coordinates": [
          3870.237982872175,
          5517.9918355979025
        ]
      },
      "properties": {
        "id": "lifts:node:9215574759",
        "osm_type": "node",
        "osm_id": "9215574759",
        "name": null,
        "tags": {
          "aerialway": "pylon",
          "winter_sports_id": "178133225",
          "winter_sports_name": "Perisher",
          "State": "New South Wales",
          "Country": "Australia",
          "Ski Area": "Perisher",
          "region": "australia-oceania"
        },
        "source": "OpenStreetMap",
        "source_confidence": "osm_as_mapped",
        "coordinate_space": "local_east_m, local_north_m",
        "aerialway": "pylon"
      }
    },
    {
      "type": "Feature",
      "geometry": {
        "type": "Point",
        "coordinates": [
          3915.2640823841793,
          5508.393089445308
        ]
      },
      "properties": {
        "id": "lifts:node:9215574760",
        "osm_type": "node",
        "osm_id": "9215574760",
        "name": null,
        "tags": {
          "aerialway": "pylon",
          "winter_sports_id": "178133225",
          "winter_sports_name": "Perisher",
          "State": "New South Wales",
          "Country": "Australia",
          "Ski Area": "Perisher",
          "region": "australia-oceania"
        },
        "source": "OpenStreetMap",
        "source_confidence": "osm_as_mapped",
        "coordinate_space": "local_east_m, local_north_m",
        "aerialway": "pylon"
      }
    },
    {
      "type": "Feature",
      "geometry": {
        "type": "Point",
        "coordinates": [
          1232.5855154653545,
          5470.807599641383
        ]
      },
      "properties": {
        "id": "lifts:node:9251515846",
        "osm_type": "node",
        "osm_id": "9251515846",
        "name": null,
        "tags": {
          "aerialway": "pylon",
          "winter_sports_id": "178133225",
          "winter_sports_name": "Perisher",
          "State": "New South Wales",
          "Country": "Australia",
          "Ski Area": "Perisher",
          "region": "australia-oceania"
        },
        "source": "OpenStreetMap",
        "source_confidence": "osm_as_mapped",
        "coordinate_space": "local_east_m, local_north_m",
        "aerialway": "pylon"
      }
    },
    {
      "type": "Feature",
      "geometry": {
        "type": "Point",
        "coordinates": [
          1205.0587044804124,
          5528.030534930527
        ]
      },
      "properties": {
        "id": "lifts:node:9251515847",
        "osm_type": "node",
        "osm_id": "9251515847",
        "name": null,
        "tags": {
          "aerialway": "pylon",
          "winter_sports_id": "178133225",
          "winter_sports_name": "Perisher",
          "State": "New South Wales",
          "Country": "Australia",
          "Ski Area": "Perisher",
          "region": "australia-oceania"
        },
        "source": "OpenStreetMap",
        "source_confidence": "osm_as_mapped",
        "coordinate_space": "local_east_m, local_north_m",
        "aerialway": "pylon"
      }
    },
    {
      "type": "Feature",
      "geometry": {
        "type": "Point",
        "coordinates": [
          1167.5279681996908,
          5606.055502452888
        ]
      },
      "properties": {
        "id": "lifts:node:9251515848",
        "osm_type": "node",
        "osm_id": "9251515848",
        "name": null,
        "tags": {
          "aerialway": "pylon",
          "winter_sports_id": "178133225",
          "winter_sports_name": "Perisher",
          "State": "New South Wales",
          "Country": "Australia",
          "Ski Area": "Perisher",
          "region": "australia-oceania"
        },
        "source": "OpenStreetMap",
        "source_confidence": "osm_as_mapped",
        "coordinate_space": "local_east_m, local_north_m",
        "aerialway": "pylon"
      }
    },
    {
      "type": "Feature",
      "geometry": {
        "type": "Point",
        "coordinates": [
          1147.4944492481882,
          5647.704486116767
        ]
      },
      "properties": {
        "id": "lifts:node:9251515849",
        "osm_type": "node",
        "osm_id": "9251515849",
        "name": null,
        "tags": {
          "aerialway": "pylon",
          "winter_sports_id": "178133225",
          "winter_sports_name": "Perisher",
          "State": "New South Wales",
          "Country": "Australia",
          "Ski Area": "Perisher",
          "region": "australia-oceania"
        },
        "source": "OpenStreetMap",
        "source_confidence": "osm_as_mapped",
        "coordinate_space": "local_east_m, local_north_m",
        "aerialway": "pylon"
      }
    },
    {
      "type": "Feature",
      "geometry": {
        "type": "Point",
        "coordinates": [
          1291.027489646105,
          5349.311887158081
        ]
      },
      "properties": {
        "id": "lifts:node:9251515850",
        "osm_type": "node",
        "osm_id": "9251515850",
        "name": null,
        "tags": {
          "aerialway": "pylon",
          "winter_sports_id": "178133225",
          "winter_sports_name": "Perisher",
          "State": "New South Wales",
          "Country": "Australia",
          "Ski Area": "Perisher",
          "region": "australia-oceania"
        },
        "source": "OpenStreetMap",
        "source_confidence": "osm_as_mapped",
        "coordinate_space": "local_east_m, local_north_m",
        "aerialway": "pylon"
      }
    },
    {
      "type": "Feature",
      "geometry": {
        "type": "Point",
        "coordinates": [
          1345.9560989427846,
          5235.100026510656
        ]
      },
      "properties": {
        "id": "lifts:node:9251515851",
        "osm_type": "node",
        "osm_id": "9251515851",
        "name": null,
        "tags": {
          "aerialway": "pylon",
          "winter_sports_id": "178133225",
          "winter_sports_name": "Perisher",
          "State": "New South Wales",
          "Country": "Australia",
          "Ski Area": "Perisher",
          "region": "australia-oceania"
        },
        "source": "OpenStreetMap",
        "source_confidence": "osm_as_mapped",
        "coordinate_space": "local_east_m, local_north_m",
        "aerialway": "pylon"
      }
    },
    {
      "type": "Feature",
      "geometry": {
        "type": "Point",
        "coordinates": [
          1365.4300163704902,
          5194.612388313748
        ]
      },
      "properties": {
        "id": "lifts:node:9251515852",
        "osm_type": "node",
        "osm_id": "9251515852",
        "name": null,
        "tags": {
          "aerialway": "pylon",
          "winter_sports_id": "178133225",
          "winter_sports_name": "Perisher",
          "State": "New South Wales",
          "Country": "Australia",
          "Ski Area": "Perisher",
          "region": "australia-oceania"
        },
        "source": "OpenStreetMap",
        "source_confidence": "osm_as_mapped",
        "coordinate_space": "local_east_m, local_north_m",
        "aerialway": "pylon"
      }
    },
    {
      "type": "Feature",
      "geometry": {
        "type": "Point",
        "coordinates": [
          1629.0299650253728,
          4999.727421949618
        ]
      },
      "properties": {
        "id": "lifts:node:12497868485",
        "osm_type": "node",
        "osm_id": "12497868485",
        "name": null,
        "tags": {
          "aerialway": "pylon",
          "winter_sports_id": "178133225",
          "winter_sports_name": "Perisher",
          "State": "New South Wales",
          "Country": "Australia",
          "Ski Area": "Perisher",
          "region": "australia-oceania"
        },
        "source": "OpenStreetMap",
        "source_confidence": "osm_as_mapped",
        "coordinate_space": "local_east_m, local_north_m",
        "aerialway": "pylon"
      }
    },
    {
      "type": "Feature",
      "geometry": {
        "type": "Point",
        "coordinates": [
          1535.9769618069986,
          4936.926621995866
        ]
      },
      "properties": {
        "id": "lifts:node:12497868486",
        "osm_type": "node",
        "osm_id": "12497868486",
        "name": null,
        "tags": {
          "aerialway": "pylon",
          "winter_sports_id": "178133225",
          "winter_sports_name": "Perisher",
          "State": "New South Wales",
          "Country": "Australia",
          "Ski Area": "Perisher",
          "region": "australia-oceania"
        },
        "source": "OpenStreetMap",
        "source_confidence": "osm_as_mapped",
        "coordinate_space": "local_east_m, local_north_m",
        "aerialway": "pylon"
      }
    },
    {
      "type": "Feature",
      "geometry": {
        "type": "Point",
        "coordinates": [
          1445.8514811651548,
          4876.1135120764375
        ]
      },
      "properties": {
        "id": "lifts:node:12497868487",
        "osm_type": "node",
        "osm_id": "12497868487",
        "name": null,
        "tags": {
          "aerialway": "pylon",
          "winter_sports_id": "178133225",
          "winter_sports_name": "Perisher",
          "State": "New South Wales",
          "Country": "Australia",
          "Ski Area": "Perisher",
          "region": "australia-oceania"
        },
        "source": "OpenStreetMap",
        "source_confidence": "osm_as_mapped",
        "coordinate_space": "local_east_m, local_north_m",
        "aerialway": "pylon"
      }
    },
    {
      "type": "Feature",
      "geometry": {
        "type": "Point",
        "coordinates": [
          1725.3272606020328,
          5064.699909470975
        ]
      },
      "properties": {
        "id": "lifts:node:12497868488",
        "osm_type": "node",
        "osm_id": "12497868488",
        "name": null,
        "tags": {
          "aerialway": "pylon",
          "winter_sports_id": "178133225",
          "winter_sports_name": "Perisher",
          "State": "New South Wales",
          "Country": "Australia",
          "Ski Area": "Perisher",
          "region": "australia-oceania"
        },
        "source": "OpenStreetMap",
        "source_confidence": "osm_as_mapped",
        "coordinate_space": "local_east_m, local_north_m",
        "aerialway": "pylon"
      }
    },
    {
      "type": "Feature",
      "geometry": {
        "type": "Point",
        "coordinates": [
          1826.04715032049,
          5132.67035163939
        ]
      },
      "properties": {
        "id": "lifts:node:12497868489",
        "osm_type": "node",
        "osm_id": "12497868489",
        "name": null,
        "tags": {
          "aerialway": "pylon",
          "winter_sports_id": "178133225",
          "winter_sports_name": "Perisher",
          "State": "New South Wales",
          "Country": "Australia",
          "Ski Area": "Perisher",
          "region": "australia-oceania"
        },
        "source": "OpenStreetMap",
        "source_confidence": "osm_as_mapped",
        "coordinate_space": "local_east_m, local_north_m",
        "aerialway": "pylon"
      }
    },
    {
      "type": "Feature",
      "geometry": {
        "type": "LineString",
        "coordinates": [
          [
            3959.860812347848,
            5498.88912606705
          ],
          [
            3915.264082381851,
            5508.393089445308
          ],
          [
            3870.237982872175,
            5517.9918355979025
          ],
          [
            3774.827643727651,
            5538.320651121438
          ],
          [
            3681.849886058015,
            5558.135922897607
          ],
          [
            3599.1042970095295,
            5575.771037712693
          ],
          [
            3580.079376218375,
            5579.831010356545
          ],
          [
            3558.8450518569443,
            5584.355757040903
          ],
          [
            3524.48011189315,
            5591.678573619574
          ],
          [
            3453.871612985502,
            5606.717206388712
          ],
          [
            3364.1394347703317,
            5625.838367369026
          ],
          [
            3256.5087539473316,
            5648.779598853551
          ],
          [
            3158.6717250023503,
            5669.613778885454
          ],
          [
            3071.496521640569,
            5688.18444291316
          ],
          [
            2993.0153855733806,
            5704.908712183125
          ],
          [
            2947.4775580101414,
            5714.609837813303
          ]
        ]
      },
      "properties": {
        "id": "lifts:way:4953669",
        "osm_type": "way",
        "osm_id": "4953669",
        "name": "Ridge Quad Chair",
        "tags": {
          "name": "Ridge Quad Chair",
          "aerialway": "chair_lift",
          "z_order": "0",
          "aerialway:capacity": "1582",
          "aerialway:duration": "7.5",
          "aerialway:occupancy": "4",
          "winter_sports_id": "178133225",
          "winter_sports_name": "Perisher",
          "State": "New South Wales",
          "Country": "Australia",
          "Ski Area": "Perisher",
          "region": "australia-oceania"
        },
        "source": "OpenStreetMap",
        "source_confidence": "osm_as_mapped",
        "coordinate_space": "local_east_m, local_north_m",
        "aerialway": "chair_lift"
      }
    },
    {
      "type": "Feature",
      "geometry": {
        "type": "LineString",
        "coordinates": [
          [
            3060.6945937158307,
            5087.354239300825
          ],
          [
            3038.8821478423197,
            5060.530291151255
          ],
          [
            3006.7296385795344,
            5020.962909621187
          ],
          [
            2965.2701659384184,
            4969.968508282676
          ],
          [
            2919.0249844962964,
            4913.084829211235
          ],
          [
            2865.4550644800765,
            4847.18627708219
          ],
          [
            2848.1923587608617,
            4825.954841843806
          ],
          [
            2794.5504597101826,
            4759.9681627023965
          ],
          [
            2756.8198976789135,
            4713.556903015822
          ],
          [
            2714.0662921494804,
            4660.960140415467
          ]
        ]
      },
      "properties": {
        "id": "lifts:way:4953670",
        "osm_type": "way",
        "osm_id": "4953670",
        "name": "Terminal Quad Chair",
        "tags": {
          "name": "Terminal Quad Chair",
          "aerialway": "chair_lift",
          "z_order": "0",
          "aerialway:capacity": "2187",
          "aerialway:duration": "4.3",
          "aerialway:occupancy": "4",
          "winter_sports_id": "178133225",
          "winter_sports_name": "Perisher",
          "State": "New South Wales",
          "Country": "Australia",
          "Ski Area": "Perisher",
          "region": "australia-oceania"
        },
        "source": "OpenStreetMap",
        "source_confidence": "osm_as_mapped",
        "coordinate_space": "local_east_m, local_north_m",
        "aerialway": "chair_lift"
      }
    },
    {
      "type": "Feature",
      "geometry": {
        "type": "LineString",
        "coordinates": [
          [
            3260.3875890473137,
            4710.4776111878455
          ],
          [
            3209.4292220269563,
            4706.666939876974
          ],
          [
            3151.6004805726698,
            4702.345220180228
          ],
          [
            3092.3258123927517,
            4697.910901736468
          ],
          [
            3065.517639783444,
            4695.913391156122
          ],
          [
            2957.0003995429724,
            4687.796858003363
          ],
          [
            2885.736314097885,
            4682.458231078461
          ],
          [
            2832.0662512809504,
            4678.451537873596
          ],
          [
            2818.801344918902,
            4677.4559302814305
          ],
          [
            2791.4364314875565,
            4675.41014132183
          ]
        ]
      },
      "properties": {
        "id": "lifts:way:4953672",
        "osm_type": "way",
        "osm_id": "4953672",
        "name": "Brumby T-Bar",
        "tags": {
          "name": "Brumby T-Bar",
          "aerialway": "t-bar",
          "z_order": "0",
          "aerialway:capacity": "718",
          "aerialway:duration": "2.9",
          "aerialway:occupancy": "2",
          "winter_sports_id": "178133225",
          "winter_sports_name": "Perisher",
          "State": "New South Wales",
          "Country": "Australia",
          "Ski Area": "Perisher",
          "region": "australia-oceania"
        },
        "source": "OpenStreetMap",
        "source_confidence": "osm_as_mapped",
        "coordinate_space": "local_east_m, local_north_m",
        "aerialway": "t-bar"
      }
    },
    {
      "type": "Feature",
      "geometry": {
        "type": "LineString",
        "coordinates": [
          [
            4092.303129898617,
            3773.3208915460855
          ],
          [
            4058.098541321,
            3781.27626625821
          ],
          [
            3998.3611237083096,
            3795.173890469596
          ],
          [
            3888.0402623864356,
            3820.826202190481
          ],
          [
            3839.1288118183147,
            3832.2015973441303
          ],
          [
            3807.8740424263524,
            3839.4694559797645
          ],
          [
            3767.3499334952794,
            3849.6238368395716
          ],
          [
            3682.4673353892285,
            3870.9087289832532
          ],
          [
            3591.148906774819,
            3893.795323403552
          ],
          [
            3455.0598244874272,
            3927.905201960355
          ],
          [
            3404.7569329137914,
            3940.5188072882593
          ],
          [
            3283.51259689813,
            3970.904262840748
          ]
        ]
      },
      "properties": {
        "id": "lifts:way:4953673",
        "osm_type": "way",
        "osm_id": "4953673",
        "name": "Interceptor Quad",
        "tags": {
          "name": "Interceptor Quad",
          "aerialway": "chair_lift",
          "z_order": "0",
          "aerialway:capacity": "2526",
          "aerialway:duration": "6",
          "aerialway:occupancy": "4",
          "winter_sports_id": "178133225",
          "winter_sports_name": "Perisher",
          "State": "New South Wales",
          "Country": "Australia",
          "Ski Area": "Perisher",
          "region": "australia-oceania"
        },
        "source": "OpenStreetMap",
        "source_confidence": "osm_as_mapped",
        "coordinate_space": "local_east_m, local_north_m",
        "aerialway": "chair_lift"
      }
    },
    {
      "type": "Feature",
      "geometry": {
        "type": "LineString",
        "coordinates": [
          [
            3866.0555063582724,
            3319.805157246068
          ],
          [
            3819.0775275224587,
            3308.5396539326757
          ],
          [
            3748.2193276606267,
            3291.552313806489
          ],
          [
            3648.0263097825227,
            3267.523870254867
          ],
          [
            3544.3505752240308,
            3242.668363051489
          ],
          [
            3486.698096382781,
            3228.837827811949
          ],
          [
            3418.7395888420288,
            3212.5380224045366
          ],
          [
            3341.4474081823137,
            3194.0097958892584
          ],
          [
            3269.537972962833,
            3176.7564817769453
          ],
          [
            3172.5072556921514,
            3153.4867528583854
          ],
          [
            3085.8012134197634,
            3132.696077679284
          ],
          [
            2987.1962657211116,
            3109.0365765839815
          ],
          [
            2924.7754795544315,
            3094.0730579104275
          ],
          [
            2889.7261633505113,
            3085.6591436192393
          ]
        ]
      },
      "properties": {
        "id": "lifts:way:4953674",
        "osm_type": "way",
        "osm_id": "4953674",
        "name": "Pretty Valley Double Chair",
        "tags": {
          "name": "Pretty Valley Double Chair",
          "aerialway": "chair_lift",
          "z_order": "0",
          "aerialway:capacity": "1100",
          "aerialway:occupancy": "2",
          "winter_sports_id": "178133225",
          "winter_sports_name": "Perisher",
          "State": "New South Wales",
          "Country": "Australia",
          "Ski Area": "Perisher",
          "region": "australia-oceania"
        },
        "source": "OpenStreetMap",
        "source_confidence": "osm_as_mapped",
        "coordinate_space": "local_east_m, local_north_m",
        "aerialway": "chair_lift"
      }
    },
    {
      "type": "Feature",
      "geometry": {
        "type": "LineString",
        "coordinates": [
          [
            2500.5023969043978,
            1457.9984310958534
          ],
          [
            2439.2324165084865,
            1558.0646624136716
          ],
          [
            2381.246911215596,
            1652.779413108714
          ],
          [
            2319.8776902045356,
            1753.0014233402908
          ],
          [
            2271.3615158847533,
            1832.244963556528
          ],
          [
            2253.15336310165,
            1861.9766754098237
          ],
          [
            2241.1925838126335,
            1881.499350543134
          ],
          [
            2201.4112525806995,
            1946.4810673650354
          ],
          [
            2174.3962335765827,
            1990.5969796935096
          ],
          [
            2143.823267753469,
            2040.5225102361292
          ],
          [
            2115.6511521075154,
            2086.5410783207044
          ],
          [
            2110.3671946431277,
            2095.171652538702
          ],
          [
            2103.435757398838,
            2106.488819461316
          ],
          [
            2079.3992096402217,
            2145.7461333405226
          ]
        ]
      },
      "properties": {
        "id": "lifts:way:4953675",
        "osm_type": "way",
        "osm_id": "4953675",
        "name": "Eyre T-Bar",
        "tags": {
          "name": "Eyre T-Bar",
          "aerialway": "t-bar",
          "z_order": "0",
          "aerialway:capacity": "1101",
          "aerialway:duration": "4.7",
          "winter_sports_id": "178133225",
          "winter_sports_name": "Perisher",
          "State": "New South Wales",
          "Country": "Australia",
          "Ski Area": "Perisher",
          "region": "australia-oceania"
        },
        "source": "OpenStreetMap",
        "source_confidence": "osm_as_mapped",
        "coordinate_space": "local_east_m, local_north_m",
        "aerialway": "t-bar"
      }
    },
    {
      "type": "Feature",
      "geometry": {
        "type": "LineString",
        "coordinates": [
          [
            2859.431979339104,
            1726.9849231224507
          ],
          [
            2790.3215443696827,
            1765.3428080771118
          ],
          [
            2737.1625519549707,
            1794.8373423181474
          ],
          [
            2679.892764096847,
            1826.6100048860535
          ],
          [
            2635.5500775309047,
            1851.2165814116597
          ],
          [
            2580.557207848178,
            1881.7240816652775
          ],
          [
            2524.3451488082064,
            1912.9145305389538
          ],
          [
            2446.432341312873,
            1956.1453657746315
          ],
          [
            2444.4039594635833,
            1957.2841528784484
          ],
          [
            2365.539077248657,
            2001.7151657734066
          ],
          [
            2292.3937516638543,
            2042.9230642486364
          ],
          [
            2226.889619607595,
            2079.8151852227747
          ],
          [
            2167.403070258675,
            2112.980929862708
          ]
        ]
      },
      "properties": {
        "id": "lifts:way:4953676",
        "osm_type": "way",
        "osm_id": "4953676",
        "name": "International T-Bar",
        "tags": {
          "name": "International T-Bar",
          "aerialway": "t-bar",
          "z_order": "0",
          "aerialway:capacity": "1094",
          "aerialway:duration": "4.7",
          "winter_sports_id": "178133225",
          "winter_sports_name": "Perisher",
          "State": "New South Wales",
          "Country": "Australia",
          "Ski Area": "Perisher",
          "region": "australia-oceania"
        },
        "source": "OpenStreetMap",
        "source_confidence": "osm_as_mapped",
        "coordinate_space": "local_east_m, local_north_m",
        "aerialway": "t-bar"
      }
    },
    {
      "type": "Feature",
      "geometry": {
        "type": "LineString",
        "coordinates": [
          [
            2893.4452398193534,
            2419.33085133601
          ],
          [
            2866.0717147400137,
            2405.0362545596436
          ],
          [
            2791.6513524588663,
            2366.179313668981
          ],
          [
            2689.2802175284596,
            2312.7131921891123
          ],
          [
            2628.7418761850568,
            2281.0884276200086
          ],
          [
            2571.656370821409,
            2251.288583578542
          ],
          [
            2487.0541166033363,
            2207.0948358625174
          ],
          [
            2396.931548251072,
            2160.0284254699945
          ]
        ]
      },
      "properties": {
        "id": "lifts:way:4953677",
        "osm_type": "way",
        "osm_id": "4953677",
        "name": "Sun Valley T-Bar",
        "tags": {
          "name": "Sun Valley T-Bar",
          "aerialway": "t-bar",
          "z_order": "0",
          "aerialway:capacity": "700",
          "aerialway:duration": "3.3",
          "winter_sports_id": "178133225",
          "winter_sports_name": "Perisher",
          "State": "New South Wales",
          "Country": "Australia",
          "Ski Area": "Perisher",
          "region": "australia-oceania"
        },
        "source": "OpenStreetMap",
        "source_confidence": "osm_as_mapped",
        "coordinate_space": "local_east_m, local_north_m",
        "aerialway": "t-bar"
      }
    },
    {
      "type": "Feature",
      "geometry": {
        "type": "LineString",
        "coordinates": [
          [
            3097.648504833458,
            2226.730141228065
          ],
          [
            3098.183607184328,
            2253.140854367055
          ],
          [
            3097.7194839067524,
            2317.679197457619
          ],
          [
            3097.2193332393654,
            2385.9239629674703
          ],
          [
            3096.6403724243864,
            2466.6856199670583
          ],
          [
            3095.939636257128,
            2562.572234911844
          ],
          [
            3095.236959709553,
            2659.5684153446928
          ],
          [
            3094.4987762728706,
            2762.1683343145996
          ],
          [
            3093.7857809190173,
            2860.9399157632142
          ],
          [
            3093.6853981643217,
            2874.4446205170825
          ],
          [
            3092.4347651404096,
            2917.524455279112
          ]
        ]
      },
      "properties": {
        "id": "lifts:way:4953678",
        "osm_type": "way",
        "osm_id": "4953678",
        "name": "Happy Valley T-Bar",
        "tags": {
          "name": "Happy Valley T-Bar",
          "aerialway": "t-bar",
          "z_order": "0",
          "aerialway:capacity": "622",
          "aerialway:duration": "3.7",
          "winter_sports_id": "178133225",
          "winter_sports_name": "Perisher",
          "State": "New South Wales",
          "Country": "Australia",
          "Ski Area": "Perisher",
          "region": "australia-oceania"
        },
        "source": "OpenStreetMap",
        "source_confidence": "osm_as_mapped",
        "coordinate_space": "local_east_m, local_north_m",
        "aerialway": "t-bar"
      }
    },
    {
      "type": "Feature",
      "geometry": {
        "type": "LineString",
        "coordinates": [
          [
            3519.622450288036,
            2245.5158733176067
          ],
          [
            3497.5294195930474,
            2294.6796303447336
          ],
          [
            3449.685579264071,
            2401.1931106131524
          ],
          [
            3409.3728722545784,
            2490.920287472196
          ],
          [
            3361.2569769329857,
            2598.002980371937
          ],
          [
            3352.0646397607634,
            2618.4634467493743
          ],
          [
            3335.921745266998,
            2654.41429271549
          ],
          [
            3302.939711631974,
            2727.8127755103633
          ]
        ]
      },
      "properties": {
        "id": "lifts:way:4953679",
        "osm_type": "way",
        "osm_id": "4953679",
        "name": "Leichhardt Quad",
        "tags": {
          "name": "Leichhardt Quad",
          "aerialway": "chair_lift",
          "z_order": "0",
          "aerialway:capacity": "1126",
          "aerialway:duration": "2.9",
          "aerialway:occupancy": "4",
          "winter_sports_id": "178133225",
          "winter_sports_name": "Perisher",
          "State": "New South Wales",
          "Country": "Australia",
          "Ski Area": "Perisher",
          "region": "australia-oceania"
        },
        "source": "OpenStreetMap",
        "source_confidence": "osm_as_mapped",
        "coordinate_space": "local_east_m, local_north_m",
        "aerialway": "chair_lift"
      }
    },
    {
      "type": "Feature",
      "geometry": {
        "type": "LineString",
        "coordinates": [
          [
            3833.8160262039164,
            2440.5854901243
          ],
          [
            3821.7134893303737,
            2446.509342769161
          ],
          [
            3781.3716374466894,
            2466.2590902112424
          ],
          [
            3726.807466733153,
            2492.97291780822
          ],
          [
            3656.034764021286,
            2527.622568964958
          ],
          [
            3604.880719818757,
            2552.666022270918
          ],
          [
            3523.972347603296,
            2592.277434227988
          ],
          [
            3472.532543424517,
            2617.4573720563203
          ],
          [
            3409.773007111391,
            2648.171625665389
          ],
          [
            3373.2678263447015,
            2666.0440037641674
          ],
          [
            3360.087040533079,
            2672.4932316662744
          ]
        ]
      },
      "properties": {
        "id": "lifts:way:4953680",
        "osm_type": "way",
        "osm_id": "4953680",
        "name": "Lawson T-Bar",
        "tags": {
          "name": "Lawson T-Bar",
          "aerialway": "t-bar",
          "z_order": "0",
          "aerialway:capacity": "577",
          "aerialway:duration": "3.5",
          "winter_sports_id": "178133225",
          "winter_sports_name": "Perisher",
          "State": "New South Wales",
          "Country": "Australia",
          "Ski Area": "Perisher",
          "region": "australia-oceania"
        },
        "source": "OpenStreetMap",
        "source_confidence": "osm_as_mapped",
        "coordinate_space": "local_east_m, local_north_m",
        "aerialway": "t-bar"
      }
    },
    {
      "type": "Feature",
      "geometry": {
        "type": "LineString",
        "coordinates": [
          [
            4245.214894752135,
            3225.3853094875813
          ],
          [
            4191.366582797375,
            3177.939706718549
          ],
          [
            4122.707769612083,
            3117.4508560327813
          ],
          [
            4061.246259253472,
            3063.291882753372
          ],
          [
            4029.152992819203,
            3035.022707099095
          ],
          [
            3962.1045845405897,
            2975.940492792055
          ],
          [
            3920.298630005331,
            2939.102565453388
          ],
          [
            3899.691194119863,
            2920.951063997112
          ],
          [
            3878.765776130371,
            2902.5156664755195
          ]
        ]
      },
      "properties": {
        "id": "lifts:way:4953682",
        "osm_type": "way",
        "osm_id": "4953682",
        "name": "Telemark T-Bar",
        "tags": {
          "name": "Telemark T-Bar",
          "aerialway": "t-bar",
          "z_order": "0",
          "aerialway:capacity": "680",
          "aerialway:duration": "4.2",
          "winter_sports_id": "178133225",
          "winter_sports_name": "Perisher",
          "State": "New South Wales",
          "Country": "Australia",
          "Ski Area": "Perisher",
          "region": "australia-oceania"
        },
        "source": "OpenStreetMap",
        "source_confidence": "osm_as_mapped",
        "coordinate_space": "local_east_m, local_north_m",
        "aerialway": "t-bar"
      }
    },
    {
      "type": "Feature",
      "geometry": {
        "type": "LineString",
        "coordinates": [
          [
            4156.590996848536,
            2619.163990574889
          ],
          [
            4094.14181098924,
            2655.0160215459764
          ],
          [
            3993.435753326863,
            2712.8291574530303
          ],
          [
            3868.756635085796,
            2784.4050243031234
          ],
          [
            3765.5215371908853,
            2843.672463711351
          ],
          [
            3696.1132370259147,
            2883.517353195697
          ],
          [
            3648.9244003182976,
            2910.600320227444
          ]
        ]
      },
      "properties": {
        "id": "lifts:way:4953683",
        "osm_type": "way",
        "osm_id": "4953683",
        "name": "Village 8 Express",
        "tags": {
          "name": "Village 8 Express",
          "aerialway": "chair_lift",
          "z_order": "0",
          "aerialway:bubble": "no",
          "aerialway:capacity": "4000",
          "aerialway:duration": "1.8",
          "aerialway:heating": "no",
          "aerialway:occupancy": "8",
          "winter_sports_id": "178133225",
          "winter_sports_name": "Perisher",
          "State": "New South Wales",
          "Country": "Australia",
          "Ski Area": "Perisher",
          "region": "australia-oceania"
        },
        "source": "OpenStreetMap",
        "source_confidence": "osm_as_mapped",
        "coordinate_space": "local_east_m, local_north_m",
        "aerialway": "chair_lift"
      }
    },
    {
      "type": "Feature",
      "geometry": {
        "type": "LineString",
        "coordinates": [
          [
            3884.729211268015,
            2461.2467967094854
          ],
          [
            3879.003276860807,
            2468.3759531034157
          ],
          [
            3866.9700587706175,
            2483.363938657567
          ],
          [
            3812.1502627864247,
            2551.623835356906
          ],
          [
            3756.4488528020447,
            2620.9946408513933
          ],
          [
            3716.357121852925,
            2670.931414026767
          ],
          [
            3683.0392601931235,
            2712.4144465476274
          ],
          [
            3623.556327373255,
            2786.4883617479354
          ],
          [
            3582.0092099384638,
            2838.22089413926
          ],
          [
            3573.833676856826,
            2848.4034319883212
          ],
          [
            3543.7226271453546,
            2884.136123523116
          ]
        ]
      },
      "properties": {
        "id": "lifts:way:4953684",
        "osm_type": "way",
        "osm_id": "4953684",
        "name": "Wentworth T-Bar",
        "tags": {
          "name": "Wentworth T-Bar",
          "aerialway": "t-bar",
          "z_order": "0",
          "aerialway:capacity": "632",
          "aerialway:duration": "3.5",
          "winter_sports_id": "178133225",
          "winter_sports_name": "Perisher",
          "State": "New South Wales",
          "Country": "Australia",
          "Ski Area": "Perisher",
          "region": "australia-oceania"
        },
        "source": "OpenStreetMap",
        "source_confidence": "osm_as_mapped",
        "coordinate_space": "local_east_m, local_north_m",
        "aerialway": "t-bar"
      }
    },
    {
      "type": "Feature",
      "geometry": {
        "type": "LineString",
        "coordinates": [
          [
            4177.733461716562,
            2687.4480058755726
          ],
          [
            4119.891928827041,
            2726.838944874704
          ],
          [
            4025.788287063013,
            2790.9137668395415
          ],
          [
            3966.2667122761486,
            2831.4376886598766
          ],
          [
            3864.1144650334027,
            2900.9982871543616
          ],
          [
            3846.1841814308427,
            2913.2871583336964
          ],
          [
            3836.77948962315,
            2919.737563491799
          ],
          [
            3790.9990090382053,
            2951.1280608326197
          ]
        ]
      },
      "properties": {
        "id": "lifts:way:123873026",
        "osm_type": "way",
        "osm_id": "123873026",
        "name": "Mitchell T-Bar",
        "tags": {
          "name": "Mitchell T-Bar",
          "aerialway": "t-bar",
          "z_order": "0",
          "aerialway:capacity": "716",
          "aerialway:duration": "2.5",
          "winter_sports_id": "178133225",
          "winter_sports_name": "Perisher",
          "State": "New South Wales",
          "Country": "Australia",
          "Ski Area": "Perisher",
          "region": "australia-oceania"
        },
        "source": "OpenStreetMap",
        "source_confidence": "osm_as_mapped",
        "coordinate_space": "local_east_m, local_north_m",
        "aerialway": "t-bar"
      }
    },
    {
      "type": "Feature",
      "geometry": {
        "type": "LineString",
        "coordinates": [
          [
            4083.8682333055185,
            2507.3174193082377
          ],
          [
            4048.094923901139,
            2522.974021449685
          ],
          [
            4025.7431865895633,
            2532.753676019609
          ],
          [
            3955.434875445091,
            2563.526675084606
          ],
          [
            3840.1278687147424,
            2613.99490554817
          ],
          [
            3760.5315545171034,
            2648.829429280013
          ],
          [
            3670.7475996240973,
            2688.116524340585
          ],
          [
            3532.3627368258312,
            2748.680382348597
          ],
          [
            3491.2666835967684,
            2766.6643594307825
          ],
          [
            3415.8120698141865,
            2799.68231382221
          ],
          [
            3261.0151563492836,
            2867.414699977264
          ],
          [
            3220.729074482224,
            2885.0416349601
          ],
          [
            3217.2881969410228,
            2886.5117510128766
          ],
          [
            3202.9451631143456,
            2892.6336084092036
          ],
          [
            3176.0063854277832,
            2904.141811126843
          ],
          [
            3081.006890798686,
            2944.718656932935
          ],
          [
            2997.060404457152,
            2980.574206005782
          ],
          [
            2941.5770186779555,
            3004.2670614756644
          ],
          [
            2875.886314171832,
            3032.3234291635454
          ],
          [
            2756.1816891392227,
            3083.4394159894437
          ],
          [
            2678.9721986806253,
            3116.420577770099
          ],
          [
            2674.389997210703,
            3118.372956175357
          ],
          [
            2636.475862625288,
            3134.5647996719927
          ]
        ]
      },
      "properties": {
        "id": "lifts:way:123873030",
        "osm_type": "way",
        "osm_id": "123873030",
        "name": "Perisher Quad Express Chair",
        "tags": {
          "name": "Perisher Quad Express Chair",
          "aerialway": "chair_lift",
          "z_order": "0",
          "aerialway:bubble": "no",
          "aerialway:duration": "5.3",
          "aerialway:heating": "no",
          "aerialway:occupancy": "4",
          "winter_sports_id": "178133225",
          "winter_sports_name": "Perisher",
          "State": "New South Wales",
          "Country": "Australia",
          "Ski Area": "Perisher",
          "region": "australia-oceania"
        },
        "source": "OpenStreetMap",
        "source_confidence": "osm_as_mapped",
        "coordinate_space": "local_east_m, local_north_m",
        "aerialway": "chair_lift"
      }
    },
    {
      "type": "Feature",
      "geometry": {
        "type": "LineString",
        "coordinates": [
          [
            3267.120647355565,
            4633.432722422294
          ],
          [
            3213.2888500966365,
            4570.5913115227595
          ],
          [
            3170.2442124453373,
            4520.353164995089
          ],
          [
            3097.3238387515303,
            4435.230427882634
          ],
          [
            3054.3988895650255,
            4385.112068163231
          ],
          [
            2987.6309577783104,
            4307.1669840672985
          ],
          [
            2952.4361374384025,
            4266.079021986574
          ],
          [
            2886.162829357432,
            4188.71412453521
          ],
          [
            2856.106251114048,
            4153.631858976558
          ],
          [
            2786.577198414714,
            4072.4631720827892
          ],
          [
            2741.8308195262216,
            4020.206071025692
          ],
          [
            2677.9061697265133,
            3945.579663809389
          ],
          [
            2625.296569748898,
            3884.1707526110113
          ],
          [
            2556.7661325142253,
            3804.1509836455807
          ],
          [
            2496.44852180453,
            3733.731997642666
          ],
          [
            2462.362318792613,
            3693.9354879315943
          ]
        ]
      },
      "properties": {
        "id": "lifts:way:123873031",
        "osm_type": "way",
        "osm_id": "123873031",
        "name": "Pleasant Valley Quad Chair",
        "tags": {
          "name": "Pleasant Valley Quad Chair",
          "aerialway": "chair_lift",
          "z_order": "0",
          "aerialway:capacity": "2800",
          "aerialway:duration": "4",
          "aerialway:occupancy": "4",
          "winter_sports_id": "178133225",
          "winter_sports_name": "Perisher",
          "State": "New South Wales",
          "Country": "Australia",
          "Ski Area": "Perisher",
          "region": "australia-oceania"
        },
        "source": "OpenStreetMap",
        "source_confidence": "osm_as_mapped",
        "coordinate_space": "local_east_m, local_north_m",
        "aerialway": "chair_lift"
      }
    },
    {
      "type": "Feature",
      "geometry": {
        "type": "LineString",
        "coordinates": [
          [
            3092.621213745326,
            5158.3914943840355
          ],
          [
            3066.469428950455,
            5217.354093810543
          ],
          [
            3036.5808489688206,
            5284.714451370761
          ],
          [
            2996.065800620476,
            5376.050339771435
          ],
          [
            2967.635743565159,
            5440.1161424471065
          ],
          [
            2943.2894476407673,
            5495.002325688489
          ],
          [
            2929.9690604471834,
            5525.019471246749
          ],
          [
            2900.7476413268596,
            5590.893901801668
          ],
          [
            2873.4718227426056,
            5652.357396077365
          ],
          [
            2846.2047272610944,
            5713.83175219968
          ]
        ]
      },
      "properties": {
        "id": "lifts:way:123873036",
        "osm_type": "way",
        "osm_id": "123873036",
        "name": "Summit Quad Chair",
        "tags": {
          "name": "Summit Quad Chair",
          "aerialway": "chair_lift",
          "z_order": "0",
          "aerialway:capacity": "2118",
          "aerialway:duration": "4.3",
          "aerialway:occupancy": "4",
          "winter_sports_id": "178133225",
          "winter_sports_name": "Perisher",
          "State": "New South Wales",
          "Country": "Australia",
          "Ski Area": "Perisher",
          "region": "australia-oceania"
        },
        "source": "OpenStreetMap",
        "source_confidence": "osm_as_mapped",
        "coordinate_space": "local_east_m, local_north_m",
        "aerialway": "chair_lift"
      }
    },
    {
      "type": "Feature",
      "geometry": {
        "type": "LineString",
        "coordinates": [
          [
            1443.9761254885234,
            5097.804183185101
          ],
          [
            1977.5614440778736,
            5299.104287710041
          ],
          [
            2050.971753496211,
            5326.799228394404
          ],
          [
            2092.2475956982234,
            5342.161950502545
          ]
        ]
      },
      "properties": {
        "id": "lifts:way:128595236",
        "osm_type": "way",
        "osm_id": "128595236",
        "name": "Blue Cow T-Bar",
        "tags": {
          "name": "Blue Cow T-Bar",
          "aerialway": "t-bar",
          "z_order": "0",
          "aerialway:capacity": "1154",
          "winter_sports_id": "178133225",
          "winter_sports_name": "Perisher",
          "State": "New South Wales",
          "Country": "Australia",
          "Ski Area": "Perisher",
          "region": "australia-oceania"
        },
        "source": "OpenStreetMap",
        "source_confidence": "osm_as_mapped",
        "coordinate_space": "local_east_m, local_north_m",
        "aerialway": "t-bar"
      }
    },
    {
      "type": "Feature",
      "geometry": {
        "type": "LineString",
        "coordinates": [
          [
            5603.747439459548,
            4052.6972023146227
          ],
          [
            5561.630392906489,
            4067.9320539887995
          ],
          [
            5471.444097779342,
            4100.55272519961
          ],
          [
            5365.757522720378,
            4138.782301837578
          ],
          [
            5269.082591580227,
            4173.748854741454
          ],
          [
            5167.463261458208,
            4210.495788535103
          ],
          [
            5108.9345394778065,
            4231.661937868223
          ],
          [
            5039.403045602958,
            4256.817435704172
          ],
          [
            4978.071638969122,
            4278.989195990376
          ],
          [
            4969.871004256187,
            4281.961270332336
          ],
          [
            4965.757149859797,
            4283.441955612041
          ],
          [
            4931.196283789817,
            4295.944052809849
          ]
        ]
      },
      "properties": {
        "id": "lifts:way:128595237",
        "osm_type": "way",
        "osm_id": "128595237",
        "name": "Burke T-Bar",
        "tags": {
          "name": "Burke T-Bar",
          "aerialway": "t-bar",
          "z_order": "0",
          "aerialway:capacity": "880",
          "aerialway:duration": "3.4",
          "winter_sports_id": "178133225",
          "winter_sports_name": "Perisher",
          "State": "New South Wales",
          "Country": "Australia",
          "Ski Area": "Perisher",
          "region": "australia-oceania"
        },
        "source": "OpenStreetMap",
        "source_confidence": "osm_as_mapped",
        "coordinate_space": "local_east_m, local_north_m",
        "aerialway": "t-bar"
      }
    },
    {
      "type": "Feature",
      "geometry": {
        "type": "LineString",
        "coordinates": [
          [
            5662.528313510586,
            4047.5348847527057
          ],
          [
            5621.73612724198,
            4080.7919622296467
          ],
          [
            5577.903179178713,
            4116.52367441915
          ],
          [
            5507.193574914825,
            4174.166227368638
          ],
          [
            5458.2361708818935,
            4214.078288525343
          ],
          [
            5339.213533135946,
            4311.100132714957
          ],
          [
            5280.627704955405,
            4358.864451928064
          ]
        ]
      },
      "properties": {
        "id": "lifts:way:128595238",
        "osm_type": "way",
        "osm_id": "128595238",
        "name": "Kaaten Triple Chair",
        "tags": {
          "name": "Kaaten Triple Chair",
          "aerialway": "chair_lift",
          "z_order": "0",
          "aerialway:capacity": "1952",
          "aerialway:duration": "4.3",
          "aerialway:occupancy": "3",
          "winter_sports_id": "178133225",
          "winter_sports_name": "Perisher",
          "State": "New South Wales",
          "Country": "Australia",
          "Ski Area": "Perisher",
          "region": "australia-oceania"
        },
        "source": "OpenStreetMap",
        "source_confidence": "osm_as_mapped",
        "coordinate_space": "local_east_m, local_north_m",
        "aerialway": "chair_lift"
      }
    },
    {
      "type": "Feature",
      "geometry": {
        "type": "LineString",
        "coordinates": [
          [
            5719.452549647889,
            4157.705504578538
          ],
          [
            5712.230378057691,
            4205.6122657153755
          ],
          [
            5700.881732254988,
            4280.853073191829
          ],
          [
            5682.662197027588,
            4401.709664957598
          ],
          [
            5672.6208377208095,
            4468.320864694193
          ]
        ]
      },
      "properties": {
        "id": "lifts:way:128595240",
        "osm_type": "way",
        "osm_id": "128595240",
        "name": "Captain Cook J-Bar",
        "tags": {
          "name": "Captain Cook J-Bar",
          "aerialway": "j-bar",
          "z_order": "0",
          "aerialway:capacity": "564",
          "aerialway:duration": "2.2",
          "winter_sports_id": "178133225",
          "winter_sports_name": "Perisher",
          "State": "New South Wales",
          "Country": "Australia",
          "Ski Area": "Perisher",
          "region": "australia-oceania"
        },
        "source": "OpenStreetMap",
        "source_confidence": "osm_as_mapped",
        "coordinate_space": "local_east_m, local_north_m",
        "aerialway": "j-bar"
      }
    },
    {
      "type": "Feature",
      "geometry": {
        "type": "LineString",
        "coordinates": [
          [
            5502.8756086832145,
            3990.375372832641
          ],
          [
            5460.9200093670515,
            3987.355050843209
          ],
          [
            5412.884932333371,
            3983.902687544003
          ],
          [
            5293.107284974423,
            3975.2937925457954
          ],
          [
            5210.247309390921,
            3969.335310606286
          ],
          [
            5159.706957871909,
            3965.6965260412544
          ],
          [
            5085.908212210517,
            3960.3912859726697
          ],
          [
            5031.45275532105,
            3956.4764766925946
          ],
          [
            4943.860720609548,
            3950.174499168992
          ],
          [
            4899.87609686947,
            3947.003759389743
          ],
          [
            4884.879354351899,
            3945.9258298650384
          ]
        ]
      },
      "properties": {
        "id": "lifts:way:128595241",
        "osm_type": "way",
        "osm_id": "128595241",
        "name": "Link T-Bar",
        "tags": {
          "name": "Link T-Bar",
          "aerialway": "t-bar",
          "z_order": "0",
          "aerialway:capacity": "602",
          "aerialway:duration": "5",
          "winter_sports_id": "178133225",
          "winter_sports_name": "Perisher",
          "State": "New South Wales",
          "Country": "Australia",
          "Ski Area": "Perisher",
          "region": "australia-oceania"
        },
        "source": "OpenStreetMap",
        "source_confidence": "osm_as_mapped",
        "coordinate_space": "local_east_m, local_north_m",
        "aerialway": "t-bar"
      }
    },
    {
      "type": "Feature",
      "geometry": {
        "type": "LineString",
        "coordinates": [
          [
            5734.90470737475,
            4144.040266534314
          ],
          [
            5744.318143825163,
            4252.860284656286
          ],
          [
            5751.93502854777,
            4340.880332474597
          ],
          [
            5757.811286371434,
            4408.854095313698
          ],
          [
            5761.045786948409,
            4446.198570020497
          ],
          [
            5761.272518913494,
            4448.791596770287
          ],
          [
            5764.165130664944,
            4483.034345814027
          ]
        ]
      },
      "properties": {
        "id": "lifts:way:128595242",
        "osm_type": "way",
        "osm_id": "128595242",
        "name": "Scott J-Bar",
        "tags": {
          "name": "Scott J-Bar",
          "aerialway": "j-bar",
          "z_order": "0",
          "aerialway:capacity": "561",
          "aerialway:duration": "2.3",
          "winter_sports_id": "178133225",
          "winter_sports_name": "Perisher",
          "State": "New South Wales",
          "Country": "Australia",
          "Ski Area": "Perisher",
          "region": "australia-oceania"
        },
        "source": "OpenStreetMap",
        "source_confidence": "osm_as_mapped",
        "coordinate_space": "local_east_m, local_north_m",
        "aerialway": "j-bar"
      }
    },
    {
      "type": "Feature",
      "geometry": {
        "type": "LineString",
        "coordinates": [
          [
            4328.141473277821,
            3176.9722825065255
          ],
          [
            4364.443992116954,
            3219.403366319835
          ],
          [
            4408.202573188464,
            3270.5350934416056
          ],
          [
            4453.905627838569,
            3323.946033358574
          ],
          [
            4502.803297137492,
            3381.0824675550684
          ],
          [
            4547.29377534322,
            3433.0793802700937
          ],
          [
            4602.608661101898,
            3497.721762754023
          ],
          [
            4641.286714783637,
            3542.924146900885
          ],
          [
            4689.566236400162,
            3599.3363625910133
          ],
          [
            4746.69949352683,
            3666.103775789961
          ],
          [
            4779.263880009414,
            3704.149862483144
          ],
          [
            4794.4269290132215,
            3722.7010826263577
          ]
        ]
      },
      "properties": {
        "id": "lifts:way:128595243",
        "osm_type": "way",
        "osm_id": "128595243",
        "name": "Piper T-Bar",
        "tags": {
          "name": "Piper T-Bar",
          "aerialway": "t-bar",
          "z_order": "0",
          "aerialway:bubble": "4",
          "aerialway:capacity": "871",
          "aerialway:duration": "6.2",
          "winter_sports_id": "178133225",
          "winter_sports_name": "Perisher",
          "State": "New South Wales",
          "Country": "Australia",
          "Ski Area": "Perisher",
          "region": "australia-oceania"
        },
        "source": "OpenStreetMap",
        "source_confidence": "osm_as_mapped",
        "coordinate_space": "local_east_m, local_north_m",
        "aerialway": "t-bar"
      }
    },
    {
      "type": "Feature",
      "geometry": {
        "type": "LineString",
        "coordinates": [
          [
            4057.012665045215,
            2560.6242978451774
          ],
          [
            3996.1649389084196,
            2602.343999877572
          ],
          [
            3957.109126337804,
            2629.121472625062
          ],
          [
            3915.3978907561395,
            2657.723862050101
          ],
          [
            3894.0848008070607,
            2672.336773732677
          ],
          [
            3858.633864381234,
            2696.642388889566
          ],
          [
            3801.4876140815904,
            2735.832381542772
          ],
          [
            3742.8842463595793,
            2776.008502420038
          ],
          [
            3714.7147297557676,
            2795.3254267480224
          ],
          [
            3675.347459074226,
            2821.7732161376625
          ],
          [
            3669.786928533227,
            2825.5045669339597
          ],
          [
            3607.5197790503735,
            2867.319690243341
          ]
        ]
      },
      "properties": {
        "id": "lifts:way:166821250",
        "osm_type": "way",
        "osm_id": "166821250",
        "name": "Sturt T-Bar",
        "tags": {
          "name": "Sturt T-Bar",
          "aerialway": "t-bar",
          "z_order": "0",
          "aerialway:capacity": "638",
          "aerialway:duration": "3.1",
          "winter_sports_id": "178133225",
          "winter_sports_name": "Perisher",
          "State": "New South Wales",
          "Country": "Australia",
          "Ski Area": "Perisher",
          "region": "australia-oceania"
        },
        "source": "OpenStreetMap",
        "source_confidence": "osm_as_mapped",
        "coordinate_space": "local_east_m, local_north_m",
        "aerialway": "t-bar"
      }
    },
    {
      "type": "Feature",
      "geometry": {
        "type": "LineString",
        "coordinates": [
          [
            797.097439480829,
            4934.84172014147
          ],
          [
            1304.986071203486,
            5089.480689546093
          ],
          [
            1344.0025884046918,
            5101.361875129864
          ]
        ]
      },
      "properties": {
        "id": "lifts:way:168808589",
        "osm_type": "way",
        "osm_id": "168808589",
        "name": "Blue Calf T-Bar",
        "tags": {
          "name": "Blue Calf T-Bar",
          "aerialway": "t-bar",
          "z_order": "0",
          "aerialway:capacity": "770",
          "winter_sports_id": "178133225",
          "winter_sports_name": "Perisher",
          "State": "New South Wales",
          "Country": "Australia",
          "Ski Area": "Perisher",
          "region": "australia-oceania"
        },
        "source": "OpenStreetMap",
        "source_confidence": "osm_as_mapped",
        "coordinate_space": "local_east_m, local_north_m",
        "aerialway": "t-bar"
      }
    },
    {
      "type": "Feature",
      "geometry": {
        "type": "LineString",
        "coordinates": [
          [
            1135.6257742348826,
            5672.372145144269
          ],
          [
            1147.4944492459763,
            5647.704486116767
          ],
          [
            1167.5279681996908,
            5606.055502452888
          ],
          [
            1205.0587044804124,
            5528.030534930527
          ],
          [
            1232.5855154653545,
            5470.807599641383
          ],
          [
            1291.027489646105,
            5349.311887158081
          ],
          [
            1345.9560989427846,
            5235.100026510656
          ],
          [
            1365.4300163704902,
            5194.612388313748
          ],
          [
            1391.9876270845998,
            5139.4109317064285
          ]
        ]
      },
      "properties": {
        "id": "lifts:way:168808591",
        "osm_type": "way",
        "osm_id": "168808591",
        "name": "Car Park Double Chair",
        "tags": {
          "name": "Car Park Double Chair",
          "aerialway": "chair_lift",
          "z_order": "0",
          "aerialway:capacity": "1000",
          "aerialway:occupancy": "2",
          "winter_sports_id": "178133225",
          "winter_sports_name": "Perisher",
          "State": "New South Wales",
          "Country": "Australia",
          "Ski Area": "Perisher",
          "region": "australia-oceania"
        },
        "source": "OpenStreetMap",
        "source_confidence": "osm_as_mapped",
        "coordinate_space": "local_east_m, local_north_m",
        "aerialway": "chair_lift"
      }
    },
    {
      "type": "Feature",
      "geometry": {
        "type": "LineString",
        "coordinates": [
          [
            2800.7289955166634,
            4979.702426854521
          ],
          [
            2774.1030102707446,
            4953.712948456407
          ],
          [
            2736.0385687485104,
            4916.537832109258
          ],
          [
            2681.4134392427513,
            4863.213496930897
          ],
          [
            2624.4228328249883,
            4807.559619476087
          ],
          [
            2582.7110989369685,
            4766.841541306116
          ]
        ]
      },
      "properties": {
        "id": "lifts:way:168808593",
        "osm_type": "way",
        "osm_id": "168808593",
        "name": "Early Starter Double Chair",
        "tags": {
          "name": "Early Starter Double Chair",
          "aerialway": "chair_lift",
          "z_order": "0",
          "aerialway:capacity": "1200",
          "aerialway:duration": "2.1",
          "aerialway:occupancy": "2",
          "winter_sports_id": "178133225",
          "winter_sports_name": "Perisher",
          "State": "New South Wales",
          "Country": "Australia",
          "Ski Area": "Perisher",
          "region": "australia-oceania"
        },
        "source": "OpenStreetMap",
        "source_confidence": "osm_as_mapped",
        "coordinate_space": "local_east_m, local_north_m",
        "aerialway": "chair_lift"
      }
    },
    {
      "type": "Feature",
      "geometry": {
        "type": "LineString",
        "coordinates": [
          [
            2500.778437434812,
            2541.914481168613
          ],
          [
            2506.3915984451305,
            2548.657282911241
          ],
          [
            2577.674127444392,
            2634.2296147691086
          ],
          [
            2638.8360308881383,
            2707.664758171886
          ],
          [
            2658.6057726279832,
            2731.390074070543
          ],
          [
            2638.812791129574,
            2826.6199521850795
          ],
          [
            2636.3471810816554,
            2838.494432971813
          ],
          [
            2630.685713284416,
            2865.7157245324925
          ]
        ]
      },
      "properties": {
        "id": "lifts:way:172509197",
        "osm_type": "way",
        "osm_id": "172509197",
        "name": "Olympic T-Bar",
        "tags": {
          "name": "Olympic T-Bar",
          "aerialway": "t-bar",
          "z_order": "0",
          "aerialway:capacity": "503",
          "aerialway:duration": "3.1",
          "aerialway:occupancy": "2",
          "winter_sports_id": "178133225",
          "winter_sports_name": "Perisher",
          "State": "New South Wales",
          "Country": "Australia",
          "Ski Area": "Perisher",
          "region": "australia-oceania"
        },
        "source": "OpenStreetMap",
        "source_confidence": "osm_as_mapped",
        "coordinate_space": "local_east_m, local_north_m",
        "aerialway": "t-bar"
      }
    },
    {
      "type": "Feature",
      "geometry": {
        "type": "LineString",
        "coordinates": [
          [
            3532.9266081007663,
            2248.8397583262995
          ],
          [
            3604.7733166008256,
            2460.18612777628
          ]
        ]
      },
      "properties": {
        "id": "lifts:way:178133222",
        "osm_type": "way",
        "osm_id": "178133222",
        "name": "Home Rope Tow",
        "tags": {
          "name": "Home Rope Tow",
          "aerialway": "rope_tow",
          "z_order": "0",
          "aerialway:capacity": "626",
          "winter_sports_id": "178133225",
          "winter_sports_name": "Perisher",
          "State": "New South Wales",
          "Country": "Australia",
          "Ski Area": "Perisher",
          "region": "australia-oceania"
        },
        "source": "OpenStreetMap",
        "source_confidence": "osm_as_mapped",
        "coordinate_space": "local_east_m, local_north_m",
        "aerialway": "rope_tow"
      }
    },
    {
      "type": "Feature",
      "geometry": {
        "type": "LineString",
        "coordinates": [
          [
            5660.323299938464,
            4088.943097250536
          ],
          [
            5627.589562807581,
            4118.142176192254
          ],
          [
            5596.281086193514,
            4146.066267417744
          ],
          [
            5534.345458053751,
            4201.315957013518
          ],
          [
            5503.523452981026,
            4228.810870349407
          ],
          [
            5440.37358829577,
            4285.142928340472
          ],
          [
            5375.159756286419,
            4343.313497122377
          ],
          [
            5296.698291237699,
            4413.29580520466
          ],
          [
            5252.185156396823,
            4452.996877228841
          ],
          [
            5236.317328496138,
            4467.155520197004
          ],
          [
            5214.888462209841,
            4486.266971733421
          ]
        ]
      },
      "properties": {
        "id": "lifts:way:178133223",
        "osm_type": "way",
        "osm_id": "178133223",
        "name": "Hume T-Bar",
        "tags": {
          "name": "Hume T-Bar",
          "aerialway": "t-bar",
          "z_order": "0",
          "aerialway:capacity": "660",
          "aerialway:duration": "5",
          "winter_sports_id": "178133225",
          "winter_sports_name": "Perisher",
          "State": "New South Wales",
          "Country": "Australia",
          "Ski Area": "Perisher",
          "region": "australia-oceania"
        },
        "source": "OpenStreetMap",
        "source_confidence": "osm_as_mapped",
        "coordinate_space": "local_east_m, local_north_m",
        "aerialway": "t-bar"
      }
    },
    {
      "type": "Feature",
      "geometry": {
        "type": "LineString",
        "coordinates": [
          [
            4090.574232885032,
            4015.040644137189
          ],
          [
            4083.536279980326,
            4017.7729994710535
          ],
          [
            3982.256996635231,
            4057.0862129125744
          ],
          [
            3881.217697984772,
            4096.305941526778
          ],
          [
            3792.4428092733724,
            4130.752350900322
          ],
          [
            3756.788305755239,
            4144.5971093177795
          ],
          [
            3667.0581241481705,
            4179.422247228213
          ],
          [
            3611.5639905967982,
            4200.955636097118
          ],
          [
            3595.61419104971,
            4207.145793367177
          ],
          [
            3533.1898652423406,
            4231.464514244348
          ]
        ]
      },
      "properties": {
        "id": "lifts:way:178133224",
        "osm_type": "way",
        "osm_id": "178133224",
        "name": "North Perisher T-Bar",
        "tags": {
          "name": "North Perisher T-Bar",
          "aerialway": "t-bar",
          "z_order": "0",
          "aerialway:capacity": "882",
          "aerialway:duration": "3.5",
          "aerialway:occupancy": "2",
          "winter_sports_id": "178133225",
          "winter_sports_name": "Perisher",
          "State": "New South Wales",
          "Country": "Australia",
          "Ski Area": "Perisher",
          "region": "australia-oceania"
        },
        "source": "OpenStreetMap",
        "source_confidence": "osm_as_mapped",
        "coordinate_space": "local_east_m, local_north_m",
        "aerialway": "t-bar"
      }
    },
    {
      "type": "Feature",
      "geometry": {
        "type": "LineString",
        "coordinates": [
          [
            4174.564386576065,
            2704.4372613485903
          ],
          [
            4132.951994506293,
            2769.266332118772
          ],
          [
            4113.000446849735,
            2800.3368312139064
          ],
          [
            4101.862666486413,
            2817.686510723084
          ]
        ]
      },
      "properties": {
        "id": "lifts:way:258821592",
        "osm_type": "way",
        "osm_id": "258821592",
        "name": "Tom Thumb J-Bar",
        "tags": {
          "name": "Tom Thumb J-Bar",
          "aerialway": "j-bar",
          "z_order": "0",
          "aerialway:capacity": "471",
          "demolished": "yes",
          "winter_sports_id": "178133225",
          "winter_sports_name": "Perisher",
          "State": "New South Wales",
          "Country": "Australia",
          "Ski Area": "Perisher",
          "region": "australia-oceania"
        },
        "source": "OpenStreetMap",
        "source_confidence": "osm_as_mapped",
        "coordinate_space": "local_east_m, local_north_m",
        "aerialway": "j-bar"
      }
    },
    {
      "type": "Feature",
      "geometry": {
        "type": "LineString",
        "coordinates": [
          [
            4183.802153914934,
            2720.3576010446995
          ],
          [
            4178.003376540728,
            2753.80673988536
          ]
        ]
      },
      "properties": {
        "id": "lifts:way:258821594",
        "osm_type": "way",
        "osm_id": "258821594",
        "name": null,
        "tags": {
          "aerialway": "magic_carpet",
          "z_order": "0",
          "winter_sports_id": "178133225",
          "winter_sports_name": "Perisher",
          "State": "New South Wales",
          "Country": "Australia",
          "Ski Area": "Perisher",
          "region": "australia-oceania"
        },
        "source": "OpenStreetMap",
        "source_confidence": "osm_as_mapped",
        "coordinate_space": "local_east_m, local_north_m",
        "aerialway": "magic_carpet"
      }
    },
    {
      "type": "Feature",
      "geometry": {
        "type": "LineString",
        "coordinates": [
          [
            4159.760508144507,
            2709.0362877389416
          ],
          [
            4100.460831116885,
            2749.935194225982
          ]
        ]
      },
      "properties": {
        "id": "lifts:way:258821596",
        "osm_type": "way",
        "osm_id": "258821596",
        "name": null,
        "tags": {
          "aerialway": "magic_carpet",
          "z_order": "0",
          "winter_sports_id": "178133225",
          "winter_sports_name": "Perisher",
          "State": "New South Wales",
          "Country": "Australia",
          "Ski Area": "Perisher",
          "region": "australia-oceania"
        },
        "source": "OpenStreetMap",
        "source_confidence": "osm_as_mapped",
        "coordinate_space": "local_east_m, local_north_m",
        "aerialway": "magic_carpet"
      }
    },
    {
      "type": "Feature",
      "geometry": {
        "type": "LineString",
        "coordinates": [
          [
            4153.512971013435,
            2697.03336744383
          ],
          [
            4104.135026750737,
            2729.443491061218
          ]
        ]
      },
      "properties": {
        "id": "lifts:way:258821597",
        "osm_type": "way",
        "osm_id": "258821597",
        "name": "Conveyor No. 3",
        "tags": {
          "name": "Conveyor No. 3",
          "aerialway": "magic_carpet",
          "z_order": "0",
          "winter_sports_id": "178133225",
          "winter_sports_name": "Perisher",
          "State": "New South Wales",
          "Country": "Australia",
          "Ski Area": "Perisher",
          "region": "australia-oceania"
        },
        "source": "OpenStreetMap",
        "source_confidence": "osm_as_mapped",
        "coordinate_space": "local_east_m, local_north_m",
        "aerialway": "magic_carpet"
      }
    },
    {
      "type": "Feature",
      "geometry": {
        "type": "LineString",
        "coordinates": [
          [
            3879.280724148266,
            2457.875498626381
          ],
          [
            3874.2222200956894,
            2464.0296079870313
          ],
          [
            3862.139961097273,
            2478.729816865176
          ],
          [
            3805.8261942530517,
            2547.255550082773
          ],
          [
            3749.6876355090644,
            2615.5564104747027
          ],
          [
            3708.4866923965747,
            2665.697922838852
          ],
          [
            3675.1376437548315,
            2706.271542964503
          ],
          [
            3613.9382692909567,
            2780.7365223448724
          ],
          [
            3572.3477715105982,
            2831.3378926645964
          ],
          [
            3564.918020087178,
            2840.3778326259926
          ],
          [
            3534.617158293957,
            2877.2449978636578
          ]
        ]
      },
      "properties": {
        "id": "lifts:way:258821599",
        "osm_type": "way",
        "osm_id": "258821599",
        "name": "Blaxland T-Bar",
        "tags": {
          "name": "Blaxland T-Bar",
          "aerialway": "t-bar",
          "z_order": "0",
          "aerialway:capacity": "632",
          "winter_sports_id": "178133225",
          "winter_sports_name": "Perisher",
          "State": "New South Wales",
          "Country": "Australia",
          "Ski Area": "Perisher",
          "region": "australia-oceania"
        },
        "source": "OpenStreetMap",
        "source_confidence": "osm_as_mapped",
        "coordinate_space": "local_east_m, local_north_m",
        "aerialway": "t-bar"
      }
    },
    {
      "type": "Feature",
      "geometry": {
        "type": "LineString",
        "coordinates": [
          [
            5560.905189503566,
            3993.291341530159
          ],
          [
            5540.825623531826,
            3953.5769175700843
          ]
        ]
      },
      "properties": {
        "id": "lifts:way:258824191",
        "osm_type": "way",
        "osm_id": "258824191",
        "name": null,
        "tags": {
          "aerialway": "magic_carpet",
          "z_order": "0",
          "winter_sports_id": "178133225",
          "winter_sports_name": "Perisher",
          "State": "New South Wales",
          "Country": "Australia",
          "Ski Area": "Perisher",
          "region": "australia-oceania"
        },
        "source": "OpenStreetMap",
        "source_confidence": "osm_as_mapped",
        "coordinate_space": "local_east_m, local_north_m",
        "aerialway": "magic_carpet"
      }
    },
    {
      "type": "Feature",
      "geometry": {
        "type": "LineString",
        "coordinates": [
          [
            5671.058348732186,
            4022.5657111108303
          ],
          [
            5629.192441953695,
            4038.9955207547173
          ]
        ]
      },
      "properties": {
        "id": "lifts:way:258824192",
        "osm_type": "way",
        "osm_id": "258824192",
        "name": null,
        "tags": {
          "aerialway": "magic_carpet",
          "z_order": "0",
          "winter_sports_id": "178133225",
          "winter_sports_name": "Perisher",
          "State": "New South Wales",
          "Country": "Australia",
          "Ski Area": "Perisher",
          "region": "australia-oceania"
        },
        "source": "OpenStreetMap",
        "source_confidence": "osm_as_mapped",
        "coordinate_space": "local_east_m, local_north_m",
        "aerialway": "magic_carpet"
      }
    },
    {
      "type": "Feature",
      "geometry": {
        "type": "LineString",
        "coordinates": [
          [
            5604.560457059415,
            4059.1539503782988
          ],
          [
            5563.702087679412,
            4073.970779083669
          ],
          [
            5473.213740169536,
            4106.79564675875
          ],
          [
            5367.591021191096,
            4145.10196979437
          ],
          [
            5270.917495206464,
            4180.168379999697
          ],
          [
            5169.620814386406,
            4216.899487893097
          ],
          [
            5111.369601705344,
            4238.028280809522
          ],
          [
            5041.089395526913,
            4263.516576520167
          ],
          [
            4980.365718750982,
            4285.53517312184
          ],
          [
            4970.80879553908,
            4289.004289854318
          ],
          [
            4933.937153859297,
            4302.372521614656
          ]
        ]
      },
      "properties": {
        "id": "lifts:way:258824193",
        "osm_type": "way",
        "osm_id": "258824193",
        "name": "Wills T-Bar",
        "tags": {
          "name": "Wills T-Bar",
          "aerialway": "t-bar",
          "z_order": "0",
          "aerialway:capacity": "880",
          "aerialway:duration": "3.4",
          "winter_sports_id": "178133225",
          "winter_sports_name": "Perisher",
          "State": "New South Wales",
          "Country": "Australia",
          "Ski Area": "Perisher",
          "region": "australia-oceania"
        },
        "source": "OpenStreetMap",
        "source_confidence": "osm_as_mapped",
        "coordinate_space": "local_east_m, local_north_m",
        "aerialway": "t-bar"
      }
    },
    {
      "type": "Feature",
      "geometry": {
        "type": "LineString",
        "coordinates": [
          [
            1375.5564138476038,
            4828.674854863435
          ],
          [
            1445.8514811651548,
            4876.1135120764375
          ],
          [
            1535.9769618069986,
            4936.926621995866
          ],
          [
            1629.0299650253728,
            4999.727421949618
          ],
          [
            1725.3272605973762,
            5064.699909470975
          ],
          [
            1826.04715032049,
            5132.67035163939
          ],
          [
            1916.5766789048212,
            5193.751293373294
          ],
          [
            1933.29122044635,
            5205.02868072968
          ],
          [
            2042.0807873347076,
            5276.797701001167
          ]
        ]
      },
      "properties": {
        "id": "lifts:way:289715035",
        "osm_type": "way",
        "osm_id": "289715035",
        "name": "Freedom Quad Chair",
        "tags": {
          "name": "Freedom Quad Chair",
          "aerialway": "chair_lift",
          "z_order": "0",
          "aerialway:bubble": "no",
          "aerialway:capacity": "2400",
          "aerialway:heating": "no",
          "aerialway:occupancy": "4",
          "winter_sports_id": "178133225",
          "winter_sports_name": "Perisher",
          "State": "New South Wales",
          "Country": "Australia",
          "Ski Area": "Perisher",
          "region": "australia-oceania"
        },
        "source": "OpenStreetMap",
        "source_confidence": "osm_as_mapped",
        "coordinate_space": "local_east_m, local_north_m",
        "aerialway": "chair_lift"
      }
    },
    {
      "type": "Feature",
      "geometry": {
        "type": "LineString",
        "coordinates": [
          [
            631.8090206292691,
            5008.842612024397
          ],
          [
            637.0207168543711,
            5011.32058862038
          ]
        ]
      },
      "properties": {
        "id": "lifts:way:678039293",
        "osm_type": "way",
        "osm_id": "678039293",
        "name": "Illawong Flying Fox",
        "tags": {
          "name": "Illawong Flying Fox",
          "aerialway": "zip_line",
          "z_order": "0",
          "historic": "yes",
          "start_date": "1979",
          "winter_sports_id": "178133225",
          "winter_sports_name": "Perisher",
          "State": "New South Wales",
          "Country": "Australia",
          "Ski Area": "Perisher",
          "region": "australia-oceania"
        },
        "source": "OpenStreetMap",
        "source_confidence": "osm_as_mapped",
        "coordinate_space": "local_east_m, local_north_m",
        "aerialway": "zip_line"
      }
    },
    {
      "type": "Feature",
      "geometry": {
        "type": "LineString",
        "coordinates": [
          [
            2576.8054353296757,
            4471.0772100016475
          ],
          [
            2675.1303997098003,
            4565.146724274382
          ]
        ]
      },
      "properties": {
        "id": "lifts:way:709651216",
        "osm_type": "way",
        "osm_id": "709651216",
        "name": "Pony Ride Conveyor",
        "tags": {
          "name": "Pony Ride Conveyor",
          "aerialway": "magic_carpet",
          "z_order": "0",
          "aerialway:duration": "2.5",
          "aerialway:heating": "no",
          "winter_sports_id": "178133225",
          "winter_sports_name": "Perisher",
          "State": "New South Wales",
          "Country": "Australia",
          "Ski Area": "Perisher",
          "region": "australia-oceania"
        },
        "source": "OpenStreetMap",
        "source_confidence": "osm_as_mapped",
        "coordinate_space": "local_east_m, local_north_m",
        "aerialway": "magic_carpet"
      }
    },
    {
      "type": "Feature",
      "geometry": {
        "type": "LineString",
        "coordinates": [
          [
            3348.9232052012812,
            2061.01338112168
          ],
          [
            2072.1658031013794,
            2175.3751544635743
          ]
        ]
      },
      "properties": {
        "id": "lifts:way:1352276957",
        "osm_type": "way",
        "osm_id": "1352276957",
        "name": "Mt Perisher 6",
        "tags": {
          "name": "Mt Perisher 6",
          "aerialway": "chair_lift",
          "z_order": "0",
          "aerialway:bubble": "no",
          "aerialway:capacity": "3000",
          "aerialway:duration": "5.5",
          "aerialway:heating": "no",
          "aerialway:occupancy": "6",
          "construction:aerialway": "yes",
          "opening_date": "2025",
          "winter_sports_id": "178133225",
          "winter_sports_name": "Perisher",
          "State": "New South Wales",
          "Country": "Australia",
          "Ski Area": "Perisher",
          "region": "australia-oceania"
        },
        "source": "OpenStreetMap",
        "source_confidence": "osm_as_mapped",
        "coordinate_space": "local_east_m, local_north_m",
        "aerialway": "chair_lift"
      }
    },
    {
      "type": "Feature",
      "geometry": {
        "type": "LineString",
        "coordinates": [
          [
            4189.457495274255,
            2611.4161960855126
          ],
          [
            4176.59711611073,
            2600.464137710631
          ]
        ]
      },
      "properties": {
        "id": "lifts:way:1391280305",
        "osm_type": "way",
        "osm_id": "1391280305",
        "name": "Conveyor No. 5",
        "tags": {
          "name": "Conveyor No. 5",
          "aerialway": "magic_carpet",
          "z_order": "0",
          "winter_sports_id": "178133225",
          "winter_sports_name": "Perisher",
          "State": "New South Wales",
          "Country": "Australia",
          "Ski Area": "Perisher",
          "region": "australia-oceania"
        },
        "source": "OpenStreetMap",
        "source_confidence": "osm_as_mapped",
        "coordinate_space": "local_east_m, local_north_m",
        "aerialway": "magic_carpet"
      }
    }
  ]
}