{
  "type": "FeatureCollection",
  "coordinate_system": {
    "kind": "local_game_meters",
    "not_wgs84": true,
    "axes": {
      "geojson_x": "local_east_m",
      "geojson_y": "local_north_m"
    },
    "game_axes": {
      "x": "east_m",
      "y": "elevation_m",
      "z": "negative_north_m"
    },
    "local_origin": {
      "easting_m": 622275.3519675976,
      "northing_m": 5967597.845997158,
      "longitude": 148.36408010178278,
      "latitude": -36.42904674164383
    },
    "projected_crs": "EPSG:32755",
    "note": "This is not RFC 7946 WGS84 GeoJSON. Convert X,Y to game X,Z via game_axes."
  },
  "attribution": "\u00a9 OpenStreetMap contributors (ODbL)",
  "layer": "piste-trails",
  "features": [
    {
      "type": "Feature",
      "geometry": {
        "type": "LineString",
        "coordinates": [
          [
            2449.889762964449,
            2442.4445971250534
          ],
          [
            2457.889762964449,
            2456.3010035856046
          ],
          [
            2465.889762964449,
            2470.1574100461557
          ]
        ]
      },
      "properties": {
        "id": "pistes:nan:nan",
        "name": "Sun Valley Rider X",
        "piste_type": "downhill",
        "tags": {
          "osm_way_id": "705711277",
          "name": "Sun Valley Rider X",
          "other_tags": "\"piste:grooming\"=>\"classic\",\"piste:type\"=>\"snow_park\"",
          "State": "New South Wales",
          "Country": "Australia",
          "Ski Area": "Perisher",
          "region": "australia-oceania"
        }
      }
    },
    {
      "type": "Feature",
      "geometry": {
        "type": "LineString",
        "coordinates": [
          [
            4095.8006876569707,
            2825.7638345938176
          ],
          [
            4103.800687656971,
            2811.9074281332664
          ],
          [
            4117.657094117521,
            2803.9074281332664
          ]
        ]
      },
      "properties": {
        "id": "pistes:nan:nan",
        "name": "Tom Thumb",
        "piste_type": "downhill",
        "tags": {
          "osm_way_id": "708556971",
          "name": "Tom Thumb",
          "other_tags": "\"piste:difficulty\"=>\"novice\",\"piste:type\"=>\"playground\"",
          "State": "New South Wales",
          "Country": "Australia",
          "Ski Area": "Perisher",
          "region": "australia-oceania"
        }
      }
    },
    {
      "type": "Feature",
      "geometry": {
        "type": "LineString",
        "coordinates": [
          [
            3268.868800303666,
            4676.668736660853
          ],
          [
            3264.62819467549,
            4693.573173924349
          ],
          [
            3260.3875890473137,
            4710.4776111878455
          ],
          [
            3266.0185652241344,
            4726.7307766277345
          ],
          [
            3271.649541400955,
            4742.9839420676235
          ],
          [
            3277.2805175777758,
            4759.237107507512
          ],
          [
            3282.9114937545964,
            4775.490272947401
          ],
          [
            3288.542469931417,
            4791.74343838729
          ],
          [
            3293.442645723,
            4820.332069545984
          ],
          [
            3304.670605390989,
            4832.06560302221
          ],
          [
            3315.8985650589775,
            4843.799136498435
          ],
          [
            3327.126524726966,
            4855.53266997466
          ],
          [
            3338.354484394955,
            4867.266203450886
          ],
          [
            3349.5824440629435,
            4878.999736927111
          ],
          [
            3360.8104037309317,
            4890.733270403336
          ],
          [
            3372.0383633989204,
            4902.466803879562
          ],
          [
            3383.266323066909,
            4914.200337355787
          ],
          [
            3394.4942827348978,
            4925.933870832013
          ],
          [
            3405.7222424028864,
            4937.667404308238
          ],
          [
            3416.950202070875,
            4949.400937784463
          ],
          [
            3427.7932980067176,
            4965.228488223006
          ],
          [
            3438.6363939425596,
            4981.05603866155
          ],
          [
            3449.479489878402,
            4996.883589100093
          ],
          [
            3463.9389646046097,
            5008.801034734957
          ],
          [
            3478.3984393308174,
            5020.718480369821
          ],
          [
            3492.8579140570246,
            5032.635926004686
          ],
          [
            3507.317388783232,
            5044.553371639549
          ],
          [
            3521.77686350944,
            5056.470817274414
          ],
          [
            3532.6096236395533,
            5068.988218982238
          ],
          [
            3543.442383769667,
            5081.505620690063
          ],
          [
            3554.2751438997802,
            5094.023022397887
          ],
          [
            3565.1079040298937,
            5106.540424105711
          ],
          [
            3575.940664160007,
            5119.057825813536
          ],
          [
            3586.7734242901206,
            5131.57522752136
          ],
          [
            3604.136713539774,
            5143.505766122602
          ],
          [
            3621.5000027894275,
            5155.436304723844
          ],
          [
            3633.3023819388764,
            5167.314458598383
          ],
          [
            3645.104761088325,
            5179.192612472922
          ],
          [
            3656.907140237774,
            5191.07076634746
          ],
          [
            3668.709519387223,
            5202.948920221999
          ],
          [
            3684.798104712914,
            5212.345874371938
          ],
          [
            3700.8866900386056,
            5221.7428285218775
          ],
          [
            3723.9566029192065,
            5227.826011992525
          ],
          [
            3747.0265157998074,
            5233.909195463173
          ],
          [
            3764.779379853513,
            5246.6881315000355
          ],
          [
            3774.2834396240846,
            5260.445113343187
          ],
          [
            3783.7874993946557,
            5274.202095186338
          ],
          [
            3793.291559165227,
            5287.959077029489
          ],
          [
            3803.473185922252,
            5298.950791426003
          ],
          [
            3822.0087341975886,
            5307.54631142877
          ],
          [
            3838.5551477111876,
            5318.167930887081
          ],
          [
            3855.1015612247866,
            5328.789550345391
          ],
          [
            3870.4415684827254,
            5341.276084021665
          ],
          [
            3885.7815757406643,
            5353.762617697939
          ],
          [
            3898.06754441472,
            5366.615358531475
          ],
          [
            3910.353513088776,
            5379.468099365011
          ],
          [
            3924.862379481201,
            5401.714078344405
          ],
          [
            3933.4198912183056,
            5422.526656685397
          ],
          [
            3941.0406618255656,
            5438.1601715590805
          ],
          [
            3953.0643479653518,
            5450.855777757242
          ],
          [
            3965.088034105138,
            5463.551383955404
          ],
          [
            3970.9321964035043,
            5471.166510656476
          ],
          [
            3972.981877465849,
            5478.215583741665
          ],
          [
            3973.4435102922143,
            5486.497211822309
          ],
          [
            3972.638228462427,
            5492.189855152741
          ],
          [
            3968.865401302115,
            5495.573493568227
          ],
          [
            3959.860812347848,
            5498.88912606705
          ]
        ]
      },
      "properties": {
        "id": "pistes:way:4953671",
        "name": "Rollercoaster",
        "piste_type": "downhill",
        "tags": {
          "name": "Rollercoaster",
          "z_order": "0",
          "piste:difficulty": "intermediate",
          "piste:type": "downhill",
          "winter_sports_id": "178133225",
          "winter_sports_name": "Perisher",
          "State": "New South Wales",
          "Country": "Australia",
          "Ski Area": "Perisher",
          "region": "australia-oceania"
        }
      }
    },
    {
      "type": "Feature",
      "geometry": {
        "type": "LineString",
        "coordinates": [
          [
            2702.232933366904,
            4648.504265753552
          ],
          [
            2700.427137764287,
            4637.756622449495
          ],
          [
            2701.6864550065948,
            4626.176969093271
          ],
          [
            2710.5745375884,
            4605.49988962058
          ],
          [
            2704.2587171344785,
            4582.490264222026
          ],
          [
            2689.6945584221394,
            4573.818494248204
          ],
          [
            2675.1303997098003,
            4565.146724274382
          ],
          [
            2702.682439779979,
            4549.725891667418
          ],
          [
            2704.433857372147,
            4533.707282127014
          ],
          [
            2706.185274964315,
            4517.688672586611
          ],
          [
            2707.9366925564827,
            4501.670063046206
          ],
          [
            2709.6881101486506,
            4485.651453505802
          ],
          [
            2711.4395277408184,
            4469.632843965398
          ],
          [
            2713.1909453329863,
            4453.614234424995
          ],
          [
            2714.942362925154,
            4437.5956248845905
          ],
          [
            2716.896938958409,
            4418.874310037121
          ],
          [
            2718.851514991664,
            4400.152995189652
          ],
          [
            2720.8060910249187,
            4381.4316803421825
          ],
          [
            2722.7606670581736,
            4362.710365494713
          ],
          [
            2728.864976982819,
            4333.7851057983935
          ],
          [
            2737.6477094047004,
            4315.162147337571
          ],
          [
            2746.430441826582,
            4296.539188876748
          ],
          [
            2755.2131742484635,
            4277.916230415925
          ],
          [
            2771.4046995892713,
            4268.079246523324
          ],
          [
            2787.596224930079,
            4258.242262630723
          ],
          [
            2803.787750270887,
            4248.405278738122
          ],
          [
            2819.979275611695,
            4238.568294845521
          ],
          [
            2834.823677250184,
            4242.75874407962
          ],
          [
            2852.62941943896,
            4248.750376171805
          ],
          [
            2870.435161627736,
            4254.74200826399
          ],
          [
            2888.240903816512,
            4260.733640356176
          ],
          [
            2906.0466460052876,
            4266.725272448361
          ],
          [
            2923.8523881940637,
            4272.716904540546
          ],
          [
            2950.941575134988,
            4281.834040451795
          ],
          [
            2968.834047330136,
            4288.817804529099
          ],
          [
            2986.726519525284,
            4295.801568606403
          ],
          [
            3004.618991720432,
            4302.785332683707
          ],
          [
            3022.51146391558,
            4309.769096761011
          ],
          [
            3038.6019043051056,
            4318.371009189868
          ],
          [
            3054.692344694631,
            4326.972921618726
          ],
          [
            3070.782785084157,
            4335.574834047584
          ],
          [
            3086.8732254736824,
            4344.176746476442
          ],
          [
            3099.435419463475,
            4358.833241152887
          ],
          [
            3111.9976134532676,
            4373.489735829334
          ],
          [
            3124.55980744306,
            4388.146230505779
          ],
          [
            3138.7460888928035,
            4405.3995473608375
          ],
          [
            3152.932370342547,
            4422.6528642158955
          ],
          [
            3161.595739643497,
            4444.457630531862
          ],
          [
            3170.259108944447,
            4466.262396847829
          ],
          [
            3175.212129476946,
            4478.7174659427255
          ],
          [
            3184.5470124984276,
            4498.875897746533
          ],
          [
            3193.8818955199094,
            4519.034329550341
          ],
          [
            3204.7155679003336,
            4543.564849411137
          ],
          [
            3224.5367184428032,
            4559.931979555637
          ],
          [
            3234.039240821614,
            4569.979938564822
          ],
          [
            3233.1643868588144,
            4578.325337652117
          ],
          [
            3229.261763951974,
            4601.837780343369
          ],
          [
            3230.298959958367,
            4622.027653187513
          ],
          [
            3233.110274837236,
            4635.2571284510195
          ],
          [
            3242.2295469108503,
            4644.2343717273325
          ],
          [
            3250.066116158967,
            4651.366153627634
          ],
          [
            3255.9891901127994,
            4655.84055347275
          ]
        ]
      },
      "properties": {
        "id": "pistes:way:123873018",
        "name": "Amaroo",
        "piste_type": "downhill",
        "tags": {
          "name": "Amaroo",
          "z_order": "0",
          "piste:difficulty": "easy",
          "piste:type": "downhill",
          "winter_sports_id": "178133225",
          "winter_sports_name": "Perisher",
          "State": "New South Wales",
          "Country": "Australia",
          "Ski Area": "Perisher",
          "region": "australia-oceania"
        }
      }
    },
    {
      "type": "Feature",
      "geometry": {
        "type": "LineString",
        "coordinates": [
          [
            3443.5908916586777,
            2830.612678457983
          ],
          [
            3457.826148274238,
            2838.0802946897843
          ],
          [
            3472.0614048897987,
            2845.547910921586
          ],
          [
            3486.296661505359,
            2853.0155271533877
          ],
          [
            3509.787011162727,
            2869.029018493369
          ],
          [
            3521.0202730906894,
            2880.9987363889813
          ],
          [
            3532.2535350186517,
            2892.9684542845935
          ],
          [
            3547.4629365175497,
            2905.118907570839
          ],
          [
            3559.749666763004,
            2914.8929967470467
          ],
          [
            3573.7564563037595,
            2920.2038421127945
          ],
          [
            3601.05268992309,
            2923.4351684395224
          ],
          [
            3619.179236612981,
            2922.7665342353284
          ],
          [
            3637.3057833028724,
            2922.0979000311345
          ],
          [
            3659.9583412073553,
            2923.0332392249256
          ]
        ]
      },
      "properties": {
        "id": "pistes:way:123873019",
        "name": "Bullwheel Run",
        "piste_type": "downhill",
        "tags": {
          "name": "Bullwheel Run",
          "z_order": "0",
          "piste:difficulty": "easy",
          "piste:type": "downhill",
          "winter_sports_id": "178133225",
          "winter_sports_name": "Perisher",
          "State": "New South Wales",
          "Country": "Australia",
          "Ski Area": "Perisher",
          "region": "australia-oceania"
        }
      }
    },
    {
      "type": "Feature",
      "geometry": {
        "type": "LineString",
        "coordinates": [
          [
            3283.51259689813,
            3970.904262840748
          ],
          [
            3276.304387916345,
            3963.763416348025
          ],
          [
            3275.3859826185508,
            3954.867036576383
          ],
          [
            3281.554279955337,
            3946.5891043310985
          ],
          [
            3287.9740077452734,
            3940.8040115498006
          ],
          [
            3293.7329794140533,
            3923.478065757081
          ],
          [
            3295.772539987345,
            3908.857885187492
          ],
          [
            3293.8062748701777,
            3890.8007119800895
          ],
          [
            3292.0342902239645,
            3872.84057995677
          ],
          [
            3290.2623055777512,
            3854.8804479334503
          ],
          [
            3292.0871283711167,
            3840.918015868403
          ],
          [
            3297.9784131861525,
            3825.2988520702347
          ],
          [
            3310.2981924768537,
            3798.324490745552
          ],
          [
            3319.4317470567767,
            3785.149217349943
          ],
          [
            3328.5653016366996,
            3771.9739439543337
          ]
        ]
      },
      "properties": {
        "id": "pistes:way:123873020",
        "name": "Discovery Trails",
        "piste_type": "downhill",
        "tags": {
          "name": "Discovery Trails",
          "z_order": "0",
          "piste:difficulty": "intermediate",
          "piste:grooming": "classic",
          "piste:type": "downhill",
          "winter_sports_id": "178133225",
          "winter_sports_name": "Perisher",
          "State": "New South Wales",
          "Country": "Australia",
          "Ski Area": "Perisher",
          "region": "australia-oceania"
        }
      }
    },
    {
      "type": "Feature",
      "geometry": {
        "type": "LineString",
        "coordinates": [
          [
            2183.614396736608,
            2068.4434958286583
          ],
          [
            2187.8207548942883,
            2052.449869302412
          ],
          [
            2192.0271130519686,
            2036.4562427761655
          ],
          [
            2196.233471209649,
            2020.462616249919
          ],
          [
            2202.83658917828,
            2005.7903616277501
          ],
          [
            2209.439707146911,
            1991.1181070055814
          ],
          [
            2216.0428251155417,
            1976.4458523834123
          ],
          [
            2222.645943084173,
            1961.7735977612435
          ],
          [
            2229.249061052804,
            1947.1013431390747
          ],
          [
            2233.0505502823507,
            1928.9498931616545
          ],
          [
            2232.837633256684,
            1917.2694018837065
          ],
          [
            2228.946477354,
            1896.569420156069
          ],
          [
            2225.055321451315,
            1875.8694384284317
          ],
          [
            2221.164165548631,
            1855.1694567007944
          ]
        ]
      },
      "properties": {
        "id": "pistes:way:123873022",
        "name": "Exhibition",
        "piste_type": "downhill",
        "tags": {
          "name": "Exhibition",
          "z_order": "0",
          "piste:difficulty": "intermediate",
          "piste:grooming": "classic",
          "piste:type": "downhill",
          "winter_sports_id": "178133225",
          "winter_sports_name": "Perisher",
          "State": "New South Wales",
          "Country": "Australia",
          "Ski Area": "Perisher",
          "region": "australia-oceania"
        }
      }
    },
    {
      "type": "Feature",
      "geometry": {
        "type": "LineString",
        "coordinates": [
          [
            3885.984433868085,
            3344.8902787771076
          ],
          [
            3903.913554642233,
            3365.0780796706676
          ],
          [
            3912.4905352131464,
            3370.733846338466
          ],
          [
            3924.628857356729,
            3380.099082754925
          ],
          [
            3937.9837333686883,
            3391.0776136107743
          ],
          [
            3951.556897012226,
            3402.874003605917
          ],
          [
            3965.1300606557634,
            3414.67039360106
          ],
          [
            3977.4127668238943,
            3431.467479542829
          ],
          [
            3985.2820004830137,
            3446.0931608206593
          ],
          [
            3993.151234142133,
            3460.7188420984894
          ],
          [
            3998.688726505614,
            3474.4520455840975
          ],
          [
            4001.8901863131905,
            3486.0778773017228
          ],
          [
            4003.5993319277186,
            3499.323236185126
          ],
          [
            4003.258312332211,
            3517.608143278165
          ],
          [
            4002.9172927367035,
            3535.8930503712036
          ],
          [
            4002.576273141196,
            3554.1779574642424
          ],
          [
            4002.2352535456885,
            3572.462864557281
          ],
          [
            4003.3359778421,
            3587.6588193401694
          ],
          [
            4005.278658941912,
            3604.767571317265
          ],
          [
            4007.221340041724,
            3621.87632329436
          ],
          [
            4009.164021141536,
            3638.9850752714556
          ],
          [
            4011.106702241348,
            3656.093827248551
          ],
          [
            4016.841821774142,
            3671.0668409392238
          ],
          [
            4025.6858594014775,
            3683.3204694362357
          ],
          [
            4037.5375725535946,
            3696.2587808269695
          ],
          [
            4049.389285705712,
            3709.197092217704
          ],
          [
            4061.2409988578293,
            3722.1354036084376
          ],
          [
            4073.0927120099464,
            3735.0737149991714
          ],
          [
            4084.944425162064,
            3748.0120263899057
          ],
          [
            4096.796138314181,
            3760.9503377806395
          ],
          [
            4092.303129898617,
            3773.3208915460855
          ]
        ]
      },
      "properties": {
        "id": "pistes:way:123873025",
        "name": "Interceptor Access Trail",
        "piste_type": "downhill",
        "tags": {
          "name": "Interceptor Access Trail",
          "z_order": "0",
          "piste:difficulty": "easy",
          "piste:type": "downhill",
          "winter_sports_id": "178133225",
          "winter_sports_name": "Perisher",
          "State": "New South Wales",
          "Country": "Australia",
          "Ski Area": "Perisher",
          "region": "australia-oceania"
        }
      }
    },
    {
      "type": "Feature",
      "geometry": {
        "type": "LineString",
        "coordinates": [
          [
            2493.387073946302,
            3691.2249655965716
          ],
          [
            2509.4326995517476,
            3691.7038112166338
          ],
          [
            2525.4783251571935,
            3692.182656836696
          ],
          [
            2541.6565625326475,
            3692.52638535155
          ],
          [
            2557.8347999081016,
            3692.8701138664037
          ],
          [
            2577.360652718926,
            3692.0892608817667
          ],
          [
            2596.817182486644,
            3689.6117548737675
          ],
          [
            2607.1132119677495,
            3685.136010343209
          ],
          [
            2619.8320424369304,
            3673.2579017691314
          ],
          [
            2632.923706309055,
            3656.758672398515
          ],
          [
            2640.738097219728,
            3643.1760089751333
          ],
          [
            2649.3679596696747,
            3623.3237110795453
          ],
          [
            2657.9978221196216,
            3603.4714131839573
          ],
          [
            2669.183251037961,
            3582.9386794064194
          ],
          [
            2685.0272977624554,
            3559.5204336717725
          ],
          [
            2701.7510973353637,
            3539.884112212807
          ],
          [
            2710.280477530556,
            3523.028978970833
          ],
          [
            2715.3477906808257,
            3502.473544130102
          ],
          [
            2724.0188026586547,
            3473.067347184755
          ],
          [
            2728.687153249164,
            3460.916949079372
          ],
          [
            2737.300162529107,
            3446.756779184565
          ],
          [
            2750.226190394198,
            3430.320749733597
          ],
          [
            2763.152218259289,
            3413.884720282629
          ],
          [
            2769.918200199376,
            3401.6485201194882
          ],
          [
            2775.90087079152,
            3386.10607526917
          ],
          [
            2781.0837889977847,
            3368.1933335570307
          ],
          [
            2786.2667072040495,
            3350.2805918448917
          ],
          [
            2791.449625410314,
            3332.367850132752
          ],
          [
            2796.632543616579,
            3314.4551084206128
          ],
          [
            2801.8154618228436,
            3296.5423667084738
          ],
          [
            2806.9983800291084,
            3278.6296249963343
          ],
          [
            2813.5487336966908,
            3262.035965176299
          ],
          [
            2821.397678487585,
            3247.7868747748435
          ],
          [
            2836.5736304037273,
            3221.659554148093
          ],
          [
            2845.519312376622,
            3204.7926855683327
          ],
          [
            2854.464994349517,
            3187.9258169885725
          ],
          [
            2863.106760213501,
            3163.379687998444
          ],
          [
            2867.152359878295,
            3140.442270230502
          ],
          [
            2867.091962988081,
            3124.1660360796377
          ],
          [
            2867.0315660978667,
            3107.8898019287735
          ],
          [
            2869.5912881817203,
            3096.335659811273
          ],
          [
            2874.1241999465274,
            3090.9775678142905
          ],
          [
            2889.7261633505113,
            3085.6591436192393
          ],
          [
            2877.917422616156,
            3064.2380295805633
          ],
          [
            2876.5790848371107,
            3054.1826588846743
          ],
          [
            2879.033757277881,
            3044.050255706534
          ],
          [
            2886.7223789778072,
            3035.484307201579
          ],
          [
            2895.7360627165763,
            3031.0932923406363
          ],
          [
            2912.9388771866215,
            3022.977793706581
          ],
          [
            2923.934654948069,
            3016.716226774268
          ],
          [
            2934.1534425496357,
            2994.566016351804
          ],
          [
            2936.3366989287315,
            2971.877398846671
          ],
          [
            2937.506792737404,
            2955.4169230163097
          ],
          [
            2948.5985438373173,
            2944.0167088191956
          ]
        ]
      },
      "properties": {
        "id": "pistes:way:123873029",
        "name": "Perisher Home Trail",
        "piste_type": "downhill",
        "tags": {
          "name": "Perisher Home Trail",
          "z_order": "0",
          "piste:difficulty": "easy",
          "piste:type": "downhill",
          "winter_sports_id": "178133225",
          "winter_sports_name": "Perisher",
          "State": "New South Wales",
          "Country": "Australia",
          "Ski Area": "Perisher",
          "region": "australia-oceania"
        }
      }
    },
    {
      "type": "Feature",
      "geometry": {
        "type": "LineString",
        "coordinates": [
          [
            2839.9820037144236,
            2989.558902775869
          ],
          [
            2840.334354026313,
            2970.7469238854947
          ],
          [
            2840.686704338202,
            2951.93494499512
          ],
          [
            2841.0390546500917,
            2933.122966104746
          ],
          [
            2841.3914049619807,
            2914.3109872143714
          ],
          [
            2841.74375527387,
            2895.4990083239973
          ],
          [
            2851.053132011497,
            2875.5866835932247
          ],
          [
            2860.3625087491237,
            2855.674358862452
          ],
          [
            2868.6514524291656,
            2840.6680312311896
          ],
          [
            2876.940396109208,
            2825.6617035999275
          ],
          [
            2885.22933978925,
            2810.655375968665
          ],
          [
            2898.1509330488625,
            2793.3814116884023
          ],
          [
            2911.072526308475,
            2776.1074474081397
          ],
          [
            2916.9563224882586,
            2750.680187849328
          ],
          [
            2913.346385733923,
            2731.159914266318
          ],
          [
            2902.7763873906806,
            2706.680750777945
          ],
          [
            2900.3357929780614,
            2688.0090102199465
          ],
          [
            2908.4623660664074,
            2663.8585850903764
          ],
          [
            2930.8813599349232,
            2642.508283539675
          ],
          [
            2941.1615043744678,
            2622.154619311914
          ],
          [
            2941.655908863293,
            2600.533395458013
          ],
          [
            2936.4808421169873,
            2585.041252616793
          ],
          [
            2931.3057753706817,
            2569.549109775573
          ],
          [
            2928.0422737969784,
            2552.584115903359
          ],
          [
            2924.778772223275,
            2535.619122031145
          ],
          [
            2921.515270649572,
            2518.6541281589307
          ],
          [
            2918.2517690758687,
            2501.6891342867166
          ],
          [
            2914.8583239136497,
            2490.3098374940455
          ],
          [
            2910.8524149083532,
            2468.831380439922
          ],
          [
            2907.6756558889756,
            2442.0483650499955
          ]
        ]
      },
      "properties": {
        "id": "pistes:way:123873033",
        "name": "Quad Face",
        "piste_type": "downhill",
        "tags": {
          "name": "Quad Face",
          "z_order": "0",
          "patrolled": "yes",
          "piste:difficulty": "intermediate",
          "piste:grooming": "backcountry",
          "piste:type": "downhill",
          "winter_sports_id": "178133225",
          "winter_sports_name": "Perisher",
          "State": "New South Wales",
          "Country": "Australia",
          "Ski Area": "Perisher",
          "region": "australia-oceania"
        }
      }
    },
    {
      "type": "Feature",
      "geometry": {
        "type": "LineString",
        "coordinates": [
          [
            3230.704816191457,
            2840.625828001648
          ],
          [
            3242.222800174146,
            2841.335352992639
          ],
          [
            3250.866617323598,
            2845.481778709218
          ],
          [
            3256.852060066187,
            2854.337970338762
          ],
          [
            3271.225481797359,
            2874.4343201704323
          ],
          [
            3287.6460208143108,
            2888.4871732862666
          ],
          [
            3302.4452621053983,
            2900.0041261327765
          ],
          [
            3317.2445033964855,
            2911.521078979286
          ],
          [
            3332.043744687573,
            2923.0380318257958
          ],
          [
            3336.8286506755976,
            2930.1252133324742
          ],
          [
            3338.451370805269,
            2939.3442439697683
          ],
          [
            3340.487491054926,
            2960.0522475913167
          ],
          [
            3342.523611304583,
            2980.760251212865
          ],
          [
            3343.0467533526244,
            2990.849594525993
          ],
          [
            3346.0135249349987,
            2998.1184951169416
          ],
          [
            3355.6175886595156,
            3006.611432579346
          ],
          [
            3369.008428645708,
            3016.036877053479
          ],
          [
            3382.399268631901,
            3025.462321527613
          ],
          [
            3395.7901086180937,
            3034.887766001746
          ],
          [
            3416.00871390081,
            3059.059857102111
          ],
          [
            3427.952572101145,
            3086.6030660793185
          ],
          [
            3433.9683042055112,
            3102.770662976429
          ],
          [
            3439.9840363098774,
            3118.938259873539
          ],
          [
            3446.474948568968,
            3136.2195947517953
          ],
          [
            3452.965860828059,
            3153.500929630051
          ],
          [
            3459.4567730871495,
            3170.782264508307
          ],
          [
            3465.586902205483,
            3186.4821698041633
          ],
          [
            3471.0099217278184,
            3199.1965481890365
          ],
          [
            3478.3158778807847,
            3210.008424423635
          ],
          [
            3482.970818636706,
            3214.922696253285
          ],
          [
            3487.204482117202,
            3218.6225770730525
          ]
        ]
      },
      "properties": {
        "id": "pistes:way:123873034",
        "name": "Snake Trails",
        "piste_type": "downhill",
        "tags": {
          "name": "Snake Trails",
          "z_order": "0",
          "piste:difficulty": "easy",
          "piste:grooming": "classic",
          "piste:type": "downhill",
          "winter_sports_id": "178133225",
          "winter_sports_name": "Perisher",
          "State": "New South Wales",
          "Country": "Australia",
          "Ski Area": "Perisher",
          "region": "australia-oceania"
        }
      }
    },
    {
      "type": "Feature",
      "geometry": {
        "type": "LineString",
        "coordinates": [
          [
            3156.462968715816,
            2789.0870515443385
          ],
          [
            3150.0624449104653,
            2767.049774825573
          ],
          [
            3143.6619211051147,
            2745.0124981068075
          ],
          [
            3127.5097891426412,
            2719.1165737537667
          ],
          [
            3116.248450658866,
            2698.9638227447867
          ],
          [
            3112.68037614855,
            2682.9824796048924
          ],
          [
            3110.8496136165923,
            2652.5739723760635
          ],
          [
            3111.515746742254,
            2634.167937256396
          ],
          [
            3112.181879867916,
            2615.761902136728
          ],
          [
            3112.131230335217,
            2590.5979783805087
          ],
          [
            3109.4419698035344,
            2562.2212913297117
          ],
          [
            3108.263185706106,
            2530.3831058023497
          ],
          [
            3109.8385979636805,
            2513.761369301472
          ],
          [
            3111.414010221255,
            2497.139632800594
          ],
          [
            3114.0018998243613,
            2477.6627698270604
          ],
          [
            3112.7997135925107,
            2469.5915460744873
          ],
          [
            3109.3032750021666,
            2462.263675717637
          ],
          [
            3100.06630447926,
            2451.812361219898
          ],
          [
            3091.9222130314447,
            2438.1718845153227
          ],
          [
            3088.4949719337747,
            2424.474170094356
          ],
          [
            3080.0979256229475,
            2404.512895802036
          ],
          [
            3067.43906377838,
            2391.869818136096
          ]
        ]
      },
      "properties": {
        "id": "pistes:way:123873035",
        "name": "Snowy Trails",
        "piste_type": "downhill",
        "tags": {
          "name": "Snowy Trails",
          "z_order": "0",
          "piste:difficulty": "easy",
          "piste:type": "downhill",
          "winter_sports_id": "178133225",
          "winter_sports_name": "Perisher",
          "State": "New South Wales",
          "Country": "Australia",
          "Ski Area": "Perisher",
          "region": "australia-oceania"
        }
      }
    },
    {
      "type": "Feature",
      "geometry": {
        "type": "LineString",
        "coordinates": [
          [
            3885.984433868085,
            3344.8902787771076
          ],
          [
            3898.8818148009013,
            3344.180817069486
          ],
          [
            3915.0776280390564,
            3334.069700683467
          ],
          [
            3922.656537261908,
            3331.562579182908
          ],
          [
            3934.576061407686,
            3330.845127285458
          ],
          [
            3950.6355712199584,
            3338.8660443061963
          ],
          [
            3966.6950810322305,
            3346.8869613269344
          ],
          [
            3982.7545908445027,
            3354.9078783476725
          ],
          [
            4003.75640465942,
            3351.744414692279
          ],
          [
            4024.758218474337,
            3348.5809510368854
          ],
          [
            4040.746605391847,
            3344.2422985853627
          ],
          [
            4056.734992309357,
            3339.90364613384
          ],
          [
            4059.7815925792092,
            3339.0714004673064
          ],
          [
            4084.4953336785547,
            3343.481794472784
          ],
          [
            4094.4776310066227,
            3345.854775734246
          ],
          [
            4111.949718000018,
            3351.2917329799384
          ],
          [
            4125.788158854353,
            3349.9135554134846
          ],
          [
            4152.748471089755,
            3334.330023947172
          ],
          [
            4174.4548591177445,
            3314.007671843283
          ],
          [
            4184.241654640529,
            3296.2449347334914
          ],
          [
            4194.028450163314,
            3278.4821976237
          ],
          [
            4211.566632950096,
            3267.2690578559414
          ],
          [
            4229.104815736879,
            3256.055918088183
          ],
          [
            4241.39521021652,
            3245.124688652344
          ],
          [
            4252.456320694066,
            3234.1670258278027
          ],
          [
            4253.024618950556,
            3221.498665560037
          ],
          [
            4250.495658881846,
            3219.6937640365213
          ],
          [
            4245.214894752135,
            3225.3853094875813
          ]
        ]
      },
      "properties": {
        "id": "pistes:way:123873037",
        "piste_type": "downhill",
        "tags": {
          "z_order": "0",
          "piste:difficulty": "easy",
          "piste:type": "downhill",
          "winter_sports_id": "178133225",
          "winter_sports_name": "Perisher",
          "State": "New South Wales",
          "Country": "Australia",
          "Ski Area": "Perisher",
          "region": "australia-oceania"
        }
      }
    },
    {
      "type": "Feature",
      "geometry": {
        "type": "LineString",
        "coordinates": [
          [
            2099.5166498272447,
            2148.9298963211477
          ],
          [
            2104.809758214047,
            2156.531891635619
          ],
          [
            2107.7679665385513,
            2162.048208422959
          ],
          [
            2113.638963061385,
            2164.3049648646265
          ],
          [
            2121.515115841059,
            2164.4247508924454
          ],
          [
            2139.581949774176,
            2163.460432164371
          ],
          [
            2157.6487837072928,
            2162.4961134362966
          ],
          [
            2169.315824364079,
            2164.913586890325
          ],
          [
            2176.0573479633313,
            2168.4559546746314
          ],
          [
            2180.8522609792417,
            2172.592184008099
          ],
          [
            2189.0811630665557,
            2182.271145494655
          ],
          [
            2194.242712806328,
            2193.8138799276203
          ],
          [
            2196.13139653136,
            2205.4036885350943
          ],
          [
            2195.616253703134,
            2225.0833962950855
          ],
          [
            2181.441455613007,
            2250.3519721794873
          ],
          [
            2180.745084766648,
            2268.6584424246103
          ],
          [
            2188.4097320836736,
            2282.750429360196
          ],
          [
            2209.690556179965,
            2304.435584170744
          ],
          [
            2224.775287007098,
            2310.931335297413
          ],
          [
            2239.8600178342313,
            2317.4270864240825
          ],
          [
            2260.9155819443404,
            2323.4429619573057
          ],
          [
            2281.9711460544495,
            2329.458837490529
          ],
          [
            2306.4089105760213,
            2341.1456739809364
          ],
          [
            2319.216464949733,
            2352.776092357623
          ],
          [
            2332.0240193234445,
            2364.40651073431
          ],
          [
            2344.8315736971563,
            2376.0369291109964
          ],
          [
            2357.639128070868,
            2387.667347487683
          ],
          [
            2370.4466824445794,
            2399.29776586437
          ],
          [
            2383.2542368182912,
            2410.9281842410564
          ],
          [
            2407.840059194248,
            2426.640279713087
          ],
          [
            2421.9155785162,
            2439.3193378942087
          ],
          [
            2435.991097838152,
            2451.9983960753307
          ],
          [
            2448.76639882999,
            2471.8471989943646
          ],
          [
            2461.541699821828,
            2491.6960019133985
          ],
          [
            2481.306565877865,
            2510.7949387896806
          ],
          [
            2492.8640617955243,
            2519.2606229260564
          ],
          [
            2499.2327675112756,
            2521.1770904948935
          ],
          [
            2508.17791126715,
            2523.8774727107957
          ],
          [
            2529.12990000454,
            2526.3935858304612
          ],
          [
            2550.08188874193,
            2528.9096989501268
          ],
          [
            2566.5276558193145,
            2531.3686590877674
          ],
          [
            2582.973422896699,
            2533.8276192254075
          ],
          [
            2599.4191899740836,
            2536.286579363048
          ],
          [
            2619.7195244333125,
            2538.7009246991947
          ],
          [
            2640.0198588925414,
            2541.1152700353414
          ],
          [
            2663.700504498789,
            2539.4197913911194
          ],
          [
            2692.4723722424824,
            2531.293008428067
          ],
          [
            2711.768312537577,
            2520.984021632001
          ],
          [
            2727.970550552127,
            2510.719675179571
          ],
          [
            2745.723403593758,
            2500.6991699263453
          ],
          [
            2763.4762566353893,
            2490.67866467312
          ],
          [
            2785.518560585915,
            2482.9927488397807
          ],
          [
            2799.893584166188,
            2480.9764407016337
          ],
          [
            2821.3240983681753,
            2470.6807314883918
          ],
          [
            2833.8562728543766,
            2464.652235813439
          ],
          [
            2861.778829213581,
            2459.2222658563405
          ],
          [
            2879.9231790713966,
            2457.373229397461
          ],
          [
            2889.2803831731435,
            2453.831579806283
          ],
          [
            2899.2719770885305,
            2449.5040576942265
          ],
          [
            2907.6756558889756,
            2442.0483650499955
          ],
          [
            2918.5951507341815,
            2432.4259296823293
          ],
          [
            2927.082329235971,
            2428.264378575608
          ],
          [
            2934.7948243437568,
            2424.4912747684866
          ],
          [
            2954.6336392139783,
            2416.404069341719
          ],
          [
            2963.4099551321706,
            2407.4339355099946
          ],
          [
            2975.191740680486,
            2384.2735008001328
          ],
          [
            2991.4729801731883,
            2361.536121555604
          ],
          [
            3005.2177067092853,
            2348.832497736439
          ],
          [
            3013.6750515867025,
            2346.3356171539053
          ],
          [
            3019.051558542298,
            2342.90692727454
          ],
          [
            3023.988758481457,
            2337.631641334854
          ],
          [
            3029.927239396842,
            2325.9397343229502
          ],
          [
            3035.512526699342,
            2318.968536540866
          ],
          [
            3040.621054288931,
            2310.66167956125
          ],
          [
            3042.96539488039,
            2306.5667673330754
          ],
          [
            3046.5270418910077,
            2296.728932475671
          ],
          [
            3051.383739793673,
            2286.5172835700214
          ],
          [
            3060.7556602138793,
            2274.7201491277665
          ]
        ]
      },
      "properties": {
        "id": "pistes:way:123873038",
        "name": "Vista",
        "piste_type": "downhill",
        "tags": {
          "name": "Vista",
          "z_order": "0",
          "piste:difficulty": "intermediate",
          "piste:grooming": "classic",
          "piste:type": "downhill",
          "winter_sports_id": "178133225",
          "winter_sports_name": "Perisher",
          "State": "New South Wales",
          "Country": "Australia",
          "Ski Area": "Perisher",
          "region": "australia-oceania"
        }
      }
    },
    {
      "type": "Feature",
      "geometry": {
        "type": "LineString",
        "coordinates": [
          [
            2947.4775580101414,
            5714.609837813303
          ],
          [
            2942.4443885745713,
            5706.560705289245
          ],
          [
            2929.449888991134,
            5689.617104391567
          ],
          [
            2916.455389407696,
            5672.67350349389
          ],
          [
            2908.5754027001094,
            5659.472813643515
          ],
          [
            2905.626948480378,
            5651.016292253509
          ],
          [
            2919.784994208254,
            5627.411370551214
          ],
          [
            2933.187816025922,
            5613.636824140325
          ],
          [
            2954.358144158032,
            5592.249441280961
          ],
          [
            2972.176667509717,
            5580.752122127451
          ],
          [
            2989.995190861402,
            5569.254802973941
          ],
          [
            3005.8879212662578,
            5562.328855631873
          ],
          [
            3021.7806516711134,
            5555.402908289805
          ],
          [
            3034.7939705311437,
            5546.044265384786
          ],
          [
            3047.807289391174,
            5536.685622479767
          ],
          [
            3060.768442361732,
            5522.173855364323
          ],
          [
            3067.790843306808,
            5504.619071451016
          ],
          [
            3067.7091324192006,
            5487.499935649335
          ],
          [
            3067.6274215315934,
            5470.380799847655
          ],
          [
            3063.415686828899,
            5440.350808825344
          ],
          [
            3058.80700637633,
            5414.5095530655235
          ],
          [
            3058.7021842933027,
            5389.90130362846
          ],
          [
            3063.255188902782,
            5369.419749010354
          ],
          [
            3067.808193512261,
            5348.938194392249
          ],
          [
            3073.2655535454396,
            5329.885954811548
          ],
          [
            3078.7229135786183,
            5310.833715230848
          ],
          [
            3084.180273611797,
            5291.781475650147
          ],
          [
            3089.1938879534914,
            5276.58207721139
          ],
          [
            3094.2075022951853,
            5261.382678772633
          ],
          [
            3099.2211166368797,
            5246.183280333877
          ],
          [
            3102.67128441541,
            5226.072711496614
          ],
          [
            3106.12145219394,
            5205.962142659351
          ],
          [
            3103.7595390551724,
            5180.387957401574
          ],
          [
            3092.621213745326,
            5158.3914943840355
          ]
        ]
      },
      "properties": {
        "id": "pistes:way:123873039",
        "name": "Zali's",
        "piste_type": "downhill",
        "tags": {
          "name": "Zali's",
          "z_order": "0",
          "piste:difficulty": "intermediate",
          "piste:type": "downhill",
          "winter_sports_id": "178133225",
          "winter_sports_name": "Perisher",
          "State": "New South Wales",
          "Country": "Australia",
          "Ski Area": "Perisher",
          "region": "australia-oceania"
        }
      }
    },
    {
      "type": "Feature",
      "geometry": {
        "type": "LineString",
        "coordinates": [
          [
            2994.709667250165,
            5788.57731941808
          ],
          [
            2985.537915816065,
            5805.197790584527
          ],
          [
            2983.140760877286,
            5818.125378319994
          ],
          [
            2982.462533239508,
            5846.927914334461
          ],
          [
            2993.1537101805443,
            5873.335884246975
          ],
          [
            3004.6324332144577,
            5890.911560576409
          ],
          [
            3020.021452099376,
            5907.432071251795
          ],
          [
            3035.410470984294,
            5923.95258192718
          ],
          [
            3049.0392638502526,
            5934.151898869313
          ],
          [
            3062.668056716211,
            5944.351215811446
          ],
          [
            3090.0026383793447,
            5958.279996745288
          ],
          [
            3115.244184150477,
            5970.175228338689
          ],
          [
            3129.6975888430375,
            5978.254315490648
          ],
          [
            3144.150993535598,
            5986.333402642607
          ],
          [
            3158.604398228158,
            5994.412489794568
          ],
          [
            3173.0578029207186,
            6002.491576946527
          ],
          [
            3187.511207613279,
            6010.570664098486
          ],
          [
            3205.7459988442133,
            6018.478398737498
          ],
          [
            3223.9807900751475,
            6026.386133376509
          ],
          [
            3250.2006215234287,
            6029.601250683889
          ],
          [
            3266.0098528524395,
            6025.8438409902155
          ],
          [
            3284.2759803012013,
            6013.307562553324
          ],
          [
            3301.6032762813848,
            5999.764066136442
          ],
          [
            3314.8633430585614,
            5989.757910014596
          ],
          [
            3328.123409835738,
            5979.75175389275
          ]
        ]
      },
      "properties": {
        "id": "pistes:way:123873040",
        "name": "Outer Limits",
        "piste_type": "downhill",
        "tags": {
          "name": "Outer Limits",
          "z_order": "0",
          "patrolled": "yes",
          "piste:difficulty": "intermediate",
          "piste:grooming": "backcountry",
          "piste:type": "downhill",
          "winter_sports_id": "178133225",
          "winter_sports_name": "Perisher",
          "State": "New South Wales",
          "Country": "Australia",
          "Ski Area": "Perisher",
          "region": "australia-oceania"
        }
      }
    },
    {
      "type": "Feature",
      "geometry": {
        "type": "LineString",
        "coordinates": [
          [
            3283.51259689813,
            3970.904262840748
          ],
          [
            3270.6701911033597,
            3979.800458336249
          ],
          [
            3254.1466188792256,
            3996.2117161927745
          ],
          [
            3237.6230466550915,
            4012.6229740493
          ],
          [
            3223.4433347773593,
            4021.0987341346918
          ],
          [
            3209.263622899627,
            4029.5744942200836
          ],
          [
            3195.083911021895,
            4038.0502543054754
          ],
          [
            3180.9041991441627,
            4046.526014390867
          ],
          [
            3166.7244872664305,
            4055.001774476259
          ],
          [
            3152.5447753886983,
            4063.477534561651
          ],
          [
            3138.365063510966,
            4071.9532946470426
          ],
          [
            3124.185351633234,
            4080.4290547324345
          ],
          [
            3114.4751965158503,
            4095.803778031608
          ],
          [
            3104.7650413984666,
            4111.178501330782
          ],
          [
            3095.054886281083,
            4126.553224629955
          ],
          [
            3085.344731163699,
            4141.927947929129
          ],
          [
            3068.186980352155,
            4145.515970495662
          ],
          [
            3051.0292295406107,
            4149.103993062196
          ],
          [
            3033.8714787290664,
            4152.69201562873
          ],
          [
            3016.713727917522,
            4156.280038195263
          ],
          [
            2999.555977105978,
            4159.868060761796
          ],
          [
            2982.3982262944337,
            4163.45608332833
          ],
          [
            2965.2404754828895,
            4167.044105894864
          ],
          [
            2941.800491155882,
            4168.00995785743
          ],
          [
            2918.3605068288743,
            4168.975809819996
          ],
          [
            2914.5634153125575,
            4197.967744687572
          ],
          [
            2914.8115181752946,
            4215.128879640251
          ],
          [
            2915.0596210380318,
            4232.290014592931
          ],
          [
            2915.307723900769,
            4249.45114954561
          ],
          [
            2923.8523881940637,
            4272.716904540546
          ]
        ]
      },
      "properties": {
        "id": "pistes:way:123873043",
        "name": "Link 3",
        "piste_type": "downhill",
        "tags": {
          "name": "Link 3",
          "z_order": "0",
          "piste:difficulty": "easy",
          "piste:type": "downhill",
          "winter_sports_id": "178133225",
          "winter_sports_name": "Perisher",
          "State": "New South Wales",
          "Country": "Australia",
          "Ski Area": "Perisher",
          "region": "australia-oceania"
        }
      }
    },
    {
      "type": "Feature",
      "geometry": {
        "type": "LineString",
        "coordinates": [
          [
            3205.6082171854796,
            2872.1570394532755
          ],
          [
            3216.015362646547,
            2867.39041817002
          ],
          [
            3220.484563557431,
            2862.610020518303
          ],
          [
            3230.704816191457,
            2840.625828001648
          ],
          [
            3241.009919632459,
            2828.826087454334
          ],
          [
            3261.4656968170893,
            2822.1050849333405
          ],
          [
            3281.9214740017196,
            2815.384082412347
          ],
          [
            3302.1432994885254,
            2807.379293295555
          ],
          [
            3322.365124975331,
            2799.3745041787624
          ],
          [
            3349.6123738795286,
            2786.9071295848116
          ],
          [
            3364.6715622599004,
            2780.7080479189754
          ],
          [
            3374.687432926614,
            2777.422613637522
          ],
          [
            3388.7764871367253,
            2774.832527032122
          ],
          [
            3401.127413652139,
            2771.7572606392205
          ],
          [
            3422.2085669785156,
            2771.98369028233
          ],
          [
            3443.2897203048924,
            2772.2101199254394
          ],
          [
            3468.2078472448047,
            2762.4280268624425
          ],
          [
            3484.8373073050752,
            2752.5776743255556
          ],
          [
            3511.20659994951,
            2742.6745073497295
          ],
          [
            3532.792181486555,
            2736.574417744763
          ],
          [
            3554.3777630236,
            2730.474328139797
          ],
          [
            3571.2066666179453,
            2727.566667772131
          ],
          [
            3588.0355702122906,
            2724.6590074044652
          ],
          [
            3604.864473806636,
            2721.7513470367994
          ],
          [
            3621.6933774009813,
            2718.8436866691336
          ],
          [
            3643.304209705326,
            2715.411456805654
          ],
          [
            3651.4384319235105,
            2714.1169829871505
          ],
          [
            3660.6039699511603,
            2713.428846333176
          ],
          [
            3677.6315011911793,
            2712.154713566415
          ],
          [
            3694.6590324311983,
            2710.880580799654
          ],
          [
            3718.311425808526,
            2706.9080191240646
          ],
          [
            3741.963819185854,
            2702.935457448475
          ],
          [
            3757.907539804466,
            2698.3760333862156
          ],
          [
            3773.2080247414997,
            2690.297558642924
          ]
        ]
      },
      "properties": {
        "id": "pistes:way:166821251",
        "name": "Goat's Gully",
        "piste_type": "downhill",
        "tags": {
          "name": "Goat's Gully",
          "z_order": "0",
          "piste:difficulty": "intermediate",
          "piste:type": "downhill",
          "winter_sports_id": "178133225",
          "winter_sports_name": "Perisher",
          "State": "New South Wales",
          "Country": "Australia",
          "Ski Area": "Perisher",
          "region": "australia-oceania"
        }
      }
    },
    {
      "type": "Feature",
      "geometry": {
        "type": "LineString",
        "coordinates": [
          [
            2050.971753496211,
            5326.799228394404
          ],
          [
            2050.5418551883195,
            5311.8487657904625
          ],
          [
            2050.5892229356105,
            5297.645941884257
          ],
          [
            2053.938760653138,
            5284.105829992332
          ],
          [
            2056.804486740497,
            5278.73889383208
          ],
          [
            2066.6939569627866,
            5270.164418591186
          ],
          [
            2073.7527286778204,
            5265.6471115238965
          ],
          [
            2089.324036926031,
            5262.261371133849
          ],
          [
            2106.5178187418496,
            5266.275147076696
          ],
          [
            2121.8199128961655,
            5272.1289965003725
          ],
          [
            2137.1220070504814,
            5277.98284592405
          ],
          [
            2152.424101204798,
            5283.836695347726
          ],
          [
            2167.7261953591137,
            5289.690544771403
          ],
          [
            2183.0282895134296,
            5295.54439419508
          ],
          [
            2200.6367773611564,
            5296.567357882857
          ],
          [
            2209.5592229767935,
            5293.754045395181
          ],
          [
            2222.898908625415,
            5284.6027596453205
          ],
          [
            2236.2385942740366,
            5275.45147389546
          ],
          [
            2252.9846258436446,
            5270.467436014209
          ],
          [
            2269.7306574132526,
            5265.4833981329575
          ],
          [
            2294.4666693990584,
            5272.395224690437
          ],
          [
            2321.7175397183746,
            5264.524969966151
          ],
          [
            2336.9259445367497,
            5255.2523076212965
          ],
          [
            2352.134349355125,
            5245.979645276442
          ],
          [
            2371.2484182422827,
            5238.163375393177
          ],
          [
            2390.36248712944,
            5230.347105509912
          ],
          [
            2409.476556016598,
            5222.530835626647
          ],
          [
            2427.752758125821,
            5217.221457733214
          ],
          [
            2446.0289602350445,
            5211.912079839781
          ],
          [
            2464.3051623442675,
            5206.602701946348
          ],
          [
            2482.581364453491,
            5201.293324052915
          ],
          [
            2500.857566562714,
            5195.983946159482
          ],
          [
            2528.1492247650167,
            5187.235895881429
          ],
          [
            2556.7255289257737,
            5175.495662301779
          ],
          [
            2573.3285685289884,
            5164.6602143496275
          ],
          [
            2575.595098878024,
            5163.185136612505
          ],
          [
            2589.8793471417157,
            5153.93644063361
          ],
          [
            2603.0046376094356,
            5142.540749828996
          ],
          [
            2616.1299280771555,
            5131.145059024383
          ],
          [
            2629.2552185448753,
            5119.749368219769
          ],
          [
            2642.3805090125948,
            5108.353677415156
          ],
          [
            2655.5057994803146,
            5096.957986610542
          ],
          [
            2668.6310899480345,
            5085.562295805929
          ],
          [
            2681.7563804157544,
            5074.1666050013155
          ],
          [
            2694.175931698666,
            5062.674455374106
          ],
          [
            2706.5954829815773,
            5051.182305746898
          ],
          [
            2719.0150342644893,
            5039.690156119689
          ],
          [
            2731.4345855474007,
            5028.198006492481
          ],
          [
            2743.854136830312,
            5016.705856865272
          ],
          [
            2763.6035738700302,
            5003.860706988722
          ],
          [
            2783.89994092274,
            4998.452672228217
          ],
          [
            2792.2374366155127,
            4993.683286134154
          ],
          [
            2800.7289955166634,
            4979.702426854521
          ]
        ]
      },
      "properties": {
        "id": "pistes:way:168808590",
        "name": "Blue Cow Way",
        "piste_type": "downhill",
        "tags": {
          "name": "Blue Cow Way",
          "z_order": "0",
          "piste:difficulty": "easy",
          "piste:type": "downhill",
          "winter_sports_id": "178133225",
          "winter_sports_name": "Perisher",
          "State": "New South Wales",
          "Country": "Australia",
          "Ski Area": "Perisher",
          "region": "australia-oceania"
        }
      }
    },
    {
      "type": "Feature",
      "geometry": {
        "type": "LineString",
        "coordinates": [
          [
            2050.971753496211,
            5326.799228394404
          ],
          [
            2036.8278784060385,
            5329.631829404272
          ],
          [
            2024.3150782630546,
            5327.33710780181
          ],
          [
            2006.5018831166672,
            5320.802296373993
          ],
          [
            1989.6491175008705,
            5311.169144556858
          ],
          [
            1966.8354601707542,
            5303.785065759905
          ],
          [
            1946.5110460227588,
            5296.054560327902
          ],
          [
            1916.480866881786,
            5289.694756627083
          ],
          [
            1897.185482258792,
            5283.957634895109
          ],
          [
            1877.8900976357982,
            5278.2205131631345
          ],
          [
            1849.5294757640222,
            5266.899092949927
          ],
          [
            1831.9567120480933,
            5259.278667313978
          ],
          [
            1814.3839483321644,
            5251.658241678029
          ],
          [
            1792.3372021213872,
            5245.804991477169
          ],
          [
            1770.8924035879318,
            5237.502075706609
          ],
          [
            1754.2313376239035,
            5233.08058013767
          ],
          [
            1737.638855539437,
            5232.508162776008
          ],
          [
            1721.0463734549703,
            5231.9357454143465
          ],
          [
            1700.739278506022,
            5228.520544565283
          ],
          [
            1689.646992815542,
            5227.669611915946
          ],
          [
            1675.612348415074,
            5223.709673617035
          ],
          [
            1664.688453815179,
            5217.696935791522
          ],
          [
            1642.0865914234892,
            5208.145388104022
          ],
          [
            1623.494251247379,
            5199.157757282257
          ],
          [
            1604.9019110712688,
            5190.170126460493
          ],
          [
            1585.8426197858062,
            5183.0309519721195
          ],
          [
            1566.2457522300538,
            5174.057585800067
          ],
          [
            1548.1734617187176,
            5166.293972661719
          ],
          [
            1526.556514863507,
            5155.330033707432
          ],
          [
            1505.964217690751,
            5145.749420775101
          ],
          [
            1479.8518256859388,
            5135.359997654334
          ],
          [
            1461.7595103456406,
            5125.5549432570115
          ],
          [
            1451.1219558162848,
            5114.445068677887
          ],
          [
            1443.9761254885234,
            5097.804183185101
          ]
        ]
      },
      "properties": {
        "id": "pistes:way:168808597",
        "name": "Bloody Mary",
        "piste_type": "downhill",
        "tags": {
          "name": "Bloody Mary",
          "z_order": "0",
          "piste:difficulty": "intermediate",
          "piste:type": "downhill",
          "winter_sports_id": "178133225",
          "winter_sports_name": "Perisher",
          "State": "New South Wales",
          "Country": "Australia",
          "Ski Area": "Perisher",
          "region": "australia-oceania"
        }
      }
    },
    {
      "type": "Feature",
      "geometry": {
        "type": "LineString",
        "coordinates": [
          [
            3162.5092798551777,
            4997.804402414709
          ],
          [
            3180.03564057739,
            4997.395157475956
          ],
          [
            3197.562001299602,
            4996.985912537202
          ],
          [
            3215.088362021814,
            4996.576667598449
          ],
          [
            3232.614722744026,
            4996.167422659695
          ],
          [
            3250.1410834662383,
            4995.758177720942
          ],
          [
            3265.043956782419,
            5002.457777100748
          ],
          [
            3279.9468300986005,
            5009.157376480555
          ],
          [
            3294.8497034147813,
            5015.856975860362
          ],
          [
            3309.7525767309626,
            5022.556575240168
          ],
          [
            3324.6554500471434,
            5029.256174619974
          ],
          [
            3339.5583233633247,
            5035.955773999782
          ],
          [
            3354.4611966795055,
            5042.655373379588
          ],
          [
            3371.4770889143692,
            5051.32705434747
          ],
          [
            3388.492981149233,
            5059.998735315353
          ],
          [
            3405.5088733840967,
            5068.670416283235
          ],
          [
            3422.5247656189604,
            5077.342097251118
          ],
          [
            3439.540657853824,
            5086.0137782189995
          ],
          [
            3455.987898984947,
            5080.105186030082
          ],
          [
            3472.43514011607,
            5074.196593841165
          ],
          [
            3488.8823812471937,
            5068.288001652249
          ],
          [
            3505.329622378317,
            5062.379409463331
          ],
          [
            3521.77686350944,
            5056.470817274414
          ]
        ]
      },
      "properties": {
        "id": "pistes:way:168808598",
        "name": "Lower Road Run",
        "piste_type": "downhill",
        "tags": {
          "name": "Lower Road Run",
          "z_order": "0",
          "piste:difficulty": "intermediate",
          "piste:type": "downhill",
          "winter_sports_id": "178133225",
          "winter_sports_name": "Perisher",
          "State": "New South Wales",
          "Country": "Australia",
          "Ski Area": "Perisher",
          "region": "australia-oceania"
        }
      }
    },
    {
      "type": "Feature",
      "geometry": {
        "type": "LineString",
        "coordinates": [
          [
            2069.2553168582963,
            2170.057859295979
          ],
          [
            2067.500908759772,
            2162.1830863282084
          ],
          [
            2072.010266353842,
            2153.9409197652712
          ],
          [
            2079.316681320197,
            2154.3574132379144
          ],
          [
            2084.7610059984727,
            2155.6328223664314
          ],
          [
            2094.184524406097,
            2153.588967175223
          ],
          [
            2099.5166498272447,
            2148.9298963211477
          ],
          [
            2106.832506998093,
            2138.772235081531
          ],
          [
            2123.799319967162,
            2133.9736273624003
          ],
          [
            2140.766132936231,
            2129.1750196432695
          ],
          [
            2172.2042253507534,
            2125.6605983031914
          ],
          [
            2185.512385596172,
            2129.319332059473
          ],
          [
            2202.1612523208605,
            2133.9063938800246
          ],
          [
            2208.39899572148,
            2134.8485431298614
          ],
          [
            2219.1397604169324,
            2136.469302844256
          ],
          [
            2227.7283407085342,
            2134.992086686194
          ],
          [
            2248.5304220714606,
            2125.294884726405
          ],
          [
            2261.745249404572,
            2121.842635463923
          ],
          [
            2272.2253885994432,
            2122.180002869107
          ],
          [
            2284.904509791988,
            2125.1264320965856
          ],
          [
            2304.8588372770464,
            2132.5505459373817
          ],
          [
            2331.2234206392895,
            2136.0765566919
          ],
          [
            2360.1174007055815,
            2135.882352432236
          ],
          [
            2377.5512000327,
            2132.6909274924546
          ],
          [
            2393.929985261755,
            2128.4827852211893
          ],
          [
            2421.3760813042754,
            2117.435644879006
          ],
          [
            2439.0651176507818,
            2111.4221582170576
          ],
          [
            2450.059240034083,
            2111.9516215268523
          ],
          [
            2466.3673631746788,
            2115.289299451746
          ],
          [
            2489.2742374609807,
            2116.3015818474814
          ],
          [
            2512.1811117472826,
            2117.313864243217
          ],
          [
            2529.3798862972762,
            2118.352906772867
          ],
          [
            2547.333040465717,
            2119.150746189989
          ],
          [
            2565.286194634158,
            2119.9485856071115
          ],
          [
            2583.239348802599,
            2120.7464250242338
          ],
          [
            2601.19250297104,
            2121.544264441356
          ],
          [
            2624.7647174394224,
            2126.086086370051
          ],
          [
            2644.6638051377377,
            2131.5241299904883
          ],
          [
            2661.9060387366917,
            2135.569167666137
          ],
          [
            2679.5181466317736,
            2136.0360753480345
          ],
          [
            2694.757875355892,
            2131.2113620322198
          ],
          [
            2713.7649616296403,
            2117.1118329083547
          ],
          [
            2728.4633658993407,
            2101.826243293006
          ],
          [
            2743.161770169041,
            2086.5406536776572
          ],
          [
            2768.7244788410608,
            2074.909344891086
          ],
          [
            2796.0850535327336,
            2069.154788903892
          ],
          [
            2813.137216978202,
            2069.566604833429
          ],
          [
            2830.18938042367,
            2069.978420762966
          ],
          [
            2847.2415438691387,
            2070.390236692503
          ],
          [
            2865.984258563607,
            2069.2500126625723
          ],
          [
            2884.7269732580753,
            2068.109788632641
          ],
          [
            2903.4696879525436,
            2066.9695646027103
          ],
          [
            2932.134825708228,
            2061.506376628764
          ],
          [
            2953.7883727389853,
            2057.4094575317577
          ],
          [
            2974.204587832908,
            2053.646591360215
          ],
          [
            2994.620802926831,
            2049.8837251886725
          ],
          [
            3010.750593337405,
            2048.6376292651985
          ],
          [
            3026.880383747979,
            2047.3915333417244
          ],
          [
            3043.010174158553,
            2046.1454374182504
          ],
          [
            3059.139964569127,
            2044.8993414947763
          ],
          [
            3075.2697549797012,
            2043.6532455713023
          ],
          [
            3091.3995453902753,
            2042.4071496478282
          ],
          [
            3107.5293358008494,
            2041.1610537243541
          ],
          [
            3123.6591262114234,
            2039.91495780088
          ],
          [
            3141.7543182032823,
            2037.5223068627529
          ],
          [
            3159.849510195141,
            2035.1296559246257
          ],
          [
            3177.944702187,
            2032.7370049864985
          ],
          [
            3196.039894178859,
            2030.3443540483713
          ],
          [
            3216.73006909166,
            2050.7375068329275
          ],
          [
            3234.0769855252,
            2058.896338940598
          ],
          [
            3253.0991658524144,
            2065.688274424523
          ],
          [
            3280.544218744384,
            2071.33716955781
          ],
          [
            3305.617381776334,
            2069.8970602601767
          ],
          [
            3312.6321394217666,
            2066.8993167839944
          ],
          [
            3320.0639402105007,
            2061.12162720412
          ],
          [
            3329.903688482009,
            2054.4102390604094
          ],
          [
            3339.785877055372,
            2051.8590540885925
          ],
          [
            3347.4781997293467,
            2052.291065725498
          ],
          [
            3347.639693050063,
            2057.237336556427
          ]
        ]
      },
      "properties": {
        "id": "pistes:way:168808600",
        "name": "Legends",
        "piste_type": "downhill",
        "tags": {
          "name": "Legends",
          "z_order": "0",
          "description": "Formerly known as Towers",
          "piste:difficulty": "intermediate",
          "piste:grooming": "classic",
          "piste:type": "downhill",
          "winter_sports_id": "178133225",
          "winter_sports_name": "Perisher",
          "State": "New South Wales",
          "Country": "Australia",
          "Ski Area": "Perisher",
          "region": "australia-oceania"
        }
      }
    },
    {
      "type": "Feature",
      "geometry": {
        "type": "LineString",
        "coordinates": [
          [
            2965.212493497529,
            5024.303899459541
          ],
          [
            2990.853414429119,
            5036.7151049263775
          ],
          [
            3008.589038733626,
            5044.0700906757265
          ],
          [
            3037.5288917081198,
            5051.329524613917
          ],
          [
            3053.3205371979857,
            5058.257630944252
          ],
          [
            3064.0299343059305,
            5067.367395062
          ],
          [
            3076.3067833647365,
            5084.975793695077
          ]
        ]
      },
      "properties": {
        "id": "pistes:way:168808601",
        "piste_type": "downhill",
        "tags": {
          "z_order": "0",
          "piste:difficulty": "intermediate",
          "piste:type": "downhill",
          "winter_sports_id": "178133225",
          "winter_sports_name": "Perisher",
          "State": "New South Wales",
          "Country": "Australia",
          "Ski Area": "Perisher",
          "region": "australia-oceania"
        }
      }
    },
    {
      "type": "Feature",
      "geometry": {
        "type": "LineString",
        "coordinates": [
          [
            2953.7883727389853,
            2057.4094575317577
          ],
          [
            2971.426466558827,
            2065.5645747552626
          ],
          [
            2989.064560378669,
            2073.7196919787675
          ],
          [
            3012.8292269862723,
            2089.6860729511827
          ],
          [
            3030.09921741148,
            2112.980728464201
          ],
          [
            3036.397777862032,
            2132.977978765499
          ],
          [
            3042.696338312584,
            2152.9752290667966
          ],
          [
            3048.450757300132,
            2169.4575223596767
          ],
          [
            3056.4029805558966,
            2178.540547579527
          ],
          [
            3069.8385337090585,
            2183.527559679933
          ],
          [
            3086.2766598577145,
            2184.6652864441276
          ]
        ]
      },
      "properties": {
        "id": "pistes:way:168808602",
        "piste_type": "downhill",
        "tags": {
          "z_order": "0",
          "piste:difficulty": "intermediate",
          "piste:type": "downhill",
          "winter_sports_id": "178133225",
          "winter_sports_name": "Perisher",
          "State": "New South Wales",
          "Country": "Australia",
          "Ski Area": "Perisher",
          "region": "australia-oceania"
        }
      }
    },
    {
      "type": "Feature",
      "geometry": {
        "type": "LineString",
        "coordinates": [
          [
            2714.0662921494804,
            4660.960140415467
          ],
          [
            2710.0071872597327,
            4660.053414449096
          ],
          [
            2703.4188919073204,
            4658.572934257798
          ],
          [
            2697.3556027330924,
            4659.903122712858
          ],
          [
            2691.7176627863664,
            4667.0855773752555
          ],
          [
            2691.142396248644,
            4678.8217894742265
          ],
          [
            2693.6029118467122,
            4693.909410653636
          ],
          [
            2696.9922932124464,
            4703.735470846295
          ],
          [
            2697.4837046792964,
            4720.382679214701
          ],
          [
            2700.835650534136,
            4745.643075631931
          ],
          [
            2699.5467932639876,
            4762.016394585371
          ],
          [
            2698.323933761567,
            4776.746631115675
          ],
          [
            2699.154224838363,
            4797.605225654319
          ],
          [
            2700.172860138351,
            4820.325140395202
          ],
          [
            2702.5349788184976,
            4827.969119136222
          ],
          [
            2710.6368127015885,
            4854.126274483278
          ],
          [
            2718.075513329124,
            4867.899355955422
          ],
          [
            2723.200594728347,
            4877.389685235918
          ],
          [
            2737.222332932288,
            4898.479515566491
          ],
          [
            2749.163853372331,
            4912.808926451951
          ],
          [
            2768.4061986161396,
            4932.591753333807
          ],
          [
            2787.8374727836344,
            4947.434328448027
          ],
          [
            2801.678632377414,
            4963.4560407353565
          ],
          [
            2800.7289955166634,
            4979.702426854521
          ],
          [
            2816.521810720471,
            4984.714150663465
          ],
          [
            2832.3146259242785,
            4989.7258744724095
          ],
          [
            2848.107441128086,
            4994.737598281354
          ],
          [
            2863.9002563318936,
            4999.749322090298
          ],
          [
            2879.1172047185246,
            5006.347614904866
          ],
          [
            2894.3341531051556,
            5012.945907719433
          ],
          [
            2912.053738203249,
            5015.78540565446
          ],
          [
            2929.7733233013423,
            5018.624903589487
          ],
          [
            2947.4929083994357,
            5021.464401524514
          ],
          [
            2965.212493497529,
            5024.303899459541
          ],
          [
            2981.5886995774927,
            5018.4157194014015
          ],
          [
            2997.9649056574563,
            5012.527539343263
          ],
          [
            3014.34111173742,
            5006.639359285124
          ],
          [
            3030.7173178173834,
            5000.751179226984
          ],
          [
            3047.093523897347,
            4994.862999168846
          ],
          [
            3063.4697299773106,
            4988.974819110706
          ],
          [
            3079.976321623622,
            4990.44641632804
          ],
          [
            3096.482913269933,
            4991.918013545374
          ],
          [
            3112.989504916244,
            4993.389610762708
          ],
          [
            3129.4960965625555,
            4994.861207980041
          ],
          [
            3146.0026882088664,
            4996.332805197376
          ],
          [
            3162.5092798551777,
            4997.804402414709
          ]
        ]
      },
      "properties": {
        "id": "pistes:way:168808603",
        "piste_type": "downhill",
        "tags": {
          "z_order": "0",
          "piste:difficulty": "easy",
          "piste:type": "downhill",
          "winter_sports_id": "178133225",
          "winter_sports_name": "Perisher",
          "State": "New South Wales",
          "Country": "Australia",
          "Ski Area": "Perisher",
          "region": "australia-oceania"
        }
      }
    },
    {
      "type": "Feature",
      "geometry": {
        "type": "LineString",
        "coordinates": [
          [
            2650.591753840563,
            3177.910906292498
          ],
          [
            2653.5477364531253,
            3186.334107699804
          ],
          [
            2649.901064582169,
            3216.444426920265
          ],
          [
            2651.026606557891,
            3235.390381000936
          ],
          [
            2654.1034034661716,
            3251.87271364592
          ],
          [
            2657.1802003744524,
            3268.3550462909043
          ],
          [
            2662.794443591032,
            3286.3189858226106
          ],
          [
            2668.408686807612,
            3304.282925354317
          ],
          [
            2674.0229300241917,
            3322.246864886023
          ],
          [
            2678.6479552767705,
            3343.76084016636
          ],
          [
            2680.530701170559,
            3371.039670245722
          ],
          [
            2680.3153543479275,
            3387.5029403562658
          ],
          [
            2680.100007525296,
            3403.9662104668096
          ],
          [
            2678.4342220004182,
            3422.791563273873
          ],
          [
            2676.7684364755405,
            3441.616916080937
          ],
          [
            2671.425786821521,
            3462.364925242029
          ],
          [
            2664.4842428318225,
            3477.987697582692
          ],
          [
            2646.706688657985,
            3504.1633027736098
          ],
          [
            2638.696168923052,
            3530.2534238249063
          ],
          [
            2639.4583241317887,
            3548.2614974547178
          ],
          [
            2640.9632992788684,
            3558.6917309490964
          ],
          [
            2639.2974221074255,
            3575.240643924723
          ],
          [
            2637.6315449359827,
            3591.78955690035
          ],
          [
            2635.96566776454,
            3608.3384698759764
          ],
          [
            2635.8203510996536,
            3624.68976377137
          ],
          [
            2635.6750344347674,
            3641.0410576667637
          ],
          [
            2620.4948053238913,
            3666.9682972058654
          ],
          [
            2608.6559939052677,
            3678.2900260398164
          ],
          [
            2596.817182486644,
            3689.6117548737675
          ],
          [
            2583.4214141004873,
            3698.7183003059276
          ],
          [
            2570.025645714331,
            3707.8248457380882
          ],
          [
            2556.629877328174,
            3716.9313911702484
          ],
          [
            2536.5072806715034,
            3731.7011001538485
          ],
          [
            2523.693658157368,
            3748.218352938071
          ],
          [
            2508.7588874083012,
            3767.562215667218
          ],
          [
            2499.757140485046,
            3783.4308750452474
          ],
          [
            2490.7553935617907,
            3799.299534423277
          ],
          [
            2484.7357569688465,
            3818.5592560321093
          ]
        ]
      },
      "properties": {
        "id": "pistes:way:172509193",
        "piste_type": "downhill",
        "tags": {
          "z_order": "0",
          "piste:difficulty": "easy",
          "piste:name": "Blue Cow Express Way",
          "piste:type": "downhill",
          "surface": "unpaved",
          "winter_sports_id": "178133225",
          "winter_sports_name": "Perisher",
          "State": "New South Wales",
          "Country": "Australia",
          "Ski Area": "Perisher",
          "region": "australia-oceania"
        }
      }
    },
    {
      "type": "Feature",
      "geometry": {
        "type": "LineString",
        "coordinates": [
          [
            2947.4775580101414,
            5714.609837813303
          ],
          [
            2946.271256593056,
            5719.298464147374
          ],
          [
            2947.3306398927234,
            5724.309397501871
          ],
          [
            2958.062924267084,
            5744.886138377711
          ],
          [
            2968.7952086414443,
            5765.462879253551
          ],
          [
            2981.9063741946593,
            5782.393635882996
          ],
          [
            2994.709667250165,
            5788.57731941808
          ],
          [
            3005.604562474182,
            5789.984243864194
          ],
          [
            3029.92292225617,
            5785.238754450344
          ],
          [
            3055.819475528202,
            5776.087655131705
          ],
          [
            3069.141939726658,
            5774.740991507657
          ],
          [
            3079.236192928627,
            5775.382723690942
          ],
          [
            3100.2066169147147,
            5782.957065610215
          ],
          [
            3116.595102606574,
            5787.013836590573
          ],
          [
            3135.8225689242827,
            5787.295834513381
          ],
          [
            3155.0500352419913,
            5787.577832436189
          ],
          [
            3178.8708656830713,
            5776.980713404715
          ],
          [
            3192.088389845565,
            5767.768686780706
          ],
          [
            3205.8021976051386,
            5752.868554256856
          ],
          [
            3219.5160053647123,
            5737.968421733007
          ],
          [
            3236.70461317664,
            5721.697551520541
          ],
          [
            3255.48651588324,
            5710.435337489471
          ],
          [
            3274.2684185898397,
            5699.1731234584
          ],
          [
            3282.912670465419,
            5692.013313139789
          ],
          [
            3285.314554459881,
            5686.874580761418
          ],
          [
            3289.431604670477,
            5669.456025868654
          ],
          [
            3293.548654881073,
            5652.037470975891
          ],
          [
            3302.562549072318,
            5633.244212215766
          ],
          [
            3314.847412007861,
            5623.468535877764
          ],
          [
            3332.077821658924,
            5615.679332842119
          ],
          [
            3349.3082313099876,
            5607.890129806474
          ],
          [
            3364.926698769598,
            5601.55369057941
          ],
          [
            3380.5451662292085,
            5595.217251352345
          ],
          [
            3396.1636336888187,
            5588.8808121252805
          ],
          [
            3414.4636858009812,
            5580.412019794186
          ],
          [
            3432.7637379131434,
            5571.943227463092
          ],
          [
            3451.063790025306,
            5563.474435131997
          ],
          [
            3465.6499853229616,
            5554.641537556425
          ],
          [
            3476.2401944756275,
            5549.9053800962865
          ],
          [
            3489.9546939682914,
            5544.069781254977
          ],
          [
            3503.6851424317574,
            5543.6596264299005
          ],
          [
            3511.9897702359594,
            5548.354494119063
          ],
          [
            3523.801686959341,
            5561.331136329565
          ],
          [
            3535.613603682723,
            5574.307778540067
          ],
          [
            3555.9359629572136,
            5594.095477473922
          ],
          [
            3572.31864513614,
            5604.242881251965
          ],
          [
            3588.701327315066,
            5614.390285030007
          ],
          [
            3607.778592936462,
            5625.042170714587
          ],
          [
            3620.3242435448337,
            5635.395036826376
          ],
          [
            3632.8698941532057,
            5645.747902938165
          ],
          [
            3658.8297433658736,
            5657.065241260454
          ],
          [
            3680.3818476506276,
            5658.959932360798
          ],
          [
            3697.1520192717435,
            5652.236323530786
          ],
          [
            3711.119900985388,
            5634.8240789063275
          ],
          [
            3723.6737301836256,
            5610.874930119142
          ],
          [
            3730.1531255479204,
            5596.1679074745625
          ],
          [
            3739.950104628573,
            5583.16571218241
          ],
          [
            3754.072392099828,
            5573.606751057785
          ],
          [
            3768.194679571083,
            5564.04778993316
          ],
          [
            3786.4811909643468,
            5551.4878663066775
          ],
          [
            3804.7677023576107,
            5538.927942680195
          ],
          [
            3821.6802707113093,
            5527.525229041465
          ],
          [
            3838.592839065008,
            5516.122515402734
          ],
          [
            3862.986278007156,
            5501.8203042354435
          ],
          [
            3886.3062627499457,
            5490.207673834637
          ],
          [
            3901.347849736456,
            5484.340985957533
          ],
          [
            3926.8049990209984,
            5471.010594708845
          ],
          [
            3951.9035128076794,
            5463.244207525626
          ],
          [
            3965.088034105138,
            5463.551383955404
          ]
        ]
      },
      "properties": {
        "id": "pistes:way:172509194",
        "name": "Excelerator",
        "piste_type": "downhill",
        "tags": {
          "name": "Excelerator",
          "z_order": "0",
          "piste:difficulty": "intermediate",
          "piste:type": "downhill",
          "winter_sports_id": "178133225",
          "winter_sports_name": "Perisher",
          "State": "New South Wales",
          "Country": "Australia",
          "Ski Area": "Perisher",
          "region": "australia-oceania"
        }
      }
    },
    {
      "type": "Feature",
      "geometry": {
        "type": "LineString",
        "coordinates": [
          [
            2185.512385596172,
            2129.319332059473
          ],
          [
            2204.134108735132,
            2118.3054748303257
          ],
          [
            2222.755831874092,
            2107.2916176011786
          ],
          [
            2231.5419793899637,
            2102.094564560801
          ],
          [
            2249.2854984264122,
            2094.8768058861606
          ],
          [
            2267.029017462861,
            2087.6590472115204
          ],
          [
            2284.10129131336,
            2081.787884051446
          ],
          [
            2301.173565163859,
            2075.9167208913714
          ],
          [
            2321.467006076011,
            2072.0185052435845
          ],
          [
            2346.014937967062,
            2068.3585485164076
          ],
          [
            2360.543165216106,
            2062.7014145329595
          ],
          [
            2372.321975784221,
            2050.470925844585
          ],
          [
            2384.100786352336,
            2038.2404371562104
          ],
          [
            2395.879596920451,
            2026.0099484678358
          ],
          [
            2411.337150847132,
            2011.7236631456763
          ],
          [
            2426.7947047738126,
            1997.4373778235167
          ],
          [
            2442.720158192562,
            1986.3785961498506
          ],
          [
            2458.6456116113113,
            1975.3198144761845
          ],
          [
            2474.5710650300607,
            1964.2610328025185
          ],
          [
            2490.49651844881,
            1953.2022511288524
          ],
          [
            2519.1951486530015,
            1943.8565133437514
          ],
          [
            2549.6808458487503,
            1946.4902397952974
          ],
          [
            2564.8672550094,
            1952.4920063037425
          ],
          [
            2580.0536641700505,
            1958.4937728121877
          ],
          [
            2595.2400733307004,
            1964.4955393206328
          ],
          [
            2612.057817463414,
            1975.8143339459784
          ],
          [
            2628.875561596127,
            1987.133128571324
          ],
          [
            2651.729813738959,
            1999.740570852533
          ],
          [
            2669.2944639645284,
            2009.9833222031593
          ],
          [
            2687.2360653416254,
            2019.0000890074298
          ],
          [
            2704.521664289292,
            2024.1983416918665
          ],
          [
            2724.115042421734,
            2026.489462587051
          ],
          [
            2743.708420554176,
            2028.7805834822357
          ],
          [
            2760.417871466838,
            2017.6877324171364
          ],
          [
            2766.9888791269623,
            1993.9038435816765
          ],
          [
            2768.8763355526025,
            1974.9476089747623
          ],
          [
            2770.763791978243,
            1955.991374367848
          ],
          [
            2770.95285491657,
            1926.8739931993186
          ],
          [
            2777.0830195213202,
            1906.7246960923076
          ],
          [
            2783.3569585351506,
            1895.9046498835087
          ],
          [
            2791.8666896654177,
            1879.6875912835822
          ],
          [
            2800.3764207956847,
            1863.4705326836556
          ],
          [
            2809.4584254685033,
            1847.4532101186924
          ],
          [
            2818.540430141322,
            1831.4358875537291
          ],
          [
            2827.6224348141404,
            1815.4185649887659
          ],
          [
            2836.704439486959,
            1799.4012424238026
          ],
          [
            2846.5487468495267,
            1788.0413115732372
          ],
          [
            2859.027569597199,
            1773.6437557525933
          ],
          [
            2871.506392344871,
            1759.2461999319494
          ],
          [
            2883.9852150925435,
            1744.8486441113055
          ]
        ]
      },
      "properties": {
        "id": "pistes:way:172509195",
        "name": "GS Bowl",
        "piste_type": "downhill",
        "tags": {
          "name": "GS Bowl",
          "z_order": "0",
          "patrolled": "yes",
          "piste:difficulty": "intermediate",
          "piste:grooming": "backcountry",
          "piste:type": "downhill",
          "winter_sports_id": "178133225",
          "winter_sports_name": "Perisher",
          "State": "New South Wales",
          "Country": "Australia",
          "Ski Area": "Perisher",
          "region": "australia-oceania"
        }
      }
    },
    {
      "type": "Feature",
      "geometry": {
        "type": "LineString",
        "coordinates": [
          [
            2636.3471810816554,
            2838.494432971813
          ],
          [
            2641.559836996137,
            2838.596732098609
          ],
          [
            2654.5248679996002,
            2835.1697216667235
          ],
          [
            2664.236945928191,
            2830.702289059758
          ],
          [
            2677.2575312106637,
            2818.908412548403
          ],
          [
            2690.2781164931366,
            2807.114536037048
          ],
          [
            2703.2987017756095,
            2795.3206595256925
          ],
          [
            2710.3325644496363,
            2780.345550165201
          ],
          [
            2717.366427123663,
            2765.37044080471
          ],
          [
            2724.4002897976898,
            2750.3953314442188
          ],
          [
            2731.4341524717165,
            2735.4202220837274
          ],
          [
            2738.4680151457433,
            2720.4451127232364
          ],
          [
            2745.50187781977,
            2705.470003362745
          ],
          [
            2754.0562325236388,
            2691.501997956075
          ],
          [
            2762.6105872275075,
            2677.5339925494045
          ],
          [
            2771.1649419313762,
            2663.5659871427342
          ],
          [
            2779.719296635245,
            2649.597981736064
          ],
          [
            2797.473870963906,
            2637.508043966256
          ],
          [
            2815.228445292567,
            2625.418106196448
          ],
          [
            2833.0710913239163,
            2614.1534336335026
          ],
          [
            2850.9137373552658,
            2602.888761070557
          ],
          [
            2863.112065626541,
            2591.128667251207
          ],
          [
            2875.3103938978165,
            2579.368573431857
          ],
          [
            2883.8402901863446,
            2565.126172931399
          ],
          [
            2892.3701864748728,
            2550.8837724309415
          ],
          [
            2900.9973806752046,
            2534.4855597162
          ],
          [
            2909.624574875537,
            2518.087347001458
          ],
          [
            2918.2517690758687,
            2501.6891342867166
          ]
        ]
      },
      "properties": {
        "id": "pistes:way:172509196",
        "name": "Olympic",
        "piste_type": "downhill",
        "tags": {
          "name": "Olympic",
          "z_order": "0",
          "patrolled": "yes",
          "piste:difficulty": "advanced",
          "piste:grooming": "backcountry",
          "piste:type": "downhill",
          "winter_sports_id": "178133225",
          "winter_sports_name": "Perisher",
          "State": "New South Wales",
          "Country": "Australia",
          "Ski Area": "Perisher",
          "region": "australia-oceania"
        }
      }
    },
    {
      "type": "Feature",
      "geometry": {
        "type": "LineString",
        "coordinates": [
          [
            3125.1110158647643,
            2863.703834079206
          ],
          [
            3132.386314391275,
            2846.7609562375583
          ],
          [
            3139.6616129177855,
            2829.8180783959106
          ],
          [
            3146.936911444296,
            2812.875200554263
          ],
          [
            3154.2122099708067,
            2795.932322712615
          ],
          [
            3156.462968715816,
            2789.0870515443385
          ],
          [
            3170.6371550211916,
            2765.1371979676187
          ],
          [
            3181.5340250708396,
            2741.567688590847
          ],
          [
            3187.1694655836327,
            2725.6711672795936
          ],
          [
            3192.804906096426,
            2709.7746459683403
          ],
          [
            3198.440346609219,
            2693.878124657087
          ],
          [
            3201.7898976538563,
            2677.4525604527444
          ],
          [
            3204.0134938212577,
            2662.5523105859756
          ],
          [
            3205.1476978089195,
            2647.3682744894177
          ],
          [
            3201.0029130758485,
            2632.4493974465877
          ],
          [
            3194.6903130225837,
            2620.191587300971
          ],
          [
            3189.4265513930004,
            2602.3264203220606
          ],
          [
            3185.24553711497,
            2584.595343574416
          ],
          [
            3181.0645228369394,
            2566.864266826771
          ],
          [
            3179.7743536136113,
            2561.3906803913414
          ],
          [
            3174.036635469296,
            2534.955528968945
          ],
          [
            3171.428540820023,
            2513.429165511392
          ],
          [
            3168.82044617075,
            2491.902802053839
          ],
          [
            3167.129252114857,
            2472.9927880233154
          ],
          [
            3165.438058058964,
            2454.0827739927918
          ],
          [
            3165.6166795016034,
            2444.748841241002
          ],
          [
            3166.131463089725,
            2417.7681367471814
          ],
          [
            3171.405735784443,
            2394.9125527711585
          ],
          [
            3178.4520010019187,
            2365.6069609746337
          ],
          [
            3179.639688295778,
            2355.969913984649
          ],
          [
            3179.667807345628,
            2334.399784170091
          ],
          [
            3176.712071191403,
            2326.6313749589026
          ],
          [
            3172.0996237832587,
            2320.273922761902
          ],
          [
            3166.9636300747516,
            2317.3969601299614
          ],
          [
            3148.303445769823,
            2309.623164624907
          ],
          [
            3134.6832218938507,
            2302.430930197239
          ],
          [
            3123.5058862193255,
            2289.899611538276
          ],
          [
            3115.165795019013,
            2271.39105867967
          ],
          [
            3112.620722853462,
            2246.7736588306725
          ],
          [
            3112.6021369477385,
            2226.3026666902006
          ],
          [
            3112.5835510420147,
            2205.8316745497286
          ]
        ]
      },
      "properties": {
        "id": "pistes:way:172509198",
        "name": "Snowy Trails",
        "piste_type": "downhill",
        "tags": {
          "name": "Snowy Trails",
          "z_order": "0",
          "piste:difficulty": "easy",
          "piste:grooming": "classic",
          "piste:type": "downhill",
          "winter_sports_id": "178133225",
          "winter_sports_name": "Perisher",
          "State": "New South Wales",
          "Country": "Australia",
          "Ski Area": "Perisher",
          "region": "australia-oceania"
        }
      }
    },
    {
      "type": "Feature",
      "geometry": {
        "type": "LineString",
        "coordinates": [
          [
            3340.2190502223093,
            2663.139590309933
          ],
          [
            3351.990195911145,
            2649.792775942944
          ],
          [
            3363.7613415999804,
            2636.445961575955
          ],
          [
            3372.202463186113,
            2630.964274282567
          ],
          [
            3385.008854025509,
            2627.1501039117575
          ],
          [
            3398.109865148086,
            2623.2428716961294
          ],
          [
            3425.943028053269,
            2612.87487175595
          ],
          [
            3439.8665233771317,
            2597.671459327452
          ],
          [
            3449.9797388304723,
            2568.99790345598
          ],
          [
            3451.2026878273755,
            2552.236956593115
          ],
          [
            3452.4256368242786,
            2535.4760097302496
          ],
          [
            3453.6485858211818,
            2518.7150628673844
          ],
          [
            3454.871534818085,
            2501.954116004519
          ],
          [
            3456.7389468204346,
            2482.3266999465413
          ],
          [
            3458.6063588227844,
            2462.6992838885635
          ],
          [
            3460.899558915815,
            2440.8964988221414
          ],
          [
            3463.1927590088453,
            2419.0937137557194
          ],
          [
            3466.5248849749914,
            2402.1301328637637
          ],
          [
            3469.8570109411376,
            2385.166551971808
          ],
          [
            3474.8439070446766,
            2369.748941268772
          ],
          [
            3479.8308031482156,
            2354.3313305657357
          ],
          [
            3487.043740832538,
            2338.4208954796195
          ],
          [
            3494.25667851686,
            2322.5104603935033
          ],
          [
            3503.2823727967916,
            2302.3573506670073
          ],
          [
            3512.308067076723,
            2282.204240940511
          ],
          [
            3522.6173375887447,
            2265.5219996334054
          ],
          [
            3532.9266081007663,
            2248.8397583262995
          ]
        ]
      },
      "properties": {
        "id": "pistes:way:172509199",
        "name": "The Cleft",
        "piste_type": "downhill",
        "tags": {
          "name": "The Cleft",
          "z_order": "0",
          "patrolled": "yes",
          "piste:difficulty": "intermediate",
          "piste:grooming": "backcountry",
          "piste:type": "downhill",
          "winter_sports_id": "178133225",
          "winter_sports_name": "Perisher",
          "State": "New South Wales",
          "Country": "Australia",
          "Ski Area": "Perisher",
          "region": "australia-oceania"
        }
      }
    },
    {
      "type": "Feature",
      "geometry": {
        "type": "LineString",
        "coordinates": [
          [
            2462.362318792613,
            3693.9354879315943
          ],
          [
            2456.7387550905114,
            3723.8744288440794
          ],
          [
            2453.4456485644914,
            3738.1240773946047
          ],
          [
            2457.2677447089227,
            3760.5928257144988
          ],
          [
            2464.775734155439,
            3774.9032228719443
          ],
          [
            2472.283723601955,
            3789.21362002939
          ],
          [
            2484.7357569688465,
            3818.5592560321093
          ],
          [
            2493.667589443115,
            3834.141718793971
          ],
          [
            2502.599421917383,
            3849.7241815558323
          ],
          [
            2511.5312543916516,
            3865.306644317694
          ],
          [
            2520.46308686592,
            3880.8891070795557
          ],
          [
            2529.394919340188,
            3896.471569841417
          ],
          [
            2538.3267518144567,
            3912.0540326032788
          ],
          [
            2546.3070745321843,
            3927.7870113113895
          ],
          [
            2554.2873972499124,
            3943.5199900195003
          ],
          [
            2562.26771996764,
            3959.252968727611
          ],
          [
            2570.2480426853676,
            3974.9859474357218
          ],
          [
            2578.2283654030957,
            3990.7189261438325
          ],
          [
            2586.2086881208234,
            4006.4519048519433
          ],
          [
            2597.916044893209,
            4025.788913084194
          ],
          [
            2609.6234016655944,
            4045.125921316445
          ],
          [
            2605.584637665306,
            4062.2490084338933
          ],
          [
            2601.545873665018,
            4079.3720955513418
          ],
          [
            2597.50710966473,
            4096.49518266879
          ],
          [
            2593.4683456644416,
            4113.618269786239
          ],
          [
            2597.8303950741342,
            4133.0612069865065
          ],
          [
            2602.1924444838273,
            4152.504144186775
          ],
          [
            2606.55449389352,
            4171.947081387043
          ],
          [
            2622.1905991862877,
            4180.664504094981
          ],
          [
            2637.8267044790555,
            4189.381926802918
          ],
          [
            2654.2447458799384,
            4195.91698280784
          ],
          [
            2670.6627872808217,
            4202.452038812761
          ],
          [
            2687.0808286817046,
            4208.987094817683
          ],
          [
            2707.094565274252,
            4209.9187327502295
          ],
          [
            2727.1083018667996,
            4210.850370682776
          ],
          [
            2746.424500316789,
            4220.318866582587
          ],
          [
            2765.740698766778,
            4229.787362482399
          ],
          [
            2783.8202243817504,
            4232.714339936773
          ],
          [
            2801.8997499967227,
            4235.641317391147
          ],
          [
            2819.979275611695,
            4238.568294845521
          ]
        ]
      },
      "properties": {
        "id": "pistes:way:172509201",
        "piste_type": "downhill",
        "tags": {
          "z_order": "0",
          "piste:difficulty": "easy",
          "piste:type": "downhill",
          "winter_sports_id": "178133225",
          "winter_sports_name": "Perisher",
          "State": "New South Wales",
          "Country": "Australia",
          "Ski Area": "Perisher",
          "region": "australia-oceania"
        }
      }
    },
    {
      "type": "Feature",
      "geometry": {
        "type": "LineString",
        "coordinates": [
          [
            2644.9142186575336,
            3167.3633581241593
          ],
          [
            2646.1791617274284,
            3166.7570423586294
          ],
          [
            2672.7815250036074,
            3150.4843472447246
          ],
          [
            2685.6548387875664,
            3137.5664269430563
          ],
          [
            2698.5281525715254,
            3124.648506641388
          ],
          [
            2713.6768067064695,
            3114.6379938479513
          ],
          [
            2728.8254608414136,
            3104.6274810545146
          ],
          [
            2745.829551130999,
            3079.627845962532
          ],
          [
            2752.7064210599056,
            3050.247492235154
          ],
          [
            2753.2521767254802,
            3032.7641941392794
          ],
          [
            2753.797932391055,
            3015.280896043405
          ],
          [
            2756.5508973577525,
            3004.056864480488
          ],
          [
            2766.920761650428,
            2980.5399386221543
          ],
          [
            2772.0685747554526,
            2973.66402772069
          ],
          [
            2783.942894247477,
            2967.9891047347337
          ],
          [
            2798.019635390665,
            2978.792441362515
          ],
          [
            2812.096376533853,
            2989.5957779902965
          ],
          [
            2827.5026877807686,
            2994.9541635457426
          ],
          [
            2839.9820037144236,
            2989.558902775869
          ],
          [
            2845.2477417291375,
            2972.229273788631
          ],
          [
            2859.4839042037493,
            2946.2818964179605
          ],
          [
            2876.5557377152145,
            2944.625943660736
          ],
          [
            2894.683132883045,
            2944.3249691440724
          ],
          [
            2912.8105280508753,
            2944.0239946274087
          ],
          [
            2916.29183847236,
            2942.864092234522
          ],
          [
            2932.1992069956614,
            2937.5966386273503
          ],
          [
            2946.057019971311,
            2928.2978481538594
          ],
          [
            2958.4335073533002,
            2912.7071190904826
          ],
          [
            2960.296157580684,
            2901.9619019124657
          ],
          [
            2955.9235631079646,
            2888.632880685851
          ],
          [
            2952.462574809091,
            2868.8774608355016
          ],
          [
            2952.903895044932,
            2844.2057454921305
          ],
          [
            2960.187338437652,
            2823.1520299287513
          ],
          [
            2965.300701016863,
            2806.4769220052285
          ],
          [
            2970.4140635960734,
            2789.801814081706
          ],
          [
            2975.5274261752843,
            2773.1267061581834
          ],
          [
            2980.6407887544947,
            2756.451598234661
          ],
          [
            2985.7541513337055,
            2739.7764903111383
          ],
          [
            2990.8388377854717,
            2724.3799823226873
          ],
          [
            2995.923524237238,
            2708.9834743342362
          ],
          [
            3001.008210689004,
            2693.586966345785
          ],
          [
            3006.09289714077,
            2678.190458357334
          ],
          [
            3018.560191782657,
            2651.558259131387
          ],
          [
            3032.9949023766676,
            2628.248400779441
          ],
          [
            3047.9407779683825,
            2609.8963452940807
          ],
          [
            3062.8866535600973,
            2591.5442898087204
          ],
          [
            3071.778237241786,
            2583.715221216902
          ]
        ]
      },
      "properties": {
        "id": "pistes:way:172509202",
        "name": "Snowy Trails",
        "piste_type": "downhill",
        "tags": {
          "name": "Snowy Trails",
          "z_order": "0",
          "piste:difficulty": "easy",
          "piste:type": "downhill",
          "winter_sports_id": "178133225",
          "winter_sports_name": "Perisher",
          "State": "New South Wales",
          "Country": "Australia",
          "Ski Area": "Perisher",
          "region": "australia-oceania"
        }
      }
    },
    {
      "type": "Feature",
      "geometry": {
        "type": "LineString",
        "coordinates": [
          [
            2360.1174007055815,
            2135.882352432236
          ],
          [
            2373.671735616168,
            2151.6424427647144
          ],
          [
            2385.10074827692,
            2164.9255483336747
          ],
          [
            2397.2146993779656,
            2181.3387823974094
          ],
          [
            2409.328650479011,
            2197.7520164611437
          ],
          [
            2421.4426015800564,
            2214.1652505248785
          ],
          [
            2431.762425178895,
            2235.1090813223273
          ],
          [
            2439.8124461093685,
            2254.1328054312617
          ],
          [
            2445.7170190157485,
            2273.6423577694222
          ],
          [
            2451.6215919221286,
            2293.151910107583
          ],
          [
            2453.5828791046515,
            2310.9984905049205
          ],
          [
            2453.1277964689652,
            2330.1392362643965
          ],
          [
            2452.672713833279,
            2349.2799820238724
          ],
          [
            2449.892444500758,
            2366.3997176991156
          ],
          [
            2447.1121751682367,
            2383.5194533743584
          ],
          [
            2444.3319058357156,
            2400.6391890496016
          ],
          [
            2441.5516365031945,
            2417.7589247248447
          ],
          [
            2438.7713671706733,
            2434.8786604000875
          ],
          [
            2435.991097838152,
            2451.9983960753307
          ]
        ]
      },
      "properties": {
        "id": "pistes:way:172509204",
        "piste_type": "downhill",
        "tags": {
          "z_order": "0",
          "piste:difficulty": "intermediate",
          "piste:type": "downhill",
          "winter_sports_id": "178133225",
          "winter_sports_name": "Perisher",
          "State": "New South Wales",
          "Country": "Australia",
          "Ski Area": "Perisher",
          "region": "australia-oceania"
        }
      }
    },
    {
      "type": "Feature",
      "geometry": {
        "type": "LineString",
        "coordinates": [
          [
            2462.362318792613,
            3693.9354879315943
          ],
          [
            2465.5393685102463,
            3687.820489130914
          ],
          [
            2471.029463268351,
            3686.598552647978
          ],
          [
            2476.5491276751272,
            3687.428849544376
          ],
          [
            2493.387073946302,
            3691.2249655965716
          ],
          [
            2509.19777479177,
            3697.6515719899908
          ],
          [
            2525.008475637238,
            3704.07817838341
          ],
          [
            2540.819176482706,
            3710.504784776829
          ],
          [
            2556.629877328174,
            3716.9313911702484
          ],
          [
            2579.950908213388,
            3732.3728835554793
          ],
          [
            2598.5428579766885,
            3738.3570349980146
          ],
          [
            2617.134807739989,
            3744.34118644055
          ],
          [
            2638.030661547382,
            3748.9772007106803
          ],
          [
            2658.926515354775,
            3753.613214980811
          ],
          [
            2680.5100224631606,
            3758.6552848350257
          ],
          [
            2702.0935295715462,
            3763.6973546892405
          ],
          [
            2721.768730867363,
            3766.4146306659095
          ],
          [
            2741.44393216318,
            3769.1319066425785
          ],
          [
            2757.730980544739,
            3770.165270197516
          ],
          [
            2774.0180289262985,
            3771.1986337524527
          ],
          [
            2790.3050773078576,
            3772.23199730739
          ],
          [
            2808.761469183315,
            3771.920973241329
          ],
          [
            2827.2178610587725,
            3771.6099491752684
          ],
          [
            2845.2000362381805,
            3765.796787419822
          ],
          [
            2863.1822114175884,
            3759.9836256643757
          ],
          [
            2878.8996136272845,
            3753.1261467937793
          ],
          [
            2894.6170158369805,
            3746.268667923183
          ],
          [
            2910.334418046676,
            3739.411189052587
          ],
          [
            2926.051820256372,
            3732.5537101819905
          ],
          [
            2941.769222466068,
            3725.696231311394
          ],
          [
            2957.4866246757642,
            3718.8387524407976
          ],
          [
            2973.20402688546,
            3711.9812735702017
          ],
          [
            2988.921429095156,
            3705.1237946996052
          ],
          [
            3004.638831304852,
            3698.266315829009
          ],
          [
            3028.9336883033393,
            3694.7858002260327
          ],
          [
            3048.2008855763124,
            3693.4861394427717
          ],
          [
            3064.9498225601856,
            3690.4919940512627
          ],
          [
            3079.8008761122474,
            3683.8914768281393
          ],
          [
            3094.651929664309,
            3677.290959605016
          ],
          [
            3109.502983216371,
            3670.6904423818924
          ],
          [
            3124.3540367684327,
            3664.089925158769
          ],
          [
            3147.260797768249,
            3658.2991195470095
          ],
          [
            3166.8565525789745,
            3657.3938694950193
          ],
          [
            3183.7931055464433,
            3657.7586953034624
          ],
          [
            3200.729658513912,
            3658.1235211119056
          ],
          [
            3218.230538609787,
            3655.0294122677296
          ],
          [
            3237.596790708485,
            3648.812575984746
          ],
          [
            3259.375978518976,
            3640.1196946278214
          ],
          [
            3274.4962246591845,
            3625.860882677138
          ],
          [
            3289.6164707993935,
            3611.6020707264543
          ],
          [
            3304.736716939602,
            3597.3432587757707
          ],
          [
            3329.003087346442,
            3581.4131220430136
          ],
          [
            3356.8166332917754,
            3571.94451205153
          ],
          [
            3375.789955759576,
            3568.3404624735317
          ],
          [
            3394.763278227377,
            3564.736412895533
          ],
          [
            3413.736600695178,
            3561.1323633175343
          ],
          [
            3434.2770691163605,
            3540.0522077018395
          ],
          [
            3445.5539363240823,
            3526.9769409671426
          ],
          [
            3456.830803531804,
            3513.9016742324457
          ],
          [
            3468.107670739526,
            3500.8264074977487
          ],
          [
            3484.2092503632884,
            3488.4983941232786
          ],
          [
            3503.707247369108,
            3477.1861746963114
          ],
          [
            3520.3062453956227,
            3469.4665886927396
          ],
          [
            3536.9052434221376,
            3461.747002689168
          ],
          [
            3559.366340646986,
            3449.4151824600995
          ],
          [
            3582.6155789426994,
            3432.067755350843
          ],
          [
            3605.4369989060797,
            3414.915106572211
          ],
          [
            3619.121560519852,
            3404.1808833307587
          ],
          [
            3632.8061221336247,
            3393.4466600893065
          ],
          [
            3649.0944963207003,
            3379.8063295129687
          ],
          [
            3665.7726632001577,
            3365.217173969373
          ],
          [
            3678.422567210684,
            3353.9708653530106
          ],
          [
            3691.0724712212104,
            3342.724556736648
          ],
          [
            3706.649110102793,
            3331.0417191358283
          ],
          [
            3722.225748984376,
            3319.3588815350085
          ],
          [
            3740.3012680308893,
            3308.9655414232984
          ],
          [
            3759.763685358106,
            3302.0359722794965
          ],
          [
            3769.77725757577,
            3304.7195422127843
          ],
          [
            3780.794860042166,
            3304.281726313755
          ],
          [
            3784.3227496326435,
            3303.853105062619
          ],
          [
            3794.18640488619,
            3298.705370753072
          ]
        ]
      },
      "properties": {
        "id": "pistes:way:178133220",
        "name": "Copperhead Road",
        "piste_type": "downhill",
        "tags": {
          "name": "Copperhead Road",
          "z_order": "0",
          "piste:difficulty": "easy",
          "piste:type": "downhill",
          "winter_sports_id": "178133225",
          "winter_sports_name": "Perisher",
          "State": "New South Wales",
          "Country": "Australia",
          "Ski Area": "Perisher",
          "region": "australia-oceania"
        }
      }
    },
    {
      "type": "Feature",
      "geometry": {
        "type": "LineString",
        "coordinates": [
          [
            3422.5462339671794,
            3868.8941800035536
          ],
          [
            3428.3080767119536,
            3857.3488554228097
          ],
          [
            3425.3405685001053,
            3837.076035959646
          ],
          [
            3429.3023503686222,
            3821.414510861039
          ],
          [
            3433.2641322371396,
            3805.752985762432
          ],
          [
            3437.2259141056566,
            3790.0914606638253
          ],
          [
            3444.97326724045,
            3773.202534935437
          ],
          [
            3456.5240628577303,
            3756.935194859281
          ],
          [
            3467.1063861353323,
            3749.9577629659325
          ],
          [
            3474.3703786032274,
            3744.8814669195563
          ],
          [
            3490.5504751931876,
            3740.396862789057
          ],
          [
            3499.383715554257,
            3738.3712111031637
          ],
          [
            3508.1741095986217,
            3738.9536220226437
          ],
          [
            3515.9434521492803,
            3740.2609728202224
          ],
          [
            3523.041488897172,
            3738.5822776611894
          ],
          [
            3529.309199143783,
            3734.086281493306
          ],
          [
            3532.832380244392,
            3725.9131588451564
          ],
          [
            3533.6926000925014,
            3719.676066312939
          ],
          [
            3533.346320714685,
            3712.513385299593
          ],
          [
            3531.1632819729857,
            3703.6464913291857
          ],
          [
            3531.524158032611,
            3695.76342054829
          ],
          [
            3537.3039935526904,
            3691.030404433608
          ],
          [
            3543.9118311661296,
            3688.3380246907473
          ],
          [
            3550.7278904379345,
            3687.6287138480693
          ],
          [
            3556.6281272497727,
            3689.329343121499
          ],
          [
            3564.631501049502,
            3693.1630289200693
          ],
          [
            3569.8355750854826,
            3693.253820186481
          ],
          [
            3580.12874736276,
            3685.525949237868
          ],
          [
            3585.3649556954624,
            3683.5081124156713
          ],
          [
            3594.351717248326,
            3678.4732387959957
          ],
          [
            3606.756575433188,
            3669.1501632630825
          ],
          [
            3612.259657531744,
            3663.278278275393
          ],
          [
            3621.4245924273273,
            3662.4792790561914
          ],
          [
            3627.7436332923826,
            3665.83810027875
          ],
          [
            3637.9447957234224,
            3674.61055851914
          ],
          [
            3643.6981930683833,
            3685.333936107345
          ],
          [
            3653.6368505961727,
            3692.0908072497696
          ],
          [
            3661.649547995534,
            3692.8619012413546
          ],
          [
            3673.6875949949026,
            3693.474570646882
          ],
          [
            3681.332132255775,
            3697.302275508642
          ],
          [
            3692.954420866212,
            3702.0152210397646
          ],
          [
            3702.43127872888,
            3700.457102511078
          ],
          [
            3709.146593391546,
            3694.0571206510067
          ],
          [
            3711.201325490256,
            3682.998253688216
          ],
          [
            3716.8835531549994,
            3671.5648268368095
          ],
          [
            3722.708718545153,
            3658.2430731467903
          ],
          [
            3728.0931667037075,
            3647.923525078222
          ],
          [
            3735.274538284517,
            3640.8842910770327
          ],
          [
            3743.5499585445505,
            3633.2077755192295
          ],
          [
            3747.676616339595,
            3623.3725340869278
          ],
          [
            3751.8375850757584,
            3615.2787911044434
          ],
          [
            3761.589309531031,
            3611.042575886473
          ],
          [
            3773.1200339400675,
            3610.0869209673256
          ],
          [
            3781.548758071265,
            3612.327552013099
          ],
          [
            3787.189933388843,
            3619.646142434329
          ],
          [
            3792.832435994176,
            3637.5276698330417
          ],
          [
            3794.896708497079,
            3648.6930165579543
          ],
          [
            3800.1506858328357,
            3650.9798599341884
          ],
          [
            3806.7319246407133,
            3646.4679927099496
          ],
          [
            3811.114474826958,
            3638.1934640929103
          ],
          [
            3817.674383355421,
            3627.2908632792532
          ],
          [
            3820.8129013699945,
            3620.4435816723853
          ],
          [
            3829.207724969485,
            3612.9649609094486
          ],
          [
            3835.757409310201,
            3608.7531089782715
          ],
          [
            3849.6285980513785,
            3600.9727828446776
          ],
          [
            3852.099394551362,
            3597.5526449382305
          ],
          [
            3855.2737523098476,
            3593.1680389009416
          ],
          [
            3860.503665998229,
            3577.1808244604617
          ],
          [
            3863.4873704104684,
            3559.0959873180836
          ],
          [
            3863.782471801969,
            3546.720148317516
          ],
          [
            3864.7471074340865,
            3531.6605259086937
          ],
          [
            3864.5036916325334,
            3514.9541718605906
          ],
          [
            3868.910276330076,
            3507.722238969058
          ],
          [
            3874.941536346567,
            3498.103276865557
          ],
          [
            3876.7389857738744,
            3486.0273147206753
          ],
          [
            3874.9022775989724,
            3468.3233851399273
          ],
          [
            3876.430694923154,
            3459.9461617693305
          ],
          [
            3878.8876757918624,
            3451.888273300603
          ],
          [
            3877.0061471286463,
            3437.8798158690333
          ],
          [
            3871.346628129948,
            3423.7599764950573
          ],
          [
            3866.7602429951075,
            3413.108501107432
          ],
          [
            3865.3021553048166,
            3394.300592167303
          ],
          [
            3865.365604241728,
            3382.649335971102
          ],
          [
            3863.4965353440493,
            3365.800232154317
          ],
          [
            3864.796500629629,
            3349.74821417965
          ],
          [
            3866.9845763376215,
            3341.705340642482
          ],
          [
            3869.547266234411,
            3330.439296508208
          ]
        ]
      },
      "properties": {
        "id": "pistes:way:178133221",
        "name": "Discovery Trails",
        "piste_type": "downhill",
        "tags": {
          "name": "Discovery Trails",
          "z_order": "0",
          "piste:difficulty": "easy",
          "piste:type": "downhill",
          "winter_sports_id": "178133225",
          "winter_sports_name": "Perisher",
          "State": "New South Wales",
          "Country": "Australia",
          "Ski Area": "Perisher",
          "region": "australia-oceania"
        }
      }
    },
    {
      "type": "Feature",
      "geometry": {
        "type": "LineString",
        "coordinates": [
          [
            2484.7357569688465,
            3818.5592560321093
          ],
          [
            2485.152439270867,
            3837.204742779024
          ],
          [
            2485.5691215728875,
            3855.8502295259386
          ],
          [
            2489.938353429665,
            3875.4003664857396
          ],
          [
            2494.307585286442,
            3894.950503445541
          ],
          [
            2498.6768171432195,
            3914.500640405342
          ],
          [
            2487.7824114953787,
            3932.051614906018
          ],
          [
            2476.8880058475384,
            3949.602589406694
          ],
          [
            2465.9936001996975,
            3967.15356390737
          ],
          [
            2451.08409864275,
            3977.0823894292116
          ],
          [
            2436.174597085803,
            3987.0112149510533
          ],
          [
            2421.2650955288555,
            3996.940040472895
          ],
          [
            2406.355593971908,
            4006.8688659947366
          ],
          [
            2399.203519993098,
            4023.207264209166
          ],
          [
            2392.0514460142876,
            4039.545662423596
          ],
          [
            2384.8993720354774,
            4055.8840606380254
          ],
          [
            2377.747298056667,
            4072.222458852455
          ],
          [
            2370.595224077857,
            4088.5608570668846
          ],
          [
            2363.4431500990468,
            4104.899255281314
          ],
          [
            2356.2910761202365,
            4121.237653495744
          ],
          [
            2349.1390021414263,
            4137.5760517101735
          ],
          [
            2346.0279429769143,
            4153.90526250191
          ],
          [
            2342.9168838124024,
            4170.234473293647
          ],
          [
            2339.8058246478904,
            4186.563684085384
          ],
          [
            2331.4980309782936,
            4203.333813793957
          ],
          [
            2323.1902373086973,
            4220.1039435025305
          ],
          [
            2314.8824436391005,
            4236.874073211104
          ],
          [
            2303.9393114589234,
            4251.093141855672
          ],
          [
            2292.996179278746,
            4265.31221050024
          ],
          [
            2282.0530470985686,
            4279.531279144809
          ],
          [
            2266.2371439283247,
            4288.990116450936
          ],
          [
            2250.421240758081,
            4298.448953757063
          ],
          [
            2234.6053375878373,
            4307.9077910631895
          ],
          [
            2218.7894344175934,
            4317.3666283693165
          ],
          [
            2202.9735312473495,
            4326.825465675443
          ],
          [
            2196.966501177172,
            4330.184969738126
          ],
          [
            2180.7011301646708,
            4336.65437705256
          ],
          [
            2164.4357591521693,
            4343.123784366995
          ],
          [
            2158.4705517928815,
            4348.146976716816
          ],
          [
            2155.277284442913,
            4352.54227655381
          ],
          [
            2144.764797224314,
            4370.331369894557
          ],
          [
            2134.252310005715,
            4388.120463235304
          ],
          [
            2123.7398227871163,
            4405.909556576051
          ],
          [
            2122.0404810047476,
            4410.638435997069
          ],
          [
            2121.097476578434,
            4416.809953654185
          ],
          [
            2122.669116009609,
            4423.799698203802
          ],
          [
            2124.5876152877463,
            4429.330956658348
          ],
          [
            2128.211568994564,
            4438.676739061251
          ],
          [
            2138.626455853693,
            4465.500144505873
          ],
          [
            2143.9339642722625,
            4480.879846833646
          ],
          [
            2144.1010779866483,
            4491.262781750411
          ],
          [
            2139.713925102609,
            4501.855387063697
          ],
          [
            2129.943454433349,
            4513.024618901312
          ],
          [
            2116.19610105777,
            4526.299896345784
          ],
          [
            2102.448747682191,
            4539.5751737902565
          ],
          [
            2088.701394306612,
            4552.850451234728
          ],
          [
            2075.6917038061656,
            4567.1062817797065
          ],
          [
            2063.0710613420815,
            4585.345304647461
          ],
          [
            2050.4504188779974,
            4603.584327515215
          ],
          [
            2038.909223795461,
            4617.660879030358
          ],
          [
            2027.3680287129246,
            4631.737430545501
          ],
          [
            2015.8268336303881,
            4645.813982060645
          ],
          [
            2004.2856385478517,
            4659.890533575788
          ],
          [
            1993.3638733255211,
            4672.44084593514
          ],
          [
            1982.4421081031905,
            4684.9911582944915
          ],
          [
            1973.613789205323,
            4698.077281685546
          ],
          [
            1966.2084368390497,
            4725.933191224001
          ],
          [
            1966.7592891186941,
            4746.196640834212
          ],
          [
            1969.2184322811663,
            4762.527123223059
          ],
          [
            1973.7277854459826,
            4783.565941570327
          ],
          [
            1971.8499604882672,
            4794.000393872149
          ],
          [
            1965.0738559173187,
            4802.56341172941
          ],
          [
            1951.6076120582875,
            4806.2960143350065
          ],
          [
            1933.2150878778193,
            4806.2047503218055
          ],
          [
            1912.6700602285564,
            4798.022459534928
          ],
          [
            1895.8837892458541,
            4787.317485514563
          ],
          [
            1879.0975182631519,
            4776.612511494197
          ],
          [
            1856.7661347535904,
            4769.598528854549
          ],
          [
            1832.6715268353,
            4753.478223475628
          ],
          [
            1828.7482779057464,
            4751.4041207283735
          ],
          [
            1814.076314950711,
            4743.6145485360175
          ],
          [
            1788.1450950009748,
            4737.0514062624425
          ],
          [
            1767.72992365167,
            4736.034564664587
          ],
          [
            1745.6859802308609,
            4740.621966393199
          ],
          [
            1723.6420368100516,
            4745.20936812181
          ],
          [
            1695.9587162510725,
            4748.479385940358
          ],
          [
            1667.1853959158761,
            4752.064489416778
          ],
          [
            1646.3634079477051,
            4754.5926199276
          ],
          [
            1620.176847822615,
            4752.748182840645
          ],
          [
            1603.704848033376,
            4750.60195774585
          ],
          [
            1587.2328482441371,
            4748.455732651055
          ],
          [
            1570.7608484548982,
            4746.30950755626
          ],
          [
            1562.4985968981637,
            4746.32779186219
          ],
          [
            1556.1959427390248,
            4747.87140761409
          ],
          [
            1551.1586786264088,
            4750.073747018352
          ],
          [
            1528.0044440603815,
            4763.918965948746
          ],
          [
            1523.7349355251063,
            4767.741338757798
          ],
          [
            1520.6151647308143,
            4772.2906676149
          ],
          [
            1508.9180180699332,
            4796.867748323828
          ],
          [
            1504.399328692467,
            4804.599254464731
          ],
          [
            1499.1467194512952,
            4812.452200379223
          ],
          [
            1488.999762329855,
            4824.979676133953
          ]
        ]
      },
      "properties": {
        "id": "pistes:way:178133226",
        "name": "Pleasant View Trail",
        "piste_type": "downhill",
        "tags": {
          "name": "Pleasant View Trail",
          "z_order": "0",
          "piste:difficulty": "easy",
          "piste:type": "downhill",
          "winter_sports_id": "178133225",
          "winter_sports_name": "Perisher",
          "State": "New South Wales",
          "Country": "Australia",
          "Ski Area": "Perisher",
          "region": "australia-oceania"
        }
      }
    },
    {
      "type": "Feature",
      "geometry": {
        "type": "LineString",
        "coordinates": [
          [
            2114.1923410802847,
            2034.3466951688752
          ],
          [
            2104.789203494438,
            2017.985634964658
          ],
          [
            2095.3860659085913,
            2001.6245747604407
          ],
          [
            2085.9829283227446,
            1985.2635145562235
          ],
          [
            2076.579790736898,
            1968.9024543520063
          ],
          [
            2069.9687084554075,
            1953.7208161402184
          ],
          [
            2063.3576261739167,
            1938.5391779284303
          ],
          [
            2056.7465438924264,
            1923.3575397166423
          ],
          [
            2050.135461610936,
            1908.1759015048544
          ],
          [
            2043.5243793294455,
            1892.9942632930663
          ],
          [
            2036.913297047955,
            1877.8126250812784
          ],
          [
            2030.213330084458,
            1857.165870594792
          ],
          [
            2023.513363120961,
            1836.5191161083058
          ],
          [
            2018.918038388365,
            1813.7950045820326
          ],
          [
            2013.8526398983086,
            1786.4397306349128
          ],
          [
            2012.9780827939976,
            1769.2598392860964
          ],
          [
            2012.1035256896866,
            1752.07994793728
          ],
          [
            2016.4391925442033,
            1733.6324465200305
          ],
          [
            2024.4543721684022,
            1724.7296773195267
          ],
          [
            2031.1340678847628,
            1720.2509952876717
          ],
          [
            2045.4702036865056,
            1711.8676036857069
          ],
          [
            2059.8063394882483,
            1703.484212083742
          ],
          [
            2074.142475289991,
            1695.1008204817772
          ],
          [
            2088.478611091734,
            1686.7174288798124
          ],
          [
            2109.899623559788,
            1680.8395636975765
          ],
          [
            2140.7708004586166,
            1676.0573565829545
          ],
          [
            2171.1834858923685,
            1669.3288255557418
          ],
          [
            2186.7737058529747,
            1661.7926236907952
          ],
          [
            2202.363925813581,
            1654.2564218258485
          ],
          [
            2220.6628005560488,
            1640.822777875699
          ],
          [
            2233.6000997779192,
            1624.9919557720423
          ],
          [
            2246.2634258841863,
            1600.721379559487
          ]
        ]
      },
      "properties": {
        "id": "pistes:way:178133227",
        "name": "Shifty's",
        "piste_type": "downhill",
        "tags": {
          "name": "Shifty's",
          "z_order": "0",
          "patrolled": "yes",
          "piste:difficulty": "intermediate",
          "piste:grooming": "backcountry",
          "piste:type": "downhill",
          "winter_sports_id": "178133225",
          "winter_sports_name": "Perisher",
          "State": "New South Wales",
          "Country": "Australia",
          "Ski Area": "Perisher",
          "region": "australia-oceania"
        }
      }
    },
    {
      "type": "Feature",
      "geometry": {
        "type": "LineString",
        "coordinates": [
          [
            2846.2047272610944,
            5713.83175219968
          ],
          [
            2851.0486266746884,
            5721.206847550347
          ],
          [
            2858.211696158396,
            5722.046504190192
          ],
          [
            2871.365209218813,
            5710.872004184872
          ],
          [
            2881.8632531379117,
            5695.37532863766
          ],
          [
            2889.7844849187336,
            5680.588983176276
          ],
          [
            2897.705716699556,
            5665.802637714893
          ],
          [
            2905.626948480378,
            5651.016292253509
          ],
          [
            2897.98347375441,
            5633.274125776564
          ],
          [
            2890.339999028443,
            5615.531959299619
          ],
          [
            2882.696524302475,
            5597.789792822674
          ],
          [
            2877.4746833929094,
            5574.808858301491
          ],
          [
            2876.775417639932,
            5553.110685117543
          ],
          [
            2876.076151886955,
            5531.412511933595
          ],
          [
            2870.963709540665,
            5499.8531989604235
          ],
          [
            2862.8774307243293,
            5477.634837491903
          ],
          [
            2854.7911519079935,
            5455.416476023383
          ],
          [
            2850.9031354439794,
            5434.0805791202
          ],
          [
            2847.0151189799653,
            5412.744682217017
          ],
          [
            2844.803746652246,
            5396.401563996294
          ],
          [
            2842.592374324527,
            5380.058445775571
          ],
          [
            2840.3810019968078,
            5363.715327554848
          ],
          [
            2838.1696296690884,
            5347.372209334125
          ],
          [
            2835.9582573413695,
            5331.0290911134025
          ],
          [
            2833.74688501365,
            5314.685972892679
          ],
          [
            2834.305212844978,
            5298.367573811673
          ],
          [
            2834.863540676306,
            5282.049174730666
          ],
          [
            2838.089585007634,
            5254.452536178753
          ],
          [
            2842.8165635060286,
            5232.942267666571
          ],
          [
            2847.543542004423,
            5211.431999154389
          ],
          [
            2854.0537912223954,
            5189.779458042234
          ],
          [
            2860.5640404403675,
            5168.1269169300795
          ],
          [
            2872.2481733884197,
            5138.521830642596
          ],
          [
            2880.3028702537413,
            5120.541729624383
          ],
          [
            2888.357567119063,
            5102.56162860617
          ],
          [
            2896.4122639843845,
            5084.581527587958
          ],
          [
            2904.466960849706,
            5066.601426569745
          ],
          [
            2916.3841437940137,
            5053.453024145681
          ],
          [
            2928.301326738321,
            5040.304621721618
          ],
          [
            2946.756910117925,
            5032.304260590579
          ],
          [
            2965.212493497529,
            5024.303899459541
          ]
        ]
      },
      "properties": {
        "id": "pistes:way:178133229",
        "name": "Side Saddle",
        "piste_type": "downhill",
        "tags": {
          "name": "Side Saddle",
          "z_order": "0",
          "piste:difficulty": "intermediate",
          "piste:grooming": "yes",
          "piste:type": "downhill",
          "winter_sports_id": "178133225",
          "winter_sports_name": "Perisher",
          "State": "New South Wales",
          "Country": "Australia",
          "Ski Area": "Perisher",
          "region": "australia-oceania"
        }
      }
    },
    {
      "type": "Feature",
      "geometry": {
        "type": "LineString",
        "coordinates": [
          [
            4884.879354351899,
            3945.9258298650384
          ],
          [
            4891.586831720313,
            3954.3043584320694
          ],
          [
            4907.356553109828,
            3953.0408471673727
          ],
          [
            4908.153950738255,
            3952.97365648672
          ],
          [
            4909.454911158304,
            3951.767317842692
          ],
          [
            4919.122890134575,
            3944.2800137680024
          ],
          [
            4923.843090096023,
            3936.4548480110243
          ],
          [
            4928.3255604353735,
            3920.999391502142
          ],
          [
            4932.808030774724,
            3905.5439349932594
          ],
          [
            4937.290501114074,
            3890.0884784843774
          ],
          [
            4941.772971453424,
            3874.633021975495
          ],
          [
            4946.255441792775,
            3859.1775654666126
          ],
          [
            4950.578720823512,
            3841.438743684441
          ],
          [
            4952.248403753387,
            3829.3089051488787
          ],
          [
            4950.9106514615705,
            3823.7363780662417
          ],
          [
            4947.732390660793,
            3818.668006217107
          ],
          [
            4936.292005603551,
            3806.735209388286
          ],
          [
            4924.851620546309,
            3794.8024125594648
          ],
          [
            4913.411235489068,
            3782.869615730643
          ],
          [
            4901.970850431826,
            3770.936818901822
          ],
          [
            4890.530465374584,
            3759.0040220730007
          ],
          [
            4875.738402625197,
            3743.13264721632
          ],
          [
            4863.189083785634,
            3732.1547623518854
          ],
          [
            4848.44902454142,
            3723.7887422433123
          ],
          [
            4833.708965297206,
            3715.422722134739
          ],
          [
            4825.712556456914,
            3706.608158119023
          ],
          [
            4816.19825897878,
            3695.8297567162663
          ],
          [
            4809.382282244042,
            3687.3751011621207
          ],
          [
            4802.805403662263,
            3684.8197897151113
          ],
          [
            4787.426081897691,
            3684.535113355145
          ]
        ]
      },
      "properties": {
        "id": "pistes:way:178133230",
        "name": "Smiggins Escape",
        "piste_type": "downhill",
        "tags": {
          "name": "Smiggins Escape",
          "z_order": "0",
          "piste:difficulty": "easy",
          "piste:grooming": "classic",
          "piste:type": "downhill",
          "winter_sports_id": "178133225",
          "winter_sports_name": "Perisher",
          "State": "New South Wales",
          "Country": "Australia",
          "Ski Area": "Perisher",
          "region": "australia-oceania"
        }
      }
    },
    {
      "type": "Feature",
      "geometry": {
        "type": "LineString",
        "coordinates": [
          [
            4779.263880009414,
            3704.149862483144
          ],
          [
            4787.426081897691,
            3684.535113355145
          ],
          [
            4797.803438204341,
            3679.55622337386
          ],
          [
            4811.958315202462,
            3670.778931406016
          ],
          [
            4826.113192200583,
            3662.0016394381723
          ],
          [
            4840.268069198704,
            3653.224347470328
          ],
          [
            4870.482135383878,
            3642.983265721239
          ],
          [
            4883.530590012204,
            3643.9788580928
          ],
          [
            4899.761440346774,
            3643.9179694629274
          ],
          [
            4915.9922906813445,
            3643.857080833055
          ],
          [
            4939.576601368724,
            3648.226202480495
          ],
          [
            4965.762079492211,
            3657.4612911343575
          ],
          [
            4983.998042313615,
            3662.907500790432
          ],
          [
            5002.097701496328,
            3663.3515568654984
          ],
          [
            5018.305927625042,
            3662.663878271822
          ],
          [
            5034.514153753757,
            3661.9761996781453
          ],
          [
            5058.164602196543,
            3662.9043583939783
          ],
          [
            5081.815050639329,
            3663.8325171098113
          ],
          [
            5108.834092602832,
            3668.738725349307
          ],
          [
            5121.838467610651,
            3671.609769223258
          ],
          [
            5133.284677539254,
            3677.100098291412
          ],
          [
            5143.745227049221,
            3684.4911738643423
          ],
          [
            5159.965318021015,
            3700.4520461764187
          ],
          [
            5165.606956611155,
            3708.9348219614476
          ],
          [
            5170.7288746403065,
            3726.2906419038773
          ],
          [
            5175.850792669458,
            3743.646461846307
          ],
          [
            5183.279605028802,
            3765.0626003220677
          ],
          [
            5187.961935196654,
            3777.842393996194
          ],
          [
            5194.7133644949645,
            3789.193675454706
          ],
          [
            5204.37845400942,
            3801.034642708488
          ],
          [
            5217.55172372621,
            3812.3135440768674
          ],
          [
            5234.786508934223,
            3824.6643667323515
          ],
          [
            5253.238636055845,
            3837.441051470116
          ],
          [
            5266.98104767903,
            3848.373072397895
          ],
          [
            5280.723459302215,
            3859.3050933256745
          ],
          [
            5303.690313946805,
            3875.2883717818186
          ]
        ]
      },
      "properties": {
        "id": "pistes:way:178133231",
        "name": "Smiggins Home Trail",
        "piste_type": "downhill",
        "tags": {
          "name": "Smiggins Home Trail",
          "z_order": "0",
          "piste:difficulty": "easy",
          "piste:grooming": "classic",
          "piste:type": "downhill",
          "winter_sports_id": "178133225",
          "winter_sports_name": "Perisher",
          "State": "New South Wales",
          "Country": "Australia",
          "Ski Area": "Perisher",
          "region": "australia-oceania"
        }
      }
    },
    {
      "type": "Feature",
      "geometry": {
        "type": "LineString",
        "coordinates": [
          [
            2741.44393216318,
            3769.1319066425785
          ],
          [
            2751.2143107562792,
            3755.3411274857817
          ],
          [
            2760.9846893493786,
            3741.5503483289854
          ],
          [
            2770.7550679424776,
            3727.7595691721885
          ],
          [
            2780.525446535577,
            3713.968790015392
          ],
          [
            2790.2958251286764,
            3700.1780108585954
          ],
          [
            2801.845106791379,
            3689.0754186552017
          ],
          [
            2813.3943884540813,
            3677.972826451808
          ],
          [
            2824.9436701167842,
            3666.870234248415
          ],
          [
            2836.4929517794867,
            3655.767642045021
          ],
          [
            2848.042233442189,
            3644.6650498416275
          ],
          [
            2865.4640607856563,
            3633.3066362086684
          ],
          [
            2882.8858881291235,
            3621.948222575709
          ],
          [
            2900.743462551327,
            3613.745651161298
          ],
          [
            2918.6010369735304,
            3605.543079746887
          ],
          [
            2937.008571113198,
            3600.794233427383
          ],
          [
            2955.4161052528652,
            3596.045387107879
          ],
          [
            2973.8236393925326,
            3591.296540788375
          ],
          [
            2992.2311735322,
            3586.5476944688708
          ],
          [
            3014.4240088865627,
            3580.712057863362
          ],
          [
            3036.6168442409253,
            3574.8764212578535
          ],
          [
            3053.352472384344,
            3563.5460217697546
          ],
          [
            3070.0881005277624,
            3552.2156222816557
          ],
          [
            3086.823728671181,
            3540.8852227935567
          ],
          [
            3100.4146537065194,
            3527.347884612158
          ],
          [
            3114.0055787418582,
            3513.810546430759
          ],
          [
            3127.5965037771966,
            3500.2732082493603
          ],
          [
            3149.6644798028283,
            3488.6249997736886
          ],
          [
            3175.08933197055,
            3485.1720574516803
          ],
          [
            3205.3521782768657,
            3487.507350811735
          ],
          [
            3227.1667034527636,
            3494.5807257900015
          ],
          [
            3248.9812286286615,
            3501.654100768268
          ],
          [
            3265.3675721689747,
            3510.1782280777893
          ],
          [
            3281.7539157092883,
            3518.70235538731
          ],
          [
            3298.1402592496015,
            3527.226482696831
          ],
          [
            3315.340639046335,
            3541.7728402884677
          ],
          [
            3332.5410188430687,
            3556.319197880104
          ],
          [
            3356.8166332917754,
            3571.94451205153
          ]
        ]
      },
      "properties": {
        "id": "pistes:way:178133232",
        "name": "Winter Way",
        "piste_type": "downhill",
        "tags": {
          "name": "Winter Way",
          "z_order": "0",
          "piste:difficulty": "easy",
          "piste:type": "downhill",
          "winter_sports_id": "178133225",
          "winter_sports_name": "Perisher",
          "State": "New South Wales",
          "Country": "Australia",
          "Ski Area": "Perisher",
          "region": "australia-oceania"
        }
      }
    },
    {
      "type": "Feature",
      "geometry": {
        "type": "LineString",
        "coordinates": [
          [
            4724.858387277927,
            3666.823629776016
          ],
          [
            4716.016305008244,
            3649.673781802878
          ],
          [
            4707.174222738559,
            3632.5239338297397
          ],
          [
            4698.332140468876,
            3615.3740858566016
          ],
          [
            4690.333584749547,
            3595.386170128826
          ],
          [
            4682.335029030219,
            3575.3982544010505
          ],
          [
            4675.902662065113,
            3552.1030669827014
          ],
          [
            4671.10087445192,
            3529.8935251850635
          ],
          [
            4668.266987842663,
            3509.955611180514
          ],
          [
            4665.433101233405,
            3490.0176971759647
          ],
          [
            4662.599214624148,
            3470.0797831714153
          ],
          [
            4656.385462904116,
            3455.5690884720534
          ],
          [
            4644.696286029066,
            3445.088696920313
          ],
          [
            4631.247715235455,
            3431.4607422575355
          ],
          [
            4616.786140700453,
            3409.304009529762
          ],
          [
            4605.291943138698,
            3390.698736499995
          ],
          [
            4591.559146632208,
            3377.5575390243903
          ],
          [
            4577.826350125717,
            3364.4163415487856
          ],
          [
            4562.677644752199,
            3354.7299447907135
          ],
          [
            4544.238533377065,
            3341.4745639348403
          ],
          [
            4531.099867653374,
            3331.629200830435
          ],
          [
            4517.961201929681,
            3321.783837726029
          ],
          [
            4504.822536205989,
            3311.9384746216238
          ],
          [
            4488.84496629698,
            3299.540113152005
          ],
          [
            4472.86739638797,
            3287.141751682386
          ],
          [
            4457.133363017987,
            3273.2973434063606
          ],
          [
            4441.399329648004,
            3259.4529351303354
          ],
          [
            4433.413247883436,
            3254.965164370835
          ],
          [
            4424.835339197889,
            3252.327915999107
          ],
          [
            4408.205851915816,
            3248.9984678041656
          ],
          [
            4391.576364633744,
            3245.669019609224
          ],
          [
            4374.946877351671,
            3242.3395714142825
          ],
          [
            4358.317390069598,
            3239.010123219341
          ],
          [
            4340.24768310599,
            3231.3447604865455
          ],
          [
            4322.177976142382,
            3223.6793977537504
          ],
          [
            4304.108269178774,
            3216.014035020955
          ],
          [
            4299.674263090594,
            3204.7724739015102
          ],
          [
            4300.489324626746,
            3192.4222706258297
          ],
          [
            4306.030212905258,
            3178.760257971473
          ],
          [
            4317.615905047278,
            3169.337118839845
          ],
          [
            4322.579478575033,
            3167.722242888063
          ],
          [
            4328.141473277821,
            3176.9722825065255
          ]
        ]
      },
      "properties": {
        "id": "pistes:way:178133234",
        "piste_type": "downhill",
        "tags": {
          "z_order": "0",
          "piste:difficulty": "easy",
          "piste:grooming": "classic",
          "piste:type": "downhill",
          "winter_sports_id": "178133225",
          "winter_sports_name": "Perisher",
          "State": "New South Wales",
          "Country": "Australia",
          "Ski Area": "Perisher",
          "region": "australia-oceania"
        }
      }
    },
    {
      "type": "Feature",
      "geometry": {
        "type": "LineString",
        "coordinates": [
          [
            3328.5653016366996,
            3771.9739439543337
          ],
          [
            3346.427995000384,
            3766.599753851071
          ],
          [
            3370.7509069130756,
            3760.0998936491087
          ],
          [
            3395.417501159711,
            3758.121948344633
          ],
          [
            3415.7863550590505,
            3757.7263638495156
          ],
          [
            3436.1552089583906,
            3757.3307793543986
          ],
          [
            3456.5240628577303,
            3756.935194859281
          ]
        ]
      },
      "properties": {
        "id": "pistes:way:178133236",
        "piste_type": "downhill",
        "tags": {
          "z_order": "0",
          "piste:difficulty": "intermediate",
          "piste:type": "downhill",
          "winter_sports_id": "178133225",
          "winter_sports_name": "Perisher",
          "State": "New South Wales",
          "Country": "Australia",
          "Ski Area": "Perisher",
          "region": "australia-oceania"
        }
      }
    },
    {
      "type": "Feature",
      "geometry": {
        "type": "LineString",
        "coordinates": [
          [
            3328.5653016366996,
            3771.9739439543337
          ],
          [
            3343.7727534167934,
            3758.8714006710798
          ],
          [
            3358.9802051968873,
            3745.768857387826
          ],
          [
            3374.6884520722087,
            3727.310961322859
          ],
          [
            3383.8530927331885,
            3709.1810148451477
          ],
          [
            3385.2608151703607,
            3690.597773012705
          ],
          [
            3384.302827832056,
            3671.255536370445
          ],
          [
            3383.3448404937517,
            3651.913299728185
          ],
          [
            3385.336099453736,
            3630.891666471027
          ],
          [
            3392.4362247640966,
            3613.4518406826537
          ],
          [
            3399.536350074457,
            3596.0120148942806
          ],
          [
            3406.6364753848175,
            3578.5721891059075
          ],
          [
            3413.736600695178,
            3561.1323633175343
          ]
        ]
      },
      "properties": {
        "id": "pistes:way:178133237",
        "piste_type": "downhill",
        "tags": {
          "z_order": "0",
          "piste:difficulty": "intermediate",
          "piste:grooming": "classic",
          "piste:type": "downhill",
          "winter_sports_id": "178133225",
          "winter_sports_name": "Perisher",
          "State": "New South Wales",
          "Country": "Australia",
          "Ski Area": "Perisher",
          "region": "australia-oceania"
        }
      }
    },
    {
      "type": "Feature",
      "geometry": {
        "type": "LineString",
        "coordinates": [
          [
            3328.123409835738,
            5979.75175389275
          ],
          [
            3333.587497892394,
            5962.656502954662
          ],
          [
            3339.0515859490492,
            5945.561252016574
          ],
          [
            3344.515674005705,
            5928.466001078486
          ],
          [
            3349.9797620623604,
            5911.370750140399
          ],
          [
            3355.443850119016,
            5894.275499202311
          ],
          [
            3362.741484598082,
            5877.465424927883
          ],
          [
            3370.039119077148,
            5860.655350653455
          ],
          [
            3387.3569277947536,
            5838.4462248161435
          ],
          [
            3400.233878854022,
            5824.939304662868
          ],
          [
            3413.11082991329,
            5811.432384509593
          ],
          [
            3428.1261253837147,
            5801.223040581215
          ],
          [
            3443.141420854139,
            5791.013696652837
          ],
          [
            3458.4352239621803,
            5779.596408711746
          ],
          [
            3469.5249189715832,
            5769.072272829711
          ],
          [
            3481.768438093597,
            5750.265231682919
          ],
          [
            3493.0063811293803,
            5722.7628060709685
          ],
          [
            3497.155715889414,
            5703.26881090831
          ],
          [
            3501.3050506494474,
            5683.774815745652
          ],
          [
            3507.408439568399,
            5666.007376953649
          ],
          [
            3513.511828487351,
            5648.239938161646
          ],
          [
            3519.6152174063027,
            5630.472499369644
          ],
          [
            3538.9761587976245,
            5610.618892485276
          ],
          [
            3555.2467207498266,
            5616.135586298071
          ],
          [
            3571.5172827020288,
            5621.652280110866
          ],
          [
            3588.701327315066,
            5614.390285030007
          ]
        ]
      },
      "properties": {
        "id": "pistes:way:178133238",
        "name": "Gracie's",
        "piste_type": "downhill",
        "tags": {
          "name": "Gracie's",
          "z_order": "0",
          "piste:difficulty": "intermediate",
          "piste:type": "downhill",
          "winter_sports_id": "178133225",
          "winter_sports_name": "Perisher",
          "State": "New South Wales",
          "Country": "Australia",
          "Ski Area": "Perisher",
          "region": "australia-oceania"
        }
      }
    },
    {
      "type": "Feature",
      "geometry": {
        "type": "LineString",
        "coordinates": [
          [
            4787.426081897691,
            3684.535113355145
          ],
          [
            4771.237402285798,
            3684.4176096785814
          ],
          [
            4755.048722673906,
            3684.300106002018
          ],
          [
            4739.953554975917,
            3675.561867889017
          ],
          [
            4724.858387277927,
            3666.823629776016
          ],
          [
            4708.520741964535,
            3657.4618528519445
          ],
          [
            4692.183096651143,
            3648.1000759278736
          ],
          [
            4675.845451337751,
            3638.7382990038022
          ],
          [
            4659.5412971305195,
            3631.0440094172955
          ],
          [
            4653.244409148814,
            3630.4484024541453
          ],
          [
            4645.999222379411,
            3632.4741569589823
          ],
          [
            4631.151828717528,
            3639.4045987606514
          ],
          [
            4616.304435055645,
            3646.3350405623205
          ],
          [
            4601.457041393762,
            3653.2654823639896
          ],
          [
            4586.609647731879,
            3660.1959241656587
          ],
          [
            4581.711046453915,
            3661.976422253065
          ],
          [
            4577.563568455051,
            3662.370059343055
          ],
          [
            4573.150052164332,
            3661.1365410182625
          ],
          [
            4560.210330452537,
            3654.702051570639
          ],
          [
            4539.1615508158575,
            3645.2074152808636
          ],
          [
            4518.112771179178,
            3635.7127789910883
          ],
          [
            4512.091542191687,
            3633.7260846477
          ],
          [
            4504.14501441014,
            3632.577557310462
          ],
          [
            4484.169602595444,
            3631.444240471814
          ],
          [
            4464.194190780749,
            3630.3109236331657
          ],
          [
            4447.605921487324,
            3629.849157781806
          ],
          [
            4431.017652193899,
            3629.387391930446
          ],
          [
            4412.205121959181,
            3629.5627741324715
          ],
          [
            4393.392591724463,
            3629.738156334497
          ],
          [
            4374.580061489745,
            3629.9135385365225
          ],
          [
            4355.767531255027,
            3630.088920738548
          ],
          [
            4348.3906534370035,
            3630.4742045542225
          ],
          [
            4343.070118241943,
            3631.006937525235
          ],
          [
            4338.657472762279,
            3634.1227543419227
          ],
          [
            4331.098748487188,
            3643.5424801241606
          ],
          [
            4323.016018777387,
            3653.9351757122204
          ],
          [
            4311.934572836384,
            3662.3079316746444
          ],
          [
            4290.969619967509,
            3675.096957942471
          ],
          [
            4276.664950516424,
            3682.6624259669334
          ],
          [
            4260.757560636499,
            3689.818566253409
          ],
          [
            4246.613237543963,
            3694.2415929324925
          ],
          [
            4230.735608692564,
            3697.9147289022803
          ],
          [
            4214.857979841165,
            3701.587864872068
          ],
          [
            4198.980350989766,
            3705.261000841856
          ],
          [
            4183.102722138366,
            3708.934136811644
          ],
          [
            4167.2250932869665,
            3712.6072727814317
          ],
          [
            4151.347464435567,
            3716.2804087512195
          ],
          [
            4135.469835584168,
            3719.9535447210073
          ],
          [
            4122.842221708037,
            3727.5053590536118
          ],
          [
            4110.727071735542,
            3740.0537711735815
          ],
          [
            4096.796138314181,
            3760.9503377806395
          ]
        ]
      },
      "properties": {
        "id": "pistes:way:178133239",
        "piste_type": "downhill",
        "tags": {
          "z_order": "0",
          "piste:difficulty": "easy",
          "piste:grooming": "classic",
          "piste:type": "downhill",
          "winter_sports_id": "178133225",
          "winter_sports_name": "Perisher",
          "State": "New South Wales",
          "Country": "Australia",
          "Ski Area": "Perisher",
          "region": "australia-oceania"
        }
      }
    },
    {
      "type": "Feature",
      "geometry": {
        "type": "LineString",
        "coordinates": [
          [
            2818.801344918902,
            4677.4559302814305
          ],
          [
            2833.0172042981258,
            4666.905112134851
          ],
          [
            2847.233063677349,
            4656.354293988273
          ],
          [
            2861.4489230565728,
            4645.803475841693
          ],
          [
            2875.664782435796,
            4635.252657695115
          ],
          [
            2889.8806418150198,
            4624.701839548536
          ],
          [
            2907.111072059907,
            4619.888049037941
          ],
          [
            2924.341502304794,
            4615.074258527346
          ],
          [
            2941.5719325496816,
            4610.2604680167515
          ],
          [
            2958.8023627945686,
            4605.446677506156
          ],
          [
            2976.032793039456,
            4600.632886995561
          ],
          [
            2994.8701428993954,
            4606.066225130111
          ],
          [
            3013.707492759335,
            4611.4995632646605
          ],
          [
            3032.5448426192743,
            4616.93290139921
          ],
          [
            3051.3821924792137,
            4622.36623953376
          ],
          [
            3066.491248998861,
            4629.412857692689
          ],
          [
            3081.600305518508,
            4636.459475851618
          ],
          [
            3096.709362038155,
            4643.506094010547
          ],
          [
            3111.818418557802,
            4650.552712169476
          ],
          [
            3126.9274750774493,
            4657.599330328405
          ],
          [
            3144.3923177097845,
            4664.262584581971
          ],
          [
            3161.85716034212,
            4670.925838835537
          ],
          [
            3179.3220029744552,
            4677.589093089104
          ],
          [
            3202.168104503944,
            4672.070947834291
          ],
          [
            3225.014206033433,
            4666.552802579477
          ],
          [
            3253.2112550607417,
            4670.293871596456
          ],
          [
            3268.868800303666,
            4676.668736660853
          ]
        ]
      },
      "properties": {
        "id": "pistes:way:179251323",
        "name": "Cold Shoulder",
        "piste_type": "downhill",
        "tags": {
          "name": "Cold Shoulder",
          "z_order": "0",
          "piste:difficulty": "intermediate",
          "piste:type": "downhill",
          "winter_sports_id": "178133225",
          "winter_sports_name": "Perisher",
          "State": "New South Wales",
          "Country": "Australia",
          "Ski Area": "Perisher",
          "region": "australia-oceania"
        }
      }
    },
    {
      "type": "Feature",
      "geometry": {
        "type": "LineString",
        "coordinates": [
          [
            1993.004852365004,
            3841.342040715739
          ],
          [
            1987.6702452902682,
            3862.472213253379
          ],
          [
            1982.3356382155325,
            3883.6023857910186
          ],
          [
            1989.603509509121,
            3898.9373806252456
          ],
          [
            1996.8713808027096,
            3914.272375459472
          ],
          [
            2004.1392520962982,
            3929.607370293699
          ],
          [
            2011.4071233898867,
            3944.942365127926
          ],
          [
            2018.6749946834752,
            3960.277359962153
          ],
          [
            2025.9428659770638,
            3975.61235479638
          ],
          [
            2012.3012876759167,
            3987.039510389557
          ],
          [
            1998.6597093747696,
            3998.4666659827344
          ],
          [
            1985.0181310736225,
            4009.8938215759117
          ],
          [
            1971.3765527724754,
            4021.320977169089
          ],
          [
            1964.6390046373708,
            4037.3211149889976
          ],
          [
            1957.9014565022662,
            4053.321252808906
          ],
          [
            1951.1639083671616,
            4069.3213906288147
          ],
          [
            1957.0725828368159,
            4088.1848537591286
          ],
          [
            1962.98125730647,
            4107.0483168894425
          ],
          [
            1968.8899317761243,
            4125.911780019756
          ],
          [
            1974.7986062457785,
            4144.77524315007
          ],
          [
            1979.5757490960648,
            4163.233857774176
          ],
          [
            1984.352891946351,
            4181.692472398281
          ],
          [
            1989.1300347966376,
            4200.1510870223865
          ],
          [
            1993.9071776469239,
            4218.609701646492
          ],
          [
            1998.6843204972101,
            4237.068316270597
          ],
          [
            1993.3143606239464,
            4255.859686079745
          ],
          [
            1987.9444007506827,
            4274.651055888894
          ],
          [
            1982.574440877419,
            4293.442425698042
          ],
          [
            1982.8241263828938,
            4310.843147757836
          ],
          [
            1983.0738118883687,
            4328.243869817629
          ],
          [
            1983.3234973938438,
            4345.644591877423
          ],
          [
            1983.5731828993187,
            4363.045313937217
          ],
          [
            1983.8228684047936,
            4380.446035997011
          ],
          [
            1983.65641045745,
            4396.890276623623
          ],
          [
            1983.4899525101064,
            4413.334517250237
          ],
          [
            1983.3234945627628,
            4429.778757876849
          ],
          [
            1983.1570366154192,
            4446.222998503463
          ],
          [
            1982.9905786680756,
            4462.667239130075
          ],
          [
            1982.824120720732,
            4479.111479756689
          ],
          [
            1982.6576627733884,
            4495.555720383301
          ],
          [
            1972.5474017510423,
            4511.611619993423
          ],
          [
            1962.4371407286962,
            4527.667519603546
          ],
          [
            1952.3268797063502,
            4543.7234192136675
          ],
          [
            1959.6987849695724,
            4566.074823559262
          ],
          [
            1967.0706902327947,
            4588.426227904856
          ],
          [
            1963.8074528033903,
            4606.719477977371
          ],
          [
            1960.544215373986,
            4625.0127280498855
          ],
          [
            1957.2809779445815,
            4643.3059781224
          ],
          [
            1954.0177405151771,
            4661.599228194915
          ],
          [
            1944.342681575159,
            4675.074693405768
          ],
          [
            1934.667622635141,
            4688.550158616621
          ],
          [
            1924.992563695123,
            4702.025623827474
          ],
          [
            1915.317504755105,
            4715.501089038327
          ]
        ]
      },
      "properties": {
        "id": "pistes:way:179251326",
        "name": "Double Trouble",
        "piste_type": "downhill",
        "tags": {
          "name": "Double Trouble",
          "z_order": "0",
          "piste:difficulty": "expert",
          "piste:type": "downhill",
          "winter_sports_id": "178133225",
          "winter_sports_name": "Perisher",
          "State": "New South Wales",
          "Country": "Australia",
          "Ski Area": "Perisher",
          "region": "australia-oceania"
        }
      }
    },
    {
      "type": "Feature",
      "geometry": {
        "type": "LineString",
        "coordinates": [
          [
            2462.362318792613,
            3693.9354879315943
          ],
          [
            2446.5800317461058,
            3698.2459620231143
          ],
          [
            2430.7977446995988,
            3702.556436114634
          ],
          [
            2415.0154576530913,
            3706.866910206154
          ],
          [
            2396.6402567313635,
            3713.7415965823457
          ],
          [
            2378.2650558096357,
            3720.6162829585373
          ],
          [
            2359.889854887908,
            3727.490969334729
          ],
          [
            2341.51465396618,
            3734.3656557109207
          ],
          [
            2326.0217674900196,
            3743.3152067610063
          ],
          [
            2310.528881013859,
            3752.264757811092
          ],
          [
            2287.9643198729027,
            3766.9247659007087
          ],
          [
            2273.705351951105,
            3779.6603497248143
          ],
          [
            2259.446384029308,
            3792.39593354892
          ],
          [
            2245.18741610751,
            3805.1315173730254
          ],
          [
            2225.2443788073724,
            3818.0893290294334
          ],
          [
            2203.1427297410555,
            3826.2848883345723
          ],
          [
            2180.824922157335,
            3835.6707105580717
          ],
          [
            2161.599690177827,
            3833.672470467165
          ],
          [
            2130.9671415693592,
            3828.1322206817567
          ],
          [
            2102.7012290874263,
            3828.7269391249865
          ],
          [
            2081.5854824201087,
            3830.627967574168
          ],
          [
            2060.469735752791,
            3832.5289960233495
          ],
          [
            2043.6035149058443,
            3834.732257196447
          ],
          [
            2026.7372940588975,
            3836.9355183695443
          ],
          [
            2009.8710732119507,
            3839.1387795426417
          ],
          [
            1993.004852365004,
            3841.342040715739
          ],
          [
            1977.0856351255466,
            3845.313253128694
          ],
          [
            1961.1664178860892,
            3849.2844655416493
          ],
          [
            1945.2472006466317,
            3853.2556779546044
          ],
          [
            1929.3279834071743,
            3857.2268903675595
          ],
          [
            1913.408766167717,
            3861.198102780514
          ],
          [
            1897.4895489282596,
            3865.169315193469
          ],
          [
            1881.570331688802,
            3869.1405276064243
          ],
          [
            1865.6511144493447,
            3873.1117400193793
          ],
          [
            1849.7318972098874,
            3877.0829524323344
          ],
          [
            1844.9482970412791,
            3892.6421354121994
          ],
          [
            1840.164696872671,
            3908.2013183920644
          ],
          [
            1835.3810967040627,
            3923.7605013719294
          ],
          [
            1830.5974965354544,
            3939.3196843517944
          ],
          [
            1825.8138963668462,
            3954.8788673316594
          ],
          [
            1821.030296198238,
            3970.4380503115244
          ],
          [
            1816.2466960296297,
            3985.9972332913894
          ],
          [
            1811.4630958610214,
            4001.5564162712544
          ],
          [
            1806.1550930052265,
            4018.817713123613
          ],
          [
            1800.8470901494313,
            4036.079009975972
          ],
          [
            1795.5390872936364,
            4053.3403068283305
          ],
          [
            1790.2310844378412,
            4070.6016036806895
          ],
          [
            1784.9230815820463,
            4087.862900533048
          ],
          [
            1779.615078726251,
            4105.124197385407
          ],
          [
            1774.3070758704562,
            4122.385494237766
          ],
          [
            1774.749351511593,
            4153.257743017748
          ],
          [
            1763.1907388740995,
            4166.523285064536
          ],
          [
            1751.6321262366062,
            4179.788827111323
          ],
          [
            1740.0735135991126,
            4193.0543691581115
          ],
          [
            1728.514900961619,
            4206.3199112049
          ],
          [
            1716.9562883241258,
            4219.585453251687
          ],
          [
            1705.3976756866323,
            4232.850995298475
          ],
          [
            1711.2766650998499,
            4249.609670179338
          ],
          [
            1717.1556545130675,
            4266.368345060199
          ],
          [
            1723.0346439262853,
            4283.127019941062
          ],
          [
            1728.913633339503,
            4299.885694821924
          ],
          [
            1734.7926227527205,
            4316.644369702786
          ],
          [
            1751.786279369262,
            4322.015231459402
          ],
          [
            1768.7799359858036,
            4327.386093216017
          ],
          [
            1785.7735926023452,
            4332.756954972632
          ],
          [
            1802.7672492188867,
            4338.127816729248
          ],
          [
            1818.419747423206,
            4346.152967214584
          ],
          [
            1834.0722456275253,
            4354.178117699921
          ],
          [
            1845.3778578670463,
            4359.974326428026
          ],
          [
            1849.5495288257487,
            4375.634535412118
          ],
          [
            1853.721199784451,
            4391.294744396209
          ],
          [
            1857.8928707431537,
            4406.954953380302
          ],
          [
            1862.0645417018561,
            4422.615162364394
          ],
          [
            1866.2362126605585,
            4438.275371348485
          ],
          [
            1866.5312498035298,
            4458.85686331025
          ],
          [
            1866.8262869465009,
            4479.438355272015
          ],
          [
            1867.1213240894722,
            4500.01984723378
          ],
          [
            1862.6763098704785,
            4517.865836283502
          ],
          [
            1858.2312956514845,
            4535.7118253332255
          ],
          [
            1853.7862814324908,
            4553.557814382948
          ],
          [
            1860.5917295772815,
            4569.367401679822
          ],
          [
            1867.3971777220722,
            4585.176988976697
          ],
          [
            1874.202625866863,
            4600.986576273572
          ],
          [
            1881.0080740116537,
            4616.796163570446
          ],
          [
            1887.8135221564444,
            4632.605750867321
          ],
          [
            1894.618970301235,
            4648.415338164195
          ],
          [
            1899.7936039147025,
            4665.186775882728
          ],
          [
            1904.96823752817,
            4681.958213601261
          ],
          [
            1910.1428711416374,
            4698.729651319794
          ],
          [
            1915.317504755105,
            4715.501089038327
          ],
          [
            1900.6796622547263,
            4729.025448992383
          ],
          [
            1886.0418197543477,
            4742.549808946438
          ],
          [
            1871.403977253969,
            4756.0741689004935
          ],
          [
            1856.7661347535904,
            4769.598528854549
          ]
        ]
      },
      "properties": {
        "id": "pistes:way:179251327",
        "name": "Double Trouble",
        "piste_type": "downhill",
        "tags": {
          "name": "Double Trouble",
          "z_order": "0",
          "piste:difficulty": "expert",
          "piste:type": "downhill",
          "winter_sports_id": "178133225",
          "winter_sports_name": "Perisher",
          "State": "New South Wales",
          "Country": "Australia",
          "Ski Area": "Perisher",
          "region": "australia-oceania"
        }
      }
    },
    {
      "type": "Feature",
      "geometry": {
        "type": "LineString",
        "coordinates": [
          [
            3511.9897702359594,
            5548.354494119063
          ],
          [
            3520.127934699063,
            5532.935629001353
          ],
          [
            3528.266099162167,
            5517.516763883643
          ],
          [
            3536.8342912648804,
            5503.500758217648
          ],
          [
            3545.402483367594,
            5489.4847525516525
          ],
          [
            3553.9706754703075,
            5475.468746885657
          ],
          [
            3564.899056234339,
            5455.42130974913
          ],
          [
            3575.82743699837,
            5435.373872612603
          ],
          [
            3585.405680972908,
            5422.136469077785
          ],
          [
            3594.983924947446,
            5408.899065542966
          ],
          [
            3616.6091516631423,
            5387.470074728131
          ],
          [
            3637.100846333662,
            5369.541490244679
          ],
          [
            3653.1408733861754,
            5361.386138442904
          ],
          [
            3673.297709825565,
            5356.843514224514
          ],
          [
            3699.102973726578,
            5353.8830290697515
          ],
          [
            3723.5540562524693,
            5347.879801997915
          ],
          [
            3744.156481882053,
            5345.190827130961
          ],
          [
            3764.758907511636,
            5342.501852264007
          ],
          [
            3785.36133314122,
            5339.812877397053
          ],
          [
            3805.444795194664,
            5333.31819770392
          ],
          [
            3818.5560308996355,
            5316.894614875317
          ],
          [
            3822.0087341975886,
            5307.54631142877
          ]
        ]
      },
      "properties": {
        "id": "pistes:way:179251330",
        "name": "Yarrandoo",
        "piste_type": "downhill",
        "tags": {
          "name": "Yarrandoo",
          "z_order": "0",
          "piste:difficulty": "advanced",
          "piste:type": "downhill",
          "winter_sports_id": "178133225",
          "winter_sports_name": "Perisher",
          "State": "New South Wales",
          "Country": "Australia",
          "Ski Area": "Perisher",
          "region": "australia-oceania"
        }
      }
    },
    {
      "type": "Feature",
      "geometry": {
        "type": "LineString",
        "coordinates": [
          [
            2968.9260113725904,
            2940.4827126078308
          ],
          [
            2983.186189239612,
            2948.453756649047
          ],
          [
            2992.507589523564,
            2959.136987463571
          ],
          [
            3008.092025198159,
            2984.8527485411614
          ],
          [
            3017.374509025598,
            2998.4176447677114
          ],
          [
            3026.656992853037,
            3011.982540994262
          ],
          [
            3035.939476680476,
            3025.547437220812
          ],
          [
            3049.9915923090884,
            3043.912331925705
          ],
          [
            3064.0437079377007,
            3062.2772266305983
          ],
          [
            3078.2986476620426,
            3076.6780420020223
          ],
          [
            3092.5535873863846,
            3091.078857373446
          ],
          [
            3111.597548690974,
            3107.27986595314
          ],
          [
            3127.4175901265116,
            3118.878518022597
          ],
          [
            3135.441685003345,
            3125.4306764639914
          ],
          [
            3138.800681580091,
            3130.0643203919753
          ],
          [
            3145.8463143532863,
            3139.03837396577
          ],
          [
            3151.8990209533367,
            3152.531590906903
          ],
          [
            3160.008444285835,
            3160.635864811018
          ]
        ]
      },
      "properties": {
        "id": "pistes:way:179251332",
        "piste_type": "downhill",
        "tags": {
          "z_order": "0",
          "patrolled": "yes",
          "piste:difficulty": "easy",
          "piste:grooming": "backcountry",
          "piste:type": "downhill",
          "winter_sports_id": "178133225",
          "winter_sports_name": "Perisher",
          "State": "New South Wales",
          "Country": "Australia",
          "Ski Area": "Perisher",
          "region": "australia-oceania"
        }
      }
    },
    {
      "type": "Feature",
      "geometry": {
        "type": "LineString",
        "coordinates": [
          [
            2498.6768171432195,
            3914.500640405342
          ],
          [
            2506.242476988677,
            3930.306945802644
          ],
          [
            2513.8081368341345,
            3946.113251199946
          ],
          [
            2521.3737966795916,
            3961.9195565972477
          ],
          [
            2528.939456525049,
            3977.7258619945496
          ],
          [
            2536.5051163705066,
            3993.5321673918515
          ],
          [
            2537.7918461562367,
            4005.6298764701933
          ],
          [
            2533.4432729529217,
            4035.6503354767337
          ],
          [
            2529.058993408107,
            4063.8183605074883
          ],
          [
            2522.821788408328,
            4087.2864159289747
          ],
          [
            2520.071108321077,
            4103.6992746728165
          ],
          [
            2517.3204282338265,
            4120.112133416657
          ],
          [
            2514.569748146576,
            4136.524992160499
          ],
          [
            2513.344006425274,
            4154.8021002477035
          ],
          [
            2512.1182647039727,
            4173.079208334908
          ],
          [
            2510.892522982671,
            4191.356316422112
          ],
          [
            2511.41334755028,
            4209.652634964635
          ],
          [
            2511.9341721178885,
            4227.948953507158
          ],
          [
            2512.4549966854975,
            4246.24527204968
          ],
          [
            2513.269135230182,
            4263.107278742517
          ],
          [
            2514.0832737748665,
            4279.969285435353
          ],
          [
            2514.897412319551,
            4296.83129212819
          ],
          [
            2515.711550864236,
            4313.693298821027
          ],
          [
            2516.5256894089202,
            4330.5553055138635
          ],
          [
            2517.339827953605,
            4347.4173122067
          ],
          [
            2518.1539664982897,
            4364.279318899537
          ],
          [
            2518.968105042974,
            4381.1413255923735
          ],
          [
            2519.7822435876587,
            4398.0033322852105
          ],
          [
            2524.775266911369,
            4417.037769041024
          ],
          [
            2536.3942964957096,
            4446.406445818953
          ],
          [
            2552.4404600268463,
            4463.00698791258
          ],
          [
            2561.7919488407206,
            4468.242393778637
          ],
          [
            2576.8054353296757,
            4471.0772100016475
          ]
        ]
      },
      "properties": {
        "id": "pistes:way:179251333",
        "piste_type": "downhill",
        "tags": {
          "z_order": "0",
          "piste:difficulty": "easy",
          "piste:grooming": "yes",
          "piste:type": "downhill",
          "winter_sports_id": "178133225",
          "winter_sports_name": "Perisher",
          "State": "New South Wales",
          "Country": "Australia",
          "Ski Area": "Perisher",
          "region": "australia-oceania"
        }
      }
    },
    {
      "type": "Feature",
      "geometry": {
        "type": "LineString",
        "coordinates": [
          [
            4909.454911158304,
            3951.767317842692
          ],
          [
            4922.450669811922,
            3953.4182851370424
          ],
          [
            4936.09020440001,
            3957.367659872398
          ],
          [
            4952.100375659997,
            3968.8049983903766
          ],
          [
            4968.395155848702,
            3977.0204017665237
          ],
          [
            4994.541858615703,
            3982.3281675148755
          ],
          [
            5016.896778141614,
            3981.7221644241363
          ],
          [
            5039.947821254609,
            3978.431826872751
          ],
          [
            5055.606692590595,
            3966.37731929558
          ],
          [
            5071.265563926582,
            3954.3228117184094
          ],
          [
            5086.924435262568,
            3942.2683041412383
          ],
          [
            5095.400893335405,
            3928.4960116958246
          ],
          [
            5103.877351408242,
            3914.723719250411
          ],
          [
            5123.373722885095,
            3904.8890802729875
          ],
          [
            5142.870094361948,
            3895.054441295564
          ],
          [
            5161.830823893503,
            3900.533976376988
          ],
          [
            5180.79155342506,
            3906.013511458412
          ],
          [
            5199.752282956615,
            3911.4930465398356
          ],
          [
            5220.143251852831,
            3900.2802509558387
          ],
          [
            5240.534220749047,
            3889.067455371842
          ],
          [
            5253.930633600103,
            3879.146668023119
          ],
          [
            5267.327046451159,
            3869.225880674397
          ],
          [
            5280.723459302215,
            3859.3050933256745
          ]
        ]
      },
      "properties": {
        "id": "pistes:way:302700312",
        "piste_type": "downhill",
        "tags": {
          "z_order": "0",
          "piste:difficulty": "intermediate",
          "piste:type": "downhill",
          "winter_sports_id": "178133225",
          "winter_sports_name": "Perisher",
          "State": "New South Wales",
          "Country": "Australia",
          "Ski Area": "Perisher",
          "region": "australia-oceania"
        }
      }
    },
    {
      "type": "Feature",
      "geometry": {
        "type": "LineString",
        "coordinates": [
          [
            4979.952295111376,
            4258.623328503221
          ],
          [
            4990.569213208044,
            4237.55209759064
          ],
          [
            5001.280338320765,
            4213.738852985203
          ],
          [
            5005.224424179178,
            4192.776770326309
          ],
          [
            5004.2399760650005,
            4183.1713547911495
          ],
          [
            5004.802107048919,
            4164.655630132183
          ],
          [
            5007.6941837047925,
            4148.413541764021
          ],
          [
            5013.234672444174,
            4134.140824392438
          ],
          [
            5022.845700895647,
            4123.381045921706
          ],
          [
            5038.548647468269,
            4111.455399701372
          ],
          [
            5054.251594040892,
            4099.529753481038
          ],
          [
            5070.626288591069,
            4082.6566377151757
          ],
          [
            5081.124748262577,
            4068.810253961943
          ],
          [
            5090.700484758359,
            4050.173030381091
          ]
        ]
      },
      "properties": {
        "id": "pistes:way:302700313",
        "name": "Bear flat",
        "piste_type": "downhill",
        "tags": {
          "name": "Bear flat",
          "z_order": "0",
          "patrolled": "yes",
          "piste:difficulty": "intermediate",
          "piste:grooming": "backcountry",
          "piste:type": "downhill",
          "winter_sports_id": "178133225",
          "winter_sports_name": "Perisher",
          "State": "New South Wales",
          "Country": "Australia",
          "Ski Area": "Perisher",
          "region": "australia-oceania"
        }
      }
    },
    {
      "type": "Feature",
      "geometry": {
        "type": "LineString",
        "coordinates": [
          [
            4968.395155848702,
            3977.0204017665237
          ],
          [
            4983.518460258259,
            3997.0809058304876
          ],
          [
            4996.023938934435,
            4016.025921618566
          ],
          [
            5005.2759318606695,
            4024.788600038737
          ],
          [
            5014.7298195943,
            4030.197428928688
          ],
          [
            5029.511005327571,
            4036.127088728361
          ],
          [
            5059.002643831191,
            4043.782140597701
          ],
          [
            5071.724474090384,
            4047.5339886806905
          ],
          [
            5083.428753816406,
            4049.8028782084584
          ],
          [
            5090.700484758359,
            4050.173030381091
          ],
          [
            5097.902725849301,
            4048.258503451012
          ],
          [
            5108.190210434375,
            4045.078065983951
          ],
          [
            5115.438111395808,
            4043.8285889476538
          ],
          [
            5126.733548727585,
            4043.307341614738
          ],
          [
            5139.391096853418,
            4042.688366955146
          ],
          [
            5152.740209166077,
            4041.5155114205554
          ],
          [
            5166.802891126834,
            4039.4555794689804
          ],
          [
            5179.727162162075,
            4036.2362465467304
          ],
          [
            5192.779586979188,
            4032.5822784435004
          ],
          [
            5205.953317862237,
            4028.638018283993
          ],
          [
            5216.77398480894,
            4025.7269896529615
          ],
          [
            5231.620490263449,
            4023.2892544222996
          ],
          [
            5246.007147927303,
            4021.302090409212
          ],
          [
            5259.547667921754,
            4020.3370661325753
          ],
          [
            5271.905780508881,
            4019.489298498258
          ],
          [
            5280.543635764974,
            4018.2081111855805
          ],
          [
            5296.355293021072,
            4015.2178934868425
          ],
          [
            5312.166950277169,
            4012.2276757881045
          ],
          [
            5322.691805565497,
            4010.552485176362
          ],
          [
            5336.138343767496,
            4008.689979767427
          ],
          [
            5349.206626988365,
            4008.5528499111533
          ],
          [
            5360.09503911389,
            4009.0248055793345
          ],
          [
            5369.976903822157,
            4011.19812064711
          ],
          [
            5379.124206230976,
            4014.658250870183
          ],
          [
            5387.990430795937,
            4019.132217656821
          ],
          [
            5403.454627246363,
            4028.169050026685
          ],
          [
            5410.241922517307,
            4032.7957015009597
          ],
          [
            5425.277196844108,
            4043.159201138653
          ],
          [
            5439.886229068274,
            4053.2071897732094
          ],
          [
            5453.849938497413,
            4061.467182788998
          ],
          [
            5467.02838201914,
            4067.575091764331
          ],
          [
            5474.054169851355,
            4069.513035396114
          ],
          [
            5482.964261492132,
            4069.048707321286
          ]
        ]
      },
      "properties": {
        "id": "pistes:way:302700314",
        "name": "Bear Flat",
        "piste_type": "downhill",
        "tags": {
          "name": "Bear Flat",
          "z_order": "0",
          "patrolled": "yes",
          "piste:difficulty": "intermediate",
          "piste:grooming": "backcountry",
          "piste:type": "downhill",
          "winter_sports_id": "178133225",
          "winter_sports_name": "Perisher",
          "State": "New South Wales",
          "Country": "Australia",
          "Ski Area": "Perisher",
          "region": "australia-oceania"
        }
      }
    },
    {
      "type": "Feature",
      "geometry": {
        "type": "LineString",
        "coordinates": [
          [
            4922.450669811922,
            3953.4182851370424
          ],
          [
            4930.089932798874,
            3945.2284611482173
          ],
          [
            4943.408463365864,
            3937.099429892376
          ],
          [
            4960.490938067203,
            3927.8054893389344
          ],
          [
            4977.573412768543,
            3918.511548785493
          ],
          [
            4996.854866994196,
            3897.4016998056322
          ],
          [
            5006.000421266576,
            3880.2207019931325
          ],
          [
            5015.145975538956,
            3863.039704180633
          ],
          [
            5024.291529811337,
            3845.8587063681334
          ],
          [
            5028.426329664537,
            3835.4457108881325
          ],
          [
            5029.636882666266,
            3825.0424226755276
          ],
          [
            5030.408095012419,
            3804.282295478508
          ],
          [
            5033.638523764093,
            3796.423487576656
          ],
          [
            5039.929652295308,
            3788.0758476462215
          ],
          [
            5046.2454159013,
            3783.844311516732
          ],
          [
            5055.371414414723,
            3779.782258782536
          ],
          [
            5079.96688650921,
            3771.753442364745
          ],
          [
            5087.61273023102,
            3767.690935268998
          ],
          [
            5094.365116700996,
            3761.4335379479453
          ],
          [
            5106.110824860167,
            3743.3746085055172
          ],
          [
            5109.232069852529,
            3735.417513702996
          ],
          [
            5116.140693604364,
            3711.127424824983
          ],
          [
            5120.1660488257185,
            3699.9947714321315
          ],
          [
            5127.810079697287,
            3689.7187068182975
          ],
          [
            5135.526259073056,
            3684.956094123423
          ],
          [
            5140.084800460492,
            3683.8460204117
          ],
          [
            5143.745227049221,
            3684.4911738643423
          ]
        ]
      },
      "properties": {
        "id": "pistes:way:302700316",
        "name": "Drop-off",
        "piste_type": "downhill",
        "tags": {
          "name": "Drop-off",
          "z_order": "0",
          "patrolled": "yes",
          "piste:difficulty": "intermediate",
          "piste:grooming": "backcountry",
          "piste:type": "downhill",
          "winter_sports_id": "178133225",
          "winter_sports_name": "Perisher",
          "State": "New South Wales",
          "Country": "Australia",
          "Ski Area": "Perisher",
          "region": "australia-oceania"
        }
      }
    },
    {
      "type": "Feature",
      "geometry": {
        "type": "LineString",
        "coordinates": [
          [
            1151.5498954242794,
            5391.410128397867
          ],
          [
            1130.9065151719842,
            5392.419861655682
          ],
          [
            1110.263134919689,
            5393.429594913498
          ],
          [
            1094.8294902227935,
            5402.109617063776
          ],
          [
            1079.395845525898,
            5410.789639214054
          ],
          [
            1062.3419278170913,
            5437.372878599912
          ],
          [
            1049.297553240438,
            5463.898999974132
          ],
          [
            1044.4444563513778,
            5479.497903118531
          ],
          [
            1039.5913594623173,
            5495.09680626293
          ],
          [
            1034.738262573257,
            5510.69570940733
          ],
          [
            1036.0335286353366,
            5530.782079895027
          ],
          [
            1037.328794697416,
            5550.868450382724
          ],
          [
            1045.0046504482161,
            5577.044114351273
          ],
          [
            1054.4634136130335,
            5592.953361543827
          ],
          [
            1063.9221767778508,
            5608.862608736381
          ],
          [
            1082.2084714076482,
            5622.488082824275
          ],
          [
            1100.4947660374455,
            5636.113556912169
          ],
          [
            1126.2161218329566,
            5654.886732107028
          ],
          [
            1135.6257742348826,
            5672.372145144269
          ]
        ]
      },
      "properties": {
        "id": "pistes:way:336050802",
        "name": "Home Trail",
        "piste_type": "downhill",
        "tags": {
          "name": "Home Trail",
          "z_order": "0",
          "piste:difficulty": "easy",
          "piste:type": "downhill",
          "winter_sports_id": "178133225",
          "winter_sports_name": "Perisher",
          "State": "New South Wales",
          "Country": "Australia",
          "Ski Area": "Perisher",
          "region": "australia-oceania"
        }
      }
    },
    {
      "type": "Feature",
      "geometry": {
        "type": "LineString",
        "coordinates": [
          [
            5672.6208377208095,
            4468.320864694193
          ],
          [
            5666.24663264188,
            4470.434442518279
          ],
          [
            5662.641956309439,
            4465.694383658469
          ],
          [
            5665.106219928595,
            4441.214302480221
          ],
          [
            5672.119897129829,
            4418.0206714607775
          ]
        ]
      },
      "properties": {
        "id": "pistes:way:336050804",
        "piste_type": "downhill",
        "tags": {
          "z_order": "0",
          "piste:difficulty": "easy",
          "piste:type": "downhill",
          "winter_sports_id": "178133225",
          "winter_sports_name": "Perisher",
          "State": "New South Wales",
          "Country": "Australia",
          "Ski Area": "Perisher",
          "region": "australia-oceania"
        }
      }
    },
    {
      "type": "Feature",
      "geometry": {
        "type": "LineString",
        "coordinates": [
          [
            5280.289036498405,
            4393.731853088364
          ],
          [
            5271.407452568412,
            4364.481490951031
          ],
          [
            5269.474510671338,
            4358.107792422175
          ],
          [
            5269.256235112785,
            4349.378760842606
          ],
          [
            5272.214178378461,
            4341.290875676088
          ],
          [
            5279.00454612216,
            4333.9343282058835
          ],
          [
            5289.930155019974,
            4327.160405367613
          ],
          [
            5305.96687369165,
            4317.182205114514
          ],
          [
            5332.351177994744,
            4300.782475201413
          ],
          [
            5354.055603461573,
            4291.28653664235
          ],
          [
            5375.666353852837,
            4285.176086161286
          ],
          [
            5395.021132637397,
            4279.387327371165
          ],
          [
            5411.766419229214,
            4274.280548298731
          ],
          [
            5428.413048369344,
            4266.134990567341
          ],
          [
            5438.139796511154,
            4257.769686298445
          ],
          [
            5452.425224941457,
            4242.812903913669
          ],
          [
            5465.525670530197,
            4227.8069803578155
          ],
          [
            5478.626116118937,
            4212.801056801963
          ],
          [
            5491.726561707677,
            4197.795133246109
          ],
          [
            5508.413446404156,
            4184.489350839518
          ],
          [
            5524.545803860121,
            4173.732601054013
          ],
          [
            5540.678161316086,
            4162.9758512685075
          ],
          [
            5563.269764358411,
            4147.985025536269
          ],
          [
            5579.066903675441,
            4135.191521035973
          ],
          [
            5594.864042992471,
            4122.398016535677
          ],
          [
            5617.97926908778,
            4100.96383821778
          ]
        ]
      },
      "properties": {
        "id": "pistes:way:336050805",
        "name": "Chair Run",
        "piste_type": "downhill",
        "tags": {
          "name": "Chair Run",
          "z_order": "0",
          "piste:difficulty": "intermediate",
          "piste:type": "downhill",
          "winter_sports_id": "178133225",
          "winter_sports_name": "Perisher",
          "State": "New South Wales",
          "Country": "Australia",
          "Ski Area": "Perisher",
          "region": "australia-oceania"
        }
      }
    },
    {
      "type": "Feature",
      "geometry": {
        "type": "LineString",
        "coordinates": [
          [
            5761.272518913494,
            4448.791596770287
          ],
          [
            5745.302710117539,
            4450.5366984652355
          ],
          [
            5727.990824748296,
            4454.953464344144
          ],
          [
            5710.883336868486,
            4456.204918541014
          ],
          [
            5696.991956029087,
            4449.863783577457
          ],
          [
            5685.626916348818,
            4442.675316955894
          ],
          [
            5674.326476379181,
            4428.928363148123
          ],
          [
            5672.119897129829,
            4418.0206714607775
          ],
          [
            5673.850316459662,
            4401.862054923549
          ],
          [
            5675.5807357894955,
            4385.703438386321
          ],
          [
            5677.634862263745,
            4366.560859093908
          ],
          [
            5679.688988737995,
            4347.418279801495
          ],
          [
            5680.895661928186,
            4331.333971240868
          ],
          [
            5682.1023351183785,
            4315.249662680241
          ],
          [
            5683.30900830857,
            4299.165354119614
          ],
          [
            5685.200672076899,
            4279.048753582872
          ],
          [
            5687.092335845227,
            4258.932153046131
          ],
          [
            5688.409809479956,
            4242.860996904473
          ],
          [
            5689.727283114684,
            4226.789840762814
          ],
          [
            5691.044756749412,
            4210.718684621155
          ],
          [
            5691.2499332979205,
            4191.215070153121
          ],
          [
            5691.455109846429,
            4171.711455685087
          ],
          [
            5691.644207731239,
            4154.155362312682
          ],
          [
            5692.549700114876,
            4143.190586024895
          ],
          [
            5694.149001486367,
            4119.078319888562
          ],
          [
            5694.847205671831,
            4114.119346498512
          ],
          [
            5696.365520167281,
            4103.345233485103
          ],
          [
            5699.234645393561,
            4095.9575171507895
          ],
          [
            5708.363672707928,
            4084.205456495285
          ]
        ]
      },
      "properties": {
        "id": "pistes:way:336050806",
        "name": "Wood Run",
        "piste_type": "downhill",
        "tags": {
          "name": "Wood Run",
          "z_order": "0",
          "piste:difficulty": "easy",
          "piste:grooming": "classic",
          "piste:type": "downhill",
          "winter_sports_id": "178133225",
          "winter_sports_name": "Perisher",
          "State": "New South Wales",
          "Country": "Australia",
          "Ski Area": "Perisher",
          "region": "australia-oceania"
        }
      }
    },
    {
      "type": "Feature",
      "geometry": {
        "type": "LineString",
        "coordinates": [
          [
            5303.690313946805,
            3875.2883717818186
          ],
          [
            5329.161766483565,
            3890.779760584235
          ],
          [
            5348.644817925058,
            3901.0556394401938
          ],
          [
            5367.640700592776,
            3908.098735644482
          ],
          [
            5388.045337079617,
            3914.5551201491617
          ],
          [
            5408.449973566458,
            3921.0115046538413
          ],
          [
            5425.327161294175,
            3926.720959076658
          ],
          [
            5444.829473814229,
            3933.423552814871
          ],
          [
            5467.902040264802,
            3940.7280734470114
          ],
          [
            5484.353290933068,
            3946.13855492929
          ],
          [
            5500.804541601334,
            3951.5490364115685
          ],
          [
            5516.887970890733,
            3958.7790367575362
          ],
          [
            5529.00704185362,
            3967.876112420112
          ],
          [
            5538.144125857274,
            3979.7578118834645
          ],
          [
            5550.642475882894,
            3998.13630544208
          ],
          [
            5559.514862572076,
            4008.4906945973635
          ],
          [
            5567.910417900421,
            4015.712051274255
          ],
          [
            5576.251111726393,
            4021.6471168361604
          ],
          [
            5582.72414390021,
            4024.425306232646
          ]
        ]
      },
      "properties": {
        "id": "pistes:way:336050807",
        "piste_type": "downhill",
        "tags": {
          "z_order": "0",
          "piste:difficulty": "easy",
          "piste:type": "downhill",
          "winter_sports_id": "178133225",
          "winter_sports_name": "Perisher",
          "State": "New South Wales",
          "Country": "Australia",
          "Ski Area": "Perisher",
          "region": "australia-oceania"
        }
      }
    },
    {
      "type": "Feature",
      "geometry": {
        "type": "LineString",
        "coordinates": [
          [
            2685.546599215828,
            4632.345940312371
          ],
          [
            2688.632131001097,
            4649.715758843813
          ],
          [
            2691.7176627863664,
            4667.0855773752555
          ]
        ]
      },
      "properties": {
        "id": "pistes:way:336050811",
        "piste_type": "downhill",
        "tags": {
          "z_order": "0",
          "piste:difficulty": "easy",
          "piste:grooming": "yes",
          "piste:type": "downhill",
          "winter_sports_id": "178133225",
          "winter_sports_name": "Perisher",
          "State": "New South Wales",
          "Country": "Australia",
          "Ski Area": "Perisher",
          "region": "australia-oceania"
        }
      }
    },
    {
      "type": "Feature",
      "geometry": {
        "type": "LineString",
        "coordinates": [
          [
            2050.971753496211,
            5326.799228394404
          ],
          [
            2050.2018886253936,
            5345.672499307431
          ],
          [
            2047.2290920338826,
            5363.962694918737
          ],
          [
            2044.2562954423715,
            5382.252890530042
          ],
          [
            2041.2834988508607,
            5400.543086141348
          ],
          [
            2038.3107022593497,
            5418.833281752653
          ],
          [
            2035.3379056678386,
            5437.123477363959
          ],
          [
            2029.658624510048,
            5459.007473349571
          ],
          [
            2023.9793433522573,
            5480.8914693351835
          ],
          [
            2015.1038413044298,
            5498.250001721084
          ],
          [
            2002.4505945085548,
            5518.7028634715825
          ],
          [
            1990.5675412051496,
            5531.244709291495
          ],
          [
            1978.6844879017444,
            5543.786555111408
          ],
          [
            1962.6556500726147,
            5553.469735372812
          ],
          [
            1946.3481486066012,
            5557.487123051658
          ],
          [
            1924.6090488940245,
            5556.256553065032
          ],
          [
            1908.1570163550011,
            5554.990793868899
          ],
          [
            1891.7049838159776,
            5553.725034672767
          ],
          [
            1875.2529512769543,
            5552.4592754766345
          ],
          [
            1851.68614468124,
            5551.72069144994
          ],
          [
            1828.1193380855257,
            5550.982107423246
          ],
          [
            1811.2371179782288,
            5550.940113519451
          ],
          [
            1794.3548978709316,
            5550.898119615657
          ],
          [
            1777.4726777636347,
            5550.856125711863
          ],
          [
            1760.5904576563375,
            5550.814131808068
          ],
          [
            1743.7082375490406,
            5550.772137904273
          ],
          [
            1726.8260174417435,
            5550.730144000479
          ],
          [
            1709.9437973344466,
            5550.688150096685
          ],
          [
            1698.1233185034944,
            5550.391308447346
          ],
          [
            1677.3065932325164,
            5549.868072040069
          ],
          [
            1656.4898679615387,
            5549.344835632791
          ],
          [
            1635.6731426905608,
            5548.821599225514
          ],
          [
            1617.682121019073,
            5547.425660466154
          ],
          [
            1599.6910993475856,
            5546.0297217067955
          ],
          [
            1581.7000776760979,
            5544.633782947436
          ],
          [
            1554.3652824582532,
            5546.733239284717
          ],
          [
            1526.3406792165479,
            5554.55659439601
          ],
          [
            1510.3240941959957,
            5564.349648944568
          ],
          [
            1494.3075091754436,
            5574.142703493126
          ],
          [
            1478.2909241548914,
            5583.935758041684
          ],
          [
            1462.2743391343392,
            5593.728812590241
          ],
          [
            1446.1907944667619,
            5605.07236955439
          ],
          [
            1430.1072497991845,
            5616.41592651854
          ],
          [
            1414.0237051316071,
            5627.759483482689
          ],
          [
            1397.818977818475,
            5635.857457468286
          ],
          [
            1386.9367239122512,
            5639.696467575617
          ],
          [
            1378.325897687464,
            5640.496194303036
          ],
          [
            1367.6901436713524,
            5637.718812637031
          ],
          [
            1355.907144563971,
            5633.138147342019
          ],
          [
            1339.1572115345625,
            5624.722749566194
          ],
          [
            1322.407278505154,
            5616.307351790369
          ],
          [
            1308.4394476510352,
            5608.884090708569
          ],
          [
            1298.1592464465648,
            5605.868551030755
          ],
          [
            1289.7956135509303,
            5605.754843732342
          ],
          [
            1283.3340804036707,
            5608.787278734148
          ],
          [
            1277.5730644485448,
            5612.497631713748
          ]
        ]
      },
      "properties": {
        "id": "pistes:way:336050812",
        "name": "Parachute",
        "piste_type": "downhill",
        "tags": {
          "name": "Parachute",
          "z_order": "0",
          "piste:difficulty": "advanced",
          "piste:type": "downhill",
          "winter_sports_id": "178133225",
          "winter_sports_name": "Perisher",
          "State": "New South Wales",
          "Country": "Australia",
          "Ski Area": "Perisher",
          "region": "australia-oceania"
        }
      }
    },
    {
      "type": "Feature",
      "geometry": {
        "type": "LineString",
        "coordinates": [
          [
            3283.51259689813,
            3970.904262840748
          ],
          [
            3279.0448640831746,
            3982.630432188511
          ],
          [
            3278.0183117722627,
            3995.9710280215368
          ],
          [
            3279.513044069521,
            4008.731384041719
          ],
          [
            3283.1198076747824,
            4022.3820415064692
          ],
          [
            3288.1120301174233,
            4032.5951891429722
          ],
          [
            3288.1069557261653,
            4040.9058013176546
          ],
          [
            3286.847466094885,
            4048.080670543015
          ],
          [
            3280.725904522813,
            4059.5867185946554
          ],
          [
            3271.487277744687,
            4073.895185462199
          ],
          [
            3262.2486509665614,
            4088.203652329743
          ],
          [
            3263.7547929708962,
            4105.773746687453
          ],
          [
            3265.260934975231,
            4123.343841045164
          ],
          [
            3267.556145782466,
            4144.2921725464985
          ],
          [
            3263.9944244989892,
            4173.968819141388
          ],
          [
            3259.903558349237,
            4201.800183207728
          ],
          [
            3262.2077352195047,
            4222.748383866623
          ],
          [
            3256.9960052319802,
            4241.952592752874
          ],
          [
            3248.74396381469,
            4257.811186804436
          ],
          [
            3240.4919223973993,
            4273.669780855998
          ],
          [
            3240.9800596378627,
            4290.017480190843
          ],
          [
            3241.468196878326,
            4306.365179525688
          ],
          [
            3236.9561452306225,
            4322.1695500672795
          ],
          [
            3232.444093582919,
            4337.973920608871
          ],
          [
            3223.083215854538,
            4354.397778984159
          ],
          [
            3213.7223381261574,
            4370.821637359448
          ],
          [
            3203.196518395096,
            4396.005612675101
          ],
          [
            3194.767551015364,
            4412.98180754669
          ],
          [
            3186.36480702064,
            4433.008874953724
          ],
          [
            3175.530067351181,
            4452.361050881445
          ],
          [
            3170.259108944447,
            4466.262396847829
          ]
        ]
      },
      "properties": {
        "id": "pistes:way:336050813",
        "piste_type": "downhill",
        "tags": {
          "z_order": "0",
          "piste:difficulty": "easy",
          "piste:type": "downhill",
          "winter_sports_id": "178133225",
          "winter_sports_name": "Perisher",
          "State": "New South Wales",
          "Country": "Australia",
          "Ski Area": "Perisher",
          "region": "australia-oceania"
        }
      }
    },
    {
      "type": "Feature",
      "geometry": {
        "type": "LineString",
        "coordinates": [
          [
            5236.317328496138,
            4467.155520197004
          ],
          [
            5245.767686130828,
            4443.038756810129
          ],
          [
            5255.278985876357,
            4425.500779137015
          ],
          [
            5264.501077496447,
            4412.693778350018
          ],
          [
            5272.165389117552,
            4403.759887359105
          ],
          [
            5280.289036498405,
            4393.731853088364
          ],
          [
            5294.653616924033,
            4383.30487190901
          ],
          [
            5309.018197349661,
            4372.8778907296555
          ],
          [
            5323.382777775289,
            4362.450909550302
          ],
          [
            5336.00839134329,
            4363.2856630682945
          ],
          [
            5345.551010554773,
            4366.762207571417
          ],
          [
            5369.281112048542,
            4372.9588742256165
          ],
          [
            5390.480871003703,
            4376.685171098448
          ],
          [
            5405.362678615842,
            4374.168972922489
          ],
          [
            5423.510597333894,
            4365.612952204421
          ],
          [
            5449.106488184305,
            4354.7612061891705
          ],
          [
            5465.587444024277,
            4347.538963307627
          ],
          [
            5480.806745623122,
            4339.020455623511
          ],
          [
            5496.026047221967,
            4330.501947939396
          ],
          [
            5516.22961053066,
            4312.317677971907
          ],
          [
            5527.656368505326,
            4298.179650421254
          ],
          [
            5540.704553840682,
            4273.554496821016
          ],
          [
            5553.841407670814,
            4255.246959799901
          ],
          [
            5566.978261500946,
            4236.939422778785
          ],
          [
            5574.834488249384,
            4219.366300858867
          ],
          [
            5582.6907149978215,
            4201.79317893895
          ],
          [
            5590.546941746259,
            4184.2200570190325
          ],
          [
            5595.122371004196,
            4178.771111803129
          ],
          [
            5601.453815997462,
            4164.663829519413
          ],
          [
            5610.354341294733,
            4139.855695625767
          ],
          [
            5612.168064882979,
            4119.313081480563
          ],
          [
            5617.97926908778,
            4100.96383821778
          ],
          [
            5633.285634985543,
            4095.6448540873826
          ],
          [
            5645.672670039232,
            4087.6394437570125
          ],
          [
            5653.178451809334,
            4083.201257785782
          ],
          [
            5660.455271250452,
            4080.874618990347
          ],
          [
            5663.4940661686705,
            4080.7187641225755
          ],
          [
            5665.435523693566,
            4082.1879894342273
          ],
          [
            5660.323299938464,
            4088.943097250536
          ]
        ]
      },
      "properties": {
        "id": "pistes:way:336050814",
        "name": "Wood Run",
        "piste_type": "downhill",
        "tags": {
          "name": "Wood Run",
          "z_order": "0",
          "piste:difficulty": "easy",
          "piste:type": "downhill",
          "winter_sports_id": "178133225",
          "winter_sports_name": "Perisher",
          "State": "New South Wales",
          "Country": "Australia",
          "Ski Area": "Perisher",
          "region": "australia-oceania"
        }
      }
    },
    {
      "type": "Feature",
      "geometry": {
        "type": "LineString",
        "coordinates": [
          [
            2889.7261633505113,
            3085.6591436192393
          ],
          [
            2890.9664346026257,
            3105.6796965207905
          ],
          [
            2895.519183917204,
            3112.8592300368473
          ],
          [
            2902.413761866279,
            3118.229615119286
          ],
          [
            2909.2695248503005,
            3120.915443358943
          ],
          [
            2923.974829960149,
            3124.2977099716663
          ],
          [
            2941.0951438404154,
            3125.65890506655
          ],
          [
            2958.215457720682,
            3127.020100161433
          ],
          [
            2978.8102810862474,
            3127.365635966882
          ],
          [
            2999.405104451813,
            3127.711171772331
          ],
          [
            3031.0350603562547,
            3131.0147376805544
          ],
          [
            3056.615810103016,
            3134.6831643190235
          ],
          [
            3079.8962300946005,
            3139.3057566490024
          ],
          [
            3100.8227783958428,
            3143.66280188784
          ],
          [
            3118.8254289686447,
            3149.2715647947043
          ],
          [
            3139.41693662724,
            3154.953714802861
          ],
          [
            3160.008444285835,
            3160.635864811018
          ],
          [
            3167.572911656811,
            3162.7009698823094
          ],
          [
            3178.3560080039315,
            3161.568294266239
          ],
          [
            3203.4138251310214,
            3155.757200041786
          ],
          [
            3217.418281293474,
            3154.71092521213
          ],
          [
            3237.6806904039113,
            3156.5585881583393
          ],
          [
            3253.859623978846,
            3158.2490436639637
          ],
          [
            3270.0385575537803,
            3159.939499169588
          ],
          [
            3297.5365867048968,
            3164.0565225472674
          ],
          [
            3318.6970416445984,
            3167.211338017136
          ],
          [
            3338.7890347405337,
            3172.1457964368165
          ],
          [
            3356.613849331625,
            3177.8454186003655
          ],
          [
            3382.8928494633874,
            3190.0463187331334
          ],
          [
            3404.4986363901407,
            3196.3733077556826
          ],
          [
            3426.104423316894,
            3202.700296778232
          ],
          [
            3456.24713720195,
            3211.028010683134
          ],
          [
            3487.204482117202,
            3218.6225770730525
          ],
          [
            3513.4595912867226,
            3225.453199652955
          ],
          [
            3529.928677701275,
            3232.2817280245945
          ],
          [
            3536.904672730132,
            3236.42993468605
          ],
          [
            3559.4852021563565,
            3252.101493982598
          ],
          [
            3566.603585609584,
            3256.169939259067
          ],
          [
            3574.2599879211048,
            3259.6092069577426
          ],
          [
            3580.054844857077,
            3260.8675199681893
          ],
          [
            3586.647881806828,
            3260.8826190419495
          ],
          [
            3603.559615258166,
            3259.075909667338
          ],
          [
            3620.4713487095046,
            3257.2692002927265
          ],
          [
            3637.3830821608426,
            3255.462490918115
          ],
          [
            3652.292836638284,
            3256.21092375461
          ],
          [
            3671.2421531396685,
            3259.641159463674
          ],
          [
            3702.0820150594227,
            3267.147917315364
          ],
          [
            3729.085741702467,
            3276.086254388094
          ],
          [
            3743.0564419244183,
            3283.1837601345032
          ],
          [
            3757.2445901909377,
            3288.580459252
          ],
          [
            3765.4723144872114,
            3290.5910137798637
          ],
          [
            3781.8861663470743,
            3294.834616597742
          ],
          [
            3794.18640488619,
            3298.705370753072
          ],
          [
            3815.5113380617695,
            3314.9604456368834
          ],
          [
            3828.5352026630426,
            3320.4738500900567
          ],
          [
            3832.2461755962577,
            3321.5293466830626
          ],
          [
            3843.2496726212557,
            3325.6630258392543
          ],
          [
            3854.1987214204855,
            3328.5214959802106
          ],
          [
            3869.547266234411,
            3330.439296508208
          ],
          [
            3879.35936679563,
            3338.3738760445267
          ],
          [
            3885.984433868085,
            3344.8902787771076
          ]
        ]
      },
      "properties": {
        "id": "pistes:way:336050815",
        "name": "Pretty Valley Run",
        "piste_type": "downhill",
        "tags": {
          "name": "Pretty Valley Run",
          "z_order": "0",
          "piste:difficulty": "easy",
          "piste:type": "downhill",
          "winter_sports_id": "178133225",
          "winter_sports_name": "Perisher",
          "State": "New South Wales",
          "Country": "Australia",
          "Ski Area": "Perisher",
          "region": "australia-oceania"
        }
      }
    },
    {
      "type": "Feature",
      "geometry": {
        "type": "LineString",
        "coordinates": [
          [
            5467.902040264802,
            3940.7280734470114
          ],
          [
            5480.4778191224905,
            3953.424555835314
          ],
          [
            5487.865820245352,
            3963.5013331845403
          ],
          [
            5495.043637900148,
            3976.355113956146
          ],
          [
            5502.8756086832145,
            3990.375372832641
          ]
        ]
      },
      "properties": {
        "id": "pistes:way:336050817",
        "piste_type": "downhill",
        "tags": {
          "z_order": "0",
          "piste:difficulty": "easy",
          "piste:type": "downhill",
          "winter_sports_id": "178133225",
          "winter_sports_name": "Perisher",
          "State": "New South Wales",
          "Country": "Australia",
          "Ski Area": "Perisher",
          "region": "australia-oceania"
        }
      }
    },
    {
      "type": "Feature",
      "geometry": {
        "type": "LineString",
        "coordinates": [
          [
            5616.2253495156765,
            4043.558735160157
          ],
          [
            5626.906207772903,
            4045.7643428687006
          ],
          [
            5632.178056381061,
            4045.5644176322967
          ],
          [
            5647.068026085384,
            4040.6066155582666
          ],
          [
            5658.516398235806,
            4037.6857563862577
          ],
          [
            5662.95552260871,
            4040.6270855888724
          ],
          [
            5662.528313510586,
            4047.5348847527057
          ]
        ]
      },
      "properties": {
        "id": "pistes:way:336050818",
        "piste_type": "downhill",
        "tags": {
          "z_order": "0",
          "piste:difficulty": "easy",
          "piste:type": "downhill",
          "winter_sports_id": "178133225",
          "winter_sports_name": "Perisher",
          "State": "New South Wales",
          "Country": "Australia",
          "Ski Area": "Perisher",
          "region": "australia-oceania"
        }
      }
    },
    {
      "type": "Feature",
      "geometry": {
        "type": "LineString",
        "coordinates": [
          [
            1304.986071203486,
            5089.480689546093
          ],
          [
            1318.859790262184,
            5099.795609883033
          ],
          [
            1332.7335093208821,
            5110.110530219972
          ],
          [
            1348.9894177553942,
            5120.7520203683525
          ],
          [
            1360.752413946204,
            5123.979318063706
          ],
          [
            1374.5068955228198,
            5122.1630539232865
          ],
          [
            1387.3656754577532,
            5115.422105154023
          ],
          [
            1396.2771421138896,
            5107.439334973693
          ],
          [
            1410.1145818347577,
            5089.444742007181
          ]
        ]
      },
      "properties": {
        "id": "pistes:way:336050819",
        "piste_type": "downhill",
        "tags": {
          "z_order": "0",
          "piste:difficulty": "easy",
          "piste:type": "downhill",
          "winter_sports_id": "178133225",
          "winter_sports_name": "Perisher",
          "State": "New South Wales",
          "Country": "Australia",
          "Ski Area": "Perisher",
          "region": "australia-oceania"
        }
      }
    },
    {
      "type": "Feature",
      "geometry": {
        "type": "LineString",
        "coordinates": [
          [
            4304.108269178774,
            3216.014035020955
          ],
          [
            4290.367746977019,
            3208.736523989588
          ],
          [
            4271.313689954695,
            3209.8139726985246
          ],
          [
            4263.3864285344025,
            3213.635778626427
          ],
          [
            4253.024618950556,
            3221.498665560037
          ]
        ]
      },
      "properties": {
        "id": "pistes:way:336050820",
        "piste_type": "downhill",
        "tags": {
          "z_order": "0",
          "piste:difficulty": "easy",
          "piste:type": "downhill",
          "winter_sports_id": "178133225",
          "winter_sports_name": "Perisher",
          "State": "New South Wales",
          "Country": "Australia",
          "Ski Area": "Perisher",
          "region": "australia-oceania"
        }
      }
    },
    {
      "type": "Feature",
      "geometry": {
        "type": "LineString",
        "coordinates": [
          [
            5582.72414390021,
            4024.425306232646
          ],
          [
            5591.087052332587,
            4025.7886286918074
          ],
          [
            5600.138307485846,
            4027.59669860173
          ],
          [
            5604.990746722906,
            4029.977170797065
          ],
          [
            5610.545829932322,
            4034.3777641020715
          ],
          [
            5612.632128240075,
            4038.9738305918872
          ],
          [
            5611.02604085498,
            4048.0626859143376
          ],
          [
            5610.297570959898,
            4052.1899256380275
          ],
          [
            5606.9135148535715,
            4056.3009074553847
          ],
          [
            5604.560457059415,
            4059.1539503782988
          ]
        ]
      },
      "properties": {
        "id": "pistes:way:336050821",
        "piste_type": "downhill",
        "tags": {
          "z_order": "0",
          "piste:difficulty": "easy",
          "piste:type": "downhill",
          "winter_sports_id": "178133225",
          "winter_sports_name": "Perisher",
          "State": "New South Wales",
          "Country": "Australia",
          "Ski Area": "Perisher",
          "region": "australia-oceania"
        }
      }
    },
    {
      "type": "Feature",
      "geometry": {
        "type": "LineString",
        "coordinates": [
          [
            3092.621213745326,
            5158.3914943840355
          ],
          [
            3098.05141916906,
            5141.813916968182
          ],
          [
            3098.7454739023233,
            5128.400527829304
          ],
          [
            3098.067097638268,
            5113.764309024438
          ],
          [
            3094.29382685828,
            5104.1103753801435
          ],
          [
            3088.965842264006,
            5097.374863194302
          ],
          [
            3076.3067833647365,
            5084.975793695077
          ],
          [
            3060.6945937158307,
            5087.354239300825
          ]
        ]
      },
      "properties": {
        "id": "pistes:way:336050822",
        "piste_type": "downhill",
        "tags": {
          "z_order": "0",
          "piste:difficulty": "easy",
          "piste:type": "downhill",
          "winter_sports_id": "178133225",
          "winter_sports_name": "Perisher",
          "State": "New South Wales",
          "Country": "Australia",
          "Ski Area": "Perisher",
          "region": "australia-oceania"
        }
      }
    },
    {
      "type": "Feature",
      "geometry": {
        "type": "LineString",
        "coordinates": [
          [
            3060.6945937158307,
            5087.354239300825
          ],
          [
            3067.509834587341,
            5090.850556479767
          ],
          [
            3070.9630079919007,
            5094.506476868875
          ],
          [
            3078.635834492976,
            5107.665636075661
          ],
          [
            3081.1134977458278,
            5114.586646581069
          ],
          [
            3085.1333195532206,
            5125.779289199971
          ],
          [
            3088.0789395091124,
            5139.617106362246
          ],
          [
            3092.621213745326,
            5158.3914943840355
          ]
        ]
      },
      "properties": {
        "id": "pistes:way:336050823",
        "piste_type": "downhill",
        "tags": {
          "z_order": "0",
          "piste:difficulty": "easy",
          "piste:type": "downhill",
          "winter_sports_id": "178133225",
          "winter_sports_name": "Perisher",
          "State": "New South Wales",
          "Country": "Australia",
          "Ski Area": "Perisher",
          "region": "australia-oceania"
        }
      }
    },
    {
      "type": "Feature",
      "geometry": {
        "type": "LineString",
        "coordinates": [
          [
            1989.6491175008705,
            5311.169144556858
          ],
          [
            1977.5614440778736,
            5299.104287710041
          ],
          [
            1970.795049964101,
            5283.978424135596
          ],
          [
            1966.4149456070736,
            5269.461864540353
          ],
          [
            1954.3374710059725,
            5242.4623952601105
          ],
          [
            1953.0443014429766,
            5220.168048709165
          ],
          [
            1951.7511318799807,
            5197.87370215822
          ],
          [
            1936.9956107088947,
            5188.382347496692
          ],
          [
            1922.2400895378087,
            5178.890992835164
          ],
          [
            1908.3959672047058,
            5164.857734747852
          ],
          [
            1894.551844871603,
            5150.824476660539
          ],
          [
            1880.7077225385,
            5136.7912185732275
          ],
          [
            1861.0261489931145,
            5123.486941984855
          ],
          [
            1841.3445754477289,
            5110.182665396482
          ],
          [
            1823.4506054492667,
            5096.714003830217
          ],
          [
            1805.5566354508046,
            5083.245342263952
          ],
          [
            1791.2724324039882,
            5072.498778291978
          ],
          [
            1775.3489144924097,
            5058.791003393941
          ],
          [
            1765.2445225314004,
            5047.973440443166
          ],
          [
            1754.2453974585126,
            5035.441479581098
          ],
          [
            1743.246272385625,
            5022.90951871903
          ],
          [
            1732.247147312737,
            5010.377557856962
          ],
          [
            1721.3300228329608,
            4991.660547371954
          ],
          [
            1710.4128983531846,
            4972.943536886945
          ],
          [
            1702.5022291761707,
            4953.351315275766
          ],
          [
            1694.5915599991567,
            4933.7590936645865
          ],
          [
            1690.8880374864675,
            4917.10795505764
          ],
          [
            1687.1845149737783,
            4900.456816450693
          ],
          [
            1683.480992461089,
            4883.805677843746
          ],
          [
            1679.7774699483998,
            4867.154539236799
          ],
          [
            1665.0349070494995,
            4846.28423226811
          ],
          [
            1656.4274305297877,
            4831.273254354484
          ],
          [
            1647.819954010076,
            4816.262276440859
          ]
        ]
      },
      "properties": {
        "id": "pistes:way:336050825",
        "name": "Karl's",
        "piste_type": "downhill",
        "tags": {
          "name": "Karl's",
          "z_order": "0",
          "piste:difficulty": "intermediate",
          "piste:type": "downhill",
          "winter_sports_id": "178133225",
          "winter_sports_name": "Perisher",
          "State": "New South Wales",
          "Country": "Australia",
          "Ski Area": "Perisher",
          "region": "australia-oceania"
        }
      }
    },
    {
      "type": "Feature",
      "geometry": {
        "type": "LineString",
        "coordinates": [
          [
            1409.3974051314872,
            5119.0131157413125
          ],
          [
            1417.335001071915,
            5135.187809571624
          ],
          [
            1422.6567317823065,
            5150.373527972028
          ],
          [
            1427.9784624926979,
            5165.5592463724315
          ],
          [
            1428.9694364690222,
            5175.897097669542
          ],
          [
            1431.8978182472056,
            5183.688625229523
          ],
          [
            1437.0927529039327,
            5193.134281175211
          ],
          [
            1438.329801639542,
            5201.227347277105
          ],
          [
            1435.6301219392335,
            5208.821868039668
          ],
          [
            1423.3062267799396,
            5231.665756845847
          ],
          [
            1416.94283827045,
            5239.0352036440745
          ],
          [
            1411.3755085901357,
            5242.465509396046
          ],
          [
            1391.4252525780273,
            5249.374255277216
          ],
          [
            1371.4749965659187,
            5256.2830011583865
          ],
          [
            1351.5247405538103,
            5263.1917470395565
          ],
          [
            1342.8708151013125,
            5267.231922722422
          ],
          [
            1324.2705226517282,
            5283.452512457967
          ],
          [
            1306.2740933110472,
            5303.015250773169
          ],
          [
            1290.17914086557,
            5317.51351949852
          ],
          [
            1284.933770352276,
            5324.023663971573
          ],
          [
            1281.4307647469686,
            5334.436719045043
          ],
          [
            1278.483733058907,
            5344.830746937543
          ],
          [
            1276.173636617139,
            5360.252993229777
          ],
          [
            1273.2077126172371,
            5368.694500251673
          ],
          [
            1269.0954185897717,
            5376.020626228303
          ],
          [
            1257.450448050513,
            5387.381937892176
          ],
          [
            1245.2254175458802,
            5397.076100935228
          ],
          [
            1235.1430791812018,
            5399.738510366529
          ],
          [
            1209.3191550341435,
            5402.059450980276
          ],
          [
            1190.7771005211398,
            5402.889608850703
          ],
          [
            1174.7495468312409,
            5401.9973961813375
          ],
          [
            1162.3319175365614,
            5398.8124493490905
          ],
          [
            1151.5498954242794,
            5391.410128397867
          ],
          [
            1144.123760506278,
            5383.405213959515
          ],
          [
            1132.7128146617906,
            5371.529299343005
          ],
          [
            1116.532882772386,
            5360.564551458694
          ],
          [
            1098.2336704580812,
            5348.514854818117
          ],
          [
            1079.9344581437763,
            5336.46515817754
          ],
          [
            1063.9273518281213,
            5325.863974949966
          ],
          [
            1047.9202455124662,
            5315.262791722392
          ],
          [
            1031.9131391968112,
            5304.661608494818
          ],
          [
            1018.3588302581571,
            5295.095011545718
          ],
          [
            1004.804521319503,
            5285.528414596617
          ],
          [
            991.2502123808488,
            5275.961817647517
          ],
          [
            977.6959034421947,
            5266.395220698416
          ],
          [
            964.1415945035405,
            5256.828623749316
          ],
          [
            950.0883772637462,
            5237.661573244259
          ],
          [
            936.0351600239519,
            5218.494522739202
          ],
          [
            922.6114286362426,
            5200.999426774681
          ],
          [
            909.1876972485334,
            5183.504330810159
          ],
          [
            896.8339187992193,
            5170.265691877964
          ],
          [
            884.4801403499054,
            5157.0270529457675
          ],
          [
            872.1263619005913,
            5143.788414013572
          ],
          [
            862.118149598944,
            5129.562196584418
          ],
          [
            859.1731902209576,
            5123.091081606224
          ],
          [
            856.1796842685435,
            5113.835718878545
          ],
          [
            848.7611500399653,
            5089.91970519349
          ],
          [
            843.8487407179782,
            5073.790295906365
          ],
          [
            838.9363313959911,
            5057.66088661924
          ],
          [
            835.057676331955,
            5041.461302251865
          ],
          [
            831.1790212679189,
            5025.261717884491
          ],
          [
            827.3003662038827,
            5009.062133517116
          ],
          [
            817.3069624906639,
            4987.024522034451
          ],
          [
            809.8752575119724,
            4972.267888441682
          ],
          [
            802.443552533281,
            4957.511254848912
          ],
          [
            797.097439480829,
            4934.84172014147
          ]
        ]
      },
      "properties": {
        "id": "pistes:way:336050826",
        "name": "Norwegian Trail",
        "piste_type": "downhill",
        "tags": {
          "name": "Norwegian Trail",
          "z_order": "0",
          "piste:difficulty": "easy",
          "piste:type": "downhill",
          "winter_sports_id": "178133225",
          "winter_sports_name": "Perisher",
          "State": "New South Wales",
          "Country": "Australia",
          "Ski Area": "Perisher",
          "region": "australia-oceania"
        }
      }
    },
    {
      "type": "Feature",
      "geometry": {
        "type": "LineString",
        "coordinates": [
          [
            2916.29183847236,
            2942.864092234522
          ],
          [
            2935.2273183068028,
            2946.651155841537
          ],
          [
            2948.5985438373173,
            2944.0167088191956
          ],
          [
            2961.2125763068907,
            2944.2225525472313
          ],
          [
            2968.9260113725904,
            2940.4827126078308
          ],
          [
            2988.3407435694244,
            2938.3377209547907
          ],
          [
            3006.9250463559874,
            2939.2393090068363
          ],
          [
            3025.5093491425505,
            2940.140897058882
          ],
          [
            3045.694640737376,
            2937.9402394276112
          ],
          [
            3062.5116156062577,
            2931.6940629072487
          ],
          [
            3072.2821860737167,
            2919.502840192057
          ],
          [
            3078.0281565403566,
            2902.543340092525
          ],
          [
            3085.18538356747,
            2892.6090514995158
          ],
          [
            3094.081671434222,
            2886.322185046971
          ],
          [
            3103.86216428224,
            2879.157050015405
          ],
          [
            3125.1110158647643,
            2863.703834079206
          ],
          [
            3143.2066514522303,
            2860.9118659142405
          ],
          [
            3158.0622024430195,
            2862.3054459914565
          ],
          [
            3170.871472476283,
            2864.8493065349758
          ],
          [
            3190.0223248209804,
            2871.739437476732
          ],
          [
            3198.2499870830216,
            2873.7837977707386
          ],
          [
            3205.6082171854796,
            2872.1570394532755
          ]
        ]
      },
      "properties": {
        "id": "pistes:way:336050827",
        "name": "Perisher Home Trail",
        "piste_type": "downhill",
        "tags": {
          "name": "Perisher Home Trail",
          "z_order": "0",
          "piste:difficulty": "easy",
          "piste:type": "downhill",
          "winter_sports_id": "178133225",
          "winter_sports_name": "Perisher",
          "State": "New South Wales",
          "Country": "Australia",
          "Ski Area": "Perisher",
          "region": "australia-oceania"
        }
      }
    },
    {
      "type": "Feature",
      "geometry": {
        "type": "LineString",
        "coordinates": [
          [
            3267.93565767596,
            2619.806252918206
          ],
          [
            3276.4646943195257,
            2616.054289024323
          ],
          [
            3277.969618462259,
            2609.7412882279605
          ],
          [
            3278.6441096111666,
            2601.2101312289014
          ],
          [
            3287.278467135504,
            2581.8452065065503
          ],
          [
            3290.5743603914743,
            2566.063916035928
          ],
          [
            3291.8236770310905,
            2546.4621650930494
          ],
          [
            3296.2470610330347,
            2529.266474114731
          ],
          [
            3307.3001425139373,
            2517.744261267595
          ],
          [
            3322.6456023108913,
            2506.5813712906092
          ],
          [
            3348.4718196195317,
            2495.1442736703902
          ],
          [
            3371.31026002625,
            2483.0181679483503
          ],
          [
            3382.926066618995,
            2473.8177457433194
          ],
          [
            3392.475711619947,
            2466.245067857206
          ],
          [
            3411.4677016384667,
            2440.6270405435935
          ],
          [
            3422.519244957948,
            2418.519538098015
          ],
          [
            3429.876141492161,
            2400.7781473839036
          ],
          [
            3437.233038026374,
            2383.036756669792
          ],
          [
            3444.5899345605867,
            2365.2953659556806
          ],
          [
            3452.080560738376,
            2347.711044415521
          ],
          [
            3459.5711869161655,
            2330.126722875362
          ],
          [
            3467.0618130939547,
            2312.542401335202
          ],
          [
            3470.7631651407573,
            2293.526319333352
          ],
          [
            3474.46451718756,
            2274.510237331502
          ],
          [
            3475.8741995383753,
            2254.251463980414
          ],
          [
            3477.7895846620668,
            2245.957443151623
          ],
          [
            3482.0320181592833,
            2239.182982331142
          ],
          [
            3487.3556325869868,
            2237.6853858865798
          ],
          [
            3496.2272439890075,
            2237.7894583679736
          ]
        ]
      },
      "properties": {
        "id": "pistes:way:370553312",
        "piste_type": "downhill",
        "tags": {
          "z_order": "0",
          "patrolled": "yes",
          "piste:difficulty": "intermediate",
          "piste:grooming": "backcountry",
          "piste:type": "downhill",
          "winter_sports_id": "178133225",
          "winter_sports_name": "Perisher",
          "State": "New South Wales",
          "Country": "Australia",
          "Ski Area": "Perisher",
          "region": "australia-oceania"
        }
      }
    },
    {
      "type": "Feature",
      "geometry": {
        "type": "LineString",
        "coordinates": [
          [
            2854.7911519079935,
            5455.416476023383
          ],
          [
            2843.8409231095575,
            5442.692805474624
          ],
          [
            2834.0621308243135,
            5429.697008466348
          ],
          [
            2821.43870838813,
            5412.936536582187
          ],
          [
            2807.7590422713547,
            5399.758480647579
          ],
          [
            2794.079376154579,
            5386.580424712971
          ],
          [
            2773.9249320415547,
            5362.72766206041
          ],
          [
            2758.4457528002094,
            5339.55077112373
          ],
          [
            2747.5002605975606,
            5331.487013636157
          ],
          [
            2736.341909366194,
            5323.592746829614
          ],
          [
            2720.523478648218,
            5316.683818285819
          ],
          [
            2704.7050479302416,
            5309.774889742024
          ],
          [
            2688.8866172122653,
            5302.865961198229
          ],
          [
            2673.068186494289,
            5295.957032654434
          ],
          [
            2653.917511697742,
            5288.78819389455
          ],
          [
            2635.2563320270274,
            5283.831346765161
          ],
          [
            2623.659379680874,
            5277.86277943477
          ],
          [
            2618.349813116016,
            5269.273783885874
          ],
          [
            2612.0712925988287,
            5254.250436458271
          ],
          [
            2605.792772081642,
            5239.227089030668
          ],
          [
            2599.5142515644548,
            5224.203741603065
          ],
          [
            2593.2357310472676,
            5209.180394175462
          ],
          [
            2586.957210530081,
            5194.15704674786
          ],
          [
            2580.6786900128936,
            5179.133699320257
          ],
          [
            2573.3285685289884,
            5164.6602143496275
          ],
          [
            2569.2285918864654,
            5156.575244051404
          ],
          [
            2553.7796653518453,
            5149.130935641006
          ],
          [
            2540.172154600732,
            5146.819452617317
          ],
          [
            2517.754944848828,
            5150.770659690723
          ],
          [
            2495.475952880108,
            5149.993154883385
          ],
          [
            2473.0782407865627,
            5141.594728684053
          ],
          [
            2445.855534124654,
            5127.085556741804
          ],
          [
            2432.676509596815,
            5116.82893512072
          ],
          [
            2419.497485068976,
            5106.572313499637
          ],
          [
            2403.552753530501,
            5093.648170804605
          ],
          [
            2387.608021992026,
            5080.724028109573
          ],
          [
            2369.6726016758475,
            5061.94235672988
          ],
          [
            2357.853062191396,
            5048.575992294587
          ],
          [
            2339.4483494251035,
            5022.73321700003
          ],
          [
            2329.0595915076556,
            5003.421258553863
          ],
          [
            2318.6708335902076,
            4984.109300107695
          ],
          [
            2310.053396559495,
            4968.183691951446
          ],
          [
            2301.4359595287824,
            4952.258083795197
          ],
          [
            2290.287104516523,
            4942.465817209333
          ]
        ]
      },
      "properties": {
        "id": "pistes:way:370553317",
        "name": "See Forever",
        "piste_type": "downhill",
        "tags": {
          "name": "See Forever",
          "z_order": "0",
          "piste:difficulty": "intermediate",
          "piste:grooming": "yes",
          "piste:type": "downhill",
          "winter_sports_id": "178133225",
          "winter_sports_name": "Perisher",
          "State": "New South Wales",
          "Country": "Australia",
          "Ski Area": "Perisher",
          "region": "australia-oceania"
        }
      }
    },
    {
      "type": "Feature",
      "geometry": {
        "type": "LineString",
        "coordinates": [
          [
            2718.075513329124,
            4867.899355955422
          ],
          [
            2713.293177762185,
            4882.780819492415
          ],
          [
            2702.297147406265,
            4896.664586432278
          ],
          [
            2685.2448896456044,
            4919.844951853156
          ],
          [
            2668.9774086428806,
            4929.022578530014
          ],
          [
            2653.066645874409,
            4945.518033488654
          ],
          [
            2643.372690190794,
            4960.120778464712
          ],
          [
            2633.678734507179,
            4974.723523440771
          ],
          [
            2622.106991851004,
            4986.651582559571
          ],
          [
            2612.113492146251,
            4994.174162149429
          ],
          [
            2598.3561924025416,
            5003.237784490921
          ],
          [
            2590.3537083646515,
            5006.360021904111
          ],
          [
            2579.7155788990203,
            5008.998757926747
          ],
          [
            2567.8805223229574,
            5009.513309299946
          ],
          [
            2551.7377926598615,
            5009.106098822939
          ],
          [
            2535.595062996765,
            5008.698888345932
          ],
          [
            2519.4523333336692,
            5008.291677868925
          ],
          [
            2497.30904158653,
            5005.698102727067
          ],
          [
            2475.1657498393906,
            5003.104527585208
          ],
          [
            2447.1253300250974,
            4995.952340170741
          ],
          [
            2424.677135601407,
            4989.623805006035
          ],
          [
            2402.2289411777165,
            4983.295269841328
          ],
          [
            2384.2363135562628,
            4977.357419351116
          ],
          [
            2366.243685934809,
            4971.419568860903
          ],
          [
            2348.230523242848,
            4964.05062850751
          ],
          [
            2330.217360550887,
            4956.681688154116
          ],
          [
            2310.252232533705,
            4949.573752681725
          ],
          [
            2290.287104516523,
            4942.465817209333
          ],
          [
            2273.3389316297835,
            4935.530793067068
          ],
          [
            2257.0221215993397,
            4929.822631642036
          ],
          [
            2240.7053115688964,
            4924.114470217004
          ],
          [
            2224.3885015384526,
            4918.406308791973
          ],
          [
            2208.0716915080093,
            4912.698147366941
          ],
          [
            2191.7548814775655,
            4906.989985941909
          ],
          [
            2170.6798126505455,
            4895.980996125843
          ],
          [
            2149.6047438235255,
            4884.9720063097775
          ],
          [
            2134.1619339061435,
            4876.017900919076
          ],
          [
            2118.7191239887616,
            4867.063795528375
          ],
          [
            2112.583077908377,
            4863.967530881986
          ],
          [
            2104.823293310008,
            4862.126173608005
          ],
          [
            2090.0110153001733,
            4860.840992009267
          ],
          [
            2069.2479917204473,
            4862.8033934370615
          ],
          [
            2048.4849681407213,
            4864.765794864856
          ],
          [
            2029.7933685085736,
            4865.411301949061
          ],
          [
            2011.101768876426,
            4866.056809033267
          ],
          [
            1985.522871757159,
            4864.704033544287
          ],
          [
            1972.3229910944356,
            4865.747749170288
          ],
          [
            1954.4689372910652,
            4874.436360064894
          ],
          [
            1936.614883487695,
            4883.1249709594995
          ],
          [
            1931.3406980707077,
            4885.697078350931
          ],
          [
            1918.5780637728749,
            4886.579104209319
          ],
          [
            1907.4949578624219,
            4884.463456690311
          ],
          [
            1896.5871131925378,
            4878.927891836502
          ],
          [
            1878.1869646383566,
            4867.04770790413
          ],
          [
            1859.7868160841754,
            4855.167523971759
          ],
          [
            1848.250086210901,
            4850.817029019818
          ],
          [
            1835.935201800312,
            4848.508132148534
          ],
          [
            1815.7118893771742,
            4845.872363884623
          ],
          [
            1795.4885769540367,
            4843.236595620711
          ],
          [
            1775.265264530899,
            4840.6008273568
          ],
          [
            1756.8175123264955,
            4837.908043486066
          ],
          [
            1738.369760122092,
            4835.215259615332
          ],
          [
            1719.9220079176885,
            4832.522475744598
          ],
          [
            1701.474255713285,
            4829.829691873863
          ],
          [
            1684.8080143493135,
            4825.615250372638
          ],
          [
            1668.141772985342,
            4821.400808871414
          ],
          [
            1651.4755316213705,
            4817.186367370188
          ],
          [
            1647.819954010076,
            4816.262276440859
          ],
          [
            1631.4680811289,
            4813.794447897468
          ],
          [
            1615.116208247724,
            4811.326619354077
          ],
          [
            1598.764335366548,
            4808.858790810686
          ],
          [
            1582.412462485372,
            4806.3909622672945
          ],
          [
            1570.5088081361027,
            4804.597296923399
          ],
          [
            1548.7719728418742,
            4805.268664631061
          ],
          [
            1527.0351375476457,
            4805.9400323387235
          ],
          [
            1516.6270904989215,
            4808.984702552669
          ],
          [
            1505.5543638932286,
            4815.112286701798
          ],
          [
            1488.999762329855,
            4824.979676133953
          ],
          [
            1476.154495822615,
            4832.6304294215515
          ],
          [
            1449.9204018997261,
            4845.054836257361
          ],
          [
            1437.7002845206298,
            4848.114198667929
          ],
          [
            1424.324906741269,
            4848.8045321349055
          ],
          [
            1405.638922991231,
            4847.640082761645
          ],
          [
            1376.8643080861075,
            4839.8514392198995
          ],
          [
            1356.0575863166014,
            4827.754908615723
          ]
        ]
      },
      "properties": {
        "id": "pistes:way:370553319",
        "name": "Guthega Way",
        "piste_type": "downhill",
        "tags": {
          "name": "Guthega Way",
          "z_order": "0",
          "piste:difficulty": "easy",
          "piste:type": "downhill",
          "winter_sports_id": "178133225",
          "winter_sports_name": "Perisher",
          "State": "New South Wales",
          "Country": "Australia",
          "Ski Area": "Perisher",
          "region": "australia-oceania"
        }
      }
    },
    {
      "type": "Feature",
      "geometry": {
        "type": "LineString",
        "coordinates": [
          [
            3060.768442361732,
            5522.173855364323
          ],
          [
            3079.0604208101868,
            5510.552950116806
          ],
          [
            3097.3523992586415,
            5498.932044869289
          ],
          [
            3111.615420911752,
            5486.35414532898
          ],
          [
            3125.878442564863,
            5473.776245788671
          ],
          [
            3138.8108732484593,
            5462.049711469251
          ],
          [
            3151.7433039320554,
            5450.3231771498295
          ],
          [
            3164.675734615652,
            5438.596642830409
          ],
          [
            3175.428397230222,
            5426.287668588261
          ],
          [
            3186.181059844792,
            5413.978694346112
          ],
          [
            3196.933722459362,
            5401.669720103964
          ],
          [
            3210.0072453311295,
            5383.799685410224
          ],
          [
            3223.080768202897,
            5365.929650716484
          ],
          [
            3229.0637290742598,
            5350.975017501973
          ],
          [
            3235.0466899456223,
            5336.020384287462
          ],
          [
            3230.0183556929696,
            5320.259978776798
          ],
          [
            3210.9626929055667,
            5301.729195635766
          ],
          [
            3196.469637509843,
            5286.006006079726
          ],
          [
            3181.976582114119,
            5270.282816523686
          ],
          [
            3163.7974669366376,
            5244.116643998772
          ],
          [
            3157.8327062590397,
            5229.041037371382
          ],
          [
            3151.8679455814417,
            5213.965430743992
          ],
          [
            3144.1241313174833,
            5198.704760638531
          ],
          [
            3136.380317053525,
            5183.44409053307
          ],
          [
            3120.528681955766,
            5169.293833533302
          ],
          [
            3092.621213745326,
            5158.3914943840355
          ]
        ]
      },
      "properties": {
        "id": "pistes:way:370553322",
        "name": "Kamikaze",
        "piste_type": "downhill",
        "tags": {
          "name": "Kamikaze",
          "z_order": "0",
          "patrolled": "yes",
          "piste:difficulty": "expert",
          "piste:grooming": "backcountry",
          "piste:type": "downhill",
          "winter_sports_id": "178133225",
          "winter_sports_name": "Perisher",
          "State": "New South Wales",
          "Country": "Australia",
          "Ski Area": "Perisher",
          "region": "australia-oceania"
        }
      }
    },
    {
      "type": "Feature",
      "geometry": {
        "type": "LineString",
        "coordinates": [
          [
            2183.0282895134296,
            5295.54439419508
          ],
          [
            2182.607685894007,
            5278.446828263812
          ],
          [
            2182.187082274584,
            5261.349262332544
          ],
          [
            2183.1827687275363,
            5236.359136933461
          ],
          [
            2186.343824802665,
            5215.337800055742
          ],
          [
            2189.5048808777938,
            5194.316463178024
          ],
          [
            2191.1644081298728,
            5173.383270425722
          ],
          [
            2192.8239353819517,
            5152.45007767342
          ],
          [
            2193.0423163014543,
            5133.100198286896
          ],
          [
            2193.2606972209564,
            5113.750318900372
          ],
          [
            2193.479078140459,
            5094.400439513847
          ],
          [
            2191.5584157708217,
            5076.658696258751
          ],
          [
            2189.6377534011845,
            5058.916953003655
          ],
          [
            2187.717091031547,
            5041.175209748559
          ],
          [
            2185.79642866191,
            5023.433466493462
          ],
          [
            2183.8757662922726,
            5005.691723238367
          ],
          [
            2181.9551039226353,
            4987.94997998327
          ],
          [
            2177.0836549809437,
            4971.470017366856
          ],
          [
            2172.2122060392517,
            4954.990054750442
          ],
          [
            2167.34075709756,
            4938.510092134029
          ],
          [
            2162.469308155868,
            4922.030129517615
          ],
          [
            2157.5978592141764,
            4905.550166901201
          ],
          [
            2149.6047438235255,
            4884.9720063097775
          ]
        ]
      },
      "properties": {
        "id": "pistes:way:370553324",
        "name": "Mother-in-Law",
        "piste_type": "downhill",
        "tags": {
          "name": "Mother-in-Law",
          "z_order": "0",
          "piste:difficulty": "intermediate",
          "piste:type": "downhill",
          "winter_sports_id": "178133225",
          "winter_sports_name": "Perisher",
          "State": "New South Wales",
          "Country": "Australia",
          "Ski Area": "Perisher",
          "region": "australia-oceania"
        }
      }
    },
    {
      "type": "Feature",
      "geometry": {
        "type": "LineString",
        "coordinates": [
          [
            2529.3798862972762,
            2118.352906772867
          ],
          [
            2542.2142597942534,
            2107.1869169386723
          ],
          [
            2555.048633291231,
            2096.0209271044782
          ],
          [
            2567.883006788208,
            2084.8549372702837
          ],
          [
            2587.0910889699007,
            2076.289426784031
          ],
          [
            2606.2991711515933,
            2067.7239162977785
          ],
          [
            2625.448663177958,
            2061.938589132391
          ],
          [
            2644.598155204323,
            2056.1532619670033
          ],
          [
            2661.8932357889134,
            2051.2397174285725
          ],
          [
            2679.1883163735038,
            2046.3261728901416
          ],
          [
            2696.483396958094,
            2041.4126283517107
          ],
          [
            2712.2250714901215,
            2037.2019467285525
          ],
          [
            2727.9667460221485,
            2032.991265105394
          ],
          [
            2743.708420554176,
            2028.7805834822357
          ],
          [
            2758.4122398941804,
            2019.9936553175664
          ],
          [
            2773.116059234185,
            2011.2067271528972
          ],
          [
            2787.8198785741893,
            2002.419798988228
          ],
          [
            2802.5236979141937,
            1993.6328708235587
          ],
          [
            2817.2275172541977,
            1984.8459426588897
          ],
          [
            2831.931336594202,
            1976.0590144942205
          ],
          [
            2846.6351559342065,
            1967.2720863295513
          ],
          [
            2861.338975274211,
            1958.485158164882
          ],
          [
            2876.0427946142154,
            1949.6982300002128
          ],
          [
            2888.95771874988,
            1935.4700018665753
          ],
          [
            2901.8726428855443,
            1921.2417737329379
          ],
          [
            2914.787567021209,
            1907.0135455993004
          ],
          [
            2927.7024911568733,
            1892.785317465663
          ],
          [
            2937.78158704369,
            1879.9905432928354
          ],
          [
            2947.8606829305063,
            1867.1957691200078
          ],
          [
            2957.939778817323,
            1854.4009949471802
          ],
          [
            2968.0188747041393,
            1841.6062207743526
          ],
          [
            2985.411940375343,
            1832.555684489198
          ],
          [
            3000.5805098073324,
            1830.9158507343382
          ]
        ]
      },
      "properties": {
        "id": "pistes:way:427154935",
        "name": "Side Winder",
        "piste_type": "downhill",
        "tags": {
          "name": "Side Winder",
          "z_order": "0",
          "piste:difficulty": "intermediate",
          "piste:grooming": "classic",
          "piste:type": "downhill",
          "winter_sports_id": "178133225",
          "winter_sports_name": "Perisher",
          "State": "New South Wales",
          "Country": "Australia",
          "Ski Area": "Perisher",
          "region": "australia-oceania"
        }
      }
    },
    {
      "type": "Feature",
      "geometry": {
        "type": "LineString",
        "coordinates": [
          [
            2106.832506998093,
            2138.772235081531
          ],
          [
            2095.436075674428,
            2118.04878408229
          ],
          [
            2084.0396443507634,
            2097.3253330830485
          ],
          [
            2082.1857252530754,
            2090.6392090376467
          ],
          [
            2081.187705375254,
            2082.97547743842
          ],
          [
            2082.869479923742,
            2074.563122943975
          ],
          [
            2092.325872835936,
            2059.836655275896
          ],
          [
            2098.904564418597,
            2050.8102354500443
          ],
          [
            2114.1923410802847,
            2034.3466951688752
          ],
          [
            2123.6917857883964,
            2020.7513031312265
          ],
          [
            2133.191230496508,
            2007.1559110935777
          ],
          [
            2141.1651045601466,
            1987.5742252641357
          ],
          [
            2149.138978623785,
            1967.9925394346938
          ],
          [
            2157.178460794792,
            1949.236505244393
          ],
          [
            2165.217942965799,
            1930.480471054092
          ],
          [
            2178.8486727580894,
            1907.3278583660722
          ],
          [
            2194.585975105758,
            1887.2294642142951
          ],
          [
            2207.8750703271944,
            1871.1994604575448
          ],
          [
            2221.164165548631,
            1855.1694567007944
          ],
          [
            2226.7443029513815,
            1848.4429645109922
          ],
          [
            2239.929279749107,
            1828.6141963973641
          ],
          [
            2253.1142565468326,
            1808.785428283736
          ],
          [
            2263.1190106027448,
            1795.0235442249104
          ],
          [
            2273.1237646586574,
            1781.2616601660848
          ],
          [
            2283.1285187145695,
            1767.499776107259
          ],
          [
            2289.9336960476357,
            1752.744648145046
          ],
          [
            2296.738873380702,
            1737.989520182833
          ],
          [
            2304.68644375226,
            1713.1986958589405
          ],
          [
            2307.563562716823,
            1690.0397897888906
          ],
          [
            2310.440681681386,
            1666.8808837188408
          ],
          [
            2311.6299895931734,
            1657.2994349300861
          ],
          [
            2316.804951637789,
            1641.757779771462
          ],
          [
            2321.9799136824054,
            1626.216124612838
          ],
          [
            2327.154875727021,
            1610.674469454214
          ],
          [
            2336.4959226768697,
            1592.36549372226
          ],
          [
            2345.836969626718,
            1574.056517990306
          ],
          [
            2356.4857179180253,
            1561.8645012564957
          ],
          [
            2368.023933775956,
            1552.2781954109669
          ],
          [
            2382.534876345715,
            1545.1732564838603
          ],
          [
            2397.0458189154742,
            1538.0683175567538
          ],
          [
            2419.2609339628834,
            1522.6138888504356
          ],
          [
            2436.636481248308,
            1501.1599178118631
          ],
          [
            2446.2194552981528,
            1481.6157230753452
          ],
          [
            2455.569398088148,
            1463.950016843155
          ],
          [
            2463.950826654327,
            1456.23984362185
          ],
          [
            2472.0518350336934,
            1452.716714065522
          ],
          [
            2478.517958766548,
            1450.870383596979
          ],
          [
            2493.0302967667812,
            1447.299162067473
          ],
          [
            2499.066357406089,
            1446.1025580633432
          ],
          [
            2505.709699332714,
            1445.3521070480347
          ],
          [
            2509.2771949764574,
            1447.0981253841892
          ]
        ]
      },
      "properties": {
        "id": "pistes:way:427154936",
        "name": "Wylie's",
        "piste_type": "downhill",
        "tags": {
          "name": "Wylie's",
          "z_order": "0",
          "piste:difficulty": "intermediate",
          "piste:grooming": "classic",
          "piste:type": "downhill",
          "winter_sports_id": "178133225",
          "winter_sports_name": "Perisher",
          "State": "New South Wales",
          "Country": "Australia",
          "Ski Area": "Perisher",
          "region": "australia-oceania"
        }
      }
    },
    {
      "type": "Feature",
      "geometry": {
        "type": "LineString",
        "coordinates": [
          [
            3669.786928533227,
            2825.5045669339597
          ],
          [
            3666.444391847821,
            2809.686562364921
          ],
          [
            3666.467957546818,
            2800.2106165979058
          ],
          [
            3669.174527838477,
            2793.2808942981064
          ],
          [
            3681.1409542374313,
            2780.43007996073
          ],
          [
            3693.1073806363856,
            2767.5792656233534
          ],
          [
            3717.529985770001,
            2751.501378454268
          ],
          [
            3740.7621779403416,
            2736.2174395648763
          ],
          [
            3754.860878361622,
            2724.03632272842
          ],
          [
            3768.959578782902,
            2711.8552058919645
          ],
          [
            3783.0582792041823,
            2699.6740890555084
          ],
          [
            3794.0774619303797,
            2686.8794273923463
          ],
          [
            3805.0966446565776,
            2674.084765729184
          ],
          [
            3816.115827382775,
            2661.2901040660217
          ]
        ]
      },
      "properties": {
        "id": "pistes:way:436059402",
        "name": "Escapade",
        "piste_type": "downhill",
        "tags": {
          "name": "Escapade",
          "z_order": "0",
          "piste:difficulty": "easy",
          "piste:type": "downhill",
          "winter_sports_id": "178133225",
          "winter_sports_name": "Perisher",
          "State": "New South Wales",
          "Country": "Australia",
          "Ski Area": "Perisher",
          "region": "australia-oceania"
        }
      }
    },
    {
      "type": "Feature",
      "geometry": {
        "type": "LineString",
        "coordinates": [
          [
            1443.9761254885234,
            5097.804183185101
          ],
          [
            1437.8579766238497,
            5081.085736761801
          ],
          [
            1431.7398277591758,
            5064.367290338501
          ],
          [
            1425.621678894502,
            5047.648843915202
          ],
          [
            1414.0487288328586,
            5018.145023706369
          ],
          [
            1404.5860355150653,
            4998.197480103001
          ],
          [
            1395.0328839903232,
            4971.2833097316325
          ],
          [
            1388.3211105136434,
            4946.070539774373
          ],
          [
            1384.6714098127559,
            4937.390570726246
          ],
          [
            1378.0966791936662,
            4921.773355478421
          ],
          [
            1374.3883008479606,
            4909.610265722498
          ],
          [
            1367.7388761966722,
            4888.75708035659
          ],
          [
            1361.0894515453838,
            4867.903894990683
          ],
          [
            1358.7930065162946,
            4852.8358409088105
          ],
          [
            1356.0575863166014,
            4827.754908615723
          ]
        ]
      },
      "properties": {
        "id": "pistes:way:436059403",
        "name": "Milk Run",
        "piste_type": "downhill",
        "tags": {
          "name": "Milk Run",
          "z_order": "0",
          "piste:difficulty": "easy",
          "piste:type": "downhill",
          "winter_sports_id": "178133225",
          "winter_sports_name": "Perisher",
          "State": "New South Wales",
          "Country": "Australia",
          "Ski Area": "Perisher",
          "region": "australia-oceania"
        }
      }
    },
    {
      "type": "Feature",
      "geometry": {
        "type": "LineString",
        "coordinates": [
          [
            2050.2018886253936,
            5345.672499307431
          ],
          [
            2029.9287663409486,
            5365.913008526899
          ],
          [
            2010.3219067057362,
            5382.571181035601
          ],
          [
            1986.7861932789674,
            5403.047011607327
          ],
          [
            1970.890094497241,
            5414.4592014960945
          ],
          [
            1959.6235880486201,
            5418.371037022211
          ],
          [
            1949.054319547955,
            5420.852645581588
          ],
          [
            1931.099997218931,
            5422.630165673792
          ],
          [
            1907.3486577798612,
            5420.574070287868
          ],
          [
            1888.1547428160557,
            5415.989386691712
          ],
          [
            1868.96082785225,
            5411.404703095555
          ],
          [
            1856.2926553287155,
            5400.564778893565
          ],
          [
            1843.624482805181,
            5389.724854691575
          ],
          [
            1830.9563102816464,
            5378.884930489585
          ],
          [
            1819.119103807665,
            5358.927425595466
          ],
          [
            1807.2818973336834,
            5338.969920701347
          ],
          [
            1798.828853957394,
            5322.991549502437
          ],
          [
            1790.3758105811041,
            5307.013178303528
          ],
          [
            1781.9227672048146,
            5291.034807104617
          ],
          [
            1769.5658932401566,
            5276.643475561713
          ],
          [
            1757.2090192754986,
            5262.252144018809
          ],
          [
            1744.8521453108406,
            5247.860812475905
          ],
          [
            1721.0463734549703,
            5231.9357454143465
          ]
        ]
      },
      "properties": {
        "id": "pistes:way:436059404",
        "name": "Possum's",
        "piste_type": "downhill",
        "tags": {
          "name": "Possum's",
          "z_order": "0",
          "piste:difficulty": "intermediate",
          "piste:type": "downhill",
          "winter_sports_id": "178133225",
          "winter_sports_name": "Perisher",
          "State": "New South Wales",
          "Country": "Australia",
          "Ski Area": "Perisher",
          "region": "australia-oceania"
        }
      }
    },
    {
      "type": "Feature",
      "geometry": {
        "type": "LineString",
        "coordinates": [
          [
            1304.986071203486,
            5089.480689546093
          ],
          [
            1299.8685945001198,
            5076.017324982211
          ],
          [
            1287.9710207408061,
            5062.92805132332
          ],
          [
            1276.0734469814925,
            5049.838777664428
          ],
          [
            1264.1758732221788,
            5036.749504005536
          ],
          [
            1256.2225816388382,
            5019.13250271976
          ],
          [
            1248.2692900554975,
            5001.515501433983
          ],
          [
            1232.9566520331427,
            4973.951012354344
          ],
          [
            1211.956250315765,
            4952.681009803899
          ],
          [
            1196.358470448642,
            4938.767840559129
          ],
          [
            1180.7606905815192,
            4924.854671314359
          ],
          [
            1169.2735990836518,
            4912.319721431471
          ],
          [
            1157.7865075857844,
            4899.784771548584
          ],
          [
            1134.396384147345,
            4879.513948168606
          ],
          [
            1115.9584792745882,
            4868.997458646074
          ],
          [
            1097.5205744018313,
            4858.480969123542
          ],
          [
            1080.3801664112252,
            4854.653085828759
          ],
          [
            1063.2397584206192,
            4850.825202533975
          ],
          [
            1034.1456369577209,
            4853.336496223696
          ]
        ]
      },
      "properties": {
        "id": "pistes:way:440888983",
        "name": "Basinski",
        "piste_type": "downhill",
        "tags": {
          "name": "Basinski",
          "z_order": "0",
          "piste:difficulty": "intermediate",
          "piste:type": "downhill",
          "winter_sports_id": "178133225",
          "winter_sports_name": "Perisher",
          "State": "New South Wales",
          "Country": "Australia",
          "Ski Area": "Perisher",
          "region": "australia-oceania"
        }
      }
    },
    {
      "type": "Feature",
      "geometry": {
        "type": "LineString",
        "coordinates": [
          [
            1304.986071203486,
            5089.480689546093
          ],
          [
            1294.792047165567,
            5107.556274134666
          ],
          [
            1287.33053130412,
            5116.561219086871
          ],
          [
            1270.015944943414,
            5126.039559509605
          ],
          [
            1250.096963034477,
            5129.674449908547
          ],
          [
            1231.3218698357232,
            5129.2209771722555
          ],
          [
            1214.3258279428119,
            5127.066697604954
          ],
          [
            1201.3619842075277,
            5120.782900271937
          ],
          [
            1187.6341338860802,
            5111.880368262529
          ],
          [
            1171.0474118333077,
            5104.449864437804
          ],
          [
            1153.2894378929632,
            5099.188524210826
          ],
          [
            1131.5563047288451,
            5093.872830729932
          ],
          [
            1107.9894673629897,
            5086.41960525699
          ],
          [
            1086.7283186546993,
            5080.852980115451
          ],
          [
            1059.0628321556142,
            5072.85884687677
          ],
          [
            1035.87717773451,
            5066.964450350031
          ],
          [
            1011.1188262436772,
            5060.249129674397
          ],
          [
            982.4544185374398,
            5049.506227180362
          ],
          [
            962.2907810434699,
            5044.766933808103
          ],
          [
            934.3344708620571,
            5042.168899860233
          ],
          [
            917.8035025164136,
            5038.631591454614
          ],
          [
            901.2725341707701,
            5035.094283048995
          ],
          [
            874.0930313043064,
            5027.8138595130295
          ],
          [
            853.660504849162,
            5020.5594922453165
          ],
          [
            845.5568314960692,
            5010.921858467162
          ],
          [
            831.4318969933665,
            4998.9731902508065
          ],
          [
            817.3069624906639,
            4987.024522034451
          ]
        ]
      },
      "properties": {
        "id": "pistes:way:440888984",
        "name": "Lindner Run",
        "piste_type": "downhill",
        "tags": {
          "name": "Lindner Run",
          "z_order": "0",
          "piste:difficulty": "intermediate",
          "piste:type": "downhill",
          "winter_sports_id": "178133225",
          "winter_sports_name": "Perisher",
          "State": "New South Wales",
          "Country": "Australia",
          "Ski Area": "Perisher",
          "region": "australia-oceania"
        }
      }
    },
    {
      "type": "Feature",
      "geometry": {
        "type": "LineString",
        "coordinates": [
          [
            2693.6029118467122,
            4693.909410653636
          ],
          [
            2710.213655448344,
            4692.698840879835
          ],
          [
            2726.824399049976,
            4691.4882711060345
          ],
          [
            2752.85992748267,
            4703.3618545643985
          ],
          [
            2771.203462302452,
            4700.067958830856
          ],
          [
            2793.6249920900445,
            4688.426814772189
          ],
          [
            2807.3594991941936,
            4684.045469066128
          ],
          [
            2818.801344918902,
            4677.4559302814305
          ],
          [
            2835.942513792659,
            4685.3302155165
          ],
          [
            2848.5195620437153,
            4691.495132295415
          ],
          [
            2866.562729878002,
            4702.807021286339
          ],
          [
            2878.2801221344853,
            4715.286550005898
          ],
          [
            2887.0979616704863,
            4723.292107870802
          ],
          [
            2897.9528038116405,
            4728.849402496591
          ],
          [
            2915.816825846443,
            4736.446797407232
          ],
          [
            2926.131634965888,
            4743.121412234381
          ],
          [
            2946.214843188529,
            4758.386929821223
          ],
          [
            2951.1292699900223,
            4764.462770928629
          ],
          [
            2962.9378245408298,
            4778.888124005403
          ],
          [
            2974.746379091637,
            4793.313477082178
          ],
          [
            2984.060496542137,
            4803.985776671208
          ],
          [
            2995.9941074228846,
            4810.30403663218
          ],
          [
            3010.7876456406666,
            4813.38541165553
          ],
          [
            3028.721811986334,
            4816.095820954691
          ],
          [
            3046.655978332002,
            4818.80623025385
          ],
          [
            3064.5901446776697,
            4821.5166395530105
          ],
          [
            3086.506030647666,
            4826.697239002213
          ],
          [
            3108.4219166176626,
            4831.877838451415
          ],
          [
            3138.647398961941,
            4840.605095554143
          ],
          [
            3166.8995658727363,
            4851.213777191006
          ],
          [
            3191.442577645299,
            4855.351951863617
          ],
          [
            3205.71470155078,
            4854.0134514132515
          ],
          [
            3221.7901569789974,
            4848.965093641542
          ],
          [
            3244.8680985410465,
            4834.961019704118
          ],
          [
            3259.0546692197677,
            4825.246569537558
          ],
          [
            3271.385835102177,
            4821.83904167451
          ],
          [
            3293.442645723,
            4820.332069545984
          ]
        ]
      },
      "properties": {
        "id": "pistes:way:440906127",
        "name": "Upper Rollercoaster",
        "piste_type": "downhill",
        "tags": {
          "name": "Upper Rollercoaster",
          "z_order": "0",
          "piste:difficulty": "intermediate",
          "piste:type": "downhill",
          "winter_sports_id": "178133225",
          "winter_sports_name": "Perisher",
          "State": "New South Wales",
          "Country": "Australia",
          "Ski Area": "Perisher",
          "region": "australia-oceania"
        }
      }
    },
    {
      "type": "Feature",
      "geometry": {
        "type": "LineString",
        "coordinates": [
          [
            3288.1120301174233,
            4032.5951891429722
          ],
          [
            3300.0533783773426,
            4044.4495522528887
          ],
          [
            3313.6957456031814,
            4067.818562027067
          ],
          [
            3326.5483572710073,
            4075.698576113209
          ],
          [
            3335.8629737809533,
            4079.0030674347654
          ],
          [
            3353.425307952799,
            4079.4694893751293
          ],
          [
            3361.947458787239,
            4075.761989550665
          ],
          [
            3369.405221865978,
            4067.942393939942
          ],
          [
            3375.3979154394474,
            4058.6905386531726
          ],
          [
            3386.8854373773793,
            4043.8999331700616
          ],
          [
            3398.372959315311,
            4029.1093276869506
          ],
          [
            3406.3226715669734,
            4017.4878891585395
          ],
          [
            3415.020411666017,
            3999.309227425605
          ],
          [
            3418.6245651622303,
            3987.4290844900534
          ],
          [
            3420.135937675368,
            3977.2214570669457
          ],
          [
            3420.142294553225,
            3966.5363788045943
          ],
          [
            3417.600235248334,
            3945.2920729368925
          ],
          [
            3410.232844951446,
            3919.1581136249006
          ],
          [
            3402.8459980031475,
            3899.7150301635265
          ],
          [
            3401.4204589675646,
            3889.261550484225
          ],
          [
            3404.225989278755,
            3878.6024141795933
          ],
          [
            3408.680604713154,
            3874.0218753833324
          ],
          [
            3415.683608859894,
            3871.967405634001
          ],
          [
            3422.5462339671794,
            3868.8941800035536
          ]
        ]
      },
      "properties": {
        "id": "pistes:way:440940266",
        "piste_type": "downhill",
        "tags": {
          "z_order": "0",
          "patrolled": "yes",
          "piste:difficulty": "easy",
          "piste:grooming": "backcountry",
          "piste:type": "downhill",
          "winter_sports_id": "178133225",
          "winter_sports_name": "Perisher",
          "State": "New South Wales",
          "Country": "Australia",
          "Ski Area": "Perisher",
          "region": "australia-oceania"
        }
      }
    },
    {
      "type": "Feature",
      "geometry": {
        "type": "LineString",
        "coordinates": [
          [
            1951.7511318799807,
            5197.87370215822
          ],
          [
            1944.4294022641068,
            5182.593046622972
          ],
          [
            1937.1076726482327,
            5167.312391087723
          ],
          [
            1929.7859430323588,
            5152.031735552475
          ],
          [
            1918.8993598957895,
            5131.1065267864615
          ],
          [
            1908.0127767592203,
            5110.181318020448
          ],
          [
            1898.6314825199854,
            5093.702258482575
          ],
          [
            1889.2501882807508,
            5077.223198944703
          ],
          [
            1879.868894041516,
            5060.74413940683
          ],
          [
            1868.829304126557,
            5046.0289547545835
          ],
          [
            1857.789714211598,
            5031.313770102337
          ],
          [
            1846.7820907680434,
            5017.88517027162
          ],
          [
            1835.7744673244888,
            5004.456570440903
          ],
          [
            1823.7328547043144,
            4988.046995281242
          ],
          [
            1811.69124208414,
            4971.63742012158
          ],
          [
            1800.6316171433427,
            4955.50777710136
          ],
          [
            1789.5719922025455,
            4939.37813408114
          ],
          [
            1781.1308117855806,
            4921.280365373939
          ],
          [
            1771.7164355193381,
            4902.253412539139
          ],
          [
            1762.3020592530956,
            4883.2264597043395
          ],
          [
            1741.7643780744402,
            4860.519758403301
          ],
          [
            1720.3768065888435,
            4845.4921118896455
          ],
          [
            1701.474255713285,
            4829.829691873863
          ]
        ]
      },
      "properties": {
        "id": "pistes:way:441731217",
        "name": "Schnaxl",
        "piste_type": "downhill",
        "tags": {
          "name": "Schnaxl",
          "z_order": "0",
          "piste:difficulty": "intermediate",
          "piste:type": "downhill",
          "winter_sports_id": "178133225",
          "winter_sports_name": "Perisher",
          "State": "New South Wales",
          "Country": "Australia",
          "Ski Area": "Perisher",
          "region": "australia-oceania"
        }
      }
    },
    {
      "type": "Feature",
      "geometry": {
        "type": "LineString",
        "coordinates": [
          [
            2509.2771949764574,
            1447.0981253841892
          ],
          [
            2516.608968358487,
            1449.932683840394
          ],
          [
            2533.984742242261,
            1457.1160279242322
          ],
          [
            2546.0614762993064,
            1461.2579524498433
          ],
          [
            2550.901203374495,
            1462.9190255384892
          ],
          [
            2564.41042972391,
            1470.0027601663023
          ],
          [
            2575.7622196334414,
            1479.2146622473374
          ],
          [
            2588.67300767696,
            1487.7050323365256
          ],
          [
            2601.356462935102,
            1491.6273109074682
          ],
          [
            2622.889123254223,
            1496.64233186841
          ],
          [
            2642.344731503981,
            1503.1408039163798
          ],
          [
            2654.868791338755,
            1510.3052001595497
          ],
          [
            2668.907207465847,
            1520.4878828246146
          ],
          [
            2679.9309379576007,
            1528.0844460418448
          ],
          [
            2698.922691652435,
            1536.6088802292943
          ],
          [
            2716.2414792641066,
            1543.5485924966633
          ],
          [
            2738.642269174801,
            1556.495188485831
          ],
          [
            2752.689689498744,
            1567.9092150963843
          ],
          [
            2770.7241779535543,
            1585.88962559402
          ],
          [
            2786.2203655518824,
            1603.2187565984204
          ],
          [
            2801.7165531502105,
            1620.547887602821
          ],
          [
            2808.4808076125337,
            1629.3930937116966
          ],
          [
            2815.89802132349,
            1638.7392488000914
          ],
          [
            2831.762203002698,
            1658.559491014108
          ],
          [
            2842.5308605852188,
            1673.6101893605664
          ],
          [
            2853.2995181677397,
            1688.6608877070248
          ],
          [
            2862.147732428508,
            1704.8599881296977
          ],
          [
            2870.995946689276,
            1721.0590885523707
          ],
          [
            2883.9852150925435,
            1744.8486441113055
          ],
          [
            2892.764430577401,
            1760.9211200512946
          ],
          [
            2898.5936321197078,
            1768.969815082848
          ],
          [
            2907.109384058276,
            1776.7466318067163
          ],
          [
            2931.177752078045,
            1778.439955536276
          ],
          [
            2946.9391391488025,
            1786.783147946
          ],
          [
            2962.70052621956,
            1795.126340355724
          ],
          [
            2978.009513128083,
            1809.384400120005
          ],
          [
            2993.3185000366066,
            1823.642459884286
          ],
          [
            3000.5805098073324,
            1830.9158507343382
          ],
          [
            3018.016716465587,
            1848.3829542584717
          ],
          [
            3029.669707454159,
            1861.395688942944
          ],
          [
            3041.322698442731,
            1874.4084236274164
          ],
          [
            3052.975689431303,
            1887.4211583118886
          ],
          [
            3065.4900541928946,
            1902.8291098205373
          ],
          [
            3078.004418954486,
            1918.237061329186
          ],
          [
            3093.621801919013,
            1928.3740172595717
          ],
          [
            3109.2391848835396,
            1938.5109731899574
          ],
          [
            3126.698552695394,
            1942.0748079293407
          ],
          [
            3144.1579205072485,
            1945.638642668724
          ],
          [
            3160.0012763961763,
            1954.237310597673
          ],
          [
            3175.8446322851037,
            1962.835978526622
          ],
          [
            3191.6879881740315,
            1971.434646455571
          ],
          [
            3212.888117464434,
            1981.5459109516814
          ],
          [
            3234.0882467548363,
            1991.6571754477918
          ],
          [
            3261.781542806537,
            2001.4522542338818
          ]
        ]
      },
      "properties": {
        "id": "pistes:way:703817075",
        "piste_type": "downhill",
        "tags": {
          "z_order": "0",
          "piste:difficulty": "intermediate",
          "piste:type": "downhill",
          "winter_sports_id": "178133225",
          "winter_sports_name": "Perisher",
          "State": "New South Wales",
          "Country": "Australia",
          "Ski Area": "Perisher",
          "region": "australia-oceania"
        }
      }
    },
    {
      "type": "Feature",
      "geometry": {
        "type": "LineString",
        "coordinates": [
          [
            2111.4088194082724,
            2115.8497579526156
          ],
          [
            2140.9732403687667,
            2113.638362100348
          ],
          [
            2164.3018086557277,
            2096.271342831664
          ],
          [
            2173.9581026961678,
            2082.357419330161
          ],
          [
            2183.614396736608,
            2068.4434958286583
          ],
          [
            2199.0764444770757,
            2054.7511667646468
          ],
          [
            2218.2369859318715,
            2045.0443565612659
          ],
          [
            2238.373404201586,
            2038.9627811647952
          ],
          [
            2241.9236294693546,
            2037.0032698754221
          ],
          [
            2263.3054878818803,
            2025.233915882185
          ],
          [
            2272.256967519992,
            2019.0691289417446
          ],
          [
            2293.32982007612,
            2004.5302707944065
          ],
          [
            2319.153659528005,
            1992.9520205147564
          ],
          [
            2334.2179109081044,
            1987.4702695161104
          ],
          [
            2349.282162288204,
            1981.9885185174644
          ],
          [
            2369.632804122637,
            1973.9840206904337
          ],
          [
            2394.9062220866326,
            1959.0737188933417
          ],
          [
            2412.3744723307514,
            1948.7583616897464
          ],
          [
            2429.8427225748696,
            1938.443004486151
          ],
          [
            2447.3109728189884,
            1928.1276472825557
          ],
          [
            2463.285018243924,
            1919.4147888676573
          ],
          [
            2479.2590636688597,
            1910.7019304527591
          ],
          [
            2495.233109093795,
            1901.9890720378608
          ],
          [
            2511.2071545187305,
            1893.2762136229624
          ],
          [
            2527.1811999436663,
            1884.5633552080642
          ],
          [
            2543.1552453686018,
            1875.8504967931658
          ],
          [
            2557.906431133626,
            1867.4454789205145
          ],
          [
            2572.6576168986503,
            1859.040461047863
          ],
          [
            2587.4088026636746,
            1850.6354431752115
          ],
          [
            2605.3099897596207,
            1840.3134272905688
          ],
          [
            2623.2111768555674,
            1829.9914114059259
          ],
          [
            2641.1123639515135,
            1819.6693955212831
          ],
          [
            2655.286472245818,
            1811.2688379889976
          ],
          [
            2669.4605805401225,
            1802.8682804567118
          ],
          [
            2683.634688834427,
            1794.4677229244262
          ],
          [
            2706.35819731222,
            1778.1841590497643
          ],
          [
            2719.56898410595,
            1763.3250418994576
          ],
          [
            2733.892961073667,
            1735.5124388542026
          ],
          [
            2739.4600079383818,
            1715.809566908516
          ],
          [
            2745.0270548030967,
            1696.1066949628294
          ],
          [
            2752.129786187492,
            1678.106974230148
          ],
          [
            2759.232517571887,
            1660.1072534974664
          ],
          [
            2771.1180715118535,
            1643.547388702631
          ],
          [
            2785.3228455776116,
            1637.295014133677
          ],
          [
            2801.3268770208815,
            1635.7765864692628
          ],
          [
            2815.89802132349,
            1638.7392488000914
          ]
        ]
      },
      "properties": {
        "id": "pistes:way:703817076",
        "name": "Fall line",
        "piste_type": "downhill",
        "tags": {
          "name": "Fall line",
          "z_order": "0",
          "patrolled": "yes",
          "piste:difficulty": "intermediate",
          "piste:grooming": "backcountry",
          "piste:type": "downhill",
          "winter_sports_id": "178133225",
          "winter_sports_name": "Perisher",
          "State": "New South Wales",
          "Country": "Australia",
          "Ski Area": "Perisher",
          "region": "australia-oceania"
        }
      }
    },
    {
      "type": "Feature",
      "geometry": {
        "type": "LineString",
        "coordinates": [
          [
            2272.256967519992,
            2019.0691289417446
          ],
          [
            2282.4672294612974,
            2001.9127679569647
          ],
          [
            2293.4383021863177,
            1989.6385538354516
          ],
          [
            2309.0302003056277,
            1976.2659139987081
          ],
          [
            2318.443674138165,
            1966.06675805524
          ],
          [
            2336.8904256051173,
            1946.051134553738
          ],
          [
            2347.3743535720278,
            1926.1168702142313
          ],
          [
            2351.229616893339,
            1916.0753934569657
          ],
          [
            2362.8013465871336,
            1894.4611136130989
          ],
          [
            2377.359548780718,
            1882.1905865017325
          ],
          [
            2404.532605358283,
            1867.1863028742373
          ],
          [
            2419.2931774948665,
            1860.0998935219832
          ],
          [
            2434.05374963145,
            1853.013484169729
          ],
          [
            2448.8143217680336,
            1845.927074817475
          ],
          [
            2463.574893904617,
            1838.8406654652208
          ],
          [
            2475.8301577721722,
            1832.9386972747743
          ],
          [
            2493.0997408176772,
            1824.6232539778575
          ],
          [
            2509.5716427433654,
            1818.832395776175
          ],
          [
            2526.0435446690535,
            1813.0415375744924
          ],
          [
            2549.2154986534733,
            1802.9543238338083
          ],
          [
            2570.2937702133786,
            1788.858488675207
          ],
          [
            2582.1261157766567,
            1777.586680368986
          ],
          [
            2593.9584613399347,
            1766.314872062765
          ],
          [
            2604.366455513169,
            1750.1871085953899
          ],
          [
            2614.7744496864034,
            1734.0593451280147
          ],
          [
            2630.267852144316,
            1709.580890356563
          ],
          [
            2641.2016894260887,
            1692.302653087303
          ],
          [
            2657.8897230580915,
            1672.9330237414688
          ],
          [
            2664.675213988172,
            1667.109751952812
          ],
          [
            2682.3104306809837,
            1654.9606731394306
          ],
          [
            2703.721055976581,
            1645.908149374649
          ],
          [
            2720.416690016398,
            1637.0124540459365
          ],
          [
            2737.1974547919817,
            1627.183470803313
          ],
          [
            2750.5505730777513,
            1619.7118552159518
          ],
          [
            2761.02620860131,
            1614.811583689414
          ],
          [
            2774.8398587205447,
            1611.9046307206154
          ],
          [
            2783.8494526087306,
            1612.2958957934752
          ],
          [
            2792.032449216931,
            1615.0624479977414
          ],
          [
            2801.7165531502105,
            1620.547887602821
          ]
        ]
      },
      "properties": {
        "id": "pistes:way:703817078",
        "name": "Hypertrail",
        "piste_type": "downhill",
        "tags": {
          "name": "Hypertrail",
          "z_order": "0",
          "piste:difficulty": "intermediate",
          "piste:grooming": "classic",
          "piste:type": "downhill",
          "winter_sports_id": "178133225",
          "winter_sports_name": "Perisher",
          "State": "New South Wales",
          "Country": "Australia",
          "Ski Area": "Perisher",
          "region": "australia-oceania"
        }
      }
    },
    {
      "type": "Feature",
      "geometry": {
        "type": "LineString",
        "coordinates": [
          [
            2475.8301577721722,
            1832.9386972747743
          ],
          [
            2483.33925577451,
            1818.816801244393
          ],
          [
            2487.6883569681086,
            1801.9887768980116
          ],
          [
            2491.0633980670827,
            1783.8488804847002
          ],
          [
            2494.438439166057,
            1765.7089840713888
          ],
          [
            2496.865011370799,
            1748.3428034060635
          ],
          [
            2499.291583575541,
            1730.976622740738
          ],
          [
            2503.4548822387587,
            1699.4053293811157
          ],
          [
            2504.940875137807,
            1671.8559328122064
          ],
          [
            2505.0155896706274,
            1662.7343439450487
          ],
          [
            2505.208643392427,
            1637.5669364975765
          ],
          [
            2509.3710374447983,
            1607.8042147206143
          ],
          [
            2515.8776877042837,
            1590.3162935286139
          ],
          [
            2522.384337963769,
            1572.8283723366137
          ],
          [
            2528.8909882232547,
            1555.3404511446133
          ],
          [
            2537.2319312982727,
            1524.9293661992997
          ],
          [
            2541.88819738396,
            1501.4395547639579
          ],
          [
            2544.7093985617394,
            1485.021868441254
          ],
          [
            2545.76844894595,
            1467.0540407095104
          ],
          [
            2546.0614762993064,
            1461.2579524498433
          ]
        ]
      },
      "properties": {
        "id": "pistes:way:703817079",
        "name": "Barrie's",
        "piste_type": "downhill",
        "tags": {
          "name": "Barrie's",
          "z_order": "0",
          "patrolled": "yes",
          "piste:difficulty": "intermediate",
          "piste:grooming": "backcountry",
          "piste:type": "downhill",
          "winter_sports_id": "178133225",
          "winter_sports_name": "Perisher",
          "State": "New South Wales",
          "Country": "Australia",
          "Ski Area": "Perisher",
          "region": "australia-oceania"
        }
      }
    },
    {
      "type": "Feature",
      "geometry": {
        "type": "LineString",
        "coordinates": [
          [
            2519.1951486530015,
            1943.8565133437514
          ],
          [
            2545.2586832969682,
            1934.6263591405004
          ],
          [
            2558.81476600765,
            1921.9095007134601
          ],
          [
            2572.370848718332,
            1909.1926422864199
          ],
          [
            2592.073446514434,
            1896.3925749333575
          ],
          [
            2611.7760443105362,
            1883.5925075802952
          ],
          [
            2627.3263297860512,
            1875.2150076515973
          ],
          [
            2642.876615261566,
            1866.8375077228993
          ],
          [
            2658.426900737081,
            1858.4600077942014
          ],
          [
            2673.9771862125954,
            1850.0825078655034
          ],
          [
            2689.5274716881104,
            1841.7050079368055
          ],
          [
            2704.4847274031026,
            1832.6391329795122
          ],
          [
            2719.4419831180944,
            1823.5732580222189
          ],
          [
            2734.3992388330867,
            1814.5073830649258
          ],
          [
            2749.3564945480784,
            1805.4415081076324
          ],
          [
            2764.3137502630707,
            1796.3756331503391
          ],
          [
            2791.6946976286126,
            1788.9897159188986
          ],
          [
            2822.0996818362037,
            1788.550170775503
          ],
          [
            2846.5487468495267,
            1788.0413115732372
          ]
        ]
      },
      "properties": {
        "id": "pistes:way:703827017",
        "name": "International Bumps",
        "piste_type": "downhill",
        "tags": {
          "name": "International Bumps",
          "z_order": "0",
          "patrolled": "yes",
          "piste:difficulty": "advanced",
          "piste:grooming": "backcountry",
          "piste:type": "downhill",
          "winter_sports_id": "178133225",
          "winter_sports_name": "Perisher",
          "State": "New South Wales",
          "Country": "Australia",
          "Ski Area": "Perisher",
          "region": "australia-oceania"
        }
      }
    },
    {
      "type": "Feature",
      "geometry": {
        "type": "LineString",
        "coordinates": [
          [
            2373.671735616168,
            2151.6424427647144
          ],
          [
            2391.336104397895,
            2152.6251071058214
          ],
          [
            2409.0004731796216,
            2153.6077714469284
          ],
          [
            2429.0509410831146,
            2155.8652423443273
          ],
          [
            2449.1014089866076,
            2158.122713241726
          ],
          [
            2470.189151205433,
            2159.749310789009
          ],
          [
            2491.276893424258,
            2161.3759083362916
          ],
          [
            2512.3646356430836,
            2163.0025058835745
          ],
          [
            2530.8349286190933,
            2165.4489660132676
          ],
          [
            2549.305221595103,
            2167.895426142961
          ],
          [
            2566.3794240020993,
            2170.2380358564355
          ],
          [
            2583.4536264090952,
            2172.5806455699108
          ],
          [
            2600.5278288160916,
            2174.9232552833855
          ],
          [
            2630.9626530637033,
            2182.6724932473153
          ],
          [
            2652.3301946826978,
            2192.2834314685315
          ],
          [
            2655.7652832658496,
            2194.7747119432315
          ],
          [
            2669.8407928427914,
            2204.9679875243455
          ],
          [
            2684.8258732410613,
            2222.870583636686
          ],
          [
            2695.210131163476,
            2236.739801360294
          ],
          [
            2705.5943890858907,
            2250.6090190839022
          ],
          [
            2727.115219995263,
            2271.435132516548
          ],
          [
            2751.6321782679297,
            2289.1888343002647
          ],
          [
            2770.848885796615,
            2300.128744052723
          ],
          [
            2784.880049635889,
            2311.5762776210904
          ],
          [
            2802.5344221650157,
            2334.17789491266
          ],
          [
            2814.847407277557,
            2346.5045711081475
          ],
          [
            2834.058069075574,
            2357.0117103066295
          ],
          [
            2846.3310494609177,
            2367.186392280273
          ],
          [
            2863.018991602934,
            2382.478825797327
          ],
          [
            2886.19894739741,
            2397.6662446092814
          ],
          [
            2889.0574085079134,
            2399.9660579990596
          ],
          [
            2899.348105747369,
            2408.2609091363847
          ],
          [
            2903.4042181255063,
            2412.7514035999775
          ],
          [
            2909.5750254914165,
            2419.585748432204
          ],
          [
            2927.082329235971,
            2428.264378575608
          ]
        ]
      },
      "properties": {
        "id": "pistes:way:704467686",
        "piste_type": "downhill",
        "tags": {
          "z_order": "0",
          "patrolled": "yes",
          "piste:difficulty": "intermediate",
          "piste:grooming": "backcountry",
          "piste:type": "downhill",
          "winter_sports_id": "178133225",
          "winter_sports_name": "Perisher",
          "State": "New South Wales",
          "Country": "Australia",
          "Ski Area": "Perisher",
          "region": "australia-oceania"
        }
      }
    },
    {
      "type": "Feature",
      "geometry": {
        "type": "LineString",
        "coordinates": [
          [
            2713.7649616296403,
            2117.1118329083547
          ],
          [
            2745.178088370827,
            2116.846667491831
          ],
          [
            2775.8310239741113,
            2119.832265274599
          ],
          [
            2798.8583996238885,
            2124.830828946084
          ],
          [
            2821.885775273666,
            2129.8293926175684
          ],
          [
            2845.762535796268,
            2140.5353263281286
          ],
          [
            2866.60561439523,
            2153.5596508774906
          ],
          [
            2887.903321722406,
            2171.34842712339
          ],
          [
            2900.728342565417,
            2182.4969871486537
          ],
          [
            2913.5533634084277,
            2193.6455471739173
          ],
          [
            2930.527226479724,
            2208.2568825921044
          ],
          [
            2949.108158505289,
            2223.599427241832
          ],
          [
            2962.231533440645,
            2238.6214797412977
          ],
          [
            2971.652472560527,
            2246.318575322628
          ],
          [
            2982.9817755366676,
            2250.1600819304585
          ],
          [
            2994.2861987238284,
            2252.2821274278685
          ],
          [
            3010.698340290808,
            2249.758854087442
          ],
          [
            3026.265569013427,
            2241.5335853677243
          ],
          [
            3039.8675700494787,
            2229.5198837555945
          ],
          [
            3044.146415431169,
            2223.998918728903
          ]
        ]
      },
      "properties": {
        "id": "pistes:way:704467687",
        "name": "Burnum Burnum",
        "piste_type": "downhill",
        "tags": {
          "name": "Burnum Burnum",
          "z_order": "0",
          "patrolled": "yes",
          "piste:difficulty": "intermediate",
          "piste:grooming": "backcountry",
          "piste:type": "downhill",
          "winter_sports_id": "178133225",
          "winter_sports_name": "Perisher",
          "State": "New South Wales",
          "Country": "Australia",
          "Ski Area": "Perisher",
          "region": "australia-oceania"
        }
      }
    },
    {
      "type": "Feature",
      "geometry": {
        "type": "LineString",
        "coordinates": [
          [
            2385.10074827692,
            2164.9255483336747
          ],
          [
            2401.605946752068,
            2174.15217632195
          ],
          [
            2418.111145227216,
            2183.378804310225
          ],
          [
            2434.6163437023642,
            2192.6054322985
          ],
          [
            2451.1215421775123,
            2201.8320602867752
          ],
          [
            2464.787416558092,
            2211.621009796858
          ],
          [
            2478.453290938671,
            2221.4099593069404
          ],
          [
            2492.119165319251,
            2231.198908817023
          ],
          [
            2508.756351748714,
            2240.5455189198256
          ],
          [
            2525.3935381781776,
            2249.892129022628
          ],
          [
            2544.134733790648,
            2258.6701941993088
          ],
          [
            2562.875929403119,
            2267.4482593759894
          ],
          [
            2586.0342106681783,
            2283.0583920171484
          ],
          [
            2600.2852762225084,
            2295.7790132262744
          ],
          [
            2614.5363417768385,
            2308.4996344354004
          ],
          [
            2629.6142911848146,
            2323.508732111504
          ],
          [
            2644.6922405927908,
            2338.517829787607
          ],
          [
            2659.770190000767,
            2353.5269274637103
          ],
          [
            2674.43643648352,
            2365.170723248273
          ],
          [
            2689.1026829662733,
            2376.814519032836
          ],
          [
            2716.988351206528,
            2389.338076947257
          ],
          [
            2742.6729972159956,
            2399.74081506487
          ],
          [
            2759.2989586923504,
            2411.994167562574
          ],
          [
            2767.7272010338493,
            2426.0968410000205
          ],
          [
            2769.050481377635,
            2442.881875240244
          ],
          [
            2770.373761721421,
            2459.6669094804674
          ],
          [
            2774.053044458502,
            2474.70364414528
          ],
          [
            2785.518560585915,
            2482.9927488397807
          ]
        ]
      },
      "properties": {
        "id": "pistes:way:704467699",
        "piste_type": "downhill",
        "tags": {
          "z_order": "0",
          "patrolled": "yes",
          "piste:difficulty": "intermediate",
          "piste:grooming": "backcountry",
          "piste:type": "downhill",
          "winter_sports_id": "178133225",
          "winter_sports_name": "Perisher",
          "State": "New South Wales",
          "Country": "Australia",
          "Ski Area": "Perisher",
          "region": "australia-oceania"
        }
      }
    },
    {
      "type": "Feature",
      "geometry": {
        "type": "LineString",
        "coordinates": [
          [
            3093.6853981643217,
            2874.4446205170825
          ],
          [
            3088.0745389452204,
            2872.861559856683
          ],
          [
            3081.6972158864373,
            2859.850113335997
          ],
          [
            3075.135960877291,
            2847.7622547112405
          ],
          [
            3073.3467464094283,
            2833.2197463214397
          ],
          [
            3072.6784246761817,
            2814.322655425407
          ],
          [
            3072.6797099163523,
            2787.1607977831736
          ],
          [
            3072.214453845925,
            2768.660203386564
          ],
          [
            3071.749197775498,
            2750.159608989954
          ],
          [
            3072.167851576931,
            2724.56726853922
          ],
          [
            3071.8229176836903,
            2700.750173653476
          ],
          [
            3071.47798379045,
            2676.933078767732
          ],
          [
            3071.438692001975,
            2660.595487446524
          ],
          [
            3071.3994002135005,
            2644.2578961253166
          ],
          [
            3072.121173647698,
            2612.347807025537
          ],
          [
            3071.778237241786,
            2583.715221216902
          ],
          [
            3072.028848492657,
            2570.6743480879813
          ],
          [
            3072.705453993287,
            2555.463677094318
          ],
          [
            3075.421639010019,
            2536.168048797641
          ],
          [
            3078.1378240267513,
            2516.872420500964
          ],
          [
            3079.327691658633,
            2498.3977748742327
          ],
          [
            3080.5175592905143,
            2479.9231292475015
          ],
          [
            3079.9481439347146,
            2473.429397297092
          ],
          [
            3078.3411179092946,
            2467.128223054111
          ],
          [
            3072.4455038182205,
            2452.678473709151
          ],
          [
            3067.8958488428034,
            2433.3160987226292
          ],
          [
            3067.6674563105917,
            2412.5929584293626
          ],
          [
            3067.43906377838,
            2391.869818136096
          ],
          [
            3065.4427160568302,
            2375.715902241878
          ],
          [
            3063.4463683352806,
            2359.5619863476604
          ],
          [
            3062.1438451611903,
            2348.2745062224567
          ],
          [
            3060.5222192044603,
            2334.1511917449534
          ],
          [
            3059.2630497451173,
            2315.3292181277648
          ],
          [
            3060.0093549794983,
            2295.0246836277656
          ],
          [
            3060.7556602138793,
            2274.7201491277665
          ],
          [
            3064.4914306245046,
            2266.999029621482
          ],
          [
            3066.7244610155467,
            2256.4592180363834
          ],
          [
            3070.5663423548685,
            2248.0153486309573
          ],
          [
            3075.4096424618037,
            2239.978601610288
          ],
          [
            3081.246067564236,
            2229.919173657894
          ],
          [
            3085.961077594897,
            2218.6000002166256
          ],
          [
            3090.506866432843,
            2211.0779475905
          ],
          [
            3098.22774936317,
            2210.3780275583267
          ]
        ]
      },
      "properties": {
        "id": "pistes:way:704487360",
        "name": "Snowy Trails",
        "piste_type": "downhill",
        "tags": {
          "name": "Snowy Trails",
          "z_order": "0",
          "piste:difficulty": "easy",
          "piste:grooming": "classic",
          "piste:type": "downhill",
          "winter_sports_id": "178133225",
          "winter_sports_name": "Perisher",
          "State": "New South Wales",
          "Country": "Australia",
          "Ski Area": "Perisher",
          "region": "australia-oceania"
        }
      }
    },
    {
      "type": "Feature",
      "geometry": {
        "type": "LineString",
        "coordinates": [
          [
            3251.30257340963,
            2187.28820909746
          ],
          [
            3254.8018394409446,
            2160.1865147436038
          ],
          [
            3258.9614090515533,
            2143.982157608494
          ],
          [
            3265.9780726280296,
            2126.893082782626
          ],
          [
            3272.994736204506,
            2109.804007956758
          ],
          [
            3285.517821755726,
            2087.7529843449593
          ],
          [
            3305.0401187486714,
            2071.525387786329
          ],
          [
            3312.6321394217666,
            2066.8993167839944
          ]
        ]
      },
      "properties": {
        "id": "pistes:way:704487363",
        "piste_type": "downhill",
        "tags": {
          "z_order": "0",
          "piste:difficulty": "intermediate",
          "piste:type": "downhill",
          "winter_sports_id": "178133225",
          "winter_sports_name": "Perisher",
          "State": "New South Wales",
          "Country": "Australia",
          "Ski Area": "Perisher",
          "region": "australia-oceania"
        }
      }
    },
    {
      "type": "Feature",
      "geometry": {
        "type": "LineString",
        "coordinates": [
          [
            1830.9563102816464,
            5378.884930489585
          ],
          [
            1814.771129291427,
            5376.180179537584
          ],
          [
            1798.5859483012075,
            5373.475428585584
          ],
          [
            1782.4007673109882,
            5370.770677633584
          ],
          [
            1751.7699051767122,
            5368.834873507731
          ],
          [
            1733.2441923853476,
            5367.668789274059
          ],
          [
            1714.5174209115794,
            5366.453724662463
          ],
          [
            1695.7906494378112,
            5365.238660050866
          ],
          [
            1677.063877964043,
            5364.02359543927
          ],
          [
            1659.8625663916657,
            5365.541949949537
          ],
          [
            1642.6612548192886,
            5367.060304459806
          ],
          [
            1625.4599432469113,
            5368.578658970073
          ],
          [
            1608.4526467428466,
            5368.607353025426
          ],
          [
            1591.4453502387817,
            5368.63604708078
          ],
          [
            1574.438053734717,
            5368.664741136134
          ],
          [
            1551.4966043537133,
            5368.326952797361
          ],
          [
            1528.5551549727097,
            5367.989164458588
          ],
          [
            1511.5181997659772,
            5367.19703298683
          ],
          [
            1494.4812445592445,
            5366.404901515071
          ],
          [
            1477.444289352512,
            5365.6127700433135
          ],
          [
            1460.2035513970768,
            5364.266846753657
          ],
          [
            1442.9628134416416,
            5362.920923464
          ],
          [
            1422.3497471642524,
            5363.640568012682
          ],
          [
            1401.7366808868635,
            5364.360212561364
          ],
          [
            1381.1236146094743,
            5365.079857110046
          ],
          [
            1365.105077234737,
            5369.846502494533
          ],
          [
            1349.08653986,
            5374.613147879019
          ],
          [
            1332.9040336280596,
            5385.49564534612
          ],
          [
            1325.8964318290818,
            5407.464640375227
          ],
          [
            1320.5792718591401,
            5429.697986728512
          ],
          [
            1315.2621118891984,
            5451.931333081797
          ],
          [
            1310.293563177421,
            5472.192112595464
          ],
          [
            1305.3250144656438,
            5492.4528921091305
          ],
          [
            1300.3564657538664,
            5512.713671622798
          ],
          [
            1296.1170441020124,
            5531.469860414043
          ],
          [
            1291.8776224501587,
            5550.226049205288
          ],
          [
            1287.6382007983048,
            5568.9822379965335
          ],
          [
            1282.6056326234248,
            5590.739934855141
          ],
          [
            1277.5730644485448,
            5612.497631713748
          ],
          [
            1274.6015850382391,
            5617.410881051794
          ],
          [
            1270.886515904218,
            5622.401305743493
          ],
          [
            1259.5613028955413,
            5631.672111410648
          ],
          [
            1249.05155141477,
            5638.357146546245
          ],
          [
            1237.1422544952948,
            5645.051026102155
          ],
          [
            1217.7852029474452,
            5654.203276189975
          ],
          [
            1200.2738645257195,
            5661.920062800869
          ],
          [
            1178.6571558412397,
            5668.652350149117
          ],
          [
            1155.6268583569909,
            5672.519925411791
          ],
          [
            1135.6257742348826,
            5672.372145144269
          ]
        ]
      },
      "properties": {
        "id": "pistes:way:704523974",
        "name": "Woodpecker",
        "piste_type": "downhill",
        "tags": {
          "name": "Woodpecker",
          "z_order": "0",
          "patrolled": "yes",
          "piste:difficulty": "intermediate",
          "piste:grooming": "backcountry",
          "piste:type": "downhill",
          "winter_sports_id": "178133225",
          "winter_sports_name": "Perisher",
          "State": "New South Wales",
          "Country": "Australia",
          "Ski Area": "Perisher",
          "region": "australia-oceania"
        }
      }
    },
    {
      "type": "Feature",
      "geometry": {
        "type": "LineString",
        "coordinates": [
          [
            1751.7699051767122,
            5368.834873507731
          ],
          [
            1736.7519303614197,
            5356.156993120909
          ],
          [
            1721.733955546127,
            5343.479112734087
          ],
          [
            1706.7159807308344,
            5330.801232347265
          ],
          [
            1690.4713150714913,
            5323.928931928861
          ],
          [
            1674.226649412148,
            5317.056631510456
          ],
          [
            1657.9819837528048,
            5310.184331092052
          ],
          [
            1638.2020907436963,
            5305.792392111073
          ],
          [
            1618.4221977345878,
            5301.400453130093
          ],
          [
            1598.6423047254793,
            5297.0085141491145
          ],
          [
            1579.4089272926794,
            5291.303071881334
          ],
          [
            1560.1755498598795,
            5285.597629613553
          ],
          [
            1540.9421724270796,
            5279.892187345773
          ],
          [
            1520.826072575408,
            5278.123303113505
          ],
          [
            1500.7099727237364,
            5276.3544188812375
          ],
          [
            1480.5938728720648,
            5274.58553464897
          ],
          [
            1464.1525537444977,
            5277.061633905629
          ],
          [
            1447.7112346169306,
            5279.537733162288
          ],
          [
            1431.2699154893635,
            5282.013832418947
          ],
          [
            1414.8285963617964,
            5284.4899316756055
          ],
          [
            1393.8328888412798,
            5293.48291816283
          ],
          [
            1372.8371813207632,
            5302.475904650055
          ],
          [
            1360.8882936156588,
            5313.5865013119765
          ],
          [
            1348.9394059105543,
            5324.697097973898
          ],
          [
            1342.105955001025,
            5339.373953556642
          ],
          [
            1335.2725040914956,
            5354.050809139386
          ],
          [
            1332.9040336280596,
            5385.49564534612
          ]
        ]
      },
      "properties": {
        "id": "pistes:way:704523975",
        "name": "Wombat's",
        "piste_type": "downhill",
        "tags": {
          "name": "Wombat's",
          "z_order": "0",
          "patrolled": "yes",
          "piste:difficulty": "intermediate",
          "piste:grooming": "backcountry",
          "piste:type": "downhill",
          "winter_sports_id": "178133225",
          "winter_sports_name": "Perisher",
          "State": "New South Wales",
          "Country": "Australia",
          "Ski Area": "Perisher",
          "region": "australia-oceania"
        }
      }
    },
    {
      "type": "Feature",
      "geometry": {
        "type": "LineString",
        "coordinates": [
          [
            1304.986071203486,
            5089.480689546093
          ],
          [
            1289.8878570123925,
            5075.710336686578
          ],
          [
            1274.789642821299,
            5061.939983827062
          ],
          [
            1262.4146964983472,
            5050.39234704338
          ],
          [
            1250.0397501753953,
            5038.844710259698
          ],
          [
            1237.6648038524436,
            5027.2970734760165
          ],
          [
            1220.9391798560391,
            5017.666199889965
          ],
          [
            1204.2135558596347,
            5008.035326303914
          ],
          [
            1187.1883367156454,
            5002.556469166651
          ],
          [
            1170.1631175716564,
            4997.077612029389
          ],
          [
            1153.137898427667,
            4991.598754892126
          ],
          [
            1133.6842909409509,
            4987.156672658399
          ],
          [
            1114.2306834542348,
            4982.714590424672
          ],
          [
            1094.7770759675186,
            4978.272508190945
          ],
          [
            1078.2589890029437,
            4978.367196045195
          ],
          [
            1061.7409020383686,
            4978.461883899446
          ],
          [
            1045.2228150737938,
            4978.556571753696
          ],
          [
            1029.1280534791683,
            4977.927639297831
          ],
          [
            1013.0332918845428,
            4977.298706841965
          ],
          [
            996.9385302899173,
            4976.6697743861005
          ],
          [
            975.1369238061598,
            4973.762347802054
          ],
          [
            953.3353173224023,
            4970.854921218008
          ],
          [
            933.2101561806048,
            4964.705885041505
          ],
          [
            913.0849950388074,
            4958.556848865002
          ],
          [
            892.0774419664522,
            4950.916844625026
          ],
          [
            871.069888894097,
            4943.27684038505
          ],
          [
            855.6883537883987,
            4937.276552273892
          ],
          [
            840.3068186827004,
            4931.276264162734
          ],
          [
            821.8756197834737,
            4929.418998661451
          ],
          [
            803.4444208842469,
            4927.561733160168
          ]
        ]
      },
      "properties": {
        "id": "pistes:way:704546813",
        "name": "Dorfer",
        "piste_type": "downhill",
        "tags": {
          "name": "Dorfer",
          "z_order": "0",
          "piste:difficulty": "intermediate",
          "piste:type": "downhill",
          "winter_sports_id": "178133225",
          "winter_sports_name": "Perisher",
          "State": "New South Wales",
          "Country": "Australia",
          "Ski Area": "Perisher",
          "region": "australia-oceania"
        }
      }
    },
    {
      "type": "Feature",
      "geometry": {
        "type": "LineString",
        "coordinates": [
          [
            1922.2400895378087,
            5178.890992835164
          ],
          [
            1904.5767804295756,
            5181.845950199291
          ],
          [
            1886.9134713213425,
            5184.800907563418
          ],
          [
            1864.4793344466016,
            5191.036277896725
          ],
          [
            1842.0451975718606,
            5197.271648230031
          ],
          [
            1818.907352446171,
            5197.913795416243
          ],
          [
            1795.7695073204814,
            5198.555942602456
          ],
          [
            1768.7084598983638,
            5187.115798264742
          ],
          [
            1755.7226865362609,
            5173.69877475407
          ],
          [
            1740.9481206786586,
            5156.279709631577
          ],
          [
            1724.4273184553797,
            5143.257181850572
          ],
          [
            1707.906516232101,
            5130.234654069568
          ],
          [
            1691.385714008822,
            5117.212126288563
          ],
          [
            1675.4652029415593,
            5108.563593343366
          ],
          [
            1659.5446918742964,
            5099.915060398169
          ],
          [
            1643.6241808070336,
            5091.266527452972
          ],
          [
            1627.7036697397707,
            5082.617994507775
          ],
          [
            1611.7057496208388,
            5072.050965161994
          ],
          [
            1595.7078295019066,
            5061.4839358162135
          ],
          [
            1579.7099093829747,
            5050.916906470433
          ],
          [
            1564.6992073013291,
            5036.600229043824
          ],
          [
            1549.6885052196837,
            5022.283551617215
          ],
          [
            1534.6778031380381,
            5007.966874190606
          ],
          [
            1524.4896519984468,
            4995.497010016115
          ],
          [
            1514.3015008588554,
            4983.027145841625
          ],
          [
            1504.113349719264,
            4970.557281667134
          ],
          [
            1493.9251985796727,
            4958.087417492643
          ],
          [
            1482.894162872651,
            4944.960133828223
          ],
          [
            1471.8631271656293,
            4931.8328501638025
          ],
          [
            1460.8320914586075,
            4918.705566499382
          ],
          [
            1449.8188994028217,
            4906.820673927665
          ],
          [
            1438.805707347036,
            4894.935781355947
          ],
          [
            1427.7925152912503,
            4883.05088878423
          ],
          [
            1415.0604634899646,
            4872.251026393147
          ],
          [
            1402.328411688679,
            4861.451164002065
          ],
          [
            1389.5963598873932,
            4850.651301610982
          ],
          [
            1376.8643080861075,
            4839.8514392198995
          ]
        ]
      },
      "properties": {
        "id": "pistes:way:704562017",
        "name": "Hanky Panky",
        "piste_type": "downhill",
        "tags": {
          "name": "Hanky Panky",
          "z_order": "0",
          "piste:difficulty": "intermediate",
          "piste:grooming": "classic",
          "piste:type": "downhill",
          "winter_sports_id": "178133225",
          "winter_sports_name": "Perisher",
          "State": "New South Wales",
          "Country": "Australia",
          "Ski Area": "Perisher",
          "region": "australia-oceania"
        }
      }
    },
    {
      "type": "Feature",
      "geometry": {
        "type": "LineString",
        "coordinates": [
          [
            1356.0575863166014,
            4827.754908615723
          ],
          [
            1342.7158048620913,
            4830.796861695126
          ],
          [
            1317.7305024196394,
            4830.154852398671
          ],
          [
            1301.9438164357562,
            4827.523035799619
          ],
          [
            1286.157130451873,
            4824.891219200566
          ],
          [
            1269.5205784818622,
            4819.971345612593
          ],
          [
            1252.8840265118517,
            4815.051472024619
          ],
          [
            1236.247474541841,
            4810.1315984366465
          ],
          [
            1219.6109225718305,
            4805.211724848673
          ],
          [
            1202.9743706018198,
            4800.291851260699
          ],
          [
            1185.5299445960554,
            4795.586428696755
          ],
          [
            1168.085518590291,
            4790.881006132811
          ],
          [
            1141.933459424763,
            4786.416120992973
          ],
          [
            1119.6982636835892,
            4789.8840316571295
          ],
          [
            1095.1834502544953,
            4799.586676674895
          ],
          [
            1082.9758875951404,
            4810.3366405846555
          ],
          [
            1070.7683249357856,
            4821.086604494415
          ],
          [
            1058.5607622764305,
            4831.8365684041755
          ],
          [
            1046.3531996170757,
            4842.586532313935
          ],
          [
            1034.1456369577209,
            4853.336496223696
          ],
          [
            1021.8741828434868,
            4864.144251366767
          ],
          [
            1009.6027287292527,
            4874.952006509838
          ],
          [
            997.3312746150186,
            4885.759761652909
          ],
          [
            971.9555425341241,
            4897.404888831079
          ],
          [
            941.3765081589809,
            4906.538741251454
          ],
          [
            912.3286529278848,
            4910.424784926698
          ],
          [
            894.560274825315,
            4909.437521136366
          ],
          [
            876.7918967227452,
            4908.450257346034
          ],
          [
            859.0235186201753,
            4907.462993555702
          ],
          [
            841.2551405176055,
            4906.4757297653705
          ],
          [
            829.9971606124891,
            4909.0767317563295
          ],
          [
            812.9917271487648,
            4917.584467912093
          ],
          [
            803.4444208842469,
            4927.561733160168
          ],
          [
            797.097439480829,
            4934.84172014147
          ]
        ]
      },
      "properties": {
        "id": "pistes:way:704562021",
        "name": "Pipeline",
        "piste_type": "downhill",
        "tags": {
          "name": "Pipeline",
          "z_order": "0",
          "piste:difficulty": "easy",
          "piste:type": "downhill",
          "winter_sports_id": "178133225",
          "winter_sports_name": "Perisher",
          "State": "New South Wales",
          "Country": "Australia",
          "Ski Area": "Perisher",
          "region": "australia-oceania"
        }
      }
    },
    {
      "type": "Feature",
      "geometry": {
        "type": "LineString",
        "coordinates": [
          [
            1765.2445225314004,
            5047.973440443166
          ],
          [
            1749.862410139952,
            5038.651626275231
          ],
          [
            1734.480297748504,
            5029.329812107298
          ],
          [
            1719.0981853570556,
            5020.007997939363
          ],
          [
            1701.2373978825829,
            5010.710479480214
          ],
          [
            1683.3766104081103,
            5001.412961021066
          ],
          [
            1665.5158229336375,
            4992.115442561917
          ],
          [
            1656.0973081425764,
            4981.565330686048
          ],
          [
            1644.639952262747,
            4965.208193859085
          ],
          [
            1637.7911784660537,
            4947.087512193248
          ],
          [
            1630.9424046693603,
            4928.96683052741
          ],
          [
            1627.5285425273469,
            4912.017499125563
          ],
          [
            1624.1146803853335,
            4895.068167723715
          ],
          [
            1621.4362633064156,
            4878.102765915915
          ],
          [
            1618.7578462274978,
            4861.137364108115
          ],
          [
            1610.120521607576,
            4837.450163224712
          ],
          [
            1600.611955824308,
            4820.587997788563
          ],
          [
            1582.412462485372,
            4806.3909622672945
          ]
        ]
      },
      "properties": {
        "id": "pistes:way:704562023",
        "name": "Powder Valley",
        "piste_type": "downhill",
        "tags": {
          "name": "Powder Valley",
          "z_order": "0",
          "piste:difficulty": "intermediate",
          "piste:type": "downhill",
          "winter_sports_id": "178133225",
          "winter_sports_name": "Perisher",
          "State": "New South Wales",
          "Country": "Australia",
          "Ski Area": "Perisher",
          "region": "australia-oceania"
        }
      }
    },
    {
      "type": "Feature",
      "geometry": {
        "type": "LineString",
        "coordinates": [
          [
            2106.5178187418496,
            5266.275147076696
          ],
          [
            2108.7772398045054,
            5236.806530579925
          ],
          [
            2107.8638651666697,
            5211.31125372462
          ],
          [
            2099.334060285124,
            5186.480111640878
          ],
          [
            2089.954554089578,
            5171.824570723344
          ],
          [
            2080.5750478940317,
            5157.169029805809
          ],
          [
            2067.0011479376117,
            5135.9386202748865
          ],
          [
            2056.0196825607272,
            5120.7678993388545
          ],
          [
            2045.0382171838428,
            5105.5971784028225
          ],
          [
            2034.0567518069583,
            5090.42645746679
          ],
          [
            2023.075286430074,
            5075.255736530758
          ],
          [
            2015.0280030531344,
            5061.264473668858
          ],
          [
            2006.9807196761947,
            5047.273210806959
          ],
          [
            1998.9334362992552,
            5033.281947945058
          ],
          [
            1990.8861529223154,
            5019.290685083159
          ],
          [
            1982.838869545376,
            5005.299422221258
          ],
          [
            1976.5847640611075,
            4987.303591724175
          ],
          [
            1970.3306585768394,
            4969.307761227091
          ],
          [
            1964.076553092571,
            4951.311930730008
          ],
          [
            1955.5239911820972,
            4924.849962842651
          ],
          [
            1945.9627849404933,
            4904.371793321334
          ],
          [
            1936.614883487695,
            4883.1249709594995
          ]
        ]
      },
      "properties": {
        "id": "pistes:way:704762618",
        "name": "The Screw",
        "piste_type": "downhill",
        "tags": {
          "name": "The Screw",
          "z_order": "0",
          "patrolled": "yes",
          "piste:difficulty": "intermediate",
          "piste:grooming": "backcountry",
          "piste:type": "downhill",
          "winter_sports_id": "178133225",
          "winter_sports_name": "Perisher",
          "State": "New South Wales",
          "Country": "Australia",
          "Ski Area": "Perisher",
          "region": "australia-oceania"
        }
      }
    },
    {
      "type": "Feature",
      "geometry": {
        "type": "LineString",
        "coordinates": [
          [
            2253.1142565468326,
            1808.785428283736
          ],
          [
            2255.7479850142263,
            1784.9032989460975
          ],
          [
            2254.782027923153,
            1765.1450246348977
          ],
          [
            2253.8160708320793,
            1745.386750323698
          ],
          [
            2250.540252525437,
            1729.2233736400183
          ],
          [
            2247.2644342187946,
            1713.0599969563384
          ],
          [
            2243.9886159121525,
            1696.8966202726588
          ],
          [
            2242.596844768501,
            1679.6409588190727
          ],
          [
            2241.2050736248493,
            1662.3852973654866
          ],
          [
            2242.0671201752266,
            1642.8337168162689
          ],
          [
            2242.929166725604,
            1623.282136267051
          ],
          [
            2246.2634258841863,
            1600.721379559487
          ],
          [
            2254.7897566552274,
            1584.365937734954
          ],
          [
            2263.3160874262685,
            1568.010495910421
          ],
          [
            2276.405402100645,
            1553.0983279300854
          ],
          [
            2289.4947167750215,
            1538.1861599497497
          ],
          [
            2305.055170683423,
            1522.0677847741172
          ],
          [
            2320.6156245918246,
            1505.9494095984846
          ],
          [
            2332.6428354542004,
            1494.2035780567676
          ],
          [
            2345.542862758506,
            1484.5311112254858
          ],
          [
            2360.2202479500556,
            1473.7345636794344
          ],
          [
            2386.7199226026423,
            1456.898121394217
          ],
          [
            2402.148417384131,
            1450.0018285606056
          ],
          [
            2417.5769121656194,
            1443.1055357269943
          ],
          [
            2433.8384872468305,
            1440.5022348077036
          ],
          [
            2450.1000623280415,
            1437.898933888413
          ],
          [
            2475.810569752706,
            1436.6294959988445
          ],
          [
            2493.31953909772,
            1439.3727923538536
          ],
          [
            2505.578107293346,
            1443.6896775485948
          ],
          [
            2509.2771949764574,
            1447.0981253841892
          ]
        ]
      },
      "properties": {
        "id": "pistes:way:705172061",
        "piste_type": "downhill",
        "tags": {
          "z_order": "0",
          "piste:difficulty": "intermediate",
          "piste:grooming": "classic",
          "piste:type": "downhill",
          "winter_sports_id": "178133225",
          "winter_sports_name": "Perisher",
          "State": "New South Wales",
          "Country": "Australia",
          "Ski Area": "Perisher",
          "region": "australia-oceania"
        }
      }
    },
    {
      "type": "Feature",
      "geometry": {
        "type": "LineString",
        "coordinates": [
          [
            2233.0505502823507,
            1928.9498931616545
          ],
          [
            2244.615009947389,
            1913.6658600070514
          ],
          [
            2256.179469612427,
            1898.3818268524483
          ],
          [
            2268.447457083501,
            1884.0030196029693
          ],
          [
            2283.589870868367,
            1867.4524791371077
          ],
          [
            2300.579032389447,
            1845.2499031051993
          ],
          [
            2309.831591886352,
            1826.3763851877302
          ],
          [
            2318.0643741487293,
            1797.0988649129868
          ],
          [
            2326.942988191149,
            1777.7979838475585
          ],
          [
            2336.6612672825577,
            1766.3628050088882
          ],
          [
            2347.4431686535245,
            1759.6611694451421
          ],
          [
            2358.7520252254326,
            1751.564991143532
          ],
          [
            2368.795297403005,
            1744.6409615594894
          ],
          [
            2377.1539116660133,
            1735.322370512411
          ],
          [
            2386.3520306664286,
            1723.8946244195104
          ],
          [
            2395.2860048643197,
            1705.6524793328717
          ],
          [
            2404.2199790622108,
            1687.410334246233
          ],
          [
            2414.1977844623616,
            1659.7718771826476
          ],
          [
            2419.7498722709715,
            1641.1623619683087
          ],
          [
            2434.080714284675,
            1626.842321433127
          ],
          [
            2452.604048600886,
            1619.0525492923334
          ],
          [
            2461.130395758548,
            1610.1863645762205
          ],
          [
            2466.6039363758173,
            1599.2005615010858
          ],
          [
            2471.30561840022,
            1585.0636623259634
          ],
          [
            2481.184416223434,
            1559.9119325606152
          ],
          [
            2486.96427012037,
            1542.1867195535451
          ],
          [
            2491.801851338125,
            1525.0409612115473
          ],
          [
            2495.087103799917,
            1512.8107082340866
          ],
          [
            2498.4754999489523,
            1496.5401983223855
          ],
          [
            2502.212943382445,
            1477.7348743947223
          ],
          [
            2509.2771949764574,
            1447.0981253841892
          ]
        ]
      },
      "properties": {
        "id": "pistes:way:705172062",
        "name": "Exhibition",
        "piste_type": "downhill",
        "tags": {
          "name": "Exhibition",
          "z_order": "0",
          "patrolled": "yes",
          "piste:difficulty": "intermediate",
          "piste:grooming": "backcountry",
          "piste:type": "downhill",
          "winter_sports_id": "178133225",
          "winter_sports_name": "Perisher",
          "State": "New South Wales",
          "Country": "Australia",
          "Ski Area": "Perisher",
          "region": "australia-oceania"
        }
      }
    },
    {
      "type": "Feature",
      "geometry": {
        "type": "LineString",
        "coordinates": [
          [
            3005.2177067092853,
            2348.832497736439
          ],
          [
            3008.0519401745405,
            2342.0231956969947
          ],
          [
            3010.603269012412,
            2332.3997242078185
          ],
          [
            3012.9295341491234,
            2317.142981867306
          ],
          [
            3015.161304103327,
            2305.2717423923314
          ],
          [
            3018.945117422496,
            2292.812158868648
          ],
          [
            3025.966204478056,
            2278.4638422299176
          ],
          [
            3034.215132833924,
            2261.579053843394
          ],
          [
            3039.9437856781296,
            2246.5504195801914
          ],
          [
            3041.013821456465,
            2234.9733812958
          ],
          [
            3044.146415431169,
            2223.998918728903
          ],
          [
            3053.012465870939,
            2212.5752675440162
          ],
          [
            3074.1473779184744,
            2192.4636231437325
          ],
          [
            3086.2766598577145,
            2184.6652864441276
          ],
          [
            3101.127686507418,
            2180.2560184756294
          ],
          [
            3116.8956525824033,
            2174.7571707181633
          ]
        ]
      },
      "properties": {
        "id": "pistes:way:705368920",
        "piste_type": "downhill",
        "tags": {
          "z_order": "0",
          "piste:difficulty": "intermediate",
          "piste:grooming": "classic",
          "piste:type": "downhill",
          "winter_sports_id": "178133225",
          "winter_sports_name": "Perisher",
          "State": "New South Wales",
          "Country": "Australia",
          "Ski Area": "Perisher",
          "region": "australia-oceania"
        }
      }
    },
    {
      "type": "Feature",
      "geometry": {
        "type": "LineString",
        "coordinates": [
          [
            2664.236945928191,
            2830.702289059758
          ],
          [
            2669.5495838389616,
            2813.1890178825706
          ],
          [
            2674.8622217497323,
            2795.675746705383
          ],
          [
            2677.391046747216,
            2777.209608926127
          ],
          [
            2679.9198717447,
            2758.743471146872
          ],
          [
            2682.4486967421835,
            2740.277333367616
          ],
          [
            2682.0359888549815,
            2719.7677057757974
          ],
          [
            2681.62328096778,
            2699.258078183979
          ],
          [
            2681.210573080578,
            2678.74845059216
          ],
          [
            2681.0828758444404,
            2651.2667300906032
          ],
          [
            2684.451161237899,
            2637.315431517549
          ],
          [
            2691.590640222421,
            2623.653639867902
          ],
          [
            2709.5786876425846,
            2611.5771760568023
          ],
          [
            2722.707579007896,
            2601.823231067043
          ],
          [
            2735.8364703732077,
            2592.0692860772833
          ],
          [
            2754.953384030843,
            2573.70745338127
          ],
          [
            2769.8424777669134,
            2552.6327832983807
          ],
          [
            2778.891170680232,
            2538.593809892889
          ],
          [
            2787.9398635935504,
            2524.5548364873976
          ],
          [
            2804.3175499530043,
            2497.888639478013
          ],
          [
            2812.82082416059,
            2484.2846854832023
          ],
          [
            2821.3240983681753,
            2470.6807314883918
          ]
        ]
      },
      "properties": {
        "id": "pistes:way:705368928",
        "name": "Dog Leg",
        "piste_type": "downhill",
        "tags": {
          "name": "Dog Leg",
          "z_order": "0",
          "patrolled": "yes",
          "piste:difficulty": "advanced",
          "piste:grooming": "backcountry",
          "piste:type": "downhill",
          "winter_sports_id": "178133225",
          "winter_sports_name": "Perisher",
          "State": "New South Wales",
          "Country": "Australia",
          "Ski Area": "Perisher",
          "region": "australia-oceania"
        }
      }
    },
    {
      "type": "Feature",
      "geometry": {
        "type": "LineString",
        "coordinates": [
          [
            3165.6166795016034,
            2444.748841241002
          ],
          [
            3160.093996422831,
            2432.523942387663
          ],
          [
            3144.9959204335464,
            2416.8206724487245
          ],
          [
            3130.255287038046,
            2406.2827046695165
          ],
          [
            3115.5146536425455,
            2395.7447368903086
          ],
          [
            3093.7117223882815,
            2381.536564834416
          ],
          [
            3078.638118694653,
            2367.508257121779
          ],
          [
            3067.230347937206,
            2354.547479200177
          ],
          [
            3062.1438451611903,
            2348.2745062224567
          ]
        ]
      },
      "properties": {
        "id": "pistes:way:705413579",
        "piste_type": "downhill",
        "tags": {
          "z_order": "0",
          "piste:difficulty": "easy",
          "piste:grooming": "classic",
          "piste:type": "downhill",
          "winter_sports_id": "178133225",
          "winter_sports_name": "Perisher",
          "State": "New South Wales",
          "Country": "Australia",
          "Ski Area": "Perisher",
          "region": "australia-oceania"
        }
      }
    },
    {
      "type": "Feature",
      "geometry": {
        "type": "LineString",
        "coordinates": [
          [
            3098.22774936317,
            2210.3780275583267
          ],
          [
            3107.5617009727866,
            2192.567599138245
          ],
          [
            3116.8956525824033,
            2174.7571707181633
          ]
        ]
      },
      "properties": {
        "id": "pistes:way:705413586",
        "piste_type": "downhill",
        "tags": {
          "z_order": "0",
          "piste:difficulty": "easy",
          "piste:grooming": "classic",
          "piste:type": "downhill",
          "winter_sports_id": "178133225",
          "winter_sports_name": "Perisher",
          "State": "New South Wales",
          "Country": "Australia",
          "Ski Area": "Perisher",
          "region": "australia-oceania"
        }
      }
    },
    {
      "type": "Feature",
      "geometry": {
        "type": "LineString",
        "coordinates": [
          [
            3116.8956525824033,
            2174.7571707181633
          ],
          [
            3125.5290814805776,
            2160.906886683777
          ],
          [
            3133.123760654358,
            2138.505891861394
          ],
          [
            3134.1137736095116,
            2110.8969422206283
          ],
          [
            3139.270195140387,
            2082.3954413868487
          ],
          [
            3148.621873269789,
            2067.369685508311
          ],
          [
            3167.0140406371793,
            2052.9784575570375
          ],
          [
            3176.570817671134,
            2046.5376431737095
          ],
          [
            3196.039894178859,
            2030.3443540483713
          ]
        ]
      },
      "properties": {
        "id": "pistes:way:705413587",
        "piste_type": "downhill",
        "tags": {
          "z_order": "0",
          "piste:difficulty": "intermediate",
          "piste:grooming": "classic",
          "piste:type": "downhill",
          "winter_sports_id": "178133225",
          "winter_sports_name": "Perisher",
          "State": "New South Wales",
          "Country": "Australia",
          "Ski Area": "Perisher",
          "region": "australia-oceania"
        }
      }
    },
    {
      "type": "Feature",
      "geometry": {
        "type": "LineString",
        "coordinates": [
          [
            3241.009919632459,
            2828.826087454334
          ],
          [
            3249.833417919503,
            2813.2050574574
          ],
          [
            3258.6569162065475,
            2797.5840274604657
          ],
          [
            3267.4804144935915,
            2781.962997463532
          ],
          [
            3274.273493668763,
            2760.5499422680587
          ],
          [
            3276.1794645873597,
            2743.5461274906993
          ],
          [
            3274.318081617239,
            2732.089250655845
          ],
          [
            3269.5201800825307,
            2717.9121811371297
          ],
          [
            3263.244322444778,
            2702.014547875151
          ],
          [
            3259.0821039665025,
            2691.4675880866125
          ],
          [
            3252.364816053072,
            2671.104850237258
          ],
          [
            3248.872764500091,
            2651.1058665979654
          ],
          [
            3252.0530533489073,
            2640.9517092593014
          ],
          [
            3267.93565767596,
            2619.806252918206
          ],
          [
            3261.0991553170606,
            2604.826585162431
          ],
          [
            3248.7876411722973,
            2588.9610100900754
          ],
          [
            3243.3472663362045,
            2575.0040612081066
          ],
          [
            3244.325357309077,
            2558.9568269047886
          ],
          [
            3249.712512801867,
            2542.035670192912
          ],
          [
            3252.696448672563,
            2525.1493662791327
          ],
          [
            3250.826533546089,
            2507.534584393725
          ],
          [
            3246.042000313406,
            2483.1383199784905
          ],
          [
            3237.6000377237797,
            2456.3984612403437
          ],
          [
            3227.2103545168648,
            2434.5023041693494
          ],
          [
            3221.6860847566277,
            2414.1333399116993
          ],
          [
            3216.457457935903,
            2386.9363300856203
          ],
          [
            3214.067815529532,
            2361.3070035185665
          ],
          [
            3207.4204166593263,
            2346.9791940608993
          ],
          [
            3196.7931988375494,
            2335.9045983422548
          ],
          [
            3192.3758301340276,
            2333.1059951949865
          ],
          [
            3172.0996237832587,
            2320.273922761902
          ]
        ]
      },
      "properties": {
        "id": "pistes:way:705413588",
        "name": "Leichhard Park",
        "piste_type": "downhill",
        "tags": {
          "name": "Leichhard Park",
          "z_order": "0",
          "piste:difficulty": "intermediate",
          "piste:grooming": "classic",
          "piste:type": "downhill",
          "winter_sports_id": "178133225",
          "winter_sports_name": "Perisher",
          "State": "New South Wales",
          "Country": "Australia",
          "Ski Area": "Perisher",
          "region": "australia-oceania"
        }
      }
    },
    {
      "type": "Feature",
      "geometry": {
        "type": "LineString",
        "coordinates": [
          [
            3204.0134938212577,
            2662.5523105859756
          ],
          [
            3215.3038451212924,
            2640.774517411366
          ],
          [
            3228.320034964825,
            2621.7344680018723
          ],
          [
            3240.1722446852364,
            2605.9289819188416
          ],
          [
            3248.7876411722973,
            2588.9610100900754
          ],
          [
            3226.7670549309696,
            2583.294291475322
          ],
          [
            3204.746468689642,
            2577.6275728605688
          ],
          [
            3181.0645228369394,
            2566.864266826771
          ]
        ]
      },
      "properties": {
        "id": "pistes:way:705413589",
        "piste_type": "downhill",
        "tags": {
          "z_order": "0",
          "piste:difficulty": "intermediate",
          "piste:grooming": "classic",
          "piste:type": "downhill",
          "winter_sports_id": "178133225",
          "winter_sports_name": "Perisher",
          "State": "New South Wales",
          "Country": "Australia",
          "Ski Area": "Perisher",
          "region": "australia-oceania"
        }
      }
    },
    {
      "type": "Feature",
      "geometry": {
        "type": "LineString",
        "coordinates": [
          [
            3277.969618462259,
            2609.7412882279605
          ],
          [
            3287.967022140394,
            2597.1581541858613
          ],
          [
            3305.963822407415,
            2586.9776251092553
          ],
          [
            3327.5167473601177,
            2577.100505610928
          ],
          [
            3341.5949569031363,
            2566.9878629092127
          ],
          [
            3351.0342598566785,
            2555.511208521202
          ],
          [
            3360.0378749454394,
            2538.7371981991455
          ],
          [
            3369.329490710632,
            2517.7094025164843
          ],
          [
            3375.439069647342,
            2497.4379086149856
          ],
          [
            3382.926066618995,
            2473.8177457433194
          ]
        ]
      },
      "properties": {
        "id": "pistes:way:705413590",
        "name": "Powder Ridge",
        "piste_type": "downhill",
        "tags": {
          "name": "Powder Ridge",
          "z_order": "0",
          "patrolled": "yes",
          "piste:difficulty": "intermediate",
          "piste:grooming": "backcountry",
          "piste:type": "downhill",
          "winter_sports_id": "178133225",
          "winter_sports_name": "Perisher",
          "State": "New South Wales",
          "Country": "Australia",
          "Ski Area": "Perisher",
          "region": "australia-oceania"
        }
      }
    },
    {
      "type": "Feature",
      "geometry": {
        "type": "LineString",
        "coordinates": [
          [
            3604.7733166008256,
            2460.18612777628
          ],
          [
            3620.62255216192,
            2459.023554077372
          ],
          [
            3640.7766776231,
            2457.5375490551814
          ],
          [
            3660.9308030842803,
            2456.051544032991
          ],
          [
            3682.1248208877514,
            2454.2229882446118
          ],
          [
            3703.3188386912225,
            2452.3944324562326
          ],
          [
            3724.3739337722072,
            2450.5733429281972
          ],
          [
            3745.429028853192,
            2448.752253400162
          ],
          [
            3768.5488772242097,
            2444.5986539269798
          ],
          [
            3791.6687255952274,
            2440.4450544537976
          ],
          [
            3793.7667782439385,
            2439.7820445261896
          ],
          [
            3805.92677407898,
            2437.186064435169
          ],
          [
            3821.4666193724843,
            2433.875087471679
          ],
          [
            3837.944696673192,
            2432.170362994075
          ],
          [
            3857.1738431963604,
            2434.608541533351
          ],
          [
            3863.0325028987136,
            2435.3553196638823
          ],
          [
            3877.5925815677037,
            2439.281738249585
          ],
          [
            3895.2286341836443,
            2449.332427000627
          ],
          [
            3907.0297326394357,
            2459.645687592216
          ],
          [
            3919.8543604351,
            2473.411366130691
          ],
          [
            3932.678988230764,
            2487.177044669166
          ],
          [
            3944.788915642615,
            2499.7973156611747
          ],
          [
            3956.8988430544655,
            2512.4175866531828
          ],
          [
            3969.0087704663165,
            2525.0378576451913
          ],
          [
            3978.309252476436,
            2534.8438208606094
          ],
          [
            3989.5426229669247,
            2544.344186009839
          ],
          [
            4007.021011549514,
            2554.6299670003355
          ],
          [
            4029.645707210293,
            2561.090305980295
          ]
        ]
      },
      "properties": {
        "id": "pistes:way:705413598",
        "name": "Home Trail",
        "piste_type": "downhill",
        "tags": {
          "name": "Home Trail",
          "z_order": "0",
          "piste:difficulty": "easy",
          "piste:grooming": "classic",
          "piste:type": "downhill",
          "winter_sports_id": "178133225",
          "winter_sports_name": "Perisher",
          "State": "New South Wales",
          "Country": "Australia",
          "Ski Area": "Perisher",
          "region": "australia-oceania"
        }
      }
    },
    {
      "type": "Feature",
      "geometry": {
        "type": "LineString",
        "coordinates": [
          [
            3333.5771785629913,
            2657.2554912101477
          ],
          [
            3340.2190502223093,
            2663.139590309933
          ],
          [
            3348.7148464127677,
            2678.106213292107
          ],
          [
            3360.9846986320335,
            2699.730846600607
          ],
          [
            3386.349763985956,
            2714.5635001957417
          ],
          [
            3406.2196319936775,
            2721.254062494263
          ],
          [
            3426.089500001399,
            2727.9446247927845
          ],
          [
            3439.059765230748,
            2732.316510773264
          ],
          [
            3453.6338062377763,
            2747.372268817853
          ],
          [
            3468.2078472448047,
            2762.4280268624425
          ]
        ]
      },
      "properties": {
        "id": "pistes:way:705413599",
        "piste_type": "downhill",
        "tags": {
          "z_order": "0",
          "piste:difficulty": "easy",
          "piste:grooming": "classic",
          "piste:type": "downhill",
          "winter_sports_id": "178133225",
          "winter_sports_name": "Perisher",
          "State": "New South Wales",
          "Country": "Australia",
          "Ski Area": "Perisher",
          "region": "australia-oceania"
        }
      }
    },
    {
      "type": "Feature",
      "geometry": {
        "type": "LineString",
        "coordinates": [
          [
            3439.8665233771317,
            2597.671459327452
          ],
          [
            3456.916730787256,
            2581.612623978406
          ],
          [
            3475.451405056636,
            2572.0452695842832
          ],
          [
            3502.133479060605,
            2568.2733992412686
          ],
          [
            3522.414897002862,
            2561.6430672705173
          ],
          [
            3545.1356241282774,
            2548.208937594667
          ],
          [
            3558.4363189284923,
            2538.7211652801684
          ],
          [
            3571.737013728707,
            2529.2333929656693
          ],
          [
            3585.037708528922,
            2519.7456206511706
          ],
          [
            3604.6181060909294,
            2494.529131772928
          ],
          [
            3612.6203291264246,
            2476.77634292515
          ],
          [
            3620.62255216192,
            2459.023554077372
          ]
        ]
      },
      "properties": {
        "id": "pistes:way:705413600",
        "piste_type": "downhill",
        "tags": {
          "z_order": "0",
          "patrolled": "yes",
          "piste:difficulty": "intermediate",
          "piste:grooming": "backcountry",
          "piste:type": "downhill",
          "winter_sports_id": "178133225",
          "winter_sports_name": "Perisher",
          "State": "New South Wales",
          "Country": "Australia",
          "Ski Area": "Perisher",
          "region": "australia-oceania"
        }
      }
    },
    {
      "type": "Feature",
      "geometry": {
        "type": "LineString",
        "coordinates": [
          [
            3385.008854025509,
            2627.1501039117575
          ],
          [
            3394.045287426561,
            2617.5765912001953
          ],
          [
            3398.696666674572,
            2605.5924376808107
          ],
          [
            3398.8338675092673,
            2588.4811177495867
          ],
          [
            3400.8572932604,
            2568.4686613595113
          ],
          [
            3410.0581591911614,
            2550.4601261708885
          ],
          [
            3420.316106794402,
            2539.1601270046085
          ],
          [
            3428.7242334737675,
            2533.268322419375
          ],
          [
            3440.1893357506488,
            2525.423670046963
          ],
          [
            3447.7481029405026,
            2514.16284314543
          ],
          [
            3454.871534818085,
            2501.954116004519
          ]
        ]
      },
      "properties": {
        "id": "pistes:way:705711264",
        "piste_type": "downhill",
        "tags": {
          "z_order": "0",
          "patrolled": "yes",
          "piste:difficulty": "intermediate",
          "piste:grooming": "backcountry",
          "piste:type": "downhill",
          "winter_sports_id": "178133225",
          "winter_sports_name": "Perisher",
          "State": "New South Wales",
          "Country": "Australia",
          "Ski Area": "Perisher",
          "region": "australia-oceania"
        }
      }
    },
    {
      "type": "Feature",
      "geometry": {
        "type": "LineString",
        "coordinates": [
          [
            3373.2678263447015,
            2666.0440037641674
          ],
          [
            3375.4406960320193,
            2668.6753884134814
          ],
          [
            3385.4118326419266,
            2677.7621135441586
          ],
          [
            3395.6079760030843,
            2688.753993947059
          ],
          [
            3401.1998767777113,
            2695.8294217009097
          ],
          [
            3407.6053443696583,
            2703.9582040710375
          ],
          [
            3426.089500001399,
            2727.9446247927845
          ]
        ]
      },
      "properties": {
        "id": "pistes:way:705711265",
        "piste_type": "downhill",
        "tags": {
          "z_order": "0",
          "piste:difficulty": "easy",
          "piste:grooming": "classic",
          "piste:type": "downhill",
          "winter_sports_id": "178133225",
          "winter_sports_name": "Perisher",
          "State": "New South Wales",
          "Country": "Australia",
          "Ski Area": "Perisher",
          "region": "australia-oceania"
        }
      }
    },
    {
      "type": "Feature",
      "geometry": {
        "type": "LineString",
        "coordinates": [
          [
            3484.8373073050752,
            2752.5776743255556
          ],
          [
            3488.3731839383254,
            2736.4599449544526
          ],
          [
            3491.9090605715755,
            2720.342215583349
          ],
          [
            3495.4449372048257,
            2704.224486212246
          ],
          [
            3498.5958241828484,
            2695.768274029717
          ],
          [
            3502.804486628389,
            2688.5061029475182
          ],
          [
            3506.908578769071,
            2684.5408267490566
          ],
          [
            3514.1193678826094,
            2678.954829062335
          ],
          [
            3523.59525658458,
            2675.5550118535757
          ],
          [
            3531.0536541291513,
            2672.1956055909395
          ]
        ]
      },
      "properties": {
        "id": "pistes:way:705711266",
        "piste_type": "downhill",
        "tags": {
          "z_order": "0",
          "patrolled": "yes",
          "piste:difficulty": "intermediate",
          "piste:grooming": "backcountry",
          "piste:type": "downhill",
          "winter_sports_id": "178133225",
          "winter_sports_name": "Perisher",
          "State": "New South Wales",
          "Country": "Australia",
          "Ski Area": "Perisher",
          "region": "australia-oceania"
        }
      }
    },
    {
      "type": "Feature",
      "geometry": {
        "type": "LineString",
        "coordinates": [
          [
            3401.1998767777113,
            2695.8294217009097
          ],
          [
            3406.812998385867,
            2692.630066204816
          ],
          [
            3410.2136558843777,
            2688.3976639863104
          ],
          [
            3416.028233613819,
            2679.9249938903376
          ],
          [
            3424.8558742473833,
            2673.882865652442
          ],
          [
            3439.376025204314,
            2668.2573441788554
          ],
          [
            3452.215424976195,
            2666.095832443796
          ],
          [
            3466.5774553578813,
            2666.874690843746
          ],
          [
            3485.7010016710265,
            2671.279156235978
          ],
          [
            3500.8341943926644,
            2673.2783586001024
          ],
          [
            3531.0536541291513,
            2672.1956055909395
          ]
        ]
      },
      "properties": {
        "id": "pistes:way:705711267",
        "piste_type": "downhill",
        "tags": {
          "z_order": "0",
          "patrolled": "yes",
          "piste:difficulty": "intermediate",
          "piste:grooming": "backcountry",
          "piste:type": "downhill",
          "winter_sports_id": "178133225",
          "winter_sports_name": "Perisher",
          "State": "New South Wales",
          "Country": "Australia",
          "Ski Area": "Perisher",
          "region": "australia-oceania"
        }
      }
    },
    {
      "type": "Feature",
      "geometry": {
        "type": "LineString",
        "coordinates": [
          [
            3531.0536541291513,
            2672.1956055909395
          ],
          [
            3543.60451016773,
            2668.695590420626
          ],
          [
            3552.160648255609,
            2664.3437987361103
          ],
          [
            3560.411372866016,
            2658.1101950909942
          ],
          [
            3571.0326008306583,
            2645.2735485825688
          ],
          [
            3583.858301722561,
            2624.9042366817594
          ],
          [
            3597.8721080846153,
            2606.059905057773
          ],
          [
            3608.887387187453,
            2593.5004039583728
          ],
          [
            3619.9026662902907,
            2580.9409028589725
          ],
          [
            3633.604497522232,
            2567.4823770117946
          ],
          [
            3647.3063287541736,
            2554.0238511646166
          ],
          [
            3669.3981140726246,
            2533.1312266476452
          ],
          [
            3686.7545018678065,
            2519.042468414642
          ],
          [
            3700.710467192461,
            2509.8075484540313
          ],
          [
            3714.5759577951394,
            2507.297832048498
          ],
          [
            3732.7305478189373,
            2507.9988362416625
          ],
          [
            3749.511395264417,
            2507.366148078814
          ],
          [
            3760.0780944195576,
            2503.7504552677274
          ],
          [
            3769.595228998456,
            2494.5800618827343
          ],
          [
            3779.999680829933,
            2479.826759133488
          ],
          [
            3787.248736816342,
            2471.96536958497
          ],
          [
            3789.543905340368,
            2467.593570701778
          ],
          [
            3789.4585009268485,
            2459.883396245539
          ],
          [
            3788.4532070496352,
            2454.9050351530313
          ],
          [
            3787.4566399818286,
            2450.5257074143738
          ],
          [
            3788.0791561382357,
            2445.235149914399
          ],
          [
            3791.6687255952274,
            2440.4450544537976
          ]
        ]
      },
      "properties": {
        "id": "pistes:way:705711269",
        "piste_type": "downhill",
        "tags": {
          "z_order": "0",
          "patrolled": "yes",
          "piste:difficulty": "intermediate",
          "piste:grooming": "backcountry",
          "piste:type": "downhill",
          "winter_sports_id": "178133225",
          "winter_sports_name": "Perisher",
          "State": "New South Wales",
          "Country": "Australia",
          "Ski Area": "Perisher",
          "region": "australia-oceania"
        }
      }
    },
    {
      "type": "Feature",
      "geometry": {
        "type": "LineString",
        "coordinates": [
          [
            3401.127413652139,
            2771.7572606392205
          ],
          [
            3406.289039189578,
            2780.0816348074004
          ],
          [
            3416.3323865784914,
            2796.290612681303
          ],
          [
            3426.375733967405,
            2812.499590555206
          ],
          [
            3443.5908916586777,
            2830.612678457983
          ]
        ]
      },
      "properties": {
        "id": "pistes:way:705711274",
        "piste_type": "downhill",
        "tags": {
          "z_order": "0",
          "piste:difficulty": "easy",
          "piste:type": "downhill",
          "winter_sports_id": "178133225",
          "winter_sports_name": "Perisher",
          "State": "New South Wales",
          "Country": "Australia",
          "Ski Area": "Perisher",
          "region": "australia-oceania"
        }
      }
    },
    {
      "type": "Feature",
      "geometry": {
        "type": "LineString",
        "coordinates": [
          [
            3333.5771785629913,
            2657.2554912101477
          ],
          [
            3326.9265096179442,
            2651.382610540837
          ],
          [
            3303.922749018646,
            2641.6416700016707
          ],
          [
            3279.0394123942824,
            2631.550689103082
          ],
          [
            3267.93565767596,
            2619.806252918206
          ]
        ]
      },
      "properties": {
        "id": "pistes:way:705711278",
        "piste_type": "downhill",
        "tags": {
          "z_order": "0",
          "piste:difficulty": "easy",
          "piste:grooming": "classic",
          "piste:type": "downhill",
          "winter_sports_id": "178133225",
          "winter_sports_name": "Perisher",
          "State": "New South Wales",
          "Country": "Australia",
          "Ski Area": "Perisher",
          "region": "australia-oceania"
        }
      }
    },
    {
      "type": "Feature",
      "geometry": {
        "type": "LineString",
        "coordinates": [
          [
            5675.5807357894955,
            4385.703438386321
          ],
          [
            5661.428164462966,
            4378.067910622805
          ],
          [
            5647.275593136437,
            4370.43238285929
          ],
          [
            5621.467197539052,
            4352.306074217893
          ],
          [
            5615.314216621686,
            4345.096021257341
          ],
          [
            5611.212176385918,
            4332.185809126124
          ],
          [
            5615.918791544624,
            4307.67262561433
          ]
        ]
      },
      "properties": {
        "id": "pistes:way:705794489",
        "piste_type": "downhill",
        "tags": {
          "z_order": "0",
          "piste:difficulty": "easy",
          "piste:grooming": "classic",
          "piste:type": "downhill",
          "winter_sports_id": "178133225",
          "winter_sports_name": "Perisher",
          "State": "New South Wales",
          "Country": "Australia",
          "Ski Area": "Perisher",
          "region": "australia-oceania"
        }
      }
    },
    {
      "type": "Feature",
      "geometry": {
        "type": "LineString",
        "coordinates": [
          [
            5595.122371004196,
            4178.771111803129
          ],
          [
            5608.329656939954,
            4163.730113919824
          ],
          [
            5618.91190384014,
            4159.8567861914635
          ],
          [
            5632.616960569285,
            4156.048273936845
          ],
          [
            5646.363139794674,
            4155.024136479944
          ],
          [
            5665.945944726234,
            4153.7694984590635
          ],
          [
            5691.781924794312,
            4153.154719695449
          ],
          [
            5700.166705731768,
            4152.9531343039125
          ],
          [
            5705.001226229244,
            4152.293613971211
          ],
          [
            5714.580904221046,
            4150.998077262193
          ],
          [
            5719.452549647889,
            4157.705504578538
          ],
          [
            5725.365528671653,
            4149.89553546533
          ],
          [
            5734.90470737475,
            4144.040266534314
          ]
        ]
      },
      "properties": {
        "id": "pistes:way:705794490",
        "piste_type": "downhill",
        "tags": {
          "z_order": "0",
          "piste:difficulty": "easy",
          "piste:type": "downhill",
          "winter_sports_id": "178133225",
          "winter_sports_name": "Perisher",
          "State": "New South Wales",
          "Country": "Australia",
          "Ski Area": "Perisher",
          "region": "australia-oceania"
        }
      }
    },
    {
      "type": "Feature",
      "geometry": {
        "type": "LineString",
        "coordinates": [
          [
            5694.847205671831,
            4114.119346498512
          ],
          [
            5687.313908412354,
            4104.555279085413
          ],
          [
            5679.719367904472,
            4095.7022315226495
          ],
          [
            5675.51803730207,
            4089.4287045262754
          ],
          [
            5668.63720456569,
            4088.1989007033408
          ],
          [
            5660.323299938464,
            4088.943097250536
          ]
        ]
      },
      "properties": {
        "id": "pistes:way:705794491",
        "piste_type": "downhill",
        "tags": {
          "z_order": "0",
          "piste:difficulty": "novice",
          "piste:grooming": "classic",
          "piste:type": "downhill",
          "winter_sports_id": "178133225",
          "winter_sports_name": "Perisher",
          "State": "New South Wales",
          "Country": "Australia",
          "Ski Area": "Perisher",
          "region": "australia-oceania"
        }
      }
    },
    {
      "type": "Feature",
      "geometry": {
        "type": "LineString",
        "coordinates": [
          [
            5612.632128240075,
            4038.9738305918872
          ],
          [
            5629.999052278348,
            4028.620281200856
          ],
          [
            5653.328826748533,
            4019.9095191489905
          ],
          [
            5664.672469561803,
            4019.0096040926874
          ],
          [
            5671.058348732186,
            4022.5657111108303
          ]
        ]
      },
      "properties": {
        "id": "pistes:way:705822709",
        "name": "Harry's & Hermann's",
        "piste_type": "downhill",
        "tags": {
          "name": "Harry's & Hermann's",
          "z_order": "0",
          "piste:difficulty": "novice",
          "piste:grooming": "classic",
          "piste:type": "downhill",
          "winter_sports_id": "178133225",
          "winter_sports_name": "Perisher",
          "State": "New South Wales",
          "Country": "Australia",
          "Ski Area": "Perisher",
          "region": "australia-oceania"
        }
      }
    },
    {
      "type": "Feature",
      "geometry": {
        "type": "LineString",
        "coordinates": [
          [
            5369.281112048542,
            4372.9588742256165
          ],
          [
            5388.317565202946,
            4385.726704478264
          ],
          [
            5400.682379374339,
            4397.466646690853
          ],
          [
            5413.047193545732,
            4409.206588903442
          ],
          [
            5429.604142371449,
            4423.248039656319
          ],
          [
            5446.161091197166,
            4437.289490409195
          ],
          [
            5466.347761742654,
            4448.952823883854
          ],
          [
            5487.69447604334,
            4448.6379180550575
          ],
          [
            5500.3180124785285,
            4444.4572473187
          ],
          [
            5519.615638731397,
            4440.854904285632
          ],
          [
            5546.815696523059,
            4430.4896012581885
          ],
          [
            5575.468832471641,
            4427.403680137359
          ],
          [
            5599.488319193479,
            4427.049036882818
          ],
          [
            5617.601512373891,
            4433.760687173344
          ],
          [
            5635.714705554303,
            4440.472337463871
          ],
          [
            5648.45685031428,
            4444.933191727847
          ],
          [
            5665.106219928595,
            4441.214302480221
          ]
        ]
      },
      "properties": {
        "id": "pistes:way:705822710",
        "name": "Black Wood Run",
        "piste_type": "downhill",
        "tags": {
          "name": "Black Wood Run",
          "z_order": "0",
          "piste:difficulty": "easy",
          "piste:grooming": "classic",
          "piste:type": "downhill",
          "winter_sports_id": "178133225",
          "winter_sports_name": "Perisher",
          "State": "New South Wales",
          "Country": "Australia",
          "Ski Area": "Perisher",
          "region": "australia-oceania"
        }
      }
    },
    {
      "type": "Feature",
      "geometry": {
        "type": "LineString",
        "coordinates": [
          [
            5500.3180124785285,
            4444.4572473187
          ],
          [
            5507.488188721589,
            4433.056106567383
          ],
          [
            5509.312025357969,
            4421.079208366573
          ],
          [
            5508.363978477195,
            4401.820099467412
          ],
          [
            5515.9429417590145,
            4373.13702974841
          ],
          [
            5523.73226953292,
            4358.409138002433
          ],
          [
            5531.521597306826,
            4343.681246256456
          ],
          [
            5553.295604464598,
            4326.749707504176
          ],
          [
            5570.207358594809,
            4319.853752061725
          ],
          [
            5587.11911272502,
            4312.957796619274
          ],
          [
            5615.918791544624,
            4307.67262561433
          ],
          [
            5624.9629233063315,
            4294.401817629114
          ],
          [
            5634.007055068039,
            4281.131009643897
          ],
          [
            5646.91803617368,
            4262.4216811116785
          ],
          [
            5656.298482153914,
            4248.846290599555
          ],
          [
            5660.411924031796,
            4234.594202443026
          ],
          [
            5666.703971928451,
            4206.8952995836735
          ],
          [
            5673.951494914945,
            4191.043506495655
          ],
          [
            5683.75686942949,
            4180.735013877042
          ],
          [
            5691.455109846429,
            4171.711455685087
          ]
        ]
      },
      "properties": {
        "id": "pistes:way:705822711",
        "piste_type": "downhill",
        "tags": {
          "z_order": "0",
          "piste:difficulty": "easy",
          "piste:grooming": "classic",
          "piste:type": "downhill",
          "winter_sports_id": "178133225",
          "winter_sports_name": "Perisher",
          "State": "New South Wales",
          "Country": "Australia",
          "Ski Area": "Perisher",
          "region": "australia-oceania"
        }
      }
    },
    {
      "type": "Feature",
      "geometry": {
        "type": "LineString",
        "coordinates": [
          [
            4965.757149859797,
            4283.441955612041
          ],
          [
            4970.80879553908,
            4289.004289854318
          ],
          [
            4983.13401084207,
            4293.827285260893
          ],
          [
            4990.058104540571,
            4293.725528148934
          ],
          [
            5008.517880322567,
            4286.844895500069
          ],
          [
            5026.977656104563,
            4279.964262851204
          ],
          [
            5045.437431886559,
            4273.083630202338
          ],
          [
            5061.632865824783,
            4267.790275255963
          ],
          [
            5077.828299763007,
            4262.496920309588
          ],
          [
            5094.023733701231,
            4257.203565363214
          ],
          [
            5110.219167639455,
            4251.910210416839
          ],
          [
            5126.414601577679,
            4246.616855470464
          ],
          [
            5142.483678186778,
            4240.05592895858
          ],
          [
            5161.706209271564,
            4232.5942021925
          ],
          [
            5177.693321673798,
            4226.654091927622
          ],
          [
            5193.680434076033,
            4220.713981662744
          ],
          [
            5209.667546478267,
            4214.773871397866
          ],
          [
            5225.6546588805,
            4208.833761132987
          ],
          [
            5241.641771282734,
            4202.893650868109
          ],
          [
            5257.628883684969,
            4196.953540603231
          ],
          [
            5273.615996087203,
            4191.013430338353
          ],
          [
            5288.700312441551,
            4185.5564560727735
          ],
          [
            5303.7846287959,
            4180.099481807194
          ],
          [
            5318.868945150248,
            4174.642507541615
          ],
          [
            5333.953261504596,
            4169.185533276035
          ],
          [
            5349.037577858945,
            4163.728559010455
          ],
          [
            5364.121894213294,
            4158.271584744875
          ],
          [
            5379.206210567641,
            4152.814610479296
          ],
          [
            5394.29052692199,
            4147.357636213716
          ],
          [
            5409.374843276339,
            4141.900661948137
          ],
          [
            5424.983088119731,
            4137.16934077007
          ],
          [
            5440.591332963125,
            4132.438019592005
          ],
          [
            5456.1995778065175,
            4127.706698413938
          ],
          [
            5475.7234146668925,
            4121.243939134758
          ],
          [
            5495.2472515272675,
            4114.781179855578
          ],
          [
            5517.093202355318,
            4109.1439657979645
          ],
          [
            5538.939153183368,
            4103.506751740351
          ],
          [
            5554.846761077701,
            4096.375978229567
          ],
          [
            5570.754368972033,
            4089.2452047187835
          ],
          [
            5584.774745810428,
            4081.2823295216076
          ],
          [
            5598.795122648822,
            4073.3194543244317
          ],
          [
            5608.209137593862,
            4066.2789396494627
          ],
          [
            5611.307748996187,
            4061.0626098429784
          ],
          [
            5609.808721137117,
            4057.3566159615293
          ],
          [
            5606.9135148535715,
            4056.3009074553847
          ]
        ]
      },
      "properties": {
        "id": "pistes:way:706222480",
        "name": "Plummers",
        "piste_type": "downhill",
        "tags": {
          "name": "Plummers",
          "z_order": "0",
          "piste:difficulty": "intermediate",
          "piste:grooming": "classic",
          "piste:type": "downhill",
          "winter_sports_id": "178133225",
          "winter_sports_name": "Perisher",
          "State": "New South Wales",
          "Country": "Australia",
          "Ski Area": "Perisher",
          "region": "australia-oceania"
        }
      }
    },
    {
      "type": "Feature",
      "geometry": {
        "type": "LineString",
        "coordinates": [
          [
            4970.80879553908,
            4289.004289854318
          ],
          [
            4969.871004256187,
            4281.961270332336
          ],
          [
            4972.317785379477,
            4276.310944280587
          ],
          [
            4979.952295111376,
            4258.623328503221
          ],
          [
            4988.41171218513,
            4252.5073858927935
          ],
          [
            5001.9261980718,
            4247.304644424468
          ],
          [
            5020.721188967233,
            4243.400091571733
          ],
          [
            5039.516179862665,
            4239.495538718998
          ],
          [
            5055.948475320125,
            4235.670048335567
          ],
          [
            5070.036752747605,
            4231.057923030108
          ],
          [
            5084.882728463237,
            4225.026479411312
          ],
          [
            5099.728704178869,
            4218.9950357925145
          ],
          [
            5114.574679894501,
            4212.963592173718
          ],
          [
            5129.420655610133,
            4206.932148554921
          ],
          [
            5144.266631325765,
            4200.900704936124
          ],
          [
            5159.1126070413975,
            4194.869261317328
          ],
          [
            5173.958582757029,
            4188.837817698531
          ],
          [
            5188.8045584726615,
            4182.806374079734
          ],
          [
            5203.650534188293,
            4176.774930460937
          ],
          [
            5218.4965099039255,
            4170.743486842141
          ],
          [
            5234.005047586422,
            4164.867280092622
          ],
          [
            5249.513585268919,
            4158.991073343104
          ],
          [
            5265.022122951415,
            4153.114866593586
          ],
          [
            5280.530660633913,
            4147.238659844069
          ],
          [
            5296.039198316409,
            4141.362453094551
          ],
          [
            5311.547735998906,
            4135.486246345033
          ],
          [
            5327.056273681403,
            4129.6100395955145
          ],
          [
            5342.564811363899,
            4123.733832845996
          ],
          [
            5358.073349046396,
            4117.857626096478
          ],
          [
            5373.581886728893,
            4111.98141934696
          ],
          [
            5389.09042441139,
            4106.105212597443
          ],
          [
            5404.598962093886,
            4100.229005847925
          ],
          [
            5420.1074997763835,
            4094.3527990984066
          ],
          [
            5435.61603745888,
            4088.4765923488885
          ],
          [
            5455.1415994295385,
            4080.310694503598
          ],
          [
            5482.964261492132,
            4069.048707321286
          ],
          [
            5490.1605190858245,
            4066.1242375820875
          ],
          [
            5514.651376481517,
            4054.0125599987805
          ],
          [
            5533.631856047781,
            4041.13887963444
          ],
          [
            5554.741761562647,
            4030.3196976352483
          ],
          [
            5567.569659786648,
            4026.6573770940304
          ],
          [
            5582.72414390021,
            4024.425306232646
          ]
        ]
      },
      "properties": {
        "id": "pistes:way:706222481",
        "name": "Duplex",
        "piste_type": "downhill",
        "tags": {
          "name": "Duplex",
          "z_order": "0",
          "description": "Formerly known as Blanchy's",
          "piste:difficulty": "intermediate",
          "piste:type": "downhill",
          "winter_sports_id": "178133225",
          "winter_sports_name": "Perisher",
          "State": "New South Wales",
          "Country": "Australia",
          "Ski Area": "Perisher",
          "region": "australia-oceania"
        }
      }
    },
    {
      "type": "Feature",
      "geometry": {
        "type": "LineString",
        "coordinates": [
          [
            5617.97926908778,
            4100.96383821778
          ],
          [
            5625.441110295476,
            4090.5124920587987
          ],
          [
            5640.58482667536,
            4077.828393878415
          ],
          [
            5661.633676941972,
            4066.521644178778
          ],
          [
            5665.5937755347695,
            4063.7557966299355
          ],
          [
            5670.078138448182,
            4058.82964672707
          ],
          [
            5672.302942666225,
            4055.1906898962334
          ],
          [
            5673.348195403814,
            4050.6482241665944
          ],
          [
            5669.422368185013,
            4047.233298628591
          ],
          [
            5662.528313510586,
            4047.5348847527057
          ]
        ]
      },
      "properties": {
        "id": "pistes:way:706775589",
        "name": "Chair Run",
        "piste_type": "downhill",
        "tags": {
          "name": "Chair Run",
          "z_order": "0",
          "piste:difficulty": "novice",
          "piste:type": "downhill",
          "winter_sports_id": "178133225",
          "winter_sports_name": "Perisher",
          "State": "New South Wales",
          "Country": "Australia",
          "Ski Area": "Perisher",
          "region": "australia-oceania"
        }
      }
    },
    {
      "type": "Feature",
      "geometry": {
        "type": "LineString",
        "coordinates": [
          [
            4933.561412114534,
            4138.784571800381
          ],
          [
            4934.021587385912,
            4121.868120240979
          ],
          [
            4934.481762657291,
            4104.951668681577
          ],
          [
            4940.621496294159,
            4085.6660819817334
          ],
          [
            4956.483178861206,
            4071.7188695296645
          ],
          [
            4973.837997835944,
            4065.982618968934
          ],
          [
            4997.677063164185,
            4063.801479546353
          ],
          [
            5010.042912170058,
            4062.254952332005
          ],
          [
            5023.29209773161,
            4057.943711266853
          ],
          [
            5034.211825991515,
            4051.3921001935378
          ],
          [
            5045.164976623259,
            4047.1145822182298
          ],
          [
            5059.002643831191,
            4043.782140597701
          ]
        ]
      },
      "properties": {
        "id": "pistes:way:706775591",
        "name": "The Cornice",
        "piste_type": "downhill",
        "tags": {
          "name": "The Cornice",
          "z_order": "0",
          "patrolled": "yes",
          "piste:difficulty": "intermediate",
          "piste:grooming": "backcountry",
          "piste:type": "downhill",
          "winter_sports_id": "178133225",
          "winter_sports_name": "Perisher",
          "State": "New South Wales",
          "Country": "Australia",
          "Ski Area": "Perisher",
          "region": "australia-oceania"
        }
      }
    },
    {
      "type": "Feature",
      "geometry": {
        "type": "LineString",
        "coordinates": [
          [
            4901.418516070349,
            4133.864254717715
          ],
          [
            4915.09104972647,
            4141.874176494777
          ],
          [
            4926.240669966908,
            4141.18890427053
          ],
          [
            4933.561412114534,
            4138.784571800381
          ],
          [
            4948.026143131545,
            4130.494466789067
          ],
          [
            4956.79889609071,
            4120.679111339152
          ],
          [
            4969.20417955122,
            4109.600946475752
          ],
          [
            4985.33686116524,
            4103.716201251373
          ],
          [
            4999.902416367433,
            4102.2927004136145
          ],
          [
            5020.186825299868,
            4103.614483195357
          ],
          [
            5037.595335029415,
            4102.138028712012
          ],
          [
            5054.251594040892,
            4099.529753481038
          ]
        ]
      },
      "properties": {
        "id": "pistes:way:706796093",
        "name": "The Cornice",
        "piste_type": "downhill",
        "tags": {
          "name": "The Cornice",
          "z_order": "0",
          "patrolled": "yes",
          "piste:difficulty": "intermediate",
          "piste:grooming": "backcountry",
          "piste:type": "downhill",
          "winter_sports_id": "178133225",
          "winter_sports_name": "Perisher",
          "State": "New South Wales",
          "Country": "Australia",
          "Ski Area": "Perisher",
          "region": "australia-oceania"
        }
      }
    },
    {
      "type": "Feature",
      "geometry": {
        "type": "LineString",
        "coordinates": [
          [
            5490.1605190858245,
            4066.1242375820875
          ],
          [
            5498.7544934032485,
            4049.7090426767245
          ],
          [
            5503.476656104904,
            4038.399486348033
          ],
          [
            5507.426437000046,
            4017.303883632645
          ],
          [
            5507.476716199424,
            4009.7692085485905
          ],
          [
            5505.655987947714,
            4000.0652099791914
          ],
          [
            5502.8756086832145,
            3990.375372832641
          ]
        ]
      },
      "properties": {
        "id": "pistes:way:708450874",
        "name": "Bear flat",
        "piste_type": "downhill",
        "tags": {
          "name": "Bear flat",
          "z_order": "0",
          "piste:difficulty": "intermediate",
          "piste:type": "downhill",
          "winter_sports_id": "178133225",
          "winter_sports_name": "Perisher",
          "State": "New South Wales",
          "Country": "Australia",
          "Ski Area": "Perisher",
          "region": "australia-oceania"
        }
      }
    },
    {
      "type": "Feature",
      "geometry": {
        "type": "LineString",
        "coordinates": [
          [
            4787.426081897691,
            3684.535113355145
          ],
          [
            4795.52379649831,
            3659.3069279938936
          ],
          [
            4794.936454693903,
            3644.347585754469
          ],
          [
            4783.188033644576,
            3618.245633356273
          ],
          [
            4768.848016368167,
            3602.583809668664
          ],
          [
            4754.507999091758,
            3586.9219859810546
          ],
          [
            4745.0105425538495,
            3564.4374110605568
          ],
          [
            4742.006670347182,
            3534.556655490771
          ],
          [
            4741.885352850775,
            3513.754188544117
          ],
          [
            4741.764035354368,
            3492.951721597463
          ],
          [
            4741.456262092572,
            3471.9744593850337
          ],
          [
            4741.148488830775,
            3450.9971971726045
          ],
          [
            4738.6783509372035,
            3432.4261180087924
          ],
          [
            4730.294901669258,
            3410.657495295629
          ],
          [
            4709.0815929920645,
            3388.6998183522373
          ],
          [
            4689.906777656637,
            3380.958944101818
          ],
          [
            4673.56531813147,
            3378.6410461147316
          ],
          [
            4657.223858606303,
            3376.3231481276453
          ],
          [
            4641.3443569101855,
            3373.9417868118735
          ],
          [
            4625.464855214069,
            3371.5604254961013
          ],
          [
            4609.585353517951,
            3369.1790641803295
          ],
          [
            4593.705851821835,
            3366.7977028645573
          ],
          [
            4577.826350125717,
            3364.4163415487856
          ]
        ]
      },
      "properties": {
        "id": "pistes:way:708471079",
        "name": "Mt. Piper Fun Park",
        "piste_type": "downhill",
        "tags": {
          "name": "Mt. Piper Fun Park",
          "z_order": "0",
          "piste:difficulty": "intermediate",
          "piste:grooming": "classic",
          "piste:type": "downhill",
          "winter_sports_id": "178133225",
          "winter_sports_name": "Perisher",
          "State": "New South Wales",
          "Country": "Australia",
          "Ski Area": "Perisher",
          "region": "australia-oceania"
        }
      }
    },
    {
      "type": "Feature",
      "geometry": {
        "type": "LineString",
        "coordinates": [
          [
            3899.691194119863,
            2920.951063997112
          ],
          [
            3898.15482415969,
            2927.5420336276293
          ],
          [
            3898.5945705496706,
            2935.5577160427347
          ],
          [
            3903.7456319343764,
            2944.3479830715805
          ],
          [
            3909.211978820269,
            2949.5386883486062
          ],
          [
            3916.2427570652217,
            2956.215579537675
          ],
          [
            3940.6924817621475,
            2973.3568007666618
          ],
          [
            3958.6689574785996,
            2985.1444220282137
          ],
          [
            3976.6454331950517,
            2996.9320432897657
          ],
          [
            3994.671663448913,
            3012.1252247113734
          ],
          [
            4009.485551298829,
            3026.000482630916
          ],
          [
            4017.4538887547096,
            3039.7536863135174
          ],
          [
            4035.629365369212,
            3065.163629435003
          ],
          [
            4053.4781099052634,
            3083.543715299107
          ],
          [
            4066.8805372607894,
            3094.110810412094
          ],
          [
            4074.7204960728996,
            3100.2875657118857
          ],
          [
            4092.3319208903704,
            3117.761204155162
          ],
          [
            4104.161216413428,
            3130.5425781388767
          ],
          [
            4115.990511936485,
            3143.3239521225914
          ],
          [
            4129.783499973884,
            3157.8962924247608
          ],
          [
            4143.576488011284,
            3172.46863272693
          ],
          [
            4159.328885400901,
            3187.9221474002115
          ],
          [
            4175.081282790517,
            3203.375662073493
          ],
          [
            4198.640833185753,
            3222.1269646696746
          ],
          [
            4217.302957991022,
            3234.125992283225
          ],
          [
            4232.432117163204,
            3238.2210853071883
          ],
          [
            4240.419290125254,
            3237.8824447728693
          ],
          [
            4246.306276687887,
            3234.3900622464716
          ],
          [
            4247.392021056032,
            3230.7348439972848
          ],
          [
            4245.214894752135,
            3225.3853094875813
          ]
        ]
      },
      "properties": {
        "id": "pistes:way:708508083",
        "name": "Telemark",
        "piste_type": "downhill",
        "tags": {
          "name": "Telemark",
          "z_order": "0",
          "piste:difficulty": "easy",
          "piste:type": "downhill",
          "winter_sports_id": "178133225",
          "winter_sports_name": "Perisher",
          "State": "New South Wales",
          "Country": "Australia",
          "Ski Area": "Perisher",
          "region": "australia-oceania"
        }
      }
    },
    {
      "type": "Feature",
      "geometry": {
        "type": "LineString",
        "coordinates": [
          [
            3899.691194119863,
            2920.951063997112
          ],
          [
            3908.38709717209,
            2915.7203381210566
          ],
          [
            3917.102486918331,
            2912.4421383962035
          ],
          [
            3927.1495644986862,
            2912.5286606689915
          ],
          [
            3942.2615125188604,
            2915.4927367540076
          ],
          [
            3957.2616110210074,
            2911.401637373492
          ],
          [
            3972.553655617521,
            2910.7236881498247
          ],
          [
            3986.774228688446,
            2915.2984502334148
          ],
          [
            3994.439531620941,
            2924.2739020045847
          ],
          [
            4002.0395628304686,
            2929.3890416724607
          ],
          [
            4013.2808067408623,
            2932.6313761360943
          ],
          [
            4021.3283308572136,
            2937.06314076297
          ],
          [
            4030.4089535288513,
            2948.980428774841
          ],
          [
            4033.1177265061997,
            2954.510877929628
          ],
          [
            4034.461093191756,
            2960.5161696113646
          ],
          [
            4032.215309088002,
            2978.7234850153327
          ],
          [
            4032.33228055737,
            2990.427604403347
          ],
          [
            4032.8261837582104,
            2997.8433334464207
          ],
          [
            4037.1745031676255,
            3005.702117703855
          ],
          [
            4048.484294979484,
            3023.4675118569285
          ],
          [
            4055.057806813391,
            3035.6765637919307
          ],
          [
            4056.6648594603175,
            3043.153714862652
          ],
          [
            4058.579415532062,
            3064.9396630078554
          ],
          [
            4062.0164720868925,
            3081.0335532575846
          ],
          [
            4066.8805372607894,
            3094.110810412094
          ]
        ]
      },
      "properties": {
        "id": "pistes:way:708508084",
        "piste_type": "downhill",
        "tags": {
          "z_order": "0",
          "piste:difficulty": "easy",
          "piste:type": "downhill",
          "winter_sports_id": "178133225",
          "winter_sports_name": "Perisher",
          "State": "New South Wales",
          "Country": "Australia",
          "Ski Area": "Perisher",
          "region": "australia-oceania"
        }
      }
    },
    {
      "type": "Feature",
      "geometry": {
        "type": "LineString",
        "coordinates": [
          [
            3648.9244003182976,
            2910.600320227444
          ],
          [
            3654.2757941345917,
            2918.9994660913944
          ],
          [
            3658.7508756588213,
            2922.6513673048466
          ],
          [
            3659.9583412073553,
            2923.0332392249256
          ],
          [
            3663.529767255299,
            2923.757964661345
          ],
          [
            3669.1858156007947,
            2922.8878837041557
          ],
          [
            3676.1535676753847,
            2920.9335390133783
          ],
          [
            3703.8132400927134,
            2909.690652639605
          ],
          [
            3715.2919296829496,
            2904.6082464251667
          ],
          [
            3730.188415944169,
            2898.01699092146
          ],
          [
            3745.084902205388,
            2891.4257354177535
          ],
          [
            3761.6794457278447,
            2881.952591286972
          ],
          [
            3778.2739892503014,
            2872.479447156191
          ],
          [
            3794.9200768020623,
            2861.9328975379467
          ],
          [
            3811.5661643538238,
            2851.3863479197025
          ],
          [
            3828.2122519055847,
            2840.8397983014584
          ],
          [
            3846.7920403686585,
            2829.1239894954488
          ],
          [
            3865.3718288317323,
            2817.408180689439
          ],
          [
            3884.0938052947167,
            2808.9911667862907
          ],
          [
            3886.6067838708404,
            2807.8671720344573
          ],
          [
            3906.676320266677,
            2801.7549623204395
          ],
          [
            3926.7458566625137,
            2795.6427526064217
          ],
          [
            3954.204169800156,
            2785.40057182312
          ],
          [
            3959.226629249868,
            2783.5298398640007
          ],
          [
            3979.0225524607813,
            2772.1954346690327
          ],
          [
            3998.8184756716946,
            2760.8610294740647
          ],
          [
            4014.7935329900743,
            2750.460673491781
          ],
          [
            4030.7685903084543,
            2740.060317509497
          ],
          [
            4046.743647626834,
            2729.6599615272135
          ],
          [
            4063.115285274107,
            2718.58058972843
          ],
          [
            4079.48692292138,
            2707.5012179296464
          ],
          [
            4095.858560568653,
            2696.421846130863
          ],
          [
            4114.624873103516,
            2683.7041062954813
          ],
          [
            4133.391185638378,
            2670.9863664601
          ],
          [
            4145.759525773581,
            2662.373071323149
          ],
          [
            4155.300438364036,
            2653.002178983763
          ],
          [
            4163.215385660995,
            2642.8450514068827
          ],
          [
            4167.127500626957,
            2634.3552553942427
          ],
          [
            4167.799717046437,
            2625.113909320906
          ],
          [
            4165.273047240218,
            2617.927597777918
          ],
          [
            4164.251587666222,
            2616.156131627038
          ]
        ]
      },
      "properties": {
        "id": "pistes:way:708556965",
        "name": "Front Valley",
        "piste_type": "downhill",
        "tags": {
          "name": "Front Valley",
          "z_order": "0",
          "lit": "yes",
          "piste:difficulty": "easy",
          "piste:grooming": "classic",
          "piste:type": "downhill",
          "winter_sports_id": "178133225",
          "winter_sports_name": "Perisher",
          "State": "New South Wales",
          "Country": "Australia",
          "Ski Area": "Perisher",
          "region": "australia-oceania"
        }
      }
    },
    {
      "type": "Feature",
      "geometry": {
        "type": "LineString",
        "coordinates": [
          [
            3676.1535676753847,
            2920.9335390133783
          ],
          [
            3702.690289475955,
            2915.731882363558
          ],
          [
            3721.627137879026,
            2914.657366083935
          ],
          [
            3733.644963344559,
            2915.802789502777
          ],
          [
            3743.435443130438,
            2916.74761827942
          ],
          [
            3775.31434753153,
            2918.6911653932184
          ],
          [
            3803.2018924644217,
            2923.100471305661
          ],
          [
            3821.79355299077,
            2926.0362613471225
          ],
          [
            3848.084604089032,
            2931.678098652512
          ],
          [
            3866.4031390187447,
            2936.487357291393
          ],
          [
            3884.7216739484575,
            2941.296615930274
          ],
          [
            3887.552052939427,
            2942.253962336108
          ],
          [
            3909.211978820269,
            2949.5386883486062
          ]
        ]
      },
      "properties": {
        "id": "pistes:way:708556966",
        "piste_type": "downhill",
        "tags": {
          "z_order": "0",
          "piste:difficulty": "easy",
          "piste:grooming": "classic",
          "piste:type": "downhill",
          "winter_sports_id": "178133225",
          "winter_sports_name": "Perisher",
          "State": "New South Wales",
          "Country": "Australia",
          "Ski Area": "Perisher",
          "region": "australia-oceania"
        }
      }
    },
    {
      "type": "Feature",
      "geometry": {
        "type": "LineString",
        "coordinates": [
          [
            3864.1144650334027,
            2900.9982871543616
          ],
          [
            3868.8708534815814,
            2914.099402980879
          ],
          [
            3873.1832093949197,
            2923.8117457702756
          ],
          [
            3878.951870136312,
            2932.515356451273
          ],
          [
            3887.552052939427,
            2942.253962336108
          ]
        ]
      },
      "properties": {
        "id": "pistes:way:708556967",
        "piste_type": "downhill",
        "tags": {
          "z_order": "0",
          "piste:difficulty": "easy",
          "piste:type": "downhill",
          "winter_sports_id": "178133225",
          "winter_sports_name": "Perisher",
          "State": "New South Wales",
          "Country": "Australia",
          "Ski Area": "Perisher",
          "region": "australia-oceania"
        }
      }
    },
    {
      "type": "Feature",
      "geometry": {
        "type": "LineString",
        "coordinates": [
          [
            3986.774228688446,
            2915.2984502334148
          ],
          [
            3993.575792712043,
            2916.097972370684
          ],
          [
            4002.4316849273164,
            2914.459780120291
          ],
          [
            4016.8122229181463,
            2905.406799627468
          ],
          [
            4031.3367547779344,
            2886.5543030276895
          ],
          [
            4045.2400497270282,
            2873.691359039396
          ],
          [
            4061.2234961373033,
            2865.080920250155
          ],
          [
            4077.2696755903307,
            2856.5629611731106
          ],
          [
            4093.315855043358,
            2848.0450020960666
          ],
          [
            4109.362034496386,
            2839.527043019022
          ],
          [
            4125.408213949413,
            2831.009083941978
          ],
          [
            4141.4543934024405,
            2822.4911248649337
          ],
          [
            4157.500572855468,
            2813.9731657878897
          ],
          [
            4173.546752308495,
            2805.4552067108452
          ],
          [
            4185.440188132343,
            2792.565906702541
          ],
          [
            4191.425611936022,
            2780.4841287788004
          ],
          [
            4194.098078122595,
            2763.2691181749105
          ],
          [
            4195.600450077094,
            2747.003232526593
          ],
          [
            4198.154936387902,
            2721.1021012496203
          ],
          [
            4195.527190749184,
            2711.298716736026
          ],
          [
            4191.055368954316,
            2704.196312737651
          ],
          [
            4184.120282703196,
            2695.4766561808065
          ],
          [
            4177.733461716562,
            2687.4480058755726
          ]
        ]
      },
      "properties": {
        "id": "pistes:way:708556968",
        "piste_type": "downhill",
        "tags": {
          "z_order": "0",
          "piste:difficulty": "easy",
          "piste:grooming": "classic",
          "piste:type": "downhill",
          "winter_sports_id": "178133225",
          "winter_sports_name": "Perisher",
          "State": "New South Wales",
          "Country": "Australia",
          "Ski Area": "Perisher",
          "region": "australia-oceania"
        }
      }
    },
    {
      "type": "Feature",
      "geometry": {
        "type": "LineString",
        "coordinates": [
          [
            3864.1144650334027,
            2900.9982871543616
          ],
          [
            3864.044008072815,
            2889.393355485052
          ],
          [
            3870.7545915889787,
            2874.1057320740074
          ],
          [
            3871.8484470653348,
            2871.6154794432223
          ],
          [
            3885.2641499366146,
            2851.7475102879107
          ],
          [
            3901.923036290449,
            2832.242775003426
          ],
          [
            3915.8386759461137,
            2818.991504943464
          ],
          [
            3929.754315601778,
            2805.740234883502
          ],
          [
            3954.204169800156,
            2785.40057182312
          ]
        ]
      },
      "properties": {
        "id": "pistes:way:708556969",
        "piste_type": "downhill",
        "tags": {
          "z_order": "0",
          "piste:difficulty": "easy",
          "piste:grooming": "classic",
          "piste:type": "downhill",
          "winter_sports_id": "178133225",
          "winter_sports_name": "Perisher",
          "State": "New South Wales",
          "Country": "Australia",
          "Ski Area": "Perisher",
          "region": "australia-oceania"
        }
      }
    },
    {
      "type": "Feature",
      "geometry": {
        "type": "LineString",
        "coordinates": [
          [
            4133.391185638378,
            2670.9863664601
          ],
          [
            4144.055125449086,
            2669.1107938494533
          ],
          [
            4155.128315235488,
            2668.849184608087
          ],
          [
            4165.603773838258,
            2672.4908429831266
          ],
          [
            4173.813211792614,
            2680.648211404681
          ],
          [
            4177.733461716562,
            2687.4480058755726
          ]
        ]
      },
      "properties": {
        "id": "pistes:way:708556970",
        "piste_type": "downhill",
        "tags": {
          "z_order": "0",
          "piste:difficulty": "easy",
          "piste:grooming": "classic",
          "piste:type": "downhill",
          "winter_sports_id": "178133225",
          "winter_sports_name": "Perisher",
          "State": "New South Wales",
          "Country": "Australia",
          "Ski Area": "Perisher",
          "region": "australia-oceania"
        }
      }
    },
    {
      "type": "Feature",
      "geometry": {
        "type": "LineString",
        "coordinates": [
          [
            3733.644963344559,
            2915.802789502777
          ],
          [
            3740.1283906764584,
            2922.476690022275
          ],
          [
            3742.4622871536994,
            2937.3884243890643
          ],
          [
            3738.7756860929076,
            2953.3975048298016
          ],
          [
            3733.3806604513666,
            2974.0472043156624
          ],
          [
            3734.952256867662,
            2984.6538662919775
          ],
          [
            3744.77213447378,
            2998.7021186407655
          ],
          [
            3751.43160859379,
            3015.6146465810016
          ],
          [
            3759.9597471121233,
            3038.8910009553656
          ],
          [
            3771.037815763615,
            3066.0358523968607
          ],
          [
            3783.7714543124894,
            3084.291233120486
          ],
          [
            3799.670445878175,
            3100.0150903183967
          ],
          [
            3812.333175844862,
            3114.0107719069347
          ],
          [
            3822.5377232093597,
            3129.8175347708166
          ],
          [
            3833.128252066439,
            3148.1040682829916
          ],
          [
            3838.7259997285437,
            3165.387062318623
          ],
          [
            3850.1524275101256,
            3192.4046977180988
          ],
          [
            3858.3795585957123,
            3206.9975281190127
          ],
          [
            3866.606689681299,
            3221.5903585199267
          ],
          [
            3875.8270433630096,
            3243.092331977561
          ],
          [
            3880.343764662859,
            3260.0470938356593
          ],
          [
            3880.4574149756227,
            3267.845614120364
          ],
          [
            3877.1760060166707,
            3287.033269537613
          ],
          [
            3871.042924506706,
            3306.2735732235014
          ],
          [
            3866.0555063582724,
            3319.805157246068
          ]
        ]
      },
      "properties": {
        "id": "pistes:way:708556972",
        "name": "The Chute",
        "piste_type": "downhill",
        "tags": {
          "name": "The Chute",
          "z_order": "0",
          "piste:difficulty": "easy",
          "piste:grooming": "classic",
          "piste:type": "downhill",
          "winter_sports_id": "178133225",
          "winter_sports_name": "Perisher",
          "State": "New South Wales",
          "Country": "Australia",
          "Ski Area": "Perisher",
          "region": "australia-oceania"
        }
      }
    },
    {
      "type": "Feature",
      "geometry": {
        "type": "LineString",
        "coordinates": [
          [
            3637.3057833028724,
            2922.0979000311345
          ],
          [
            3638.816533728852,
            2930.996745487675
          ],
          [
            3637.7287823762745,
            2935.761464321986
          ],
          [
            3637.0206424054923,
            2941.3417315110564
          ],
          [
            3639.1749408718897,
            2947.00241025351
          ],
          [
            3643.159559637308,
            2959.4824165459722
          ],
          [
            3647.4824026448186,
            2974.8645348502323
          ],
          [
            3655.18007521634,
            2981.1546796076
          ],
          [
            3667.187327008811,
            2981.5680460343137
          ],
          [
            3698.4768071480794,
            2979.359628846869
          ],
          [
            3718.4100612010807,
            2981.4106656555086
          ],
          [
            3734.952256867662,
            2984.6538662919775
          ]
        ]
      },
      "properties": {
        "id": "pistes:way:708556973",
        "piste_type": "downhill",
        "tags": {
          "z_order": "0",
          "piste:difficulty": "easy",
          "piste:grooming": "classic",
          "piste:type": "downhill",
          "winter_sports_id": "178133225",
          "winter_sports_name": "Perisher",
          "State": "New South Wales",
          "Country": "Australia",
          "Ski Area": "Perisher",
          "region": "australia-oceania"
        }
      }
    },
    {
      "type": "Feature",
      "geometry": {
        "type": "LineString",
        "coordinates": [
          [
            3884.0938052947167,
            2808.9911667862907
          ],
          [
            3887.2050537542673,
            2781.839350263588
          ],
          [
            3894.1966529364,
            2760.6114766672254
          ],
          [
            3905.203610379831,
            2741.033774930984
          ],
          [
            3920.864622004505,
            2725.698811840266
          ],
          [
            3936.5256336291786,
            2710.363848749548
          ],
          [
            3954.3747368141776,
            2699.3130846782587
          ],
          [
            3972.2238399991766,
            2688.2623206069693
          ],
          [
            3989.9125256653642,
            2678.517549425829
          ],
          [
            4007.601211331552,
            2668.772778244689
          ],
          [
            4033.2464116686024,
            2649.868943235837
          ],
          [
            4051.4765118525247,
            2639.12863066094
          ],
          [
            4069.706612036447,
            2628.388318086043
          ],
          [
            4094.9997335472144,
            2616.102393783629
          ],
          [
            4115.741382503184,
            2610.2961075995117
          ],
          [
            4143.823243209743,
            2606.568385610357
          ],
          [
            4156.446662553935,
            2606.8278107345104
          ],
          [
            4161.591008353513,
            2609.626414872706
          ],
          [
            4163.425139574567,
            2614.2264782544225
          ],
          [
            4164.251587666222,
            2616.156131627038
          ]
        ]
      },
      "properties": {
        "id": "pistes:way:708741892",
        "piste_type": "downhill",
        "tags": {
          "z_order": "0",
          "piste:difficulty": "easy",
          "piste:grooming": "classic",
          "piste:type": "downhill",
          "winter_sports_id": "178133225",
          "winter_sports_name": "Perisher",
          "State": "New South Wales",
          "Country": "Australia",
          "Ski Area": "Perisher",
          "region": "australia-oceania"
        }
      }
    },
    {
      "type": "Feature",
      "geometry": {
        "type": "LineString",
        "coordinates": [
          [
            3805.92677407898,
            2437.186064435169
          ],
          [
            3811.245058657485,
            2437.164060268551
          ],
          [
            3815.6893409355544,
            2438.0979102049023
          ],
          [
            3819.004425610765,
            2440.3242009263486
          ],
          [
            3820.8201539419824,
            2443.0605417517945
          ],
          [
            3821.7134893303737,
            2446.509342769161
          ]
        ]
      },
      "properties": {
        "id": "pistes:way:708741895",
        "piste_type": "downhill",
        "tags": {
          "z_order": "0",
          "piste:difficulty": "easy",
          "piste:type": "downhill",
          "winter_sports_id": "178133225",
          "winter_sports_name": "Perisher",
          "State": "New South Wales",
          "Country": "Australia",
          "Ski Area": "Perisher",
          "region": "australia-oceania"
        }
      }
    },
    {
      "type": "Feature",
      "geometry": {
        "type": "LineString",
        "coordinates": [
          [
            3863.0325028987136,
            2435.3553196638823
          ],
          [
            3866.8759770736797,
            2441.834590250626
          ],
          [
            3868.544699166203,
            2452.3288683053106
          ],
          [
            3874.2222200956894,
            2464.0296079870313
          ],
          [
            3879.003276860807,
            2468.3759531034157
          ]
        ]
      },
      "properties": {
        "id": "pistes:way:708741896",
        "piste_type": "downhill",
        "tags": {
          "z_order": "0",
          "piste:difficulty": "easy",
          "piste:type": "downhill",
          "winter_sports_id": "178133225",
          "winter_sports_name": "Perisher",
          "State": "New South Wales",
          "Country": "Australia",
          "Ski Area": "Perisher",
          "region": "australia-oceania"
        }
      }
    },
    {
      "type": "Feature",
      "geometry": {
        "type": "LineString",
        "coordinates": [
          [
            4033.2464116686024,
            2649.868943235837
          ],
          [
            4041.9363203180255,
            2634.419128009118
          ],
          [
            4046.3344488133444,
            2622.3495220113546
          ],
          [
            4050.2687422644813,
            2606.7693851664662
          ],
          [
            4053.733306587208,
            2587.889619771391
          ],
          [
            4058.6686794217676,
            2570.2310869805515
          ],
          [
            4061.797390585649,
            2563.982987327501
          ],
          [
            4064.934740358731,
            2557.7125690318644
          ],
          [
            4071.1432778596645,
            2548.013162560761
          ],
          [
            4083.121693466557,
            2539.1171578187495
          ]
        ]
      },
      "properties": {
        "id": "pistes:way:708741897",
        "piste_type": "downhill",
        "tags": {
          "z_order": "0",
          "piste:difficulty": "easy",
          "piste:type": "downhill",
          "winter_sports_id": "178133225",
          "winter_sports_name": "Perisher",
          "State": "New South Wales",
          "Country": "Australia",
          "Ski Area": "Perisher",
          "region": "australia-oceania"
        }
      }
    },
    {
      "type": "Feature",
      "geometry": {
        "type": "LineString",
        "coordinates": [
          [
            3564.918020087178,
            2840.3778326259926
          ],
          [
            3563.7036713440903,
            2829.0336469402537
          ],
          [
            3565.9321860668715,
            2817.59502325207
          ],
          [
            3571.315783435595,
            2802.9261023374274
          ],
          [
            3580.552694251819,
            2787.4022615929134
          ],
          [
            3589.789605068043,
            2771.8784208483994
          ],
          [
            3600.0052811600617,
            2759.5191968493164
          ],
          [
            3610.2209572520806,
            2747.1599728502333
          ],
          [
            3626.2383105747867,
            2731.0048740543425
          ],
          [
            3643.304209705326,
            2715.411456805654
          ]
        ]
      },
      "properties": {
        "id": "pistes:way:708741899",
        "piste_type": "downhill",
        "tags": {
          "z_order": "0",
          "piste:difficulty": "easy",
          "piste:type": "downhill",
          "winter_sports_id": "178133225",
          "winter_sports_name": "Perisher",
          "State": "New South Wales",
          "Country": "Australia",
          "Ski Area": "Perisher",
          "region": "australia-oceania"
        }
      }
    },
    {
      "type": "Feature",
      "geometry": {
        "type": "LineString",
        "coordinates": [
          [
            3406.289039189578,
            2780.0816348074004
          ],
          [
            3403.9496685087797,
            2799.9599768393673
          ],
          [
            3401.6102978279814,
            2819.838318871334
          ],
          [
            3403.2594592227833,
            2851.2591309659183
          ],
          [
            3411.6457129734335,
            2877.8110332237557
          ],
          [
            3424.812415477354,
            2903.106283302419
          ],
          [
            3439.22617125127,
            2918.2254257784225
          ],
          [
            3453.639927025186,
            2933.344568254426
          ],
          [
            3471.4235761082964,
            2946.423054665327
          ],
          [
            3489.207225191407,
            2959.501541076228
          ],
          [
            3503.7794900051085,
            2971.6280427528545
          ],
          [
            3511.384407043399,
            2986.047140576411
          ],
          [
            3518.989324081689,
            3000.4662383999676
          ],
          [
            3524.8165840989677,
            3016.30919957906
          ],
          [
            3530.6438441162463,
            3032.1521607581526
          ],
          [
            3543.3553208606318,
            3053.8589088013396
          ],
          [
            3565.6220135947224,
            3072.652846990153
          ],
          [
            3577.995912355138,
            3085.0109046520665
          ],
          [
            3590.3698111155536,
            3097.36896231398
          ],
          [
            3602.652262401185,
            3116.696327328682
          ],
          [
            3604.555353915319,
            3137.7723786439747
          ],
          [
            3602.827512475429,
            3156.504592610523
          ],
          [
            3594.8422226017574,
            3171.1558669572696
          ],
          [
            3586.8569327280857,
            3185.807141304016
          ],
          [
            3577.482806896558,
            3200.8724801456556
          ],
          [
            3568.1086810650304,
            3215.937818987295
          ],
          [
            3561.5540463556536,
            3232.7540843766183
          ],
          [
            3559.4852021563565,
            3252.101493982598
          ]
        ]
      },
      "properties": {
        "id": "pistes:way:708741904",
        "name": "Wine Glass",
        "piste_type": "downhill",
        "tags": {
          "name": "Wine Glass",
          "z_order": "0",
          "patrolled": "yes",
          "piste:difficulty": "intermediate",
          "piste:grooming": "backcountry",
          "piste:type": "downhill",
          "winter_sports_id": "178133225",
          "winter_sports_name": "Perisher",
          "State": "New South Wales",
          "Country": "Australia",
          "Ski Area": "Perisher",
          "region": "australia-oceania"
        }
      }
    },
    {
      "type": "Feature",
      "geometry": {
        "type": "LineString",
        "coordinates": [
          [
            3302.939711631974,
            2727.8127755103633
          ],
          [
            3286.4819502474274,
            2717.976802702062
          ],
          [
            3273.347497875453,
            2709.080095773563
          ],
          [
            3263.244322444778,
            2702.014547875151
          ]
        ]
      },
      "properties": {
        "id": "pistes:way:708803324",
        "piste_type": "downhill",
        "tags": {
          "z_order": "0",
          "piste:difficulty": "easy",
          "piste:type": "downhill",
          "winter_sports_id": "178133225",
          "winter_sports_name": "Perisher",
          "State": "New South Wales",
          "Country": "Australia",
          "Ski Area": "Perisher",
          "region": "australia-oceania"
        }
      }
    },
    {
      "type": "Feature",
      "geometry": {
        "type": "LineString",
        "coordinates": [
          [
            3302.939711631974,
            2727.8127755103633
          ],
          [
            3326.909565334092,
            2734.887873562053
          ],
          [
            3349.6138212741353,
            2742.513862270862
          ],
          [
            3369.826202126802,
            2750.8638908658177
          ],
          [
            3385.4708352804882,
            2759.0471858214587
          ],
          [
            3401.127413652139,
            2771.7572606392205
          ]
        ]
      },
      "properties": {
        "id": "pistes:way:708803325",
        "piste_type": "downhill",
        "tags": {
          "z_order": "0",
          "piste:difficulty": "easy",
          "piste:type": "downhill",
          "winter_sports_id": "178133225",
          "winter_sports_name": "Perisher",
          "State": "New South Wales",
          "Country": "Australia",
          "Ski Area": "Perisher",
          "region": "australia-oceania"
        }
      }
    },
    {
      "type": "Feature",
      "geometry": {
        "type": "LineString",
        "coordinates": [
          [
            3777.6938752504066,
            3889.1287123765796
          ],
          [
            3787.3691967823543,
            3888.8657982144505
          ],
          [
            3801.9276591629023,
            3896.831235155463
          ],
          [
            3817.07170396304,
            3906.197242118418
          ],
          [
            3832.2157487631775,
            3915.563249081373
          ],
          [
            3857.610491712694,
            3928.4414265593514
          ],
          [
            3875.4181325258105,
            3936.2151522855274
          ],
          [
            3893.225773338927,
            3943.9888780117035
          ],
          [
            3908.861419432971,
            3947.988417858258
          ],
          [
            3924.4970655270154,
            3951.9879577048123
          ],
          [
            3949.7435305812396,
            3955.292577408254
          ],
          [
            3976.6322739325697,
            3954.3346782084554
          ],
          [
            3994.418155495543,
            3953.531639870256
          ],
          [
            4008.508837047033,
            3950.9295023344457
          ],
          [
            4018.2529065830167,
            3946.149440540001
          ],
          [
            4026.8996195555665,
            3936.2481335196644
          ],
          [
            4034.405942838872,
            3919.506400797516
          ],
          [
            4039.3795661877375,
            3902.8681801604107
          ],
          [
            4044.353189536603,
            3886.2299595233053
          ],
          [
            4054.331412030733,
            3861.230334566906
          ],
          [
            4063.174191327067,
            3838.95457864739
          ],
          [
            4066.4599324298324,
            3823.7611984722316
          ],
          [
            4071.4609129530145,
            3805.624654650688
          ],
          [
            4077.56700378377,
            3796.2152789328247
          ],
          [
            4083.450848223176,
            3791.247365148738
          ]
        ]
      },
      "properties": {
        "id": "pistes:way:709206469",
        "piste_type": "downhill",
        "tags": {
          "z_order": "0",
          "patrolled": "yes",
          "piste:difficulty": "intermediate",
          "piste:grooming": "backcountry",
          "piste:type": "downhill",
          "winter_sports_id": "178133225",
          "winter_sports_name": "Perisher",
          "State": "New South Wales",
          "Country": "Australia",
          "Ski Area": "Perisher",
          "region": "australia-oceania"
        }
      }
    },
    {
      "type": "Feature",
      "geometry": {
        "type": "LineString",
        "coordinates": [
          [
            3422.5462339671794,
            3868.8941800035536
          ],
          [
            3444.199990921654,
            3860.801831493154
          ],
          [
            3458.0265956174117,
            3852.9895272627473
          ],
          [
            3477.3062497242354,
            3836.465682664886
          ],
          [
            3485.41211774596,
            3831.9097385676578
          ],
          [
            3503.901848101581,
            3829.2500496581197
          ],
          [
            3522.391578457202,
            3826.5903607485816
          ],
          [
            3532.144886268419,
            3830.4652280611917
          ],
          [
            3550.121541674016,
            3847.7460335828364
          ],
          [
            3567.3865838157362,
            3860.188384251669
          ],
          [
            3584.6516259574564,
            3872.6307349205017
          ],
          [
            3600.798876242867,
            3880.062982559825
          ],
          [
            3616.9461265282785,
            3887.4952301991484
          ],
          [
            3633.0933768136892,
            3894.9274778384715
          ],
          [
            3657.604840563028,
            3905.078474564478
          ],
          [
            3673.5467440371867,
            3911.3374803652987
          ],
          [
            3685.7017078689532,
            3915.033003519289
          ],
          [
            3694.7241013974417,
            3916.1333480570465
          ],
          [
            3709.6171026951633,
            3914.418763222173
          ],
          [
            3733.959255769383,
            3909.2268844600767
          ],
          [
            3748.988954038592,
            3903.0387261067517
          ],
          [
            3764.018652307801,
            3896.8505677534267
          ],
          [
            3777.6938752504066,
            3889.1287123765796
          ],
          [
            3783.4770998462336,
            3885.8600953519344
          ],
          [
            3799.3636017474346,
            3872.2919455319643
          ],
          [
            3807.748624717584,
            3859.8094123657793
          ],
          [
            3807.8740424263524,
            3839.4694559797645
          ],
          [
            3817.4343933583004,
            3844.8669073032215
          ],
          [
            3827.699970479007,
            3845.7159998752177
          ],
          [
            3849.6126918806694,
            3839.4163266746327
          ],
          [
            3867.525866465876,
            3835.0536754510053
          ],
          [
            3885.4390410510823,
            3830.6910242273784
          ],
          [
            3903.3522156362887,
            3826.328373003751
          ],
          [
            3926.0407699174248,
            3820.6440637782216
          ],
          [
            3948.729324198561,
            3814.959754552692
          ],
          [
            3967.395193671575,
            3810.8540791291744
          ],
          [
            3986.061063144589,
            3806.7484037056565
          ],
          [
            4003.060787405198,
            3803.9336761515588
          ],
          [
            4020.0605116658066,
            3801.118948597461
          ],
          [
            4037.0602359264158,
            3798.304221043363
          ],
          [
            4054.3830764040467,
            3796.220699095167
          ],
          [
            4071.7059168816777,
            3794.137177146971
          ],
          [
            4083.450848223176,
            3791.247365148738
          ],
          [
            4090.0150298696244,
            3787.41236011032
          ],
          [
            4094.265338033787,
            3783.6111223362386
          ],
          [
            4096.296606179909,
            3778.9657220011577
          ],
          [
            4092.303129898617,
            3773.3208915460855
          ]
        ]
      },
      "properties": {
        "id": "pistes:way:709206471",
        "piste_type": "downhill",
        "tags": {
          "z_order": "0",
          "patrolled": "yes",
          "piste:difficulty": "intermediate",
          "piste:grooming": "backcountry",
          "piste:type": "downhill",
          "winter_sports_id": "178133225",
          "winter_sports_name": "Perisher",
          "State": "New South Wales",
          "Country": "Australia",
          "Ski Area": "Perisher",
          "region": "australia-oceania"
        }
      }
    },
    {
      "type": "Feature",
      "geometry": {
        "type": "LineString",
        "coordinates": [
          [
            3278.0183117722627,
            3995.9710280215368
          ],
          [
            3292.4657243704423,
            3998.158155582845
          ],
          [
            3308.7739562963834,
            3995.047901513055
          ],
          [
            3328.414534131065,
            3989.7589386785403
          ],
          [
            3349.292866050964,
            3981.3674188498408
          ],
          [
            3367.9399411983322,
            3973.76271962747
          ],
          [
            3388.7687731033657,
            3961.9654953563586
          ],
          [
            3408.1719074817374,
            3950.832453461364
          ],
          [
            3417.600235248334,
            3945.2920729368925
          ],
          [
            3437.2312834006734,
            3943.0653580073267
          ],
          [
            3453.574162769015,
            3942.3509391252883
          ],
          [
            3469.9170421373565,
            3941.63652024325
          ],
          [
            3494.879838209017,
            3938.400216791779
          ],
          [
            3514.9658163043205,
            3930.4414247814566
          ],
          [
            3531.707371827564,
            3929.6933257579803
          ],
          [
            3548.448927350808,
            3928.945226734504
          ],
          [
            3579.9726598641137,
            3925.3359423195943
          ],
          [
            3604.5030504902825,
            3921.3622040227056
          ],
          [
            3629.9148609671975,
            3916.931757129729
          ],
          [
            3656.133860945585,
            3914.342448765412
          ],
          [
            3685.7017078689532,
            3915.033003519289
          ]
        ]
      },
      "properties": {
        "id": "pistes:way:709206472",
        "piste_type": "downhill",
        "tags": {
          "z_order": "0",
          "patrolled": "yes",
          "piste:difficulty": "advanced",
          "piste:grooming": "backcountry",
          "piste:type": "downhill",
          "winter_sports_id": "178133225",
          "winter_sports_name": "Perisher",
          "State": "New South Wales",
          "Country": "Australia",
          "Ski Area": "Perisher",
          "region": "australia-oceania"
        }
      }
    },
    {
      "type": "Feature",
      "geometry": {
        "type": "LineString",
        "coordinates": [
          [
            3328.123409835738,
            5979.75175389275
          ],
          [
            3342.126929398952,
            5969.979888346605
          ],
          [
            3356.130448962166,
            5960.208022800461
          ],
          [
            3370.1339685253797,
            5950.436157254316
          ],
          [
            3384.1374880885937,
            5940.664291708172
          ],
          [
            3398.1410076518077,
            5930.892426162027
          ],
          [
            3412.1445272150218,
            5921.120560615882
          ],
          [
            3426.1480467782358,
            5911.348695069738
          ],
          [
            3440.1515663414493,
            5901.576829523593
          ],
          [
            3454.1550859046633,
            5891.804963977449
          ],
          [
            3468.1586054678774,
            5882.033098431304
          ],
          [
            3474.928837627871,
            5879.283015999943
          ],
          [
            3484.882812644355,
            5878.2841855557635
          ],
          [
            3500.068303452572,
            5879.794649131596
          ],
          [
            3528.3413148698164,
            5881.070681441575
          ],
          [
            3544.5805597435683,
            5874.821112493984
          ],
          [
            3565.9029293444473,
            5857.158087883145
          ],
          [
            3576.411730696156,
            5844.633960743435
          ],
          [
            3586.920532047865,
            5832.109833603725
          ],
          [
            3596.9224091891665,
            5828.236442113295
          ],
          [
            3604.155494776671,
            5828.941325822845
          ],
          [
            3610.538099223515,
            5831.012211696245
          ],
          [
            3621.5775949792005,
            5838.651937359944
          ],
          [
            3639.1171791934757,
            5848.416268442757
          ],
          [
            3656.656763407751,
            5858.180599525571
          ],
          [
            3672.859005402308,
            5859.886796245351
          ],
          [
            3682.147888042149,
            5854.4924919605255
          ],
          [
            3688.5499646916287,
            5837.534253723919
          ],
          [
            3708.1141661899164,
            5813.139262848534
          ],
          [
            3721.709484752675,
            5804.642111435533
          ],
          [
            3735.3048033154337,
            5796.144960022531
          ],
          [
            3755.5132948455866,
            5781.515621407889
          ],
          [
            3771.1495336280204,
            5761.59362412896
          ],
          [
            3789.872149030096,
            5744.134270706214
          ],
          [
            3801.892097733391,
            5726.661451456603
          ],
          [
            3813.912046436686,
            5709.188632206991
          ],
          [
            3825.262519801734,
            5695.453603882964
          ],
          [
            3836.612993166782,
            5681.718575558935
          ],
          [
            3847.96346653183,
            5667.983547234908
          ],
          [
            3863.6875676102936,
            5652.27637855988
          ],
          [
            3875.2738584170584,
            5624.757230523974
          ],
          [
            3881.2428276200662,
            5603.666497487575
          ],
          [
            3887.211796823074,
            5582.575764451176
          ],
          [
            3887.446099851979,
            5561.391010276973
          ],
          [
            3887.680402880884,
            5540.206256102771
          ],
          [
            3887.1504880068824,
            5519.221254143864
          ],
          [
            3892.1523495890433,
            5504.735331082717
          ],
          [
            3901.347849736456,
            5484.340985957533
          ]
        ]
      },
      "properties": {
        "id": "pistes:way:709238394",
        "name": "Outer Limits",
        "piste_type": "downhill",
        "tags": {
          "name": "Outer Limits",
          "z_order": "0",
          "patrolled": "yes",
          "piste:difficulty": "intermediate",
          "piste:grooming": "backcountry",
          "piste:type": "downhill",
          "winter_sports_id": "178133225",
          "winter_sports_name": "Perisher",
          "State": "New South Wales",
          "Country": "Australia",
          "Ski Area": "Perisher",
          "region": "australia-oceania"
        }
      }
    },
    {
      "type": "Feature",
      "geometry": {
        "type": "LineString",
        "coordinates": [
          [
            1378.325897687464,
            5640.496194303036
          ],
          [
            1355.313426451292,
            5661.950234072283
          ],
          [
            1332.7398721252102,
            5678.959792630747
          ],
          [
            1318.8622677682433,
            5685.415578266606
          ],
          [
            1304.700886608567,
            5687.7035260070115
          ],
          [
            1285.8584487243788,
            5688.904294785112
          ],
          [
            1276.7968816147186,
            5690.187448105775
          ],
          [
            1270.5383879621513,
            5692.362630754709
          ],
          [
            1263.8930182043696,
            5698.238086157478
          ]
        ]
      },
      "properties": {
        "id": "pistes:way:709592498",
        "piste_type": "downhill",
        "tags": {
          "z_order": "0",
          "piste:difficulty": "advanced",
          "piste:type": "downhill",
          "winter_sports_id": "178133225",
          "winter_sports_name": "Perisher",
          "State": "New South Wales",
          "Country": "Australia",
          "Ski Area": "Perisher",
          "region": "australia-oceania"
        }
      }
    },
    {
      "type": "Feature",
      "geometry": {
        "type": "LineString",
        "coordinates": [
          [
            1698.1233185034944,
            5550.391308447346
          ],
          [
            1684.6910242883605,
            5539.654540574178
          ],
          [
            1671.2587300732266,
            5528.91777270101
          ],
          [
            1664.6671617686516,
            5522.221693729982
          ],
          [
            1660.1089908883441,
            5514.043022404425
          ],
          [
            1653.011724190903,
            5490.810927078128
          ],
          [
            1644.8651427271543,
            5467.604932301678
          ],
          [
            1633.5835932765622,
            5442.879321066663
          ],
          [
            1622.9246206945973,
            5425.92266835738
          ],
          [
            1604.8485581453424,
            5399.740842981264
          ],
          [
            1593.2010334691731,
            5386.426489535719
          ],
          [
            1574.438053734717,
            5368.664741136134
          ]
        ]
      },
      "properties": {
        "id": "pistes:way:709592509",
        "piste_type": "downhill",
        "tags": {
          "z_order": "0",
          "piste:difficulty": "advanced",
          "piste:type": "downhill",
          "winter_sports_id": "178133225",
          "winter_sports_name": "Perisher",
          "State": "New South Wales",
          "Country": "Australia",
          "Ski Area": "Perisher",
          "region": "australia-oceania"
        }
      }
    },
    {
      "type": "Feature",
      "geometry": {
        "type": "LineString",
        "coordinates": [
          [
            1828.7482779057464,
            4751.4041207283735
          ],
          [
            1822.4997714863857,
            4751.715564037673
          ],
          [
            1816.548364351038,
            4756.4831058532
          ],
          [
            1806.336323569296,
            4766.937064121477
          ],
          [
            1791.6986136297928,
            4779.074339296669
          ],
          [
            1773.2378343467135,
            4786.73941440694
          ],
          [
            1753.6011666906415,
            4788.096877190284
          ],
          [
            1733.9644990345696,
            4789.4543399736285
          ],
          [
            1716.6885527356062,
            4793.407553063706
          ],
          [
            1693.5857853970956,
            4801.438484983519
          ],
          [
            1678.5243890057318,
            4808.433351759799
          ],
          [
            1659.7406343048206,
            4815.481457373127
          ],
          [
            1651.4755316213705,
            4817.186367370188
          ]
        ]
      },
      "properties": {
        "id": "pistes:way:709592520",
        "piste_type": "downhill",
        "tags": {
          "z_order": "0",
          "piste:difficulty": "easy",
          "piste:type": "downhill",
          "winter_sports_id": "178133225",
          "winter_sports_name": "Perisher",
          "State": "New South Wales",
          "Country": "Australia",
          "Ski Area": "Perisher",
          "region": "australia-oceania"
        }
      }
    },
    {
      "type": "Feature",
      "geometry": {
        "type": "LineString",
        "coordinates": [
          [
            2846.2047272610944,
            5713.83175219968
          ],
          [
            2832.7947140519973,
            5714.08088969253
          ],
          [
            2819.1905656445306,
            5703.370496894233
          ],
          [
            2816.481993534253,
            5688.530596493743
          ],
          [
            2816.7695435467176,
            5673.647434698418
          ],
          [
            2816.418600798119,
            5649.342351633124
          ],
          [
            2813.9039578537922,
            5630.533022773452
          ],
          [
            2811.3893149094656,
            5611.72369391378
          ],
          [
            2803.6055275873514,
            5590.255406937562
          ],
          [
            2795.821740265237,
            5568.787119961344
          ],
          [
            2792.476698427694,
            5544.037060225382
          ],
          [
            2793.717048045364,
            5526.166558470577
          ],
          [
            2801.8465355641674,
            5503.225826096721
          ],
          [
            2817.9309432305163,
            5478.195225188509
          ],
          [
            2827.136744369054,
            5460.209688054398
          ],
          [
            2831.9075686496217,
            5445.761069661938
          ],
          [
            2834.0621308243135,
            5429.697008466348
          ]
        ]
      },
      "properties": {
        "id": "pistes:way:709651193",
        "name": "The Wall",
        "piste_type": "downhill",
        "tags": {
          "name": "The Wall",
          "z_order": "0",
          "patrolled": "yes",
          "piste:difficulty": "advanced",
          "piste:grooming": "backcountry",
          "piste:type": "downhill",
          "winter_sports_id": "178133225",
          "winter_sports_name": "Perisher",
          "State": "New South Wales",
          "Country": "Australia",
          "Ski Area": "Perisher",
          "region": "australia-oceania"
        }
      }
    },
    {
      "type": "Feature",
      "geometry": {
        "type": "LineString",
        "coordinates": [
          [
            2582.7110989369685,
            4766.841541306116
          ],
          [
            2593.6961070070975,
            4759.659742908552
          ],
          [
            2606.0560080736177,
            4759.481533695944
          ],
          [
            2623.4203171380796,
            4762.925929125398
          ],
          [
            2646.2786198641406,
            4775.322757510468
          ],
          [
            2667.5368466771906,
            4791.847933451645
          ],
          [
            2685.921866667224,
            4808.825047636405
          ],
          [
            2702.5349788184976,
            4827.969119136222
          ]
        ]
      },
      "properties": {
        "id": "pistes:way:709651198",
        "piste_type": "downhill",
        "tags": {
          "z_order": "0",
          "piste:difficulty": "easy",
          "piste:grooming": "classic",
          "piste:type": "downhill",
          "winter_sports_id": "178133225",
          "winter_sports_name": "Perisher",
          "State": "New South Wales",
          "Country": "Australia",
          "Ski Area": "Perisher",
          "region": "australia-oceania"
        }
      }
    },
    {
      "type": "Feature",
      "geometry": {
        "type": "LineString",
        "coordinates": [
          [
            2675.1303997098003,
            4565.146724274382
          ],
          [
            2655.8966397221666,
            4565.790357057005
          ],
          [
            2641.921844266355,
            4559.101656069979
          ],
          [
            2627.8756641986547,
            4546.83847932471
          ],
          [
            2613.8294841309544,
            4534.57530257944
          ],
          [
            2600.8553243584465,
            4521.163030767813
          ],
          [
            2587.8811645859387,
            4507.7507589561865
          ],
          [
            2574.907004813431,
            4494.33848714456
          ],
          [
            2572.590041025076,
            4481.101711722091
          ],
          [
            2576.8054353296757,
            4471.0772100016475
          ]
        ]
      },
      "properties": {
        "id": "pistes:way:709651214",
        "piste_type": "downhill",
        "tags": {
          "z_order": "0",
          "piste:difficulty": "easy",
          "piste:grooming": "yes",
          "piste:type": "downhill",
          "winter_sports_id": "178133225",
          "winter_sports_name": "Perisher",
          "State": "New South Wales",
          "Country": "Australia",
          "Ski Area": "Perisher",
          "region": "australia-oceania"
        }
      }
    },
    {
      "type": "Feature",
      "geometry": {
        "type": "LineString",
        "coordinates": [
          [
            2675.1303997098003,
            4565.146724274382
          ],
          [
            2682.3412054398214,
            4582.41818892397
          ],
          [
            2689.5520111698424,
            4599.689653573558
          ],
          [
            2687.549305192835,
            4616.017796942964
          ],
          [
            2685.546599215828,
            4632.345940312371
          ]
        ]
      },
      "properties": {
        "id": "pistes:way:709651215",
        "piste_type": "downhill",
        "tags": {
          "z_order": "0",
          "piste:difficulty": "easy",
          "piste:grooming": "yes",
          "piste:type": "downhill",
          "winter_sports_id": "178133225",
          "winter_sports_name": "Perisher",
          "State": "New South Wales",
          "Country": "Australia",
          "Ski Area": "Perisher",
          "region": "australia-oceania"
        }
      }
    },
    {
      "type": "Feature",
      "geometry": {
        "type": "LineString",
        "coordinates": [
          [
            2942.4443885745713,
            5706.560705289245
          ],
          [
            2952.0728930048645,
            5685.539869725704
          ],
          [
            2963.349784708116,
            5672.417354981415
          ],
          [
            2977.2376580534037,
            5659.922791691963
          ],
          [
            2991.1255313986912,
            5647.42822840251
          ],
          [
            3009.8980236038333,
            5634.5745091587305
          ],
          [
            3037.8140781776747,
            5619.30282481201
          ],
          [
            3057.538264075876,
            5613.014822432771
          ],
          [
            3077.2624499740778,
            5606.726820053533
          ],
          [
            3097.5399700636626,
            5598.999400066212
          ],
          [
            3117.8174901532475,
            5591.271980078891
          ],
          [
            3134.919337237409,
            5582.447589353037
          ],
          [
            3152.0211843215707,
            5573.623198627184
          ],
          [
            3169.123031405732,
            5564.79880790133
          ],
          [
            3187.6573561137193,
            5555.665097858757
          ],
          [
            3206.1916808217065,
            5546.531387816183
          ],
          [
            3225.353951168654,
            5541.111031498294
          ],
          [
            3244.5162215156015,
            5535.690675180405
          ],
          [
            3266.2700822214247,
            5530.798539835028
          ],
          [
            3288.023942927248,
            5525.906404489651
          ],
          [
            3304.844063270837,
            5517.368701805361
          ],
          [
            3321.6641836144263,
            5508.83099912107
          ],
          [
            3340.144424410537,
            5495.986293466296
          ],
          [
            3358.6246652066475,
            5483.141587811522
          ],
          [
            3383.20290048467,
            5475.351128323004
          ],
          [
            3398.177099968501,
            5465.029586563508
          ],
          [
            3413.1512994523314,
            5454.7080448040115
          ],
          [
            3428.1254989361623,
            5444.386503044516
          ],
          [
            3442.188126897905,
            5423.600288813934
          ],
          [
            3452.9174355046707,
            5411.150756562594
          ],
          [
            3463.6467441114364,
            5398.701224311255
          ],
          [
            3478.3246828155825,
            5380.757555233315
          ],
          [
            3498.1521522866096,
            5362.173222543672
          ],
          [
            3514.6103630036814,
            5348.209113037214
          ],
          [
            3526.4918453532737,
            5336.031239574775
          ],
          [
            3548.640256133629,
            5319.121782666072
          ],
          [
            3568.7173318184214,
            5317.12142855674
          ],
          [
            3584.5548106356873,
            5320.036896479782
          ],
          [
            3600.3922894529533,
            5322.952364402823
          ],
          [
            3617.4316022274434,
            5329.850237290375
          ],
          [
            3634.4709150019335,
            5336.748110177927
          ],
          [
            3663.342016929295,
            5347.190923860297
          ],
          [
            3681.2224953279365,
            5350.536976465024
          ],
          [
            3699.102973726578,
            5353.8830290697515
          ]
        ]
      },
      "properties": {
        "id": "pistes:way:710889566",
        "name": "Rock Garden",
        "piste_type": "downhill",
        "tags": {
          "name": "Rock Garden",
          "z_order": "0",
          "patrolled": "yes",
          "piste:difficulty": "advanced",
          "piste:grooming": "backcountry",
          "piste:type": "downhill",
          "winter_sports_id": "178133225",
          "winter_sports_name": "Perisher",
          "State": "New South Wales",
          "Country": "Australia",
          "Ski Area": "Perisher",
          "region": "australia-oceania"
        }
      }
    },
    {
      "type": "Feature",
      "geometry": {
        "type": "LineString",
        "coordinates": [
          [
            3138.647398961941,
            4840.605095554143
          ],
          [
            3149.829240388819,
            4837.125621937215
          ],
          [
            3160.021610611351,
            4831.60779780522
          ],
          [
            3169.647224708926,
            4824.744519870728
          ],
          [
            3176.3408850058913,
            4817.38002009131
          ],
          [
            3184.02251036535,
            4807.615672433749
          ],
          [
            3194.662730988348,
            4790.285712113604
          ],
          [
            3201.211231869296,
            4779.716695754789
          ],
          [
            3212.1856548282085,
            4768.739587336779
          ],
          [
            3233.934367930051,
            4755.886532392353
          ],
          [
            3246.723772737896,
            4748.2006284650415
          ],
          [
            3253.0099840932526,
            4740.5867722006515
          ],
          [
            3257.663746146136,
            4732.9965723492205
          ],
          [
            3260.3875890473137,
            4710.4776111878455
          ]
        ]
      },
      "properties": {
        "id": "pistes:way:761875877",
        "name": "Brumbies Run",
        "piste_type": "downhill",
        "tags": {
          "name": "Brumbies Run",
          "z_order": "0",
          "piste:difficulty": "intermediate",
          "piste:type": "downhill",
          "winter_sports_id": "178133225",
          "winter_sports_name": "Perisher",
          "State": "New South Wales",
          "Country": "Australia",
          "Ski Area": "Perisher",
          "region": "australia-oceania"
        }
      }
    },
    {
      "type": "Feature",
      "geometry": {
        "type": "LineString",
        "coordinates": [
          [
            3628.7891544146696,
            4308.398381233215
          ],
          [
            3644.167498654453,
            4294.360847563483
          ],
          [
            3653.646972262999,
            4273.196976520121
          ],
          [
            3662.3403141655144,
            4256.582591269165
          ],
          [
            3671.03365606803,
            4239.9682060182095
          ],
          [
            3683.094520029321,
            4224.830447739456
          ],
          [
            3695.155383990612,
            4209.692689460702
          ],
          [
            3708.051039531012,
            4184.728759838268
          ],
          [
            3713.4257685180055,
            4174.331716381013
          ],
          [
            3723.253494250588,
            4154.621741584502
          ],
          [
            3733.0812199831707,
            4134.911766787991
          ],
          [
            3741.2241631879006,
            4108.851905977353
          ],
          [
            3742.9324661410647,
            4092.1670981878415
          ],
          [
            3744.6407690942287,
            4075.4822903983295
          ],
          [
            3747.930449024134,
            4053.426415748894
          ],
          [
            3751.220128954039,
            4031.370541099459
          ],
          [
            3755.1698723893496,
            4014.9138476336375
          ],
          [
            3759.1196158246603,
            3998.457154167816
          ],
          [
            3771.4515050047776,
            3972.391753522679
          ],
          [
            3774.553853622754,
            3947.0265706609935
          ],
          [
            3772.1513475844404,
            3930.806580016855
          ],
          [
            3769.7488415461266,
            3914.586589372717
          ],
          [
            3777.6938752504066,
            3889.1287123765796
          ]
        ]
      },
      "properties": {
        "id": "pistes:way:924971311",
        "piste_type": "downhill",
        "tags": {
          "z_order": "0",
          "piste:difficulty": "intermediate",
          "piste:type": "downhill",
          "winter_sports_id": "178133225",
          "winter_sports_name": "Perisher",
          "State": "New South Wales",
          "Country": "Australia",
          "Ski Area": "Perisher",
          "region": "australia-oceania"
        }
      }
    },
    {
      "type": "Feature",
      "geometry": {
        "type": "LineString",
        "coordinates": [
          [
            3533.1898652423406,
            4231.464514244348
          ],
          [
            3549.3654584699834,
            4230.929865979124
          ],
          [
            3565.5410516976262,
            4230.3952177139
          ],
          [
            3581.716644925269,
            4229.860569448676
          ],
          [
            3597.892238152912,
            4229.325921183452
          ],
          [
            3607.3750888005598,
            4254.674494339153
          ],
          [
            3611.3393785094377,
            4273.129747319501
          ],
          [
            3615.3036682183156,
            4291.585000299849
          ],
          [
            3628.7891544146696,
            4308.398381233215
          ]
        ]
      },
      "properties": {
        "id": "pistes:way:924971312",
        "piste_type": "downhill",
        "tags": {
          "z_order": "0",
          "piste:difficulty": "intermediate",
          "piste:type": "downhill",
          "winter_sports_id": "178133225",
          "winter_sports_name": "Perisher",
          "State": "New South Wales",
          "Country": "Australia",
          "Ski Area": "Perisher",
          "region": "australia-oceania"
        }
      }
    },
    {
      "type": "Feature",
      "geometry": {
        "type": "LineString",
        "coordinates": [
          [
            3533.1898652423406,
            4231.464514244348
          ],
          [
            3546.194812823599,
            4219.920360904932
          ],
          [
            3559.199760404858,
            4208.376207565516
          ],
          [
            3572.2047079861163,
            4196.832054226101
          ],
          [
            3585.209655567375,
            4185.287900886685
          ],
          [
            3598.2146031486336,
            4173.743747547269
          ],
          [
            3609.24153280037,
            4159.270203464354
          ],
          [
            3620.268462452106,
            4144.796659381439
          ],
          [
            3631.2953921038425,
            4130.3231152985245
          ],
          [
            3653.9243182457285,
            4109.67813659925
          ],
          [
            3672.518374891719,
            4104.592240570113
          ],
          [
            3682.475393174682,
            4099.01059657149
          ],
          [
            3686.9861852229806,
            4088.426414821297
          ],
          [
            3689.7434735808056,
            4072.619552252814
          ],
          [
            3695.5435304496204,
            4059.398063186556
          ],
          [
            3705.6886830175063,
            4048.2547898562625
          ],
          [
            3721.222518361057,
            4041.554509107955
          ],
          [
            3736.756353704608,
            4034.854228359647
          ],
          [
            3751.220128954039,
            4031.370541099459
          ],
          [
            3770.0210240258602,
            4028.8000819035806
          ],
          [
            3788.8219190976815,
            4026.229622707702
          ],
          [
            3809.2593545111595,
            4031.9347115573473
          ],
          [
            3829.6967899246374,
            4037.6398004069924
          ],
          [
            3845.607933089952,
            4035.9101469367743
          ],
          [
            3861.5190762552666,
            4034.180493466556
          ],
          [
            3879.7167532846797,
            4014.2207907885313
          ],
          [
            3898.410115172621,
            4009.1995218247175
          ],
          [
            3924.963272799854,
            4014.7486703423783
          ],
          [
            3943.9350898144767,
            4014.0616026446223
          ],
          [
            3967.6328168817563,
            4016.9560271892697
          ],
          [
            3989.45910161559,
            4010.8569677500054
          ],
          [
            4011.285386349424,
            4004.757908310741
          ],
          [
            4028.026467611664,
            3999.354293874465
          ],
          [
            4049.5264276718954,
            3997.3319355715066
          ],
          [
            4078.079593555769,
            3999.1566189341247
          ],
          [
            4083.718252378865,
            3999.5070609413087
          ],
          [
            4083.497232460417,
            4016.941402710974
          ],
          [
            4083.536279980326,
            4017.7729994710535
          ]
        ]
      },
      "properties": {
        "id": "pistes:way:924971313",
        "piste_type": "downhill",
        "tags": {
          "z_order": "0",
          "piste:difficulty": "advanced",
          "piste:type": "downhill",
          "winter_sports_id": "178133225",
          "winter_sports_name": "Perisher",
          "State": "New South Wales",
          "Country": "Australia",
          "Ski Area": "Perisher",
          "region": "australia-oceania"
        }
      }
    },
    {
      "type": "Feature",
      "geometry": {
        "type": "LineString",
        "coordinates": [
          [
            3628.7891544146696,
            4308.398381233215
          ],
          [
            3632.428077772609,
            4313.726803060621
          ],
          [
            3635.9694117992185,
            4318.51296170149
          ],
          [
            3646.450981081696,
            4332.019139538985
          ],
          [
            3656.932550364174,
            4345.5253173764795
          ],
          [
            3671.0436718280544,
            4353.530776082072
          ],
          [
            3685.1547932919348,
            4361.536234787665
          ],
          [
            3706.171918641601,
            4367.266446861904
          ],
          [
            3727.1890439912677,
            4372.996658936143
          ],
          [
            3747.4371104877596,
            4374.8840935609
          ],
          [
            3767.685176984252,
            4376.771528185655
          ],
          [
            3787.933243480744,
            4378.658962810412
          ],
          [
            3805.592787235432,
            4377.950615054307
          ],
          [
            3823.2523309901203,
            4377.242267298202
          ],
          [
            3840.9118747448083,
            4376.533919542097
          ],
          [
            3858.8012583622476,
            4370.459309281781
          ],
          [
            3868.420977020287,
            4358.33600774128
          ],
          [
            3873.340389981924,
            4339.474051818252
          ],
          [
            3878.259802943561,
            4320.612095895223
          ],
          [
            3889.5656855850248,
            4304.159133013338
          ],
          [
            3907.514748104848,
            4297.883805561811
          ],
          [
            3925.463810624671,
            4291.608478110284
          ],
          [
            3936.870368868578,
            4273.456353569869
          ],
          [
            3948.2769271124853,
            4255.304229029454
          ],
          [
            3953.8742580931284,
            4232.193834555801
          ],
          [
            3959.4715890737716,
            4209.083440082148
          ],
          [
            3977.0136933451286,
            4185.37171135284
          ],
          [
            3990.0284774402776,
            4174.378560222064
          ],
          [
            4003.043261535427,
            4163.385409091289
          ],
          [
            4016.058045630576,
            4152.392257960513
          ],
          [
            4025.338355235872,
            4135.791101325769
          ],
          [
            4034.6186648411676,
            4119.189944691025
          ],
          [
            4037.429522087681,
            4105.867568377405
          ],
          [
            4043.6777957710437,
            4090.1982664112
          ],
          [
            4053.1829802951543,
            4080.7171430410817
          ],
          [
            4065.9772570878267,
            4071.0215848442167
          ],
          [
            4073.2329438742017,
            4048.780086326413
          ],
          [
            4077.0449214802356,
            4026.6110230721533
          ],
          [
            4078.079593555769,
            3999.1566189341247
          ]
        ]
      },
      "properties": {
        "id": "pistes:way:924971314",
        "name": "The North Face",
        "piste_type": "downhill",
        "tags": {
          "name": "The North Face",
          "z_order": "0",
          "piste:difficulty": "advanced",
          "piste:type": "downhill",
          "winter_sports_id": "178133225",
          "winter_sports_name": "Perisher",
          "State": "New South Wales",
          "Country": "Australia",
          "Ski Area": "Perisher",
          "region": "australia-oceania"
        }
      }
    },
    {
      "type": "Feature",
      "geometry": {
        "type": "LineString",
        "coordinates": [
          [
            3369.405221865978,
            4067.942393939942
          ],
          [
            3392.5404510592343,
            4084.6271830685437
          ],
          [
            3400.417547948348,
            4103.020174850089
          ],
          [
            3408.294644837462,
            4121.413166631634
          ],
          [
            3416.1717417265754,
            4139.806158413179
          ],
          [
            3424.6603995321007,
            4153.973955870296
          ],
          [
            3433.1490573376263,
            4168.141753327412
          ],
          [
            3441.6377151431516,
            4182.309550784528
          ],
          [
            3450.448402940063,
            4202.175749859773
          ],
          [
            3459.259090736974,
            4222.041948935017
          ],
          [
            3470.5852273518103,
            4235.9743341412395
          ],
          [
            3481.9113639666466,
            4249.906719347462
          ],
          [
            3498.7701518958784,
            4256.568814683706
          ],
          [
            3515.62893982511,
            4263.230910019949
          ],
          [
            3545.6707674076315,
            4262.50597426109
          ],
          [
            3557.331550146686,
            4255.623745479621
          ],
          [
            3563.4481573181693,
            4241.321496389806
          ],
          [
            3558.5649697190383,
            4233.703260343522
          ],
          [
            3533.1898652423406,
            4231.464514244348
          ]
        ]
      },
      "properties": {
        "id": "pistes:way:924971316",
        "piste_type": "downhill",
        "tags": {
          "z_order": "0",
          "piste:difficulty": "intermediate",
          "piste:type": "downhill",
          "winter_sports_id": "178133225",
          "winter_sports_name": "Perisher",
          "State": "New South Wales",
          "Country": "Australia",
          "Ski Area": "Perisher",
          "region": "australia-oceania"
        }
      }
    },
    {
      "type": "Feature",
      "geometry": {
        "type": "LineString",
        "coordinates": [
          [
            3607.3750888005598,
            4254.674494339153
          ],
          [
            3623.837190822349,
            4245.7695460366085
          ],
          [
            3640.299292844138,
            4236.864597734064
          ],
          [
            3658.4965206049383,
            4214.342344017699
          ],
          [
            3681.631047195755,
            4196.375067297369
          ],
          [
            3708.051039531012,
            4184.728759838268
          ],
          [
            3727.237292517384,
            4176.560651817825
          ],
          [
            3746.423545503756,
            4168.392543797381
          ],
          [
            3767.325751665863,
            4170.263042874634
          ],
          [
            3779.0655573684876,
            4182.589408078541
          ],
          [
            3790.8053630711124,
            4194.915773282449
          ],
          [
            3802.545168773737,
            4207.2421384863555
          ],
          [
            3820.211632342194,
            4211.755981129594
          ],
          [
            3839.4346038558288,
            4211.653566826135
          ],
          [
            3859.369610500755,
            4200.079046026804
          ],
          [
            3875.0009332922054,
            4189.898625142407
          ],
          [
            3890.632256083656,
            4179.71820425801
          ],
          [
            3910.3552947269054,
            4174.537680692039
          ],
          [
            3932.0557889794,
            4175.164546167478
          ],
          [
            3951.6475090521853,
            4171.439357474446
          ],
          [
            3978.9151821749983,
            4160.123810749501
          ],
          [
            3997.486613902787,
            4156.258034355007
          ],
          [
            4016.058045630576,
            4152.392257960513
          ]
        ]
      },
      "properties": {
        "id": "pistes:way:924971317",
        "piste_type": "downhill",
        "tags": {
          "z_order": "0",
          "piste:difficulty": "advanced",
          "piste:type": "downhill",
          "winter_sports_id": "178133225",
          "winter_sports_name": "Perisher",
          "State": "New South Wales",
          "Country": "Australia",
          "Ski Area": "Perisher",
          "region": "australia-oceania"
        }
      }
    },
    {
      "type": "Feature",
      "geometry": {
        "type": "LineString",
        "coordinates": [
          [
            3260.746045492473,
            4651.03382515721
          ],
          [
            3264.92808872147,
            4646.801296780817
          ],
          [
            3269.179988826392,
            4643.055955557153
          ],
          [
            3269.706945952261,
            4640.418683059514
          ],
          [
            3269.6389067593263,
            4638.200569251552
          ],
          [
            3267.120647355565,
            4633.432722422294
          ]
        ]
      },
      "properties": {
        "id": "pistes:way:992422027",
        "piste_type": "downhill",
        "tags": {
          "highway": "footway",
          "z_order": "0",
          "piste:difficulty": "easy",
          "piste:type": "downhill",
          "winter_sports_id": "178133225",
          "winter_sports_name": "Perisher",
          "State": "New South Wales",
          "Country": "Australia",
          "Ski Area": "Perisher",
          "region": "australia-oceania"
        }
      }
    },
    {
      "type": "Feature",
      "geometry": {
        "type": "LineString",
        "coordinates": [
          [
            4113.000446849735,
            2800.3368312139064
          ],
          [
            4109.410676519503,
            2797.1271500382572
          ],
          [
            4108.494195550331,
            2792.103140361607
          ],
          [
            4109.103224952007,
            2784.6713060382754
          ],
          [
            4120.928634221229,
            2768.6596574464347
          ],
          [
            4132.754043490451,
            2752.648008854594
          ],
          [
            4144.579452759674,
            2736.6363602627534
          ],
          [
            4156.404862028896,
            2720.624711670913
          ],
          [
            4169.237178650568,
            2705.7023173831403
          ],
          [
            4171.39075010817,
            2704.539105437696
          ],
          [
            4174.564386576065,
            2704.4372613485903
          ]
        ]
      },
      "properties": {
        "id": "pistes:way:992422029",
        "piste_type": "downhill",
        "tags": {
          "z_order": "0",
          "piste:difficulty": "easy",
          "piste:type": "downhill",
          "winter_sports_id": "178133225",
          "winter_sports_name": "Perisher",
          "State": "New South Wales",
          "Country": "Australia",
          "Ski Area": "Perisher",
          "region": "australia-oceania"
        }
      }
    },
    {
      "type": "Feature",
      "geometry": {
        "type": "LineString",
        "coordinates": [
          [
            3836.77948962315,
            2919.737563491799
          ],
          [
            3830.9240352310007,
            2911.8451670967042
          ],
          [
            3827.7925457984675,
            2903.1474884860218
          ],
          [
            3828.569233171176,
            2898.586993069388
          ],
          [
            3830.4289753553458,
            2894.4878273298964
          ],
          [
            3850.591783472162,
            2884.296779701952
          ],
          [
            3870.7545915889787,
            2874.1057320740074
          ]
        ]
      },
      "properties": {
        "id": "pistes:way:992422034",
        "piste_type": "downhill",
        "tags": {
          "z_order": "0",
          "piste:difficulty": "easy",
          "piste:type": "downhill",
          "winter_sports_id": "178133225",
          "winter_sports_name": "Perisher",
          "State": "New South Wales",
          "Country": "Australia",
          "Ski Area": "Perisher",
          "region": "australia-oceania"
        }
      }
    },
    {
      "type": "Feature",
      "geometry": {
        "type": "LineString",
        "coordinates": [
          [
            2499.2327675112756,
            2521.1770904948935
          ],
          [
            2497.7316578228492,
            2534.635379338637
          ],
          [
            2500.778437434812,
            2541.914481168613
          ]
        ]
      },
      "properties": {
        "id": "pistes:way:992422037",
        "piste_type": "downhill",
        "tags": {
          "z_order": "0",
          "piste:difficulty": "easy",
          "piste:type": "downhill",
          "winter_sports_id": "178133225",
          "winter_sports_name": "Perisher",
          "State": "New South Wales",
          "Country": "Australia",
          "Ski Area": "Perisher",
          "region": "australia-oceania"
        }
      }
    },
    {
      "type": "Feature",
      "geometry": {
        "type": "LineString",
        "coordinates": [
          [
            2167.403070258675,
            2112.980929862708
          ],
          [
            2185.8539907971476,
            2111.084492442198
          ],
          [
            2204.3049113356196,
            2109.1880550216883
          ],
          [
            2222.755831874092,
            2107.2916176011786
          ]
        ]
      },
      "properties": {
        "id": "pistes:way:992422038",
        "piste_type": "downhill",
        "tags": {
          "z_order": "0",
          "piste:difficulty": "intermediate",
          "piste:type": "downhill",
          "winter_sports_id": "178133225",
          "winter_sports_name": "Perisher",
          "State": "New South Wales",
          "Country": "Australia",
          "Ski Area": "Perisher",
          "region": "australia-oceania"
        }
      }
    },
    {
      "type": "Feature",
      "geometry": {
        "type": "LineString",
        "coordinates": [
          [
            2167.403070258675,
            2112.980929862708
          ],
          [
            2175.5087334976415,
            2090.712212845683
          ],
          [
            2183.614396736608,
            2068.4434958286583
          ]
        ]
      },
      "properties": {
        "id": "pistes:way:992422039",
        "piste_type": "downhill",
        "tags": {
          "z_order": "0",
          "piste:difficulty": "easy",
          "piste:type": "downhill",
          "winter_sports_id": "178133225",
          "winter_sports_name": "Perisher",
          "State": "New South Wales",
          "Country": "Australia",
          "Ski Area": "Perisher",
          "region": "australia-oceania"
        }
      }
    },
    {
      "type": "Feature",
      "geometry": {
        "type": "LineString",
        "coordinates": [
          [
            2103.435757398838,
            2106.488819461316
          ],
          [
            2102.260025069001,
            2100.8137356285006
          ],
          [
            2102.9321326259524,
            2080.8100127074867
          ],
          [
            2101.6942934106337,
            2069.5658882670105
          ],
          [
            2098.904564418597,
            2050.8102354500443
          ]
        ]
      },
      "properties": {
        "id": "pistes:way:992422040",
        "piste_type": "downhill",
        "tags": {
          "z_order": "0",
          "piste:type": "downhill",
          "winter_sports_id": "178133225",
          "winter_sports_name": "Perisher",
          "State": "New South Wales",
          "Country": "Australia",
          "Ski Area": "Perisher",
          "region": "australia-oceania"
        }
      }
    },
    {
      "type": "Feature",
      "geometry": {
        "type": "LineString",
        "coordinates": [
          [
            2396.931548251072,
            2160.0284254699945
          ],
          [
            2373.671735616168,
            2151.6424427647144
          ]
        ]
      },
      "properties": {
        "id": "pistes:way:992422041",
        "piste_type": "downhill",
        "tags": {
          "z_order": "0",
          "piste:difficulty": "intermediate",
          "piste:type": "downhill",
          "winter_sports_id": "178133225",
          "winter_sports_name": "Perisher",
          "State": "New South Wales",
          "Country": "Australia",
          "Ski Area": "Perisher",
          "region": "australia-oceania"
        }
      }
    },
    {
      "type": "Feature",
      "geometry": {
        "type": "LineString",
        "coordinates": [
          [
            2907.6756558889756,
            2442.0483650499955
          ],
          [
            2899.849365235772,
            2426.794272977859
          ],
          [
            2893.4452398193534,
            2419.33085133601
          ]
        ]
      },
      "properties": {
        "id": "pistes:way:992422043",
        "piste_type": "downhill",
        "tags": {
          "z_order": "0",
          "piste:difficulty": "easy",
          "piste:type": "downhill",
          "winter_sports_id": "178133225",
          "winter_sports_name": "Perisher",
          "State": "New South Wales",
          "Country": "Australia",
          "Ski Area": "Perisher",
          "region": "australia-oceania"
        }
      }
    },
    {
      "type": "Feature",
      "geometry": {
        "type": "LineString",
        "coordinates": [
          [
            1356.0575863166014,
            4827.754908615723
          ],
          [
            1357.855634756619,
            4824.877725160681
          ],
          [
            1361.029508083826,
            4824.111217772588
          ],
          [
            1365.363509900868,
            4824.171398060396
          ],
          [
            1375.5564138476038,
            4828.674854863435
          ]
        ]
      },
      "properties": {
        "id": "pistes:way:992422046",
        "piste_type": "downhill",
        "tags": {
          "z_order": "0",
          "piste:difficulty": "easy",
          "piste:type": "downhill",
          "winter_sports_id": "178133225",
          "winter_sports_name": "Perisher",
          "State": "New South Wales",
          "Country": "Australia",
          "Ski Area": "Perisher",
          "region": "australia-oceania"
        }
      }
    },
    {
      "type": "Feature",
      "geometry": {
        "type": "LineString",
        "coordinates": [
          [
            4091.6779918062966,
            2527.43063445203
          ],
          [
            4083.8682333055185,
            2507.3174193082377
          ]
        ]
      },
      "properties": {
        "id": "pistes:way:992635588",
        "piste_type": "downhill",
        "tags": {
          "highway": "footway",
          "z_order": "0",
          "piste:difficulty": "easy",
          "piste:name": "Goat's Gully",
          "piste:type": "downhill",
          "winter_sports_id": "178133225",
          "winter_sports_name": "Perisher",
          "State": "New South Wales",
          "Country": "Australia",
          "Ski Area": "Perisher",
          "region": "australia-oceania"
        }
      }
    },
    {
      "type": "Feature",
      "geometry": {
        "type": "LineString",
        "coordinates": [
          [
            3112.5835510420147,
            2205.8316745497286
          ],
          [
            3140.295330765075,
            2197.064060650766
          ],
          [
            3159.190428366768,
            2197.2395434025675
          ],
          [
            3178.0855259684613,
            2197.415026154369
          ],
          [
            3202.736534950207,
            2196.525032233447
          ],
          [
            3231.5548334892374,
            2190.4705796595663
          ],
          [
            3251.30257340963,
            2187.28820909746
          ],
          [
            3261.3453468095977,
            2186.521174395457
          ],
          [
            3289.112104912405,
            2185.263961554505
          ],
          [
            3305.598575053853,
            2183.5490166842937
          ],
          [
            3321.4509609452216,
            2183.873728228733
          ],
          [
            3349.7067418851657,
            2184.7950456896797
          ],
          [
            3369.864323893562,
            2188.8407505806535
          ],
          [
            3388.8643463532208,
            2195.5180297615007
          ],
          [
            3407.8643688128795,
            2202.1953089423478
          ],
          [
            3426.8643912725383,
            2208.872588123195
          ],
          [
            3442.980779810265,
            2215.83945124348
          ],
          [
            3459.0971683479925,
            2222.806314363765
          ],
          [
            3475.2135568857193,
            2229.7731774840504
          ],
          [
            3496.2272439890075,
            2237.7894583679736
          ],
          [
            3501.117173247738,
            2240.392416201532
          ],
          [
            3511.6210644143866,
            2246.664068568498
          ],
          [
            3519.622450288036,
            2245.5158733176067
          ]
        ]
      },
      "properties": {
        "id": "pistes:way:992635591",
        "name": "Snowy Trails",
        "piste_type": "downhill",
        "tags": {
          "name": "Snowy Trails",
          "z_order": "0",
          "piste:difficulty": "easy",
          "piste:grooming": "classic",
          "piste:type": "downhill",
          "winter_sports_id": "178133225",
          "winter_sports_name": "Perisher",
          "State": "New South Wales",
          "Country": "Australia",
          "Ski Area": "Perisher",
          "region": "australia-oceania"
        }
      }
    },
    {
      "type": "Feature",
      "geometry": {
        "type": "LineString",
        "coordinates": [
          [
            2631.7553801630856,
            3146.826863443479
          ],
          [
            2644.9142186575336,
            3167.3633581241593
          ],
          [
            2649.291437066975,
            3174.2015860993415
          ],
          [
            2650.591753840563,
            3177.910906292498
          ]
        ]
      },
      "properties": {
        "id": "pistes:way:992643500",
        "piste_type": "downhill",
        "tags": {
          "highway": "service",
          "z_order": "0",
          "piste:difficulty": "easy",
          "piste:name": "Blue Cow Express Way",
          "piste:type": "downhill",
          "surface": "unpaved",
          "winter_sports_id": "178133225",
          "winter_sports_name": "Perisher",
          "State": "New South Wales",
          "Country": "Australia",
          "Ski Area": "Perisher",
          "region": "australia-oceania"
        }
      }
    },
    {
      "type": "Feature",
      "geometry": {
        "type": "LineString",
        "coordinates": [
          [
            3307.695955476025,
            1985.707159711048
          ],
          [
            3306.1345338065876,
            2000.4758054558188
          ],
          [
            3308.2054164698347,
            2019.574476486072
          ],
          [
            3314.906403166824,
            2033.8903392134234
          ],
          [
            3320.3836307338206,
            2042.3655098602176
          ],
          [
            3330.7451324290596,
            2048.73929492943
          ],
          [
            3339.785877055372,
            2051.8590540885925
          ]
        ]
      },
      "properties": {
        "id": "pistes:way:992662998",
        "piste_type": "downhill",
        "tags": {
          "z_order": "0",
          "piste:difficulty": "easy",
          "piste:type": "downhill",
          "winter_sports_id": "178133225",
          "winter_sports_name": "Perisher",
          "State": "New South Wales",
          "Country": "Australia",
          "Ski Area": "Perisher",
          "region": "australia-oceania"
        }
      }
    },
    {
      "type": "Feature",
      "geometry": {
        "type": "LineString",
        "coordinates": [
          [
            3162.5092798551777,
            4997.804402414709
          ],
          [
            3148.6785125024385,
            5010.313976868614
          ],
          [
            3134.847745149699,
            5022.82355132252
          ],
          [
            3121.0169777969595,
            5035.333125776425
          ],
          [
            3107.1862104442203,
            5047.842700230331
          ],
          [
            3093.355443091481,
            5060.352274684235
          ],
          [
            3076.3067833647365,
            5084.975793695077
          ]
        ]
      },
      "properties": {
        "id": "pistes:way:992673965",
        "piste_type": "downhill",
        "tags": {
          "z_order": "0",
          "piste:difficulty": "easy",
          "piste:type": "downhill",
          "winter_sports_id": "178133225",
          "winter_sports_name": "Perisher",
          "State": "New South Wales",
          "Country": "Australia",
          "Ski Area": "Perisher",
          "region": "australia-oceania"
        }
      }
    },
    {
      "type": "Feature",
      "geometry": {
        "type": "LineString",
        "coordinates": [
          [
            1391.9876270845998,
            5139.4109317064285
          ],
          [
            1400.2687033340335,
            5126.233418776654
          ],
          [
            1409.3974051314872,
            5119.0131157413125
          ]
        ]
      },
      "properties": {
        "id": "pistes:way:992673966",
        "piste_type": "downhill",
        "tags": {
          "z_order": "0",
          "piste:difficulty": "easy",
          "piste:type": "downhill",
          "winter_sports_id": "178133225",
          "winter_sports_name": "Perisher",
          "State": "New South Wales",
          "Country": "Australia",
          "Ski Area": "Perisher",
          "region": "australia-oceania"
        }
      }
    },
    {
      "type": "Feature",
      "geometry": {
        "type": "LineString",
        "coordinates": [
          [
            3773.2080247414997,
            2690.297558642924
          ],
          [
            3787.5106256219246,
            2680.62840711729
          ],
          [
            3801.81322650235,
            2670.9592555916556
          ],
          [
            3816.115827382775,
            2661.2901040660217
          ],
          [
            3831.260180526704,
            2652.9696796932258
          ],
          [
            3846.404533670633,
            2644.64925532043
          ],
          [
            3863.8201064919704,
            2640.7782791284844
          ],
          [
            3881.2356793133076,
            2636.907302936539
          ],
          [
            3901.7117964960635,
            2627.0277609890327
          ],
          [
            3922.1879136788193,
            2617.1482190415263
          ],
          [
            3937.438188926899,
            2609.3391985269263
          ],
          [
            3952.6884641749784,
            2601.5301780123264
          ],
          [
            3967.938739423058,
            2593.7211574977264
          ],
          [
            3983.1890146711376,
            2585.9121369831264
          ],
          [
            3998.674578850856,
            2577.6381933155158
          ],
          [
            4014.1601430305745,
            2569.3642496479056
          ],
          [
            4029.645707210293,
            2561.090305980295
          ],
          [
            4052.9158943031216,
            2551.552436677739
          ],
          [
            4067.0384855797747,
            2545.765206036158
          ],
          [
            4083.121693466557,
            2539.1171578187495
          ],
          [
            4090.785340183531,
            2532.636400144547
          ],
          [
            4091.6779918062966,
            2527.43063445203
          ]
        ]
      },
      "properties": {
        "id": "pistes:way:1391276091",
        "name": "Lower Goat's Gully",
        "piste_type": "downhill",
        "tags": {
          "name": "Lower Goat's Gully",
          "z_order": "0",
          "piste:difficulty": "easy",
          "piste:type": "downhill",
          "winter_sports_id": "178133225",
          "winter_sports_name": "Perisher",
          "State": "New South Wales",
          "Country": "Australia",
          "Ski Area": "Perisher",
          "region": "australia-oceania"
        }
      }
    },
    {
      "type": "Feature",
      "geometry": {
        "type": "LineString",
        "coordinates": [
          [
            3511.9897702359594,
            5548.354494119063
          ],
          [
            3532.1526433839463,
            5542.957779314369
          ],
          [
            3543.150925830938,
            5518.754105849192
          ],
          [
            3558.6926590364114,
            5522.8001104472205
          ],
          [
            3574.2343922418854,
            5526.8461150452495
          ],
          [
            3589.776125447359,
            5530.892119643278
          ],
          [
            3610.6043076971546,
            5529.505772590016
          ],
          [
            3631.43248994695,
            5528.1194255367545
          ],
          [
            3652.260672196746,
            5526.733078483492
          ],
          [
            3669.4433006422673,
            5522.684843778145
          ],
          [
            3686.6259290877883,
            5518.636609072797
          ],
          [
            3703.80855753331,
            5514.588374367449
          ],
          [
            3720.9911859788313,
            5510.540139662102
          ],
          [
            3738.1738144243523,
            5506.491904956754
          ],
          [
            3755.3564428698737,
            5502.443670251407
          ],
          [
            3773.3781667166913,
            5498.825019021286
          ],
          [
            3791.399890563509,
            5495.206367791165
          ],
          [
            3809.4216144103266,
            5491.587716561044
          ],
          [
            3827.443338257144,
            5487.969065330923
          ],
          [
            3846.171744173664,
            5487.185989786871
          ],
          [
            3864.9001500901845,
            5486.402914242819
          ],
          [
            3883.6285560067045,
            5485.619838698767
          ],
          [
            3901.347849736456,
            5484.340985957533
          ]
        ]
      },
      "properties": {
        "id": "pistes:way:1391276092",
        "name": "Toppa's Dream",
        "piste_type": "downhill",
        "tags": {
          "name": "Toppa's Dream",
          "z_order": "0",
          "piste:difficulty": "advanced",
          "piste:grooming": "mogul",
          "piste:type": "downhill",
          "winter_sports_id": "178133225",
          "winter_sports_name": "Perisher",
          "State": "New South Wales",
          "Country": "Australia",
          "Ski Area": "Perisher",
          "region": "australia-oceania"
        }
      }
    },
    {
      "type": "Feature",
      "geometry": {
        "type": "LineString",
        "coordinates": [
          [
            3196.039894178859,
            2030.3443540483713
          ],
          [
            3210.925581336487,
            2024.636202402413
          ],
          [
            3214.2026609599125,
            2023.6455566650257
          ],
          [
            3231.7862567857374,
            2014.736011562869
          ],
          [
            3246.783899796137,
            2008.0941328983754
          ],
          [
            3261.781542806537,
            2001.4522542338818
          ],
          [
            3268.251064780052,
            1998.5845059528947
          ],
          [
            3296.9373474831227,
            1990.2793239932507
          ],
          [
            3307.695955476025,
            1985.707159711048
          ]
        ]
      },
      "properties": {
        "id": "pistes:way:1391280306",
        "piste_type": "downhill",
        "tags": {
          "z_order": "0",
          "piste:difficulty": "intermediate",
          "piste:grooming": "classic",
          "piste:type": "downhill",
          "winter_sports_id": "178133225",
          "winter_sports_name": "Perisher",
          "State": "New South Wales",
          "Country": "Australia",
          "Ski Area": "Perisher",
          "region": "australia-oceania"
        }
      }
    },
    {
      "type": "Feature",
      "geometry": {
        "type": "LineString",
        "coordinates": [
          [
            3628.7891544146696,
            4308.398381233215
          ],
          [
            3634.2027983171533,
            4323.931064613962
          ],
          [
            3639.616442219637,
            4339.463747994708
          ],
          [
            3645.030086122121,
            4354.996431375454
          ],
          [
            3650.443730024604,
            4370.529114756201
          ],
          [
            3655.857373927088,
            4386.061798136948
          ],
          [
            3661.2710178295715,
            4401.594481517694
          ],
          [
            3666.6846617320552,
            4417.12716489844
          ],
          [
            3675.2936089503733,
            4434.584661851327
          ],
          [
            3683.9025561686917,
            4452.042158804213
          ],
          [
            3692.5115033870097,
            4469.499655757099
          ],
          [
            3705.419919175154,
            4482.382403458934
          ],
          [
            3718.3283349632984,
            4495.265151160769
          ],
          [
            3731.078055726277,
            4508.7936955194455
          ],
          [
            3743.8277764892555,
            4522.322239878122
          ],
          [
            3756.577497252234,
            4535.850784236798
          ],
          [
            3769.3272180152126,
            4549.379328595474
          ],
          [
            3777.594352597332,
            4567.9845491517335
          ],
          [
            3785.861487179451,
            4586.589769707993
          ],
          [
            3794.1286217615707,
            4605.194990264252
          ],
          [
            3797.4219186898263,
            4621.121835344937
          ],
          [
            3800.715215618082,
            4637.048680425622
          ],
          [
            3804.0085125463374,
            4652.975525506306
          ],
          [
            3807.301809474593,
            4668.902370586991
          ],
          [
            3809.017094610558,
            4685.3970542395755
          ],
          [
            3810.7323797465237,
            4701.89173789216
          ],
          [
            3812.447664882489,
            4718.386421544744
          ],
          [
            3814.162950018454,
            4734.881105197327
          ],
          [
            3815.878235154419,
            4751.375788849911
          ],
          [
            3817.5935202903847,
            4767.870472502495
          ],
          [
            3819.30880542635,
            4784.36515615508
          ],
          [
            3820.0899640097527,
            4801.26401581933
          ],
          [
            3820.871122593156,
            4818.162875483579
          ],
          [
            3821.652281176559,
            4835.0617351478295
          ],
          [
            3822.4334397599623,
            4851.96059481208
          ],
          [
            3823.214598343365,
            4868.859454476329
          ],
          [
            3823.995756926768,
            4885.758314140579
          ],
          [
            3824.7769155101714,
            4902.65717380483
          ],
          [
            3825.5580740935743,
            4919.556033469079
          ],
          [
            3826.3392326769776,
            4936.454893133329
          ],
          [
            3827.1203912603805,
            4953.353752797579
          ],
          [
            3827.901549843784,
            4970.252612461829
          ],
          [
            3828.6827084271868,
            4987.151472126079
          ],
          [
            3829.4638670105896,
            5004.0503317903285
          ],
          [
            3830.245025593993,
            5020.949191454579
          ],
          [
            3831.026184177396,
            5037.848051118829
          ],
          [
            3831.807342760799,
            5054.746910783078
          ],
          [
            3832.588501344202,
            5071.645770447329
          ],
          [
            3834.2512409673573,
            5088.134868632869
          ],
          [
            3835.913980590512,
            5104.623966818409
          ],
          [
            3837.576720213667,
            5121.1130650039495
          ],
          [
            3839.2394598368223,
            5137.60216318949
          ],
          [
            3840.9021994599775,
            5154.091261375031
          ],
          [
            3842.5649390831322,
            5170.58035956057
          ],
          [
            3844.2276787062874,
            5187.069457746111
          ],
          [
            3848.8834369174824,
            5203.147496408473
          ],
          [
            3853.539195128678,
            5219.225535070834
          ],
          [
            3858.194953339873,
            5235.303573733196
          ],
          [
            3862.850711551068,
            5251.381612395558
          ],
          [
            3867.5064697622634,
            5267.459651057919
          ],
          [
            3872.1622279734584,
            5283.5376897202805
          ],
          [
            3878.5274421593444,
            5299.526091327735
          ],
          [
            3884.892656345231,
            5315.514492935191
          ],
          [
            3891.257870531117,
            5331.502894542646
          ],
          [
            3897.623084717003,
            5347.4912961501
          ],
          [
            3903.9882989028897,
            5363.479697757556
          ],
          [
            3910.353513088776,
            5379.468099365011
          ]
        ]
      },
      "properties": {
        "id": "pistes:way:1395141072",
        "name": "Devil's Playground",
        "piste_type": "downhill",
        "tags": {
          "name": "Devil's Playground",
          "z_order": "0",
          "piste:difficulty": "advanced",
          "piste:grooming": "backcountry",
          "piste:type": "downhill",
          "winter_sports_id": "178133225",
          "winter_sports_name": "Perisher",
          "State": "New South Wales",
          "Country": "Australia",
          "Ski Area": "Perisher",
          "region": "australia-oceania"
        }
      }
    },
    {
      "type": "Feature",
      "geometry": {
        "type": "LineString",
        "coordinates": [
          [
            3995.913360041566,
            2039.2691948553547
          ],
          [
            4014.986400055932,
            2037.8258133530617
          ],
          [
            4031.6912420131266,
            2043.1075963750482
          ],
          [
            4045.5043548950925,
            2059.1831863131374
          ],
          [
            4058.0041215519886,
            2080.5150474347174
          ],
          [
            4068.6849416566547,
            2109.3296849690378
          ],
          [
            4074.687861851882,
            2125.497070313897
          ],
          [
            4080.6907820471097,
            2141.664455658756
          ]
        ]
      },
      "properties": {
        "id": "pistes:way:1464068967",
        "piste_type": "downhill",
        "tags": {
          "z_order": "0",
          "lit": "no",
          "oneway": "yes",
          "piste:difficulty": "intermediate",
          "piste:grooming": "backcountry",
          "piste:type": "downhill",
          "winter_sports_id": "178133225",
          "winter_sports_name": "Perisher",
          "State": "New South Wales",
          "Country": "Australia",
          "Ski Area": "Perisher",
          "region": "australia-oceania"
        }
      }
    }
  ]
}