{
  "type": "FeatureCollection",
  "coordinate_system": {
    "kind": "local_game_meters",
    "not_wgs84": true,
    "axes": {
      "geojson_x": "local_east_m",
      "geojson_y": "local_north_m"
    },
    "game_axes": {
      "x": "east_m",
      "y": "elevation_m",
      "z": "negative_north_m"
    },
    "local_origin": {
      "easting_m": 371576.7961163228,
      "northing_m": 4708584.305447192,
      "longitude": 1.4365742973203217,
      "latitude": 42.51897460793677
    },
    "projected_crs": "EPSG:32631",
    "note": "This is not RFC 7946 WGS84 GeoJSON. Convert X,Y to game X,Z via game_axes."
  },
  "attribution": "\u00a9 OpenStreetMap contributors (ODbL)",
  "layer": "piste-trails",
  "features": [
    {
      "type": "Feature",
      "geometry": {
        "type": "LineString",
        "coordinates": [
          [
            4328.275987431873,
            1701.582709803246
          ],
          [
            4360.0697769981925,
            1700.7825060980394
          ],
          [
            4373.439081249933,
            1701.9104094672948
          ],
          [
            4390.125664636784,
            1713.5538432993926
          ],
          [
            4406.812248023634,
            1725.1972771314904
          ],
          [
            4418.562923595717,
            1739.9111814764328
          ],
          [
            4430.313599167799,
            1754.6250858213753
          ],
          [
            4442.809250494349,
            1783.2604659516364
          ],
          [
            4443.128295259463,
            1801.1660930826329
          ],
          [
            4443.447340024577,
            1819.0717202136293
          ],
          [
            4443.450317305047,
            1838.3714540344663
          ],
          [
            4443.453294585517,
            1857.6711878553033
          ]
        ]
      },
      "properties": {
        "id": "pistes:way:52112648",
        "name": "El Planell",
        "piste_type": "downhill",
        "tags": {
          "name": "El Planell",
          "z_order": "0",
          "name:ca": "El Planell",
          "piste:difficulty": "novice",
          "piste:type": "downhill",
          "sport": "skiing",
          "winter_sports_id": "987243867",
          "winter_sports_name": "Pal-Arinsal",
          "State": "La Massana",
          "Country": "Andorra",
          "Ski Area": "Pal-Arinsal",
          "region": "europe/andorra"
        }
      }
    },
    {
      "type": "Feature",
      "geometry": {
        "type": "LineString",
        "coordinates": [
          [
            3106.1899900000426,
            1235.8272369233891
          ],
          [
            3119.84092165553,
            1247.1492161365227
          ],
          [
            3133.4918533110176,
            1258.471195349656
          ],
          [
            3147.142784966505,
            1269.7931745627895
          ],
          [
            3160.7937166219926,
            1281.1151537759229
          ],
          [
            3174.44464827748,
            1292.4371329890564
          ],
          [
            3189.1138058593883,
            1302.433128441063
          ],
          [
            3203.782963441297,
            1312.4291238930698
          ],
          [
            3218.452121023205,
            1322.4251193450764
          ],
          [
            3235.9373645236483,
            1333.8516041220475
          ],
          [
            3253.4226080240915,
            1345.278088899019
          ],
          [
            3270.9078515245346,
            1356.70457367599
          ],
          [
            3285.114894279308,
            1364.1672652980003
          ],
          [
            3299.321937034081,
            1371.6299569200103
          ],
          [
            3313.5289797888545,
            1379.0926485420205
          ],
          [
            3327.7360225436278,
            1386.5553401640307
          ],
          [
            3341.943065298401,
            1394.0180317860406
          ],
          [
            3356.1501080531743,
            1401.4807234080508
          ],
          [
            3371.0464837016248,
            1408.5498941748403
          ],
          [
            3385.942859350075,
            1415.6190649416299
          ],
          [
            3400.839234998525,
            1422.6882357084191
          ],
          [
            3415.7356106469756,
            1429.7574064752087
          ],
          [
            3430.631986295426,
            1436.8265772419982
          ],
          [
            3445.5283619438765,
            1443.8957480087877
          ],
          [
            3460.424737592327,
            1450.9649187755772
          ],
          [
            3475.321113240777,
            1458.0340895423665
          ],
          [
            3490.2174888892273,
            1465.103260309156
          ],
          [
            3505.1138645376777,
            1472.1724310759455
          ],
          [
            3521.313677199402,
            1478.514220607213
          ],
          [
            3537.513489861126,
            1484.8560101384805
          ],
          [
            3553.71330252285,
            1491.197799669748
          ],
          [
            3569.913115184574,
            1497.5395892010156
          ],
          [
            3586.112927846298,
            1503.881378732283
          ],
          [
            3602.3127405080227,
            1510.2231682635504
          ],
          [
            3618.5125531697468,
            1516.564957794818
          ],
          [
            3634.712365831471,
            1522.9067473260855
          ],
          [
            3650.912178493195,
            1529.248536857353
          ],
          [
            3667.111991154919,
            1535.5903263886205
          ],
          [
            3683.311803816643,
            1541.932115919888
          ],
          [
            3697.919466955904,
            1549.5421448423424
          ],
          [
            3712.5271300951654,
            1557.1521737647968
          ],
          [
            3727.1347932344265,
            1564.7622026872511
          ],
          [
            3741.7424563736877,
            1572.3722316097055
          ],
          [
            3756.3501195129484,
            1579.9822605321597
          ],
          [
            3770.9577826522095,
            1587.592289454614
          ],
          [
            3785.5654457914707,
            1595.2023183770684
          ],
          [
            3800.173108930732,
            1602.8123472995228
          ],
          [
            3814.780772069993,
            1610.4223762219772
          ],
          [
            3827.6277187587525,
            1620.314803178023
          ],
          [
            3840.4746654475125,
            1630.2072301340688
          ],
          [
            3853.321612136272,
            1640.0996570901148
          ],
          [
            3866.168558825032,
            1649.9920840461605
          ],
          [
            3879.0155055137916,
            1659.8845110022064
          ],
          [
            3891.8624522025516,
            1669.7769379582521
          ],
          [
            3904.709398891311,
            1679.669364914298
          ],
          [
            3914.6159342490137,
            1697.538615741146
          ],
          [
            3924.522469606716,
            1715.4078665679942
          ],
          [
            3934.4290049644187,
            1733.2771173948422
          ],
          [
            3940.889419563595,
            1748.2848435929045
          ],
          [
            3947.349834162771,
            1763.2925697909668
          ],
          [
            3953.810248761947,
            1778.300295989029
          ],
          [
            3960.2706633611233,
            1793.3080221870914
          ],
          [
            3961.398784678342,
            1811.599085050635
          ],
          [
            3962.526905995561,
            1829.8901479141787
          ],
          [
            3949.268491561874,
            1848.038695145864
          ],
          [
            3936.010077128187,
            1866.1872423775494
          ],
          [
            3928.3300057087326,
            1883.4418150698766
          ],
          [
            3920.6499342892785,
            1900.6963877622038
          ],
          [
            3923.0157252056815,
            1921.3534870832227
          ],
          [
            3925.3815161220846,
            1942.0105864042416
          ],
          [
            3932.6510707612324,
            1957.6008729531895
          ],
          [
            3939.9206254003802,
            1973.1911595021375
          ],
          [
            3947.190180039528,
            1988.7814460510854
          ],
          [
            3954.459734678676,
            2004.3717326000333
          ]
        ]
      },
      "properties": {
        "id": "pistes:way:52112651",
        "name": "el Besurt II",
        "piste_type": "downhill",
        "tags": {
          "name": "el Besurt II",
          "z_order": "0",
          "name:ca": "el Besurt II",
          "piste:difficulty": "easy",
          "piste:type": "downhill",
          "sport": "skiing",
          "winter_sports_id": "987243867",
          "winter_sports_name": "Pal-Arinsal",
          "State": "La Massana",
          "Country": "Andorra",
          "Ski Area": "Pal-Arinsal",
          "region": "europe/andorra"
        }
      }
    },
    {
      "type": "Feature",
      "geometry": {
        "type": "LineString",
        "coordinates": [
          [
            1468.8118424583226,
            4913.2718079108745
          ],
          [
            1478.2304358702193,
            4926.925611042107
          ],
          [
            1487.6490292821156,
            4940.5794141733395
          ],
          [
            1497.0676226940122,
            4954.2332173045725
          ],
          [
            1516.1977780664456,
            4963.342451128177
          ],
          [
            1535.327933438879,
            4972.451684951782
          ],
          [
            1553.194271040149,
            4987.00480230106
          ],
          [
            1571.060608641419,
            5001.557919650339
          ],
          [
            1562.911397181393,
            5026.099876916967
          ],
          [
            1540.1921357074752,
            5047.297681206837
          ],
          [
            1521.6367350156459,
            5055.338035775038
          ],
          [
            1503.0813343238162,
            5063.378390343239
          ],
          [
            1484.5259336319868,
            5071.41874491144
          ],
          [
            1472.2037226447865,
            5086.284214843065
          ],
          [
            1459.881511657586,
            5101.149684774689
          ],
          [
            1447.5593006703857,
            5116.015154706314
          ],
          [
            1435.2370896831853,
            5130.880624637939
          ],
          [
            1435.8623081289988,
            5152.06889973348
          ],
          [
            1436.4875265748124,
            5173.257174829021
          ],
          [
            1450.4331505632144,
            5192.319292832166
          ],
          [
            1452.968540312082,
            5202.559024110436
          ],
          [
            1464.7692055200168,
            5217.031102352077
          ],
          [
            1476.5698707279516,
            5231.503180593718
          ],
          [
            1488.3705359358864,
            5245.9752588353585
          ],
          [
            1500.1712011438212,
            5260.447337076999
          ],
          [
            1509.3272882969468,
            5274.890930138528
          ],
          [
            1518.4833754500723,
            5289.334523200057
          ],
          [
            1527.639462603198,
            5303.778116261587
          ],
          [
            1536.8193767655175,
            5324.254817642737
          ],
          [
            1545.9992909278371,
            5344.731519023888
          ],
          [
            1549.1382125182427,
            5363.530115073547
          ],
          [
            1552.2771341086482,
            5382.328711123206
          ],
          [
            1559.0094485889422,
            5396.246382643469
          ],
          [
            1566.70139694729,
            5412.134887085762
          ],
          [
            1574.393345305638,
            5428.023391528055
          ],
          [
            1578.5908269085533,
            5443.720199944451
          ],
          [
            1582.7883085114688,
            5459.417008360848
          ],
          [
            1586.9857901143841,
            5475.113816777244
          ]
        ]
      },
      "properties": {
        "id": "pistes:way:52122469",
        "name": "la Capa",
        "piste_type": "downhill",
        "tags": {
          "name": "la Capa",
          "z_order": "0",
          "name:ca": "la Capa",
          "piste:difficulty": "advanced",
          "piste:grooming": "classic",
          "piste:type": "downhill",
          "winter_sports_id": "987243867",
          "winter_sports_name": "Pal-Arinsal",
          "State": "La Massana",
          "Country": "Andorra",
          "Ski Area": "Pal-Arinsal",
          "region": "europe/andorra"
        }
      }
    },
    {
      "type": "Feature",
      "geometry": {
        "type": "LineString",
        "coordinates": [
          [
            2876.29677549348,
            6162.4137211879715
          ],
          [
            2886.2847342960304,
            6179.502467391081
          ],
          [
            2896.272693098581,
            6196.591213594191
          ],
          [
            2906.2606519011315,
            6213.6799597973
          ],
          [
            2918.1875218715286,
            6222.2176013011485
          ],
          [
            2926.533658535045,
            6217.501480735838
          ],
          [
            2928.2504453882575,
            6192.0998772466555
          ],
          [
            2939.3637864319608,
            6168.772386035882
          ],
          [
            2967.893914327724,
            6156.1162142446265
          ],
          [
            2984.1420743934964,
            6155.5711328862235
          ],
          [
            3000.3902344592693,
            6155.0260515278205
          ],
          [
            3016.638394525042,
            6154.480970169418
          ],
          [
            3018.5410491615767,
            6164.83257469628
          ],
          [
            2994.411224278796,
            6184.762575886212
          ],
          [
            2985.951443465019,
            6210.019286994822
          ],
          [
            2987.698925320001,
            6240.423561037518
          ],
          [
            3000.3212094825576,
            6239.7402826091275
          ],
          [
            3013.76157519427,
            6231.011232600237
          ],
          [
            3027.2019409059817,
            6222.282182591346
          ],
          [
            3040.642306617694,
            6213.553132582456
          ],
          [
            3060.863638227136,
            6207.006725294981
          ],
          [
            3081.0849698365782,
            6200.460318007506
          ],
          [
            3094.373727330123,
            6202.586612123996
          ],
          [
            3096.5623179670656,
            6214.6881334921345
          ],
          [
            3084.7396032357065,
            6232.390876424033
          ],
          [
            3072.9168885043473,
            6250.093619355932
          ],
          [
            3072.338850772765,
            6281.76173067186
          ],
          [
            3080.405636350275,
            6311.618803907186
          ],
          [
            3094.409567281662,
            6312.443665587343
          ],
          [
            3110.4587654818897,
            6307.866543661803
          ],
          [
            3126.5079636821174,
            6303.289421736263
          ],
          [
            3143.470977252097,
            6301.128564146037
          ],
          [
            3160.433990822077,
            6298.967706555811
          ],
          [
            3177.3970043920563,
            6296.806848965585
          ],
          [
            3198.0314471519378,
            6290.642168098129
          ],
          [
            3218.6658899118192,
            6284.477487230673
          ],
          [
            3238.13358787779,
            6290.558219064027
          ],
          [
            3239.45896834234,
            6304.4303845902905
          ],
          [
            3230.034270602453,
            6318.544386624669
          ],
          [
            3220.609572862566,
            6332.658388659048
          ],
          [
            3211.184875122679,
            6346.772390693426
          ],
          [
            3190.5845171396504,
            6363.016923894174
          ],
          [
            3183.055583159934,
            6383.463528696448
          ],
          [
            3175.5266491802176,
            6403.910133498721
          ],
          [
            3165.7994958169,
            6419.675509624649
          ],
          [
            3156.0723424535827,
            6435.440885750577
          ],
          [
            3159.3346552064177,
            6448.367270734161
          ],
          [
            3174.587914376636,
            6447.014815413393
          ],
          [
            3194.482429352327,
            6433.98206419684
          ],
          [
            3214.376944328018,
            6420.949312980287
          ],
          [
            3228.5812147373995,
            6413.465810202683
          ],
          [
            3242.7854851467805,
            6405.982307425079
          ],
          [
            3256.989755556162,
            6398.4988046474755
          ],
          [
            3272.9371035339427,
            6397.389549301937
          ],
          [
            3274.268225184118,
            6410.21746979747
          ],
          [
            3262.9563588305027,
            6426.888776933309
          ],
          [
            3251.6444924768875,
            6443.560084069148
          ],
          [
            3239.3498691801797,
            6465.1421824274585
          ],
          [
            3221.360088357993,
            6490.026022836566
          ],
          [
            3223.450710578996,
            6503.084627210163
          ],
          [
            3237.346542266372,
            6503.856169349514
          ],
          [
            3261.8687387526734,
            6488.418636115268
          ],
          [
            3277.0726217486954,
            6478.17539569689
          ],
          [
            3292.2765047447174,
            6467.932155278511
          ],
          [
            3309.0405402567317,
            6459.147528930567
          ],
          [
            3325.8045757687455,
            6450.362902582623
          ],
          [
            3342.56861128076,
            6441.578276234679
          ],
          [
            3353.5413788725273,
            6441.402962977067
          ],
          [
            3354.9182008498465,
            6453.585810239427
          ],
          [
            3343.9480668103206,
            6467.129496915732
          ],
          [
            3332.9779327707947,
            6480.673183592036
          ],
          [
            3322.37590517028,
            6492.999513810966
          ],
          [
            3311.7738775697653,
            6505.325844029896
          ],
          [
            3302.675313925254,
            6519.080273636151
          ],
          [
            3293.576750280743,
            6532.834703242406
          ],
          [
            3298.6372845370206,
            6541.24114595633
          ],
          [
            3307.8108296138817,
            6542.364463757724
          ],
          [
            3323.731148148654,
            6531.336420189124
          ],
          [
            3339.6514666834264,
            6520.308376620524
          ],
          [
            3356.4344202862703,
            6511.591998488177
          ],
          [
            3373.2173738891142,
            6502.87562035583
          ],
          [
            3389.2685635111607,
            6496.295981359668
          ],
          [
            3405.3197531332066,
            6489.716342363507
          ],
          [
            3421.370942755253,
            6483.136703367345
          ],
          [
            3436.8760451485286,
            6473.882545768283
          ],
          [
            3451.5230408416246,
            6460.73386469949
          ],
          [
            3463.613778148778,
            6448.3198833605275
          ],
          [
            3478.2834969441756,
            6430.494413265027
          ],
          [
            3492.835280157218,
            6415.237031255849
          ],
          [
            3503.7775714488234,
            6408.3422042885795
          ],
          [
            3530.1437016331474,
            6410.489685483277
          ],
          [
            3550.2995020918897,
            6409.216556047089
          ],
          [
            3564.154527638282,
            6404.5132804475725
          ],
          [
            3577.7030420510564,
            6394.17271238938
          ],
          [
            3590.7709676099475,
            6377.642582740635
          ],
          [
            3600.900623757625,
            6369.374024354853
          ],
          [
            3611.2440516465576,
            6364.778365575708
          ],
          [
            3623.97942014999,
            6367.204400409944
          ],
          [
            3642.9843637727317,
            6376.58252616087
          ],
          [
            3661.9893073954736,
            6385.960651911795
          ]
        ]
      },
      "properties": {
        "id": "pistes:way:52123917",
        "name": "les Marrades",
        "piste_type": "downhill",
        "tags": {
          "name": "les Marrades",
          "z_order": "0",
          "name:ca": "les Marrades",
          "piste:difficulty": "easy",
          "piste:grooming": "classic",
          "piste:type": "downhill",
          "winter_sports_id": "987243867",
          "winter_sports_name": "Pal-Arinsal",
          "State": "La Massana",
          "Country": "Andorra",
          "Ski Area": "Pal-Arinsal",
          "region": "europe/andorra"
        }
      }
    },
    {
      "type": "Feature",
      "geometry": {
        "type": "LineString",
        "coordinates": [
          [
            893.5414213557378,
            5186.1747188046575
          ],
          [
            907.7600773355225,
            5197.882819559891
          ],
          [
            921.9787333153072,
            5209.590920315124
          ],
          [
            942.8205875522108,
            5230.313975456171
          ],
          [
            962.0969582730322,
            5241.34623236116
          ],
          [
            985.8696195196826,
            5257.128111871891
          ],
          [
            1003.280350609828,
            5264.490163502749
          ],
          [
            1020.6910816999734,
            5271.852215133607
          ],
          [
            1038.8462473180698,
            5274.25211198139
          ],
          [
            1057.0014129361662,
            5276.652008829173
          ],
          [
            1075.1565785542625,
            5279.051905676955
          ],
          [
            1093.3117441723589,
            5281.451802524738
          ],
          [
            1110.622904393531,
            5281.145821890794
          ],
          [
            1127.934064614703,
            5280.8398412568495
          ],
          [
            1145.3916911595734,
            5284.496821573935
          ],
          [
            1162.0208146625082,
            5304.342352506705
          ],
          [
            1183.1251294674003,
            5325.105717543513
          ],
          [
            1208.9516264482518,
            5338.751307697967
          ],
          [
            1224.4005002919002,
            5345.494424762204
          ],
          [
            1239.8493741355487,
            5352.237541826442
          ],
          [
            1255.969764516136,
            5357.541055092122
          ],
          [
            1272.090154896723,
            5362.844568357803
          ]
        ]
      },
      "properties": {
        "id": "pistes:way:52268017",
        "name": "Tub del Coll",
        "piste_type": "downhill",
        "tags": {
          "name": "Tub del Coll",
          "z_order": "0",
          "name:ca": "Tub del Coll",
          "piste:difficulty": "advanced",
          "piste:grooming": "backcountry",
          "piste:type": "downhill",
          "winter_sports_id": "987243867",
          "winter_sports_name": "Pal-Arinsal",
          "State": "La Massana",
          "Country": "Andorra",
          "Ski Area": "Pal-Arinsal",
          "region": "europe/andorra"
        }
      }
    },
    {
      "type": "Feature",
      "geometry": {
        "type": "LineString",
        "coordinates": [
          [
            875.4870004870463,
            5438.614991154522
          ],
          [
            890.5632781249878,
            5444.5088868676685
          ],
          [
            905.6395557629294,
            5450.402782580815
          ],
          [
            935.6787536301999,
            5456.016688102856
          ],
          [
            956.8872035490349,
            5458.715767635498
          ],
          [
            978.0956534678699,
            5461.41484716814
          ],
          [
            1000.394748477469,
            5467.176552737132
          ],
          [
            1022.6938434870681,
            5472.938258306123
          ],
          [
            1040.4455126996036,
            5483.926473229658
          ],
          [
            1058.197181912139,
            5494.914688153192
          ],
          [
            1074.1573683425086,
            5502.164639241372
          ],
          [
            1090.117554772878,
            5509.414590329553
          ],
          [
            1106.0777412032476,
            5516.664541417733
          ],
          [
            1124.8780891526258,
            5528.66122682672
          ],
          [
            1151.8412955254898,
            5535.365437922999
          ],
          [
            1174.6382972219726,
            5540.091038469225
          ],
          [
            1190.6407007560774,
            5540.314607548062
          ],
          [
            1206.6431042901822,
            5540.538176626898
          ],
          [
            1225.5696324125554,
            5538.507087255207
          ],
          [
            1244.4961605349283,
            5536.475997883516
          ],
          [
            1263.4226886573015,
            5534.444908511825
          ]
        ]
      },
      "properties": {
        "id": "pistes:way:52692955",
        "name": "Bony Vaques",
        "piste_type": "downhill",
        "tags": {
          "name": "Bony Vaques",
          "z_order": "0",
          "name:ca": "Bony Vaques",
          "piste:difficulty": "advanced",
          "piste:type": "downhill",
          "sport": "skiing",
          "winter_sports_id": "987243867",
          "winter_sports_name": "Pal-Arinsal",
          "State": "La Massana",
          "Country": "Andorra",
          "Ski Area": "Pal-Arinsal",
          "region": "europe/andorra"
        }
      }
    },
    {
      "type": "Feature",
      "geometry": {
        "type": "LineString",
        "coordinates": [
          [
            832.3955140440376,
            5233.6731128310785
          ],
          [
            844.8549016752513,
            5253.538928670809
          ],
          [
            851.8423711084179,
            5261.141900907271
          ],
          [
            852.5355353388237,
            5279.224243493378
          ],
          [
            853.2286995692295,
            5297.306586079486
          ],
          [
            853.9218637996353,
            5315.388928665593
          ],
          [
            854.6150280300411,
            5333.471271251701
          ],
          [
            855.308192260447,
            5351.553613837808
          ],
          [
            860.3556083161093,
            5373.577168084681
          ],
          [
            865.4030243717716,
            5395.600722331554
          ],
          [
            875.2226929282187,
            5424.212658522651
          ],
          [
            875.4870004870463,
            5438.614991154522
          ],
          [
            875.7700568820001,
            5454.038923663087
          ],
          [
            882.3360288884141,
            5474.479490626603
          ],
          [
            881.6981790151913,
            5496.096417641267
          ],
          [
            882.0755761986948,
            5516.66166273877
          ],
          [
            885.804124330869,
            5525.213113117963
          ],
          [
            889.6274329865118,
            5534.007204209454
          ],
          [
            914.6922139923554,
            5549.998373873532
          ],
          [
            936.5684297276894,
            5560.916185497306
          ],
          [
            958.3123868081893,
            5564.62737877015
          ],
          [
            980.0563438886893,
            5568.338572042994
          ],
          [
            999.7496616811259,
            5572.609570366796
          ],
          [
            1019.4429794735624,
            5576.880568690598
          ],
          [
            1035.4640408502892,
            5578.125378486235
          ],
          [
            1051.485102227016,
            5579.370188281871
          ],
          [
            1067.658007703508,
            5579.418190280597
          ],
          [
            1083.8309131800004,
            5579.466192279321
          ],
          [
            1100.0038186564925,
            5579.5141942780465
          ],
          [
            1118.6345778425457,
            5582.260942345485
          ],
          [
            1146.4810754875652,
            5580.717866960913
          ],
          [
            1174.3382816182566,
            5580.207757633179
          ],
          [
            1197.4452144122624,
            5574.064103919081
          ],
          [
            1220.5521472062683,
            5567.920450204983
          ],
          [
            1246.3699322522152,
            5569.925056812353
          ],
          [
            1257.5418771211116,
            5587.060320010409
          ],
          [
            1268.713821990008,
            5604.195583208464
          ],
          [
            1284.686049578692,
            5612.130776528579
          ],
          [
            1300.658277167376,
            5620.065969848695
          ],
          [
            1316.63050475606,
            5628.00116316881
          ],
          [
            1337.908123545989,
            5634.299123393372
          ],
          [
            1359.185742335918,
            5640.597083617933
          ],
          [
            1374.7441192911162,
            5644.767006160381
          ],
          [
            1390.3024962463144,
            5648.9369287028285
          ],
          [
            1405.8608732015127,
            5653.106851245277
          ],
          [
            1423.7919801203923,
            5655.178538182129
          ],
          [
            1441.7230870392716,
            5657.250225118983
          ],
          [
            1459.6541939581512,
            5659.321912055835
          ],
          [
            1477.6013184138574,
            5662.422789522447
          ],
          [
            1495.5484428695636,
            5665.523666989058
          ],
          [
            1513.4955673252698,
            5668.62454445567
          ],
          [
            1531.0770607034501,
            5670.364070383366
          ],
          [
            1548.6585540816304,
            5672.103596311063
          ],
          [
            1573.4210702730925,
            5671.651569698006
          ],
          [
            1593.4354459952447,
            5673.535689336713
          ],
          [
            1613.4498217173968,
            5675.419808975421
          ],
          [
            1628.2293698363937,
            5676.816348890774
          ],
          [
            1646.8533110046799,
            5679.220317924395
          ],
          [
            1665.4772521729658,
            5681.6242869580165
          ],
          [
            1684.101193341252,
            5684.028255991638
          ],
          [
            1707.3655333432253,
            5689.896766613703
          ],
          [
            1730.6298733451986,
            5695.765277235769
          ],
          [
            1752.5372160418774,
            5701.286517228
          ],
          [
            1768.4427111719463,
            5705.454683209769
          ],
          [
            1784.3482063020153,
            5709.622849191539
          ],
          [
            1800.2537014320842,
            5713.791015173309
          ],
          [
            1817.5574821529444,
            5719.303810686183
          ],
          [
            1834.8612628738047,
            5724.816606199059
          ],
          [
            1852.165043594665,
            5730.329401711933
          ],
          [
            1871.3266917732544,
            5734.095987665467
          ],
          [
            1890.488339951844,
            5737.862573619001
          ],
          [
            1910.7816792688973,
            5746.746124599595
          ],
          [
            1931.0750185859506,
            5755.629675580189
          ],
          [
            1947.6687737970497,
            5759.95972447563
          ],
          [
            1964.2625290081487,
            5764.289773371071
          ],
          [
            1987.5803764597222,
            5769.519517412875
          ],
          [
            2010.8982239112956,
            5774.749261454679
          ],
          [
            2030.5843028792685,
            5778.849264524567
          ],
          [
            2050.2703818472414,
            5782.949267594454
          ],
          [
            2069.956460815214,
            5787.049270664342
          ],
          [
            2085.7643904696306,
            5790.616403379478
          ],
          [
            2101.572320124047,
            5794.183536094613
          ],
          [
            2117.3802497784636,
            5797.750668809749
          ],
          [
            2133.18817943288,
            5801.317801524885
          ],
          [
            2158.1557822383475,
            5812.183172771707
          ],
          [
            2184.1199258068227,
            5820.9644385594875
          ],
          [
            2201.145157574356,
            5829.180598821491
          ],
          [
            2218.170389341889,
            5837.3967590834945
          ],
          [
            2239.186855516513,
            5846.356975033879
          ],
          [
            2260.203321691137,
            5855.317190984264
          ],
          [
            2284.2031792859198,
            5860.835405027494
          ],
          [
            2311.1133112868993,
            5867.0229050526395
          ],
          [
            2327.948737551031,
            5870.449729074414
          ],
          [
            2344.7841638151635,
            5873.876553096187
          ],
          [
            2361.6195900792954,
            5877.303377117962
          ],
          [
            2379.148680737999,
            5877.785188849084
          ],
          [
            2393.639871527266,
            5878.710918781348
          ],
          [
            2406.410823476501,
            5880.7564568175
          ],
          [
            2419.2525655339123,
            5882.178686819971
          ],
          [
            2431.5274345583166,
            5884.033321676776
          ],
          [
            2442.3985854743514,
            5885.446890022606
          ],
          [
            2458.795696657209,
            5888.704204750247
          ],
          [
            2480.3858479890623,
            5891.745251792483
          ],
          [
            2499.7938415677636,
            5890.804815296084
          ],
          [
            2520.888534850965,
            5889.611714208499
          ],
          [
            2539.8956990091247,
            5892.377611334436
          ],
          [
            2561.8879463209887,
            5897.677654381841
          ],
          [
            2588.484655225475,
            5907.437551591545
          ],
          [
            2603.92345282319,
            5914.45596350776
          ],
          [
            2619.362250420905,
            5921.474375423975
          ],
          [
            2634.939874409116,
            5926.640862356871
          ],
          [
            2650.5174983973266,
            5931.807349289767
          ],
          [
            2666.156195934105,
            5936.495156111196
          ],
          [
            2681.794893470884,
            5941.182962932624
          ],
          [
            2709.7910255657625,
            5946.630310592242
          ],
          [
            2732.563623296621,
            5951.516877663322
          ],
          [
            2748.524281486287,
            5955.854695995804
          ],
          [
            2764.484939675953,
            5960.192514328286
          ],
          [
            2786.9240825335146,
            5956.17669310607
          ],
          [
            2801.8341659104044,
            5948.270425866824
          ],
          [
            2816.744249287294,
            5940.364158627577
          ],
          [
            2829.089565140108,
            5927.050295148045
          ],
          [
            2841.4348809929215,
            5913.7364316685125
          ],
          [
            2865.620037237706,
            5906.379145512357
          ],
          [
            2873.6713767043548,
            5904.411971266381
          ],
          [
            2886.0059225496952,
            5901.40103545133
          ],
          [
            2909.9137372974656,
            5900.502643362619
          ]
        ]
      },
      "properties": {
        "id": "pistes:way:52692956",
        "name": "les Fonts",
        "piste_type": "downhill",
        "tags": {
          "name": "les Fonts",
          "z_order": "0",
          "name:ca": "les Fonts",
          "piste:difficulty": "easy",
          "piste:type": "downhill",
          "sport": "skiing",
          "winter_sports_id": "987243867",
          "winter_sports_name": "Pal-Arinsal",
          "State": "La Massana",
          "Country": "Andorra",
          "Ski Area": "Pal-Arinsal",
          "region": "europe/andorra"
        }
      }
    },
    {
      "type": "Feature",
      "geometry": {
        "type": "LineString",
        "coordinates": [
          [
            885.804124330869,
            5525.213113117963
          ],
          [
            881.8354425480356,
            5546.974478884134
          ],
          [
            877.8667607652023,
            5568.735844650306
          ],
          [
            887.699106118409,
            5590.893765015528
          ],
          [
            906.4407123092873,
            5593.263990698382
          ],
          [
            925.1823185001655,
            5595.634216381237
          ],
          [
            943.9239246910438,
            5598.004442064092
          ],
          [
            959.9388769639287,
            5604.1442205519415
          ],
          [
            975.9538292368137,
            5610.2839990397915
          ],
          [
            991.9687815096986,
            5616.4237775276415
          ],
          [
            1007.9837337825835,
            5622.5635560154915
          ],
          [
            1023.9986860554685,
            5628.7033345033415
          ],
          [
            1040.0136383283534,
            5634.843112991191
          ],
          [
            1055.3199736588285,
            5640.9275364764035
          ],
          [
            1070.6263089893037,
            5647.0119599616155
          ],
          [
            1085.9326443197788,
            5653.0963834468275
          ],
          [
            1101.4604355955573,
            5659.173146031797
          ],
          [
            1116.988226871336,
            5665.249908616766
          ],
          [
            1132.5160181471147,
            5671.326671201736
          ],
          [
            1150.8622551650042,
            5681.193448856939
          ],
          [
            1169.2084921828937,
            5691.0602265121415
          ],
          [
            1185.552496530232,
            5699.647444185801
          ],
          [
            1201.8965008775704,
            5708.23466185946
          ],
          [
            1225.250025156478,
            5720.970241168514
          ],
          [
            1242.1903499626205,
            5726.258686804213
          ],
          [
            1259.1306747687631,
            5731.547132439911
          ],
          [
            1282.3134921165183,
            5734.7386787417345
          ],
          [
            1305.4963094642735,
            5737.930225043558
          ],
          [
            1325.3508201480145,
            5739.981290257846
          ],
          [
            1345.2053308317554,
            5742.032355472135
          ],
          [
            1365.0598415154964,
            5744.083420686424
          ],
          [
            1383.9089652683324,
            5745.221827977104
          ],
          [
            1402.7580890211684,
            5746.360235267784
          ],
          [
            1421.6072127740044,
            5747.498642558465
          ],
          [
            1440.4563365268405,
            5748.637049849145
          ],
          [
            1462.293536314508,
            5750.537469845265
          ],
          [
            1484.1307361021754,
            5752.437889841385
          ],
          [
            1502.0158200816077,
            5755.077095699497
          ],
          [
            1519.90090406104,
            5757.716301557608
          ],
          [
            1536.8167643841298,
            5761.684041763656
          ],
          [
            1553.7326247072197,
            5765.651781969704
          ],
          [
            1576.2725998118403,
            5769.8501657499
          ],
          [
            1602.864632568555,
            5779.239886413328
          ],
          [
            1610.13650776149,
            5779.107185256667
          ],
          [
            1618.7094312568079,
            5778.284269129857
          ],
          [
            1620.543387671467,
            5770.352988019586
          ],
          [
            1617.7084754575626,
            5759.874292355962
          ],
          [
            1606.6170796263032,
            5731.118018724024
          ],
          [
            1602.1964661888196,
            5706.183378748596
          ],
          [
            1604.6111519233673,
            5693.631659817882
          ],
          [
            1607.718527798599,
            5683.044533460401
          ],
          [
            1613.4498217173968,
            5675.419808975421
          ]
        ]
      },
      "properties": {
        "id": "pistes:way:52692957",
        "name": "la Solana",
        "piste_type": "downhill",
        "tags": {
          "name": "la Solana",
          "z_order": "0",
          "name:ca": "la Solana",
          "piste:difficulty": "easy",
          "piste:type": "downhill",
          "sport": "skiing",
          "winter_sports_id": "987243867",
          "winter_sports_name": "Pal-Arinsal",
          "State": "La Massana",
          "Country": "Andorra",
          "Ski Area": "Pal-Arinsal",
          "region": "europe/andorra"
        }
      }
    },
    {
      "type": "Feature",
      "geometry": {
        "type": "LineString",
        "coordinates": [
          [
            844.8549016752513,
            5253.538928670809
          ],
          [
            864.2521205141675,
            5259.070200706832
          ],
          [
            883.2031317874789,
            5269.8194024330005
          ],
          [
            903.8036682196544,
            5274.706649099477
          ],
          [
            930.696623800497,
            5283.333034165204
          ],
          [
            957.6340446800459,
            5294.835696553811
          ],
          [
            972.8067739448355,
            5302.844113932612
          ],
          [
            987.979503209625,
            5310.852531311412
          ],
          [
            1003.1522324744146,
            5318.860948690213
          ],
          [
            1016.1314611936978,
            5331.064068226609
          ],
          [
            1029.110689912981,
            5343.2671877630055
          ],
          [
            1042.5878078764945,
            5353.072993542068
          ],
          [
            1056.064925840008,
            5362.87879932113
          ],
          [
            1072.3271921235428,
            5373.677785843145
          ],
          [
            1088.5894584070775,
            5384.47677236516
          ],
          [
            1104.2535288502113,
            5394.898005684372
          ],
          [
            1119.9175992933451,
            5405.319239003584
          ],
          [
            1146.027171769936,
            5412.461187492125
          ],
          [
            1162.8073255158379,
            5410.376668912359
          ],
          [
            1179.5874792617396,
            5408.292150332592
          ],
          [
            1196.3676330076414,
            5406.207631752826
          ],
          [
            1216.156058712746,
            5408.70577834826
          ],
          [
            1235.9444844178506,
            5411.203924943693
          ],
          [
            1253.0766880802305,
            5418.040359015266
          ],
          [
            1270.2088917426106,
            5424.876793086839
          ],
          [
            1287.3410954049905,
            5431.713227158412
          ],
          [
            1305.5907734860375,
            5432.912355065811
          ],
          [
            1323.8404515670845,
            5434.1114829732105
          ],
          [
            1339.966650108312,
            5432.561407149304
          ],
          [
            1356.0928486495395,
            5431.011331325397
          ],
          [
            1376.0948605854646,
            5418.026926600374
          ]
        ]
      },
      "properties": {
        "id": "pistes:way:52692959",
        "name": "Tub Estadi",
        "piste_type": "downhill",
        "tags": {
          "name": "Tub Estadi",
          "z_order": "0",
          "name:ca": "Tub Estadi",
          "piste:difficulty": "intermediate",
          "piste:type": "downhill",
          "sport": "skiing",
          "winter_sports_id": "987243867",
          "winter_sports_name": "Pal-Arinsal",
          "State": "La Massana",
          "Country": "Andorra",
          "Ski Area": "Pal-Arinsal",
          "region": "europe/andorra"
        }
      }
    },
    {
      "type": "Feature",
      "geometry": {
        "type": "LineString",
        "coordinates": [
          [
            838.5533808480832,
            5229.62781635765
          ],
          [
            853.3419217978953,
            5219.370211878791
          ],
          [
            871.6958162363735,
            5204.059710897505
          ],
          [
            890.0497106748517,
            5188.749209916219
          ],
          [
            893.5414213557378,
            5186.1747188046575
          ],
          [
            907.0549421750475,
            5176.2294398592785
          ],
          [
            921.663075763383,
            5167.763699810952
          ],
          [
            932.377686312655,
            5160.5579695776105
          ],
          [
            935.6588010410778,
            5158.587199633941
          ],
          [
            956.9284296415863,
            5145.767183214426
          ],
          [
            969.2727191682206,
            5141.008727406152
          ],
          [
            984.7872570035397,
            5144.80092367623
          ],
          [
            1002.3772191890166,
            5155.653163552284
          ],
          [
            1023.756357377104,
            5163.136897420511
          ],
          [
            1043.721437097789,
            5169.408087613527
          ],
          [
            1063.686516818474,
            5175.679277806543
          ],
          [
            1080.1704575869662,
            5176.5936121298
          ],
          [
            1096.6543983554584,
            5177.507946453057
          ],
          [
            1121.3595210624044,
            5180.099040566944
          ],
          [
            1139.7719785443624,
            5185.2159009492025
          ],
          [
            1156.40858066309,
            5190.209811689332
          ],
          [
            1175.8267291109078,
            5198.685201373883
          ],
          [
            1193.1833814151469,
            5211.619385422207
          ],
          [
            1204.0409360971535,
            5223.428459559567
          ],
          [
            1211.0847569791076,
            5237.945515266154
          ],
          [
            1218.1285778610618,
            5252.462570972741
          ],
          [
            1222.5246013875585,
            5269.910634647589
          ],
          [
            1226.9206249140552,
            5287.358698322438
          ],
          [
            1235.3329709210084,
            5315.419220122509
          ],
          [
            1249.5321766000125,
            5339.797069510445
          ],
          [
            1260.8111657483678,
            5351.320818934124
          ],
          [
            1272.090154896723,
            5362.844568357803
          ],
          [
            1283.1935481839464,
            5375.397215616268
          ],
          [
            1294.2969414711697,
            5387.949862874734
          ],
          [
            1305.400334758393,
            5400.502510133199
          ],
          [
            1322.985890486394,
            5408.934065815993
          ],
          [
            1340.571446214395,
            5417.365621498786
          ],
          [
            1358.3331533999299,
            5417.69627404958
          ],
          [
            1376.0948605854646,
            5418.026926600374
          ]
        ]
      },
      "properties": {
        "id": "pistes:way:52692960",
        "name": "la Pala",
        "piste_type": "downhill",
        "tags": {
          "name": "la Pala",
          "z_order": "0",
          "name:ca": "la Pala",
          "piste:difficulty": "intermediate",
          "piste:type": "downhill",
          "sport": "skiing",
          "winter_sports_id": "987243867",
          "winter_sports_name": "Pal-Arinsal",
          "State": "La Massana",
          "Country": "Andorra",
          "Ski Area": "Pal-Arinsal",
          "region": "europe/andorra"
        }
      }
    },
    {
      "type": "Feature",
      "geometry": {
        "type": "LineString",
        "coordinates": [
          [
            1956.80866138055,
            5529.279785505496
          ],
          [
            1974.782578785831,
            5533.965302262688
          ],
          [
            1992.756496191112,
            5538.65081901988
          ],
          [
            2010.7304135963932,
            5543.336335777072
          ],
          [
            2028.7043310016743,
            5548.021852534264
          ],
          [
            2044.6631939589668,
            5551.504692131964
          ],
          [
            2060.622056916259,
            5554.987531729664
          ],
          [
            2076.5809198735515,
            5558.470371327363
          ],
          [
            2098.1767863678688,
            5566.953129826579
          ],
          [
            2119.772652862186,
            5575.4358883257955
          ],
          [
            2135.380743638496,
            5581.761531687807
          ],
          [
            2150.9888344148058,
            5588.087175049819
          ],
          [
            2178.9945760849514,
            5602.996299646795
          ],
          [
            2195.9740503912617,
            5613.184966891538
          ],
          [
            2212.953524697572,
            5623.373634136282
          ],
          [
            2229.0502568503143,
            5634.239333518315
          ],
          [
            2245.1469890030567,
            5645.105032900348
          ],
          [
            2259.2779079325846,
            5653.897831400546
          ],
          [
            2273.4088268621126,
            5662.690629900743
          ],
          [
            2287.5397457916406,
            5671.483428400941
          ],
          [
            2304.4588800196457,
            5684.324571517917
          ],
          [
            2321.378014247651,
            5697.1657146348925
          ],
          [
            2338.2971484756563,
            5710.006857751869
          ],
          [
            2357.330381749838,
            5719.836513609625
          ],
          [
            2376.36361502402,
            5729.666169467382
          ],
          [
            2386.650112673873,
            5733.234106990509
          ],
          [
            2404.5006455487164,
            5739.425250879489
          ],
          [
            2422.3511784235598,
            5745.616394768469
          ],
          [
            2450.539854716568,
            5748.493299923837
          ],
          [
            2471.0570151295396,
            5750.594855240236
          ],
          [
            2491.5741755425115,
            5752.696410556634
          ],
          [
            2512.0913359554834,
            5754.797965873033
          ],
          [
            2532.218589970745,
            5759.702270850229
          ],
          [
            2552.3458439860065,
            5764.606575827424
          ],
          [
            2572.473098001268,
            5769.510880804621
          ],
          [
            2589.235052554097,
            5773.9782868237235
          ],
          [
            2605.9970071069256,
            5778.445692842826
          ],
          [
            2622.7589616597543,
            5782.913098861929
          ],
          [
            2639.520916212583,
            5787.380504881032
          ],
          [
            2655.13742761685,
            5792.526938594645
          ],
          [
            2670.753939021117,
            5797.673372308258
          ],
          [
            2686.3704504253838,
            5802.819806021871
          ],
          [
            2701.9869618296507,
            5807.966239735484
          ],
          [
            2721.590591357788,
            5814.198670620099
          ],
          [
            2741.1942208859255,
            5820.431101504713
          ],
          [
            2756.317219966188,
            5826.481780156183
          ],
          [
            2771.440219046451,
            5832.532458807652
          ],
          [
            2786.5632181267138,
            5838.583137459122
          ],
          [
            2812.081879507052,
            5853.661876001395
          ],
          [
            2831.884945261554,
            5862.084828064777
          ],
          [
            2851.6880110160564,
            5870.507780128159
          ],
          [
            2861.4152138073696,
            5883.817092827987
          ],
          [
            2871.1424165986828,
            5897.126405527815
          ]
        ]
      },
      "properties": {
        "id": "pistes:way:52692962",
        "name": "la Tossa",
        "piste_type": "downhill",
        "tags": {
          "name": "la Tossa",
          "z_order": "0",
          "name:ca": "la Tossa",
          "piste:difficulty": "intermediate",
          "piste:type": "downhill",
          "sport": "skiing",
          "winter_sports_id": "987243867",
          "winter_sports_name": "Pal-Arinsal",
          "State": "La Massana",
          "Country": "Andorra",
          "Ski Area": "Pal-Arinsal",
          "region": "europe/andorra"
        }
      }
    },
    {
      "type": "Feature",
      "geometry": {
        "type": "LineString",
        "coordinates": [
          [
            2385.143987065996,
            5739.370818170719
          ],
          [
            2400.2152400304913,
            5748.576348432961
          ],
          [
            2415.2864929949865,
            5757.781878695202
          ],
          [
            2430.3577459594817,
            5766.987408957444
          ],
          [
            2447.6340482156083,
            5775.4773138933815
          ],
          [
            2464.910350471735,
            5783.967218829319
          ],
          [
            2483.3935439314228,
            5791.102379227523
          ],
          [
            2501.8767373911105,
            5798.237539625727
          ],
          [
            2519.498493494097,
            5802.768789070037
          ],
          [
            2537.1202495970842,
            5807.300038514349
          ],
          [
            2554.742005700071,
            5811.831287958659
          ],
          [
            2576.8941451653955,
            5816.201009571087
          ],
          [
            2599.04628463072,
            5820.570731183514
          ],
          [
            2618.4137661874606,
            5824.185692419919
          ],
          [
            2637.7812477442008,
            5827.800653656323
          ],
          [
            2657.1487293009413,
            5831.415614892729
          ],
          [
            2674.8276518118996,
            5835.638895869565
          ],
          [
            2692.5065743228574,
            5839.862176846403
          ],
          [
            2710.1854968338157,
            5844.085457823239
          ],
          [
            2727.4550343774026,
            5849.054933017585
          ],
          [
            2744.7245719209895,
            5854.024408211932
          ],
          [
            2762.7575727807707,
            5859.218962205574
          ],
          [
            2781.7795448382967,
            5866.439547759481
          ],
          [
            2805.9010090400116,
            5872.3572322567925
          ],
          [
            2827.121440131159,
            5883.114964000881
          ],
          [
            2846.361369570135,
            5890.820558314677
          ],
          [
            2865.6012990091112,
            5898.526152628474
          ]
        ]
      },
      "properties": {
        "id": "pistes:way:52692963",
        "name": "Estadi",
        "piste_type": "downhill",
        "tags": {
          "name": "Estadi",
          "z_order": "0",
          "name:ca": "Estadi",
          "piste:difficulty": "intermediate",
          "piste:type": "downhill",
          "sport": "skiing",
          "winter_sports_id": "987243867",
          "winter_sports_name": "Pal-Arinsal",
          "State": "La Massana",
          "Country": "Andorra",
          "Ski Area": "Pal-Arinsal",
          "region": "europe/andorra"
        }
      }
    },
    {
      "type": "Feature",
      "geometry": {
        "type": "LineString",
        "coordinates": [
          [
            1256.5158372906735,
            5558.131479289383
          ],
          [
            1263.4226886573015,
            5534.444908511825
          ],
          [
            1265.261566315312,
            5528.146318130195
          ],
          [
            1278.7728341913316,
            5512.703302456997
          ],
          [
            1294.05121979682,
            5495.561783132143
          ],
          [
            1317.8446049128543,
            5477.997977111489
          ],
          [
            1332.7891921292467,
            5469.532508367673
          ],
          [
            1347.733779345639,
            5461.0670396238565
          ],
          [
            1365.901756426203,
            5457.352503490169
          ],
          [
            1384.069733506767,
            5453.637967356481
          ],
          [
            1413.2495826732484,
            5451.793910011649
          ],
          [
            1430.854640302714,
            5452.544158125762
          ],
          [
            1448.4596979321796,
            5453.294406239875
          ],
          [
            1469.8824524602387,
            5454.930309263058
          ],
          [
            1491.3052069882979,
            5456.566212286241
          ],
          [
            1505.0391096404055,
            5459.125734855421
          ],
          [
            1526.3526505719346,
            5463.102047092747
          ],
          [
            1547.6661915034638,
            5467.078359330073
          ],
          [
            1567.325990808924,
            5471.096088053659
          ],
          [
            1586.9857901143841,
            5475.113816777244
          ],
          [
            1593.8014797564247,
            5476.511237626895
          ],
          [
            1609.8786974243703,
            5479.705792484805
          ],
          [
            1627.9192966046103,
            5488.135349701159
          ],
          [
            1645.9598957848502,
            5496.564906917512
          ],
          [
            1662.5603467909677,
            5502.118882537121
          ],
          [
            1679.1607977970853,
            5507.6728581567295
          ],
          [
            1695.7612488032028,
            5513.226833776338
          ],
          [
            1712.3616998093203,
            5518.780809395947
          ],
          [
            1727.881732494905,
            5524.976677144878
          ],
          [
            1743.4017651804897,
            5531.172544893809
          ],
          [
            1758.9217978660745,
            5537.36841264274
          ],
          [
            1774.4418305516592,
            5543.564280391671
          ],
          [
            1789.7088329531834,
            5549.0215630341945
          ],
          [
            1804.9758353547077,
            5554.478845676717
          ],
          [
            1820.242837756232,
            5559.936128319241
          ],
          [
            1826.6695892849239,
            5561.174237101339
          ],
          [
            1843.6137119952764,
            5564.425751859322
          ],
          [
            1860.557834705629,
            5567.677266617306
          ],
          [
            1877.0032515479688,
            5569.019070234848
          ],
          [
            1893.4486683903087,
            5570.360873852391
          ],
          [
            1909.8940852326486,
            5571.702677469933
          ],
          [
            1926.3395020749886,
            5573.044481087476
          ],
          [
            1943.7013870173541,
            5580.7596104880795
          ],
          [
            1961.0632719597197,
            5588.474739888683
          ]
        ]
      },
      "properties": {
        "id": "pistes:way:52692966",
        "name": "Port Vell",
        "piste_type": "downhill",
        "tags": {
          "name": "Port Vell",
          "z_order": "0",
          "name:ca": "Port Vell",
          "piste:difficulty": "easy",
          "piste:type": "downhill",
          "sport": "skiing",
          "winter_sports_id": "987243867",
          "winter_sports_name": "Pal-Arinsal",
          "State": "La Massana",
          "Country": "Andorra",
          "Ski Area": "Pal-Arinsal",
          "region": "europe/andorra"
        }
      }
    },
    {
      "type": "Feature",
      "geometry": {
        "type": "LineString",
        "coordinates": [
          [
            1961.0632719597197,
            5588.474739888683
          ],
          [
            1979.684351644275,
            5602.2264685607515
          ],
          [
            1998.3054313288303,
            5615.97819723282
          ],
          [
            2014.6173603669013,
            5626.356337974779
          ],
          [
            2030.9292894049722,
            5636.7344787167385
          ],
          [
            2047.2412184430432,
            5647.112619458698
          ],
          [
            2063.553147481114,
            5657.490760200657
          ],
          [
            2075.592344555247,
            5668.146644513356
          ],
          [
            2087.63154162938,
            5678.802528826054
          ],
          [
            2099.670738703513,
            5689.458413138753
          ],
          [
            2111.709935777646,
            5700.114297451451
          ],
          [
            2125.585227265508,
            5710.348108152859
          ],
          [
            2139.4605187533693,
            5720.581918854266
          ],
          [
            2153.3358102412312,
            5730.815729555674
          ],
          [
            2170.398678239169,
            5736.929448321861
          ],
          [
            2187.4615462371066,
            5743.043167088048
          ],
          [
            2204.5244142350443,
            5749.156885854235
          ],
          [
            2221.5872822329816,
            5755.270604620421
          ],
          [
            2238.6501502309193,
            5761.384323386608
          ],
          [
            2255.713018228857,
            5767.498042152795
          ],
          [
            2272.7758862267947,
            5773.611760918982
          ]
        ]
      },
      "properties": {
        "id": "pistes:way:52692967",
        "name": "Salador",
        "piste_type": "downhill",
        "tags": {
          "name": "Salador",
          "z_order": "0",
          "name:ca": "Salador",
          "piste:difficulty": "easy",
          "piste:type": "downhill",
          "sport": "skiing",
          "winter_sports_id": "987243867",
          "winter_sports_name": "Pal-Arinsal",
          "State": "La Massana",
          "Country": "Andorra",
          "Ski Area": "Pal-Arinsal",
          "region": "europe/andorra"
        }
      }
    },
    {
      "type": "Feature",
      "geometry": {
        "type": "LineString",
        "coordinates": [
          [
            1609.8786974243703,
            5479.705792484805
          ],
          [
            1628.207065619892,
            5479.154856936075
          ],
          [
            1646.5354338154139,
            5478.603921387345
          ],
          [
            1664.8638020109356,
            5478.052985838614
          ],
          [
            1683.1921702064574,
            5477.502050289884
          ],
          [
            1702.254281249654,
            5480.79424692442
          ],
          [
            1721.3163922928507,
            5484.0864435589565
          ],
          [
            1740.3785033360473,
            5487.378640193492
          ],
          [
            1757.7783622602292,
            5492.423968231073
          ],
          [
            1775.178221184411,
            5497.469296268653
          ],
          [
            1792.578080108593,
            5502.514624306234
          ],
          [
            1809.9779390327749,
            5507.559952343814
          ],
          [
            1828.3017505369614,
            5512.491456162929
          ],
          [
            1846.625562041148,
            5517.422959982045
          ],
          [
            1864.9493735453348,
            5522.354463801161
          ],
          [
            1883.2731850495213,
            5527.285967620276
          ],
          [
            1901.5969965537079,
            5532.217471439391
          ],
          [
            1907.9836053634062,
            5533.956247357652
          ],
          [
            1936.203280742222,
            5541.629208809696
          ],
          [
            1951.889149070892,
            5545.898068856758
          ],
          [
            1967.575017399562,
            5550.166928903821
          ],
          [
            1983.260885728232,
            5554.435788950883
          ],
          [
            1991.4355584565783,
            5557.430639410391
          ],
          [
            2019.174977119139,
            5567.600861907005
          ],
          [
            2042.527352401754,
            5580.3391620106995
          ],
          [
            2060.2476459757017,
            5592.196901353542
          ],
          [
            2077.9679395496496,
            5604.054640696384
          ],
          [
            2097.3179468081216,
            5614.560993859544
          ],
          [
            2116.6679540665937,
            5625.067347022705
          ],
          [
            2128.5678342715837,
            5628.394539656118
          ],
          [
            2143.232009368832,
            5632.482407496311
          ],
          [
            2167.1092156237573,
            5637.980262216181
          ],
          [
            2185.549493538041,
            5646.857565046288
          ],
          [
            2203.989771452325,
            5655.734867876396
          ],
          [
            2222.4300493666087,
            5664.612170706503
          ],
          [
            2238.268468174521,
            5675.954685145989
          ],
          [
            2254.1068869824326,
            5687.297199585475
          ],
          [
            2269.9453057903447,
            5698.639714024961
          ],
          [
            2285.1269628959903,
            5709.994248860516
          ],
          [
            2300.3086200016355,
            5721.34878369607
          ],
          [
            2315.490277107281,
            5732.703318531625
          ],
          [
            2327.4691688973107,
            5743.116308733821
          ],
          [
            2343.6771422316087,
            5757.1959860166535
          ],
          [
            2343.8681256044656,
            5767.722900895402
          ],
          [
            2343.4742281059152,
            5782.214873666875
          ],
          [
            2335.008443989849,
            5788.944403626025
          ],
          [
            2324.484932481835,
            5791.767943441868
          ],
          [
            2309.38468509441,
            5796.6517781261355
          ],
          [
            2292.4415430734516,
            5809.466882459819
          ],
          [
            2282.121050191403,
            5823.472560044378
          ],
          [
            2282.011055203213,
            5843.646686024964
          ],
          [
            2284.2031792859198,
            5860.835405027494
          ]
        ]
      },
      "properties": {
        "id": "pistes:way:52692969",
        "name": "Margarida",
        "piste_type": "downhill",
        "tags": {
          "name": "Margarida",
          "z_order": "0",
          "name:ca": "Margarida",
          "piste:difficulty": "easy",
          "piste:type": "downhill",
          "sport": "skiing",
          "winter_sports_id": "987243867",
          "winter_sports_name": "Pal-Arinsal",
          "State": "La Massana",
          "Country": "Andorra",
          "Ski Area": "Pal-Arinsal",
          "region": "europe/andorra"
        }
      }
    },
    {
      "type": "Feature",
      "geometry": {
        "type": "LineString",
        "coordinates": [
          [
            2513.5530018959544,
            5918.847547765821
          ],
          [
            2528.9025299078903,
            5925.378710383922
          ],
          [
            2544.252057919826,
            5931.909873002022
          ],
          [
            2559.6015859317617,
            5938.441035620123
          ],
          [
            2574.9511139436972,
            5944.972198238223
          ],
          [
            2590.300641955633,
            5951.503360856324
          ],
          [
            2607.4621692333894,
            5958.451708207373
          ],
          [
            2624.6236965111457,
            5965.400055558421
          ],
          [
            2642.049814392667,
            5971.321762296837
          ],
          [
            2659.4759322741884,
            5977.243469035253
          ],
          [
            2679.75942368494,
            5984.774205483496
          ],
          [
            2700.0429150956916,
            5992.304941931739
          ],
          [
            2717.624033264641,
            5996.591156756505
          ],
          [
            2735.205151433591,
            6000.877371581271
          ],
          [
            2753.148433638242,
            6006.8066588775255
          ],
          [
            2771.091715842893,
            6012.73594617378
          ],
          [
            2786.0626409670513,
            6019.102282069158
          ],
          [
            2801.0335660912097,
            6025.468617964536
          ],
          [
            2809.704178168613,
            6029.155233156867
          ],
          [
            2824.595201329755,
            6036.783863481134
          ],
          [
            2839.486224490897,
            6044.412493805401
          ],
          [
            2854.377247652039,
            6052.041124129668
          ],
          [
            2863.092579918157,
            6059.114925837144
          ],
          [
            2877.9878223724663,
            6079.251130695455
          ],
          [
            2890.343582241854,
            6104.698418308981
          ],
          [
            2889.9997804490267,
            6122.477377624251
          ]
        ]
      },
      "properties": {
        "id": "pistes:way:52692970",
        "name": "el Cortalet",
        "piste_type": "downhill",
        "tags": {
          "name": "el Cortalet",
          "z_order": "0",
          "piste:difficulty": "novice",
          "piste:type": "downhill",
          "sport": "skiing",
          "winter_sports_id": "987243867",
          "winter_sports_name": "Pal-Arinsal",
          "State": "La Massana",
          "Country": "Andorra",
          "Ski Area": "Pal-Arinsal",
          "region": "europe/andorra"
        }
      }
    },
    {
      "type": "Feature",
      "geometry": {
        "type": "LineString",
        "coordinates": [
          [
            2506.4615234109224,
            5934.816032239236
          ],
          [
            2518.8895130073847,
            5948.605447158217
          ],
          [
            2531.3175026038466,
            5962.394862077199
          ],
          [
            2543.745492200309,
            5976.18427699618
          ],
          [
            2562.3098956112517,
            5993.954027646221
          ],
          [
            2588.4671554802335,
            6009.842370824888
          ],
          [
            2606.2386971345986,
            6018.295904888306
          ],
          [
            2624.0102387889638,
            6026.749438951723
          ],
          [
            2642.0976637759595,
            6034.971504093458
          ],
          [
            2660.1850887629553,
            6043.1935692351935
          ],
          [
            2678.272513749951,
            6051.415634376928
          ],
          [
            2700.776886052132,
            6056.923467920627
          ],
          [
            2723.2812583543127,
            6062.431301464327
          ],
          [
            2748.079144628253,
            6075.823302156292
          ],
          [
            2765.885280837363,
            6089.8416786389425
          ],
          [
            2774.7078854567953,
            6102.845090338029
          ],
          [
            2788.4735201995063,
            6119.75246761553
          ],
          [
            2802.2391549422173,
            6136.659844893031
          ],
          [
            2824.8568872720352,
            6157.089541815221
          ],
          [
            2836.527350489254,
            6168.464226927143
          ],
          [
            2848.1978137064725,
            6179.838912039064
          ],
          [
            2855.333433739899,
            6204.447411509231
          ],
          [
            2864.7589416172705,
            6205.8544185031205
          ],
          [
            2862.0197171430336,
            6185.792935846839
          ],
          [
            2859.280492668797,
            6165.731453190558
          ],
          [
            2869.904397952778,
            6155.764468356036
          ],
          [
            2879.212249549746,
            6147.020939494483
          ],
          [
            2884.319450522831,
            6137.064790687524
          ]
        ]
      },
      "properties": {
        "id": "pistes:way:52692971",
        "piste_type": "downhill",
        "tags": {
          "z_order": "0",
          "piste:difficulty": "novice",
          "piste:type": "downhill",
          "sport": "skiing",
          "winter_sports_id": "987243867",
          "winter_sports_name": "Pal-Arinsal",
          "State": "La Massana",
          "Country": "Andorra",
          "Ski Area": "Pal-Arinsal",
          "region": "europe/andorra"
        }
      }
    },
    {
      "type": "Feature",
      "geometry": {
        "type": "LineString",
        "coordinates": [
          [
            1505.8800730087678,
            1272.0038671344519
          ],
          [
            1522.6879775360576,
            1277.7956318715587
          ],
          [
            1542.9808421155321,
            1266.5509313335642
          ],
          [
            1564.8820520678419,
            1252.944303012453
          ],
          [
            1591.0556537249358,
            1237.0938309887424
          ],
          [
            1603.2121135163616,
            1226.0115227361675
          ],
          [
            1615.3685733077873,
            1214.9292144835927
          ],
          [
            1627.525033099213,
            1203.8469062310178
          ],
          [
            1639.6814928906388,
            1192.764597978443
          ],
          [
            1653.989835953107,
            1179.7242664573714
          ],
          [
            1668.2981790155754,
            1166.6839349363
          ],
          [
            1682.0566341094284,
            1155.5476000197232
          ],
          [
            1695.8150892032816,
            1144.4112651031464
          ],
          [
            1709.5735442971345,
            1133.2749301865697
          ],
          [
            1732.7291917633265,
            1115.4250027574599
          ],
          [
            1752.0454939056071,
            1103.293454203289
          ],
          [
            1771.3617960478878,
            1091.1619056491181
          ],
          [
            1785.3012862330263,
            1082.8846410339077
          ],
          [
            1799.240776418165,
            1074.6073764186974
          ],
          [
            1813.1802666033036,
            1066.330111803487
          ],
          [
            1829.3192002220778,
            1063.7883630396798
          ],
          [
            1845.458133840852,
            1061.2466142758726
          ],
          [
            1861.597067459626,
            1058.7048655120657
          ],
          [
            1877.7360010784002,
            1056.1631167482585
          ],
          [
            1893.8749346971745,
            1053.6213679844514
          ],
          [
            1909.7515217849536,
            1048.91031398092
          ],
          [
            1925.6281088727326,
            1044.1992599773887
          ],
          [
            1941.5046959605118,
            1039.4882059738572
          ],
          [
            1957.381283048291,
            1034.7771519703258
          ],
          [
            1973.25787013607,
            1030.0660979667944
          ],
          [
            1989.134457223849,
            1025.3550439632631
          ],
          [
            2005.0110443116282,
            1020.6439899597317
          ],
          [
            2021.8079444506438,
            1014.3990103097167
          ],
          [
            2038.6048445896595,
            1008.1540306597017
          ],
          [
            2055.401744728675,
            1001.9090510096867
          ],
          [
            2072.1986448676907,
            995.6640713596717
          ],
          [
            2088.2949833034268,
            989.7068719683836
          ],
          [
            2104.3913217391623,
            983.7496725770956
          ],
          [
            2120.4876601748983,
            977.7924731858075
          ],
          [
            2139.5755115160136,
            972.4864503405988
          ],
          [
            2158.663362857129,
            967.1804274953902
          ],
          [
            2180.0044744565093,
            965.8380504576489
          ],
          [
            2201.3455860558897,
            964.4956734199077
          ],
          [
            2216.968547184675,
            960.0997101699468
          ],
          [
            2232.5915083134605,
            955.7037469199859
          ],
          [
            2248.214469442246,
            951.307783670025
          ],
          [
            2263.8374305710313,
            946.911820420064
          ],
          [
            2284.8269711074536,
            943.3934355098754
          ],
          [
            2305.816511643876,
            939.8750505996868
          ],
          [
            2322.8166166800424,
            940.76676089596
          ],
          [
            2339.816721716209,
            941.6584711922333
          ],
          [
            2356.816826752375,
            942.5501814885065
          ],
          [
            2373.8169317885418,
            943.4418917847797
          ],
          [
            2390.8170368247083,
            944.333602081053
          ],
          [
            2413.2867737351335,
            958.8113415678963
          ],
          [
            2430.076946314075,
            961.3621066296473
          ]
        ]
      },
      "properties": {
        "id": "pistes:way:152826437",
        "name": "Cami Superior",
        "piste_type": "downhill",
        "tags": {
          "name": "Cami Superior",
          "z_order": "0",
          "piste:difficulty": "easy",
          "piste:type": "downhill",
          "sport": "skiing",
          "winter_sports_id": "987243867",
          "winter_sports_name": "Pal-Arinsal",
          "State": "La Massana",
          "Country": "Andorra",
          "Ski Area": "Pal-Arinsal",
          "region": "europe/andorra"
        }
      }
    },
    {
      "type": "Feature",
      "geometry": {
        "type": "LineString",
        "coordinates": [
          [
            1376.396127261396,
            1746.8443057034165
          ],
          [
            1372.8160580525873,
            1726.8412542122726
          ],
          [
            1369.2359888437786,
            1706.838202721129
          ],
          [
            1365.65591963497,
            1686.835151229985
          ],
          [
            1365.7019457329104,
            1667.6100986069068
          ],
          [
            1365.7479718308507,
            1648.3850459838286
          ],
          [
            1365.7939979287912,
            1629.1599933607504
          ],
          [
            1366.452255637967,
            1610.769822143251
          ],
          [
            1367.1105133471428,
            1592.3796509257518
          ],
          [
            1367.7687710563187,
            1573.9894797082525
          ],
          [
            1368.4270287654945,
            1555.5993084907532
          ],
          [
            1376.4083841702861,
            1540.7577576803353
          ],
          [
            1384.389739575078,
            1525.9162068699177
          ],
          [
            1392.3710949798697,
            1511.0746560594998
          ],
          [
            1400.3524503846613,
            1496.233105249082
          ],
          [
            1408.3338057894532,
            1481.3915544386643
          ],
          [
            1416.3151611942449,
            1466.5500036282465
          ],
          [
            1423.0237470949069,
            1459.1629530834034
          ],
          [
            1434.0973868283133,
            1446.9679785051073
          ],
          [
            1445.1710265617196,
            1434.773003926811
          ],
          [
            1456.244666295126,
            1422.578029348515
          ],
          [
            1458.05686290242,
            1420.589963038452
          ],
          [
            1475.4397846592308,
            1415.1966276549335
          ],
          [
            1492.8227064160415,
            1409.803292271415
          ],
          [
            1510.2056281728521,
            1404.4099568878967
          ],
          [
            1527.5885499296626,
            1399.016621504378
          ],
          [
            1544.9714716864733,
            1393.6232861208596
          ],
          [
            1562.354393443284,
            1388.2299507373411
          ],
          [
            1579.7373152000946,
            1382.8366153538227
          ],
          [
            1595.8439899853693,
            1375.0730097470805
          ],
          [
            1611.950664770644,
            1367.3094041403383
          ],
          [
            1628.0573395559186,
            1359.545798533596
          ],
          [
            1644.1640143411933,
            1351.782192926854
          ],
          [
            1660.765650040994,
            1344.3114756004263
          ],
          [
            1677.3672857407946,
            1336.840758273999
          ],
          [
            1693.9689214405953,
            1329.3700409475714
          ],
          [
            1708.26120457871,
            1316.6966972765513
          ],
          [
            1722.5534877168247,
            1304.0233536055312
          ],
          [
            1736.8457708549395,
            1291.350009934511
          ],
          [
            1751.1380539930542,
            1278.676666263491
          ],
          [
            1771.144303515146,
            1270.398159694858
          ],
          [
            1791.1505530372378,
            1262.1196531262249
          ],
          [
            1811.8688881873677,
            1253.0118786976673
          ],
          [
            1832.5872233374976,
            1243.9041042691097
          ],
          [
            1851.3349266715231,
            1234.850831608909
          ],
          [
            1870.0826300055487,
            1225.797558948708
          ],
          [
            1888.8303333395743,
            1216.7442862885073
          ],
          [
            1909.9991964133515,
            1215.459720134735
          ],
          [
            1931.1680594871286,
            1214.175153980963
          ],
          [
            1955.1351624773815,
            1222.881407437846
          ],
          [
            1970.09602073743,
            1208.4247183194384
          ],
          [
            1973.0803774438682,
            1187.965220007114
          ],
          [
            1976.0647341503063,
            1167.5057216947898
          ],
          [
            1990.0216097801458,
            1156.33862538822
          ],
          [
            2003.9784854099853,
            1145.17152908165
          ],
          [
            2018.912852891117,
            1138.5091559753055
          ],
          [
            2033.8472203722486,
            1131.8467828689609
          ],
          [
            2048.78158785338,
            1125.1844097626163
          ],
          [
            2063.715955334512,
            1118.5220366562717
          ],
          [
            2078.6503228156434,
            1111.859663549927
          ],
          [
            2093.584690296775,
            1105.1972904435825
          ],
          [
            2108.5190577779067,
            1098.5349173372379
          ],
          [
            2123.4534252590383,
            1091.8725442308933
          ],
          [
            2140.2175372914644,
            1084.392643818166
          ],
          [
            2156.9816493238905,
            1076.912743405439
          ],
          [
            2171.5926837515144,
            1069.5108886368107
          ],
          [
            2186.2037181791384,
            1062.1090338681825
          ],
          [
            2200.8147526067623,
            1054.7071790995542
          ],
          [
            2215.4257870343863,
            1047.305324330926
          ],
          [
            2232.908806513995,
            1037.0967361996882
          ],
          [
            2250.3918259936036,
            1026.8881480684504
          ],
          [
            2264.1428305173563,
            1017.2416081593061
          ],
          [
            2277.8938350411095,
            1007.595068250162
          ],
          [
            2291.644839564862,
            997.9485283410177
          ],
          [
            2316.033062928298,
            984.0882382160053
          ],
          [
            2335.4701517169597,
            979.6872786325403
          ],
          [
            2354.9072405056213,
            975.2863190490752
          ],
          [
            2373.0822802360635,
            972.8744219634682
          ],
          [
            2391.2573199665057,
            970.4625248778611
          ],
          [
            2407.4944250549306,
            965.8364565786906
          ],
          [
            2423.7315301433555,
            961.21038827952
          ]
        ]
      },
      "properties": {
        "id": "pistes:way:152826439",
        "name": "Cami Inferior",
        "piste_type": "downhill",
        "tags": {
          "name": "Cami Inferior",
          "z_order": "0",
          "piste:difficulty": "easy",
          "piste:type": "downhill",
          "sport": "skiing",
          "winter_sports_id": "987243867",
          "winter_sports_name": "Pal-Arinsal",
          "State": "La Massana",
          "Country": "Andorra",
          "Ski Area": "Pal-Arinsal",
          "region": "europe/andorra"
        }
      }
    },
    {
      "type": "Feature",
      "geometry": {
        "type": "LineString",
        "coordinates": [
          [
            1316.5975879949983,
            1641.9884333061054
          ],
          [
            1315.9583595192817,
            1663.6606789226644
          ],
          [
            1315.319131043565,
            1685.3329245392233
          ],
          [
            1318.47601183824,
            1701.6484287725762
          ],
          [
            1321.6328926329152,
            1717.963933005929
          ],
          [
            1322.4298847766477,
            1735.5110994223505
          ],
          [
            1323.2268769203802,
            1753.058265838772
          ],
          [
            1323.5388336410397,
            1770.136649493128
          ],
          [
            1323.8507903616992,
            1787.215033147484
          ],
          [
            1328.7095596726867,
            1818.450803751126
          ],
          [
            1334.477432498621,
            1834.2465358809568
          ],
          [
            1340.2453053245554,
            1850.0422680107877
          ],
          [
            1346.022410902835,
            1879.839454258792
          ],
          [
            1345.3773596703832,
            1896.6964970203117
          ],
          [
            1344.7323084379314,
            1913.5535397818312
          ],
          [
            1344.0959891520615,
            1930.8880678541027
          ],
          [
            1343.4596698661917,
            1948.2225959263742
          ],
          [
            1343.0569969830103,
            1965.0807683952153
          ],
          [
            1342.654324099829,
            1981.9389408640563
          ],
          [
            1343.2088239860022,
            2012.2980540450662
          ],
          [
            1346.0761425889796,
            2039.3047449588776
          ],
          [
            1350.8825801761704,
            2067.6867358125746
          ],
          [
            1355.723664427409,
            2097.9675632482395
          ],
          [
            1357.6812340744073,
            2126.890341141261
          ],
          [
            1359.1103892167448,
            2152.968017332256
          ],
          [
            1366.6097590089776,
            2172.2811492886394
          ],
          [
            1372.1986627687002,
            2179.643654669635
          ],
          [
            1378.3264919728972,
            2187.7294503143057
          ],
          [
            1395.7590670040809,
            2203.55104908254
          ],
          [
            1411.7101154991542,
            2216.0673389555886
          ],
          [
            1426.6658753669471,
            2226.7134733665735
          ],
          [
            1440.0623308368959,
            2229.790235668421
          ],
          [
            1447.752629876486,
            2233.9264507628977
          ],
          [
            1452.2122196563869,
            2243.3312804736197
          ],
          [
            1454.5589226963348,
            2267.4927548961714
          ],
          [
            1452.9828340541571,
            2285.555336317979
          ],
          [
            1451.4067454119795,
            2303.617917739786
          ],
          [
            1447.916721982474,
            2321.0045231180266
          ],
          [
            1444.4266985529684,
            2338.391128496267
          ],
          [
            1436.3732824720792,
            2367.007901383564
          ],
          [
            1432.528523585468,
            2391.2823927393183
          ],
          [
            1432.0089535222505,
            2415.01854488533
          ],
          [
            1429.6710860212334,
            2443.542110850103
          ],
          [
            1428.567033171188,
            2461.357268377207
          ],
          [
            1427.4629803211428,
            2479.1724259043112
          ],
          [
            1428.9610469284235,
            2495.9903490156867
          ],
          [
            1430.459113535704,
            2512.808272127062
          ],
          [
            1432.922762100934,
            2530.325035394635
          ],
          [
            1435.386410666164,
            2547.841798662208
          ],
          [
            1438.6422673700145,
            2569.60957148578
          ],
          [
            1439.1186142523075,
            2595.704660804011
          ],
          [
            1437.6293405335746,
            2618.5143423657864
          ],
          [
            1434.7545019933023,
            2643.715322044678
          ],
          [
            1434.849696861289,
            2675.027022629045
          ],
          [
            1430.1998974697199,
            2694.3342974074185
          ],
          [
            1425.5500980781508,
            2713.641572185792
          ],
          [
            1419.4279108823393,
            2743.1784325186163
          ],
          [
            1412.362223039614,
            2760.624815319665
          ],
          [
            1405.2965351968887,
            2778.0711981207132
          ],
          [
            1393.373331775365,
            2803.437441295013
          ],
          [
            1383.1642338832025,
            2817.8643458262086
          ],
          [
            1367.638969655789,
            2828.5894332472235
          ],
          [
            1352.996342432918,
            2835.0218518106267
          ],
          [
            1342.0602922386024,
            2836.1769292941317
          ],
          [
            1332.4141871252214,
            2829.7105799680576
          ],
          [
            1321.2521906165057,
            2818.051179876551
          ],
          [
            1306.1851652188343,
            2801.7089316947386
          ],
          [
            1285.2989320385968,
            2779.319236090407
          ],
          [
            1260.6376375120017,
            2759.364614811726
          ],
          [
            1245.7393886991194,
            2752.0446754763834
          ],
          [
            1230.8411398862372,
            2744.724736141041
          ],
          [
            1201.2092196444282,
            2739.090567608364
          ],
          [
            1178.2681153577869,
            2736.4110472882167
          ],
          [
            1155.47326743725,
            2736.339309343137
          ],
          [
            1138.8665376597492,
            2738.903665246442
          ],
          [
            1122.2598078822484,
            2741.468021149747
          ],
          [
            1095.1646592243342,
            2747.8845076914877
          ],
          [
            1070.1432314576814,
            2754.5075116558
          ],
          [
            1042.585679723008,
            2762.13233909104
          ],
          [
            1015.8928720362019,
            2773.0183063307777
          ],
          [
            990.7412217271049,
            2785.9755623824894
          ],
          [
            976.3349949230615,
            2794.9870840497315
          ],
          [
            961.9287681190181,
            2803.9986057169735
          ],
          [
            936.1664220900275,
            2822.165816584602
          ],
          [
            916.2686358357896,
            2843.4580609602854
          ],
          [
            907.0678551401652,
            2859.289058260154
          ],
          [
            897.8670744445408,
            2875.1200555600226
          ],
          [
            886.8093072673655,
            2898.749638660811
          ],
          [
            870.6906403910252,
            2923.6494994778186
          ],
          [
            857.8912479633,
            2946.3557842047885
          ],
          [
            845.1365350304404,
            2970.149864940904
          ],
          [
            833.9195182677358,
            2994.4822764704004
          ],
          [
            819.9632834063959,
            3012.766648144461
          ],
          [
            809.6599176788586,
            3021.975408134982
          ],
          [
            797.437016266922,
            3022.8106177179143
          ]
        ]
      },
      "properties": {
        "id": "pistes:way:152826440",
        "name": "Coll de la Botella",
        "piste_type": "downhill",
        "tags": {
          "name": "Coll de la Botella",
          "z_order": "0",
          "name:ca": "Coll de la Botella",
          "piste:difficulty": "easy",
          "piste:type": "downhill",
          "sport": "skiing",
          "winter_sports_id": "987243867",
          "winter_sports_name": "Pal-Arinsal",
          "State": "La Massana",
          "Country": "Andorra",
          "Ski Area": "Pal-Arinsal",
          "region": "europe/andorra"
        }
      }
    },
    {
      "type": "Feature",
      "geometry": {
        "type": "LineString",
        "coordinates": [
          [
            1629.6948973500403,
            817.297817485407
          ],
          [
            1637.8991988429916,
            831.1523416889831
          ],
          [
            1646.103500335943,
            845.0068658925593
          ],
          [
            1654.3078018288943,
            858.8613900961354
          ],
          [
            1662.5121033218456,
            872.7159142997116
          ],
          [
            1670.716404814797,
            886.5704385032877
          ],
          [
            1678.9207063077483,
            900.4249627068639
          ],
          [
            1687.1250078006997,
            914.27948691044
          ],
          [
            1702.4011000930138,
            926.7569968625903
          ],
          [
            1717.6771923853278,
            939.2345068147406
          ],
          [
            1732.953284677642,
            951.7120167668909
          ],
          [
            1744.3937808311894,
            963.3633775285756
          ],
          [
            1755.8342769847368,
            975.0147382902602
          ],
          [
            1767.2747731382842,
            986.6660990519449
          ],
          [
            1780.688386688067,
            1001.8565095742233
          ],
          [
            1794.10200023785,
            1017.0469200965017
          ],
          [
            1807.1423009571154,
            1030.2391859167255
          ],
          [
            1820.1826016763807,
            1043.4314517369494
          ],
          [
            1834.5452141998103,
            1055.2500997143798
          ],
          [
            1848.9078267232399,
            1067.0687476918101
          ],
          [
            1866.2278758283355,
            1074.8126053297892
          ],
          [
            1883.5479249334312,
            1082.5564629677683
          ],
          [
            1898.875912645628,
            1091.675120165106
          ],
          [
            1914.2039003578248,
            1100.7937773624435
          ],
          [
            1929.1604939367971,
            1108.241950487718
          ],
          [
            1944.1170875157695,
            1115.6901236129925
          ],
          [
            1959.7226706250513,
            1121.7825073311105
          ],
          [
            1975.328253734333,
            1127.8748910492286
          ],
          [
            2002.4862054924597,
            1139.4558359952644
          ],
          [
            2030.9911955211428,
            1151.0235277144238
          ],
          [
            2048.0167299403984,
            1161.1224967339076
          ],
          [
            2065.042264359654,
            1171.2214657533914
          ],
          [
            2081.085901659564,
            1182.6768424650654
          ],
          [
            2097.1295389594743,
            1194.1322191767395
          ],
          [
            2114.2095789567393,
            1207.246154888533
          ],
          [
            2131.2896189540043,
            1220.3600906003267
          ],
          [
            2143.6309762928286,
            1232.2178818325822
          ],
          [
            2155.972333631653,
            1244.075673064838
          ],
          [
            2168.313690970477,
            1255.9334642970935
          ],
          [
            2179.584156588302,
            1265.8261072291061
          ],
          [
            2193.801632423798,
            1278.3090117801912
          ],
          [
            2208.0191082592937,
            1290.7919163312763
          ],
          [
            2225.82077339603,
            1306.5755866947584
          ],
          [
            2243.622438532766,
            1322.3592570582405
          ],
          [
            2255.9459686619616,
            1333.103063386244
          ],
          [
            2268.2694987911577,
            1343.8468697142478
          ],
          [
            2280.5930289203534,
            1354.5906760422513
          ],
          [
            2292.9156720091414,
            1365.4419261976145
          ],
          [
            2305.2383150979294,
            1376.2931763529778
          ],
          [
            2323.676567940158,
            1390.0550139737315
          ],
          [
            2342.1148207823862,
            1403.8168515944853
          ],
          [
            2359.897692247323,
            1418.5959185101092
          ],
          [
            2377.6805637122598,
            1433.374985425733
          ],
          [
            2389.72692904438,
            1447.5859897988848
          ],
          [
            2401.7732943765004,
            1461.7969941720366
          ],
          [
            2410.501064574666,
            1478.7562402137555
          ],
          [
            2419.2288347728318,
            1495.7154862554744
          ],
          [
            2433.607324828452,
            1520.7700751889497
          ],
          [
            2437.0098497914732,
            1522.66346467752
          ],
          [
            2442.445351623348,
            1525.6752730971202
          ]
        ]
      },
      "properties": {
        "id": "pistes:way:152826441",
        "name": "Coms",
        "piste_type": "downhill",
        "tags": {
          "name": "Coms",
          "z_order": "0",
          "name:ca": "Coms",
          "piste:difficulty": "intermediate",
          "piste:type": "downhill",
          "sport": "skiing",
          "winter_sports_id": "987243867",
          "winter_sports_name": "Pal-Arinsal",
          "State": "La Massana",
          "Country": "Andorra",
          "Ski Area": "Pal-Arinsal",
          "region": "europe/andorra"
        }
      }
    },
    {
      "type": "Feature",
      "geometry": {
        "type": "LineString",
        "coordinates": [
          [
            3106.1899900000426,
            1235.8272369233891
          ],
          [
            3108.850474105624,
            1244.421247514896
          ],
          [
            3116.905977957358,
            1261.543376127258
          ],
          [
            3124.961481809092,
            1278.6655047396198
          ],
          [
            3128.488935229834,
            1285.6777038676664
          ],
          [
            3136.489508150349,
            1301.578976618126
          ],
          [
            3144.490081070864,
            1317.4802493685856
          ],
          [
            3143.2292634459154,
            1340.996076761745
          ],
          [
            3141.9684458209667,
            1364.5119041549042
          ],
          [
            3137.772793175633,
            1380.919704137991
          ],
          [
            3133.5771405303,
            1397.3275041210775
          ],
          [
            3129.381487884966,
            1413.7353041041642
          ],
          [
            3123.2273868153766,
            1433.7625200077891
          ],
          [
            3117.0732857457865,
            1453.789735911414
          ],
          [
            3110.919184676197,
            1473.816951815039
          ],
          [
            3104.503062101217,
            1491.605119773497
          ],
          [
            3098.0869395262366,
            1509.3932877319555
          ],
          [
            3091.6708169512567,
            1527.1814556904137
          ],
          [
            3085.9545074571506,
            1546.417722472921
          ],
          [
            3080.2381979630445,
            1565.6539892554283
          ],
          [
            3068.0095438433636,
            1578.626118638087
          ],
          [
            3055.780889723683,
            1591.5982480207458
          ],
          [
            3040.6416463378314,
            1598.8060674639419
          ],
          [
            3025.5024029519795,
            1606.013886907138
          ],
          [
            3010.363159566128,
            1613.221706350334
          ],
          [
            2993.996803744308,
            1614.6349268679817
          ],
          [
            2977.6304479224877,
            1616.0481473856296
          ],
          [
            2961.2640921006678,
            1617.4613679032773
          ],
          [
            2943.263217092977,
            1615.549606528754
          ],
          [
            2925.2623420852856,
            1613.6378451542307
          ],
          [
            2907.2614670775947,
            1611.7260837797076
          ],
          [
            2890.5889382261958,
            1609.4498290219344
          ],
          [
            2873.916409374797,
            1607.1735742641613
          ],
          [
            2855.7103349366807,
            1605.0472618667409
          ],
          [
            2837.5042604985647,
            1602.9209494693205
          ],
          [
            2819.8132855540025,
            1604.073344958946
          ],
          [
            2798.903504323447,
            1603.034578492865
          ],
          [
            2777.9937230928917,
            1601.9958120267838
          ]
        ]
      },
      "properties": {
        "id": "pistes:way:152826442",
        "name": "Corpalanca",
        "piste_type": "downhill",
        "tags": {
          "name": "Corpalanca",
          "z_order": "0",
          "piste:difficulty": "intermediate",
          "piste:type": "downhill",
          "sport": "skiing",
          "winter_sports_id": "987243867",
          "winter_sports_name": "Pal-Arinsal",
          "State": "La Massana",
          "Country": "Andorra",
          "Ski Area": "Pal-Arinsal",
          "region": "europe/andorra"
        }
      }
    },
    {
      "type": "Feature",
      "geometry": {
        "type": "LineString",
        "coordinates": [
          [
            4453.692510682915,
            1880.4707684116438
          ],
          [
            4439.228029303583,
            1887.7764703016728
          ],
          [
            4424.76354792425,
            1895.0821721917018
          ],
          [
            4410.299066544918,
            1902.3878740817308
          ],
          [
            4395.834585165586,
            1909.6935759717599
          ],
          [
            4381.370103786253,
            1916.9992778617889
          ],
          [
            4366.905622406921,
            1924.3049797518179
          ],
          [
            4350.954024718384,
            1931.0145927831265
          ],
          [
            4335.002427029847,
            1937.724205814435
          ],
          [
            4319.05082934131,
            1944.4338188457436
          ],
          [
            4303.0992316527745,
            1951.143431877052
          ],
          [
            4287.147633964238,
            1957.8530449083607
          ],
          [
            4271.196036275701,
            1964.5626579396692
          ],
          [
            4255.244438587164,
            1971.2722709709778
          ],
          [
            4239.346402272357,
            1975.58190437087
          ],
          [
            4223.448365957551,
            1979.891537770762
          ],
          [
            4207.550329642744,
            1984.201171170654
          ],
          [
            4191.652293327938,
            1988.510804570546
          ],
          [
            4175.754257013132,
            1992.8204379704382
          ],
          [
            4159.856220698325,
            1997.1300713703301
          ],
          [
            4143.9581843835185,
            2001.4397047702223
          ],
          [
            4127.418970874593,
            2006.3094299742952
          ],
          [
            4110.879757365666,
            2011.179155178368
          ],
          [
            4094.3405438567397,
            2016.048880382441
          ],
          [
            4077.8013303478133,
            2020.9186055865139
          ],
          [
            4061.262116838887,
            2025.7883307905868
          ],
          [
            4052.1610993269715,
            2028.583563762717
          ],
          [
            4033.9199789558575,
            2025.5551439064245
          ],
          [
            4015.678858584744,
            2022.5267240501319
          ],
          [
            3997.43773821363,
            2019.4983041938394
          ],
          [
            3970.269397323602,
            2010.1537954853848
          ]
        ]
      },
      "properties": {
        "id": "pistes:way:152826443",
        "name": "el Bec",
        "piste_type": "downhill",
        "tags": {
          "name": "el Bec",
          "z_order": "0",
          "name:ca": "el Bec",
          "piste:difficulty": "easy",
          "piste:type": "downhill",
          "sport": "skiing",
          "winter_sports_id": "987243867",
          "winter_sports_name": "Pal-Arinsal",
          "State": "La Massana",
          "Country": "Andorra",
          "Ski Area": "Pal-Arinsal",
          "region": "europe/andorra"
        }
      }
    },
    {
      "type": "Feature",
      "geometry": {
        "type": "LineString",
        "coordinates": [
          [
            3414.002104835992,
            1432.1097178375348
          ],
          [
            3424.0742563640233,
            1449.045988830272
          ],
          [
            3434.1464078920544,
            1465.9822598230094
          ],
          [
            3442.3003624056,
            1482.3939148454617
          ],
          [
            3450.4543169191456,
            1498.8055698679138
          ],
          [
            3458.6082714326913,
            1515.2172248903662
          ],
          [
            3463.659624094163,
            1533.9209935761367
          ],
          [
            3468.7109767556344,
            1552.6247622619073
          ],
          [
            3473.7623294171062,
            1571.3285309476778
          ],
          [
            3477.4396542926843,
            1588.5463129486889
          ],
          [
            3481.1169791682623,
            1605.7640949497
          ],
          [
            3484.7943040438404,
            1622.981876950711
          ],
          [
            3488.4716289194184,
            1640.199658951722
          ],
          [
            3493.5208671807195,
            1658.5646935622208
          ],
          [
            3498.5701054420206,
            1676.9297281727195
          ],
          [
            3514.456027673732,
            1698.7935890760273
          ],
          [
            3532.2297342685633,
            1713.2479904731736
          ],
          [
            3548.1510494584218,
            1718.3273514313623
          ],
          [
            3564.07236464828,
            1723.406712389551
          ],
          [
            3583.733613552089,
            1730.4406810947694
          ],
          [
            3603.394862455898,
            1737.4746497999877
          ],
          [
            3618.7870080472785,
            1744.3557408172637
          ],
          [
            3634.179153638659,
            1751.2368318345398
          ],
          [
            3649.5712992300396,
            1758.1179228518158
          ],
          [
            3668.00199207713,
            1765.4852051180787
          ],
          [
            3686.4326849242207,
            1772.8524873843417
          ],
          [
            3688.0462442382122,
            1780.3768908428028
          ],
          [
            3681.8521455748123,
            1786.786075906828
          ]
        ]
      },
      "properties": {
        "id": "pistes:way:152826444",
        "name": "el Besurt",
        "piste_type": "downhill",
        "tags": {
          "name": "el Besurt",
          "z_order": "0",
          "name:ca": "el Besurt",
          "piste:difficulty": "intermediate",
          "piste:type": "downhill",
          "sport": "skiing",
          "winter_sports_id": "987243867",
          "winter_sports_name": "Pal-Arinsal",
          "State": "La Massana",
          "Country": "Andorra",
          "Ski Area": "Pal-Arinsal",
          "region": "europe/andorra"
        }
      }
    },
    {
      "type": "Feature",
      "geometry": {
        "type": "LineString",
        "coordinates": [
          [
            3111.0882960695308,
            1204.4481859924272
          ],
          [
            3091.4701926880807,
            1202.3189345211722
          ],
          [
            3071.8520893066307,
            1200.1896830499172
          ],
          [
            3052.2339859251806,
            1198.0604315786622
          ],
          [
            3032.6158825437305,
            1195.9311801074073
          ],
          [
            3008.7039967775927,
            1196.3620912898332
          ],
          [
            2984.792111011455,
            1196.793002472259
          ],
          [
            2964.9009574930824,
            1195.813083480578
          ],
          [
            2945.00980397471,
            1194.8331644888967
          ],
          [
            2925.798001887859,
            1194.1687884912826
          ],
          [
            2906.5861998010078,
            1193.5044124936685
          ],
          [
            2888.0721855000884,
            1194.1771605643444
          ],
          [
            2869.558171199169,
            1194.8499086350203
          ],
          [
            2848.2136275764788,
            1198.0120162251405
          ],
          [
            2826.8690839537885,
            1201.1741238152608
          ],
          [
            2797.3535428370815,
            1205.8945232108235
          ],
          [
            2784.540861518879,
            1209.7358813248575
          ],
          [
            2765.01046131138,
            1214.631617073901
          ],
          [
            2749.835183021438,
            1222.7589118527249
          ],
          [
            2734.5797683351557,
            1228.721650651656
          ],
          [
            2720.0860010767356,
            1235.9147500544786
          ],
          [
            2710.3252010882716,
            1248.154227649793
          ],
          [
            2694.4391219930258,
            1262.8592515559867
          ],
          [
            2679.8087630876107,
            1273.8538059042767
          ],
          [
            2667.5029293231783,
            1299.36883378122
          ],
          [
            2664.5708077377058,
            1319.8714486211538
          ],
          [
            2664.4681178323226,
            1334.646801459603
          ],
          [
            2667.724025937263,
            1361.6134676979855
          ],
          [
            2675.9937163353898,
            1383.7131424546242
          ],
          [
            2681.4931434722967,
            1401.1753502720967
          ],
          [
            2684.1183953169384,
            1414.6128971017897
          ],
          [
            2682.2557586678304,
            1422.4665094977245
          ],
          [
            2677.6977470011916,
            1429.3691162616014
          ],
          [
            2662.40468714491,
            1438.2207683417946
          ],
          [
            2645.6900142127415,
            1445.2320237513632
          ],
          [
            2620.991318003915,
            1457.7638733470812
          ],
          [
            2604.361656538211,
            1469.4723360799253
          ],
          [
            2588.490620058845,
            1485.8768725767732
          ],
          [
            2571.897429095872,
            1499.5952888699248
          ],
          [
            2553.2113077438553,
            1509.330543375574
          ],
          [
            2530.387637137552,
            1513.775584936142
          ],
          [
            2503.5111650931067,
            1517.6164552634582
          ],
          [
            2479.8965779364225,
            1516.0332746813074
          ],
          [
            2460.354883375461,
            1515.7093966407701
          ],
          [
            2447.7941685890546,
            1517.0919969594106
          ],
          [
            2444.1784670506604,
            1517.490690967068
          ],
          [
            2442.445351623348,
            1525.6752730971202
          ],
          [
            2448.1899683316587,
            1529.4257195750251
          ],
          [
            2460.7313621121575,
            1536.507695636712
          ],
          [
            2479.37014761896,
            1542.5518491161056
          ],
          [
            2498.0089331257623,
            1548.5960025954992
          ],
          [
            2518.6575899614545,
            1554.2595485867932
          ],
          [
            2539.3062467971467,
            1559.9230945780873
          ],
          [
            2565.0785332648666,
            1569.5317822778597
          ],
          [
            2594.0598334820825,
            1570.3406162466854
          ],
          [
            2601.1604540292756,
            1570.9453444471583
          ],
          [
            2626.444973358419,
            1573.1207812456414
          ],
          [
            2644.9834550329833,
            1576.1291474364698
          ],
          [
            2656.1725161639624,
            1577.9485492408276
          ],
          [
            2683.1661810241058,
            1580.1488395296037
          ],
          [
            2684.1036058979807,
            1580.198547942564
          ],
          [
            2709.465953249077,
            1581.684188015759
          ],
          [
            2731.761684253579,
            1585.3135948656127
          ],
          [
            2742.070563609712,
            1595.7132170284167
          ]
        ]
      },
      "properties": {
        "id": "pistes:way:152826445",
        "name": "el Gall",
        "piste_type": "downhill",
        "tags": {
          "name": "el Gall",
          "z_order": "0",
          "name:ca": "el Gall",
          "piste:difficulty": "easy",
          "piste:type": "downhill",
          "sport": "skiing",
          "winter_sports_id": "987243867",
          "winter_sports_name": "Pal-Arinsal",
          "State": "La Massana",
          "Country": "Andorra",
          "Ski Area": "Pal-Arinsal",
          "region": "europe/andorra"
        }
      }
    },
    {
      "type": "Feature",
      "geometry": {
        "type": "LineString",
        "coordinates": [
          [
            4326.912117384898,
            1684.0678241588175
          ],
          [
            4314.44597148986,
            1695.1625177714973
          ],
          [
            4301.9798255948235,
            1706.2572113841773
          ],
          [
            4289.513679699786,
            1717.351904996857
          ],
          [
            4277.047533804749,
            1728.446598609537
          ],
          [
            4264.581387909711,
            1739.5412922222167
          ],
          [
            4253.545014210087,
            1752.012405852122
          ],
          [
            4242.508640510462,
            1764.4835194820273
          ],
          [
            4231.472266810838,
            1776.9546331119325
          ],
          [
            4220.435893111214,
            1789.4257467418377
          ],
          [
            4209.39951941159,
            1801.8968603717428
          ],
          [
            4198.3631457119645,
            1814.3679740016482
          ],
          [
            4187.32677201234,
            1826.8390876315534
          ],
          [
            4174.999081668318,
            1840.7052115600866
          ],
          [
            4162.671391324296,
            1854.57133548862
          ],
          [
            4150.343700980273,
            1868.4374594171531
          ],
          [
            4138.01601063625,
            1882.3035833456863
          ],
          [
            4125.688320292228,
            1896.1697072742197
          ],
          [
            4113.360629948205,
            1910.035831202753
          ],
          [
            4099.699979868962,
            1922.0942359959706
          ],
          [
            4086.0393297897185,
            1934.1526407891884
          ],
          [
            4072.3786797104754,
            1946.2110455824063
          ],
          [
            4058.7180296312317,
            1958.269450375624
          ],
          [
            4045.0573795519886,
            1970.3278551688418
          ],
          [
            4027.8922529482516,
            1982.2313107601367
          ],
          [
            4010.7271263445145,
            1994.1347663514316
          ],
          [
            3987.875947630353,
            2000.8915724917315
          ],
          [
            3965.0247689161915,
            2007.6483786320314
          ]
        ]
      },
      "properties": {
        "id": "pistes:way:152826447",
        "name": "els Avets",
        "piste_type": "downhill",
        "tags": {
          "name": "els Avets",
          "z_order": "0",
          "name:ca": "els Avets",
          "piste:difficulty": "easy",
          "piste:type": "downhill",
          "sport": "skiing",
          "winter_sports_id": "987243867",
          "winter_sports_name": "Pal-Arinsal",
          "State": "La Massana",
          "Country": "Andorra",
          "Ski Area": "Pal-Arinsal",
          "region": "europe/andorra"
        }
      }
    },
    {
      "type": "Feature",
      "geometry": {
        "type": "LineString",
        "coordinates": [
          [
            3106.1899900000426,
            1235.8272369233891
          ],
          [
            3104.962840455759,
            1242.9583668345585
          ],
          [
            3096.4324914333215,
            1259.6886283357937
          ],
          [
            3087.9021424108846,
            1276.4188898370292
          ],
          [
            3079.3717933884473,
            1293.1491513382643
          ],
          [
            3069.8425615965,
            1306.4095970805113
          ],
          [
            3060.3133298045527,
            1319.6700428227584
          ],
          [
            3050.7840980126057,
            1332.9304885650054
          ],
          [
            3041.2548662206586,
            1346.1909343072523
          ],
          [
            3031.725634428711,
            1359.4513800494994
          ],
          [
            3022.196402636764,
            1372.7118257917464
          ],
          [
            3010.3285284920034,
            1387.0216388882448
          ],
          [
            2998.4606543472423,
            1401.3314519847434
          ],
          [
            2986.5927802024817,
            1415.6412650812417
          ],
          [
            2974.724906057721,
            1429.95107817774
          ],
          [
            2962.85703191296,
            1444.2608912742387
          ],
          [
            2950.989157768199,
            1458.570704370737
          ],
          [
            2939.522752983253,
            1470.300083224817
          ],
          [
            2928.0563481983068,
            1482.0294620788966
          ],
          [
            2916.5899434133607,
            1493.7588409329765
          ],
          [
            2905.1235386284147,
            1505.4882197870563
          ],
          [
            2893.6571338434683,
            1517.217598641136
          ],
          [
            2882.1907290585223,
            1528.9469774952158
          ],
          [
            2867.939136206842,
            1541.789382533403
          ],
          [
            2853.6875433551613,
            1554.6317875715904
          ],
          [
            2839.435950503481,
            1567.4741926097777
          ],
          [
            2825.1843576518004,
            1580.316597647965
          ],
          [
            2809.454146132164,
            1587.5430024409045
          ],
          [
            2793.723934612528,
            1594.7694072338443
          ],
          [
            2777.9937230928917,
            1601.9958120267838
          ]
        ]
      },
      "properties": {
        "id": "pistes:way:152826448",
        "name": "Estadi Eslalom",
        "piste_type": "downhill",
        "tags": {
          "name": "Estadi Eslalom",
          "z_order": "0",
          "piste:difficulty": "intermediate",
          "piste:type": "downhill",
          "sport": "skiing",
          "winter_sports_id": "987243867",
          "winter_sports_name": "Pal-Arinsal",
          "State": "La Massana",
          "Country": "Andorra",
          "Ski Area": "Pal-Arinsal",
          "region": "europe/andorra"
        }
      }
    },
    {
      "type": "Feature",
      "geometry": {
        "type": "LineString",
        "coordinates": [
          [
            1324.3335372672882,
            2309.192917937413
          ],
          [
            1306.3673317506618,
            2322.8285737056285
          ],
          [
            1288.4011262340355,
            2336.464229473844
          ],
          [
            1272.6985051983502,
            2345.926449343562
          ],
          [
            1256.9958841626649,
            2355.38866921328
          ],
          [
            1241.2932631269796,
            2364.850889082998
          ],
          [
            1223.345024922979,
            2373.087977777546
          ],
          [
            1205.3967867189785,
            2381.325066472093
          ],
          [
            1187.448548514978,
            2389.562155166641
          ],
          [
            1167.2461916174118,
            2396.259593054963
          ],
          [
            1147.0438347198458,
            2402.9570309432843
          ],
          [
            1126.8414778222796,
            2409.654468831606
          ],
          [
            1110.1519403789036,
            2417.2356649280214
          ],
          [
            1093.462402935528,
            2424.816861024437
          ],
          [
            1076.772865492152,
            2432.398057120852
          ],
          [
            1060.3750929028222,
            2438.7114235606664
          ],
          [
            1043.9773203134926,
            2445.024790000481
          ],
          [
            1027.5795477241627,
            2451.3381564402953
          ],
          [
            1012.4343945626315,
            2456.597517468035
          ],
          [
            997.2892414011003,
            2461.856878495775
          ],
          [
            982.1440882395691,
            2467.116239523515
          ],
          [
            966.9989350780379,
            2472.375600551255
          ],
          [
            949.9632329558177,
            2478.382496059872
          ],
          [
            932.9275308335976,
            2484.3893915684894
          ],
          [
            915.8918287113775,
            2490.3962870771065
          ],
          [
            893.6507226619578,
            2498.396350421477
          ],
          [
            871.4096166125382,
            2506.3964137658477
          ],
          [
            853.9313219316537,
            2514.314821893815
          ],
          [
            836.4530272507691,
            2522.233230021782
          ],
          [
            825.720670345152,
            2534.2934619025327
          ],
          [
            814.988313439535,
            2546.3536937832832
          ],
          [
            806.3736084132494,
            2561.381691242568
          ],
          [
            797.7589033869639,
            2576.409688701853
          ],
          [
            789.1441983606783,
            2591.437686161138
          ],
          [
            784.9026426813507,
            2606.936246067751
          ],
          [
            780.6610870020231,
            2622.4348059743643
          ],
          [
            776.4195313226955,
            2637.9333658809774
          ],
          [
            772.177975643368,
            2653.4319257875904
          ],
          [
            767.0966250159933,
            2670.6093402290717
          ],
          [
            762.0152743886186,
            2687.786754670553
          ],
          [
            756.9339237612439,
            2704.964169112034
          ],
          [
            753.1896118210474,
            2725.91600760445
          ],
          [
            749.4452998808507,
            2746.867846096866
          ],
          [
            745.7009879406542,
            2767.8196845892817
          ],
          [
            745.1229213553888,
            2788.2357673649676
          ],
          [
            744.5448547701235,
            2808.6518501406536
          ],
          [
            750.5992959997384,
            2827.0467210784554
          ],
          [
            756.6537372293533,
            2845.4415920162573
          ],
          [
            764.0672371592955,
            2860.0181342810392
          ],
          [
            771.4807370892377,
            2874.594676545821
          ],
          [
            777.5047694818932,
            2891.5627425028943
          ],
          [
            783.5288018745487,
            2908.5308084599674
          ],
          [
            784.8034244423034,
            2926.0692325122654
          ],
          [
            786.0780470100581,
            2943.6076565645635
          ],
          [
            784.9539874912589,
            2960.234806616325
          ],
          [
            783.8299279724597,
            2976.8619566680863
          ],
          [
            777.6501543282066,
            3003.545801904984
          ],
          [
            779.3709612218663,
            3014.0668636076152
          ],
          [
            783.6627170185675,
            3021.908139481209
          ],
          [
            797.437016266922,
            3022.8106177179143
          ]
        ]
      },
      "properties": {
        "id": "pistes:way:152826449",
        "name": "Font Roja",
        "piste_type": "downhill",
        "tags": {
          "name": "Font Roja",
          "z_order": "0",
          "name:ca": "Font Roja",
          "piste:difficulty": "intermediate",
          "piste:type": "downhill",
          "sport": "skiing",
          "winter_sports_id": "987243867",
          "winter_sports_name": "Pal-Arinsal",
          "State": "La Massana",
          "Country": "Andorra",
          "Ski Area": "Pal-Arinsal",
          "region": "europe/andorra"
        }
      }
    },
    {
      "type": "Feature",
      "geometry": {
        "type": "LineString",
        "coordinates": [
          [
            2537.628892711189,
            1003.4809866724536
          ],
          [
            2552.339168998859,
            1012.5622988071603
          ],
          [
            2567.049445286529,
            1021.643610941867
          ],
          [
            2581.759721574199,
            1030.7249230765738
          ],
          [
            2596.4699978618687,
            1039.8062352112804
          ],
          [
            2611.180274149539,
            1048.8875473459873
          ],
          [
            2625.8905504372087,
            1057.968859480694
          ],
          [
            2640.4817416072474,
            1065.130807098467
          ],
          [
            2655.072932777286,
            1072.2927547162399
          ],
          [
            2669.6641239473247,
            1079.4547023340128
          ],
          [
            2684.2553151173634,
            1086.6166499517858
          ],
          [
            2697.5100493704085,
            1099.3549294487264
          ],
          [
            2710.7647836234537,
            1112.0932089456667
          ],
          [
            2724.019517876499,
            1124.8314884426072
          ],
          [
            2737.6827165005184,
            1135.3260764349252
          ],
          [
            2751.3459151245384,
            1145.8206644272432
          ],
          [
            2765.009113748558,
            1156.3152524195611
          ],
          [
            2784.892348186404,
            1175.0507267648354
          ],
          [
            2800.988945820136,
            1196.109504298307
          ],
          [
            2808.8933335205656,
            1211.6400499707088
          ],
          [
            2808.3450045005884,
            1224.5017660018057
          ],
          [
            2808.223242622975,
            1227.3142578313127
          ],
          [
            2800.8243826852995,
            1239.7886666841805
          ],
          [
            2786.7733492999687,
            1252.8497042739764
          ],
          [
            2770.7746951800655,
            1264.0575969042256
          ],
          [
            2758.187286239874,
            1279.002826968208
          ],
          [
            2749.4369851556257,
            1297.6110383663327
          ],
          [
            2746.2565629194723,
            1304.3776368331164
          ],
          [
            2739.6683505754336,
            1335.3432213952765
          ],
          [
            2741.1608959768782,
            1365.2187008420005
          ],
          [
            2745.327243066975,
            1384.8432982382365
          ],
          [
            2749.4935901570716,
            1404.4678956344724
          ],
          [
            2756.4732324405923,
            1428.8458542274311
          ],
          [
            2758.1395101200324,
            1434.6807294031605
          ],
          [
            2766.2406571668107,
            1461.1156194545329
          ],
          [
            2767.965402390808,
            1477.6963235898875
          ],
          [
            2769.690147614805,
            1494.277027725242
          ],
          [
            2766.9408031873463,
            1513.3100568805821
          ],
          [
            2764.1914587598876,
            1532.3430860359222
          ],
          [
            2765.2332478649914,
            1563.6485244864598
          ],
          [
            2765.241933650308,
            1582.7817099066451
          ],
          [
            2765.2506194356247,
            1601.9148953268304
          ]
        ]
      },
      "properties": {
        "id": "pistes:way:152826450",
        "name": "Fontanals",
        "piste_type": "downhill",
        "tags": {
          "name": "Fontanals",
          "z_order": "0",
          "lit": "no",
          "name:ca": "Fontanals",
          "piste:difficulty": "intermediate",
          "piste:type": "downhill",
          "sport": "skiing",
          "winter_sports_id": "987243867",
          "winter_sports_name": "Pal-Arinsal",
          "State": "La Massana",
          "Country": "Andorra",
          "Ski Area": "Pal-Arinsal",
          "region": "europe/andorra"
        }
      }
    },
    {
      "type": "Feature",
      "geometry": {
        "type": "LineString",
        "coordinates": [
          [
            1954.7974117832491,
            916.7418165421113
          ],
          [
            1970.7598573930445,
            938.8342644684017
          ],
          [
            1987.003675920947,
            954.7123023085296
          ],
          [
            2002.9483580485685,
            965.8860477097332
          ],
          [
            2027.4375506599317,
            978.870752892457
          ],
          [
            2053.7528176626656,
            987.0015455503017
          ],
          [
            2072.341878702864,
            990.4296390200034
          ],
          [
            2092.2474446924753,
            992.1565887155011
          ],
          [
            2122.2537115961895,
            987.2799123460427
          ],
          [
            2143.0699604807887,
            983.5031690290198
          ],
          [
            2168.0880023583304,
            979.9168557384983
          ],
          [
            2198.022088920756,
            979.6627121977508
          ],
          [
            2216.070105196908,
            980.896101764869
          ],
          [
            2234.1181214730605,
            982.1294913319871
          ],
          [
            2258.8900394668453,
            985.8125428548083
          ],
          [
            2289.105349423364,
            992.9182362603024
          ],
          [
            2317.6347472320776,
            1005.8307174630463
          ],
          [
            2344.7927419377374,
            1017.4240978974849
          ],
          [
            2358.4566627618915,
            1027.9123913808726
          ],
          [
            2372.1205835860455,
            1038.4006848642603
          ],
          [
            2387.131468555308,
            1048.8701930767857
          ],
          [
            2402.1423535245704,
            1059.339701289311
          ],
          [
            2416.2579024952333,
            1069.8254928868264
          ],
          [
            2430.373451465896,
            1080.3112844843417
          ],
          [
            2444.489000436559,
            1090.797076081857
          ],
          [
            2455.4830864052637,
            1102.6797883712377
          ],
          [
            2466.4771723739686,
            1114.562500660618
          ],
          [
            2477.4712583426735,
            1126.4452129499987
          ],
          [
            2487.643393395294,
            1141.9455066382263
          ],
          [
            2497.8155284479144,
            1157.4458003264542
          ],
          [
            2507.987663500535,
            1172.9460940146819
          ],
          [
            2517.778882875864,
            1186.0169859183952
          ],
          [
            2527.570102251193,
            1199.0878778221086
          ],
          [
            2537.361321626522,
            1212.158769725822
          ],
          [
            2546.4521523891212,
            1225.5756027012442
          ],
          [
            2555.54298315172,
            1238.9924356766667
          ],
          [
            2564.633813914319,
            1252.409268652089
          ],
          [
            2573.6313740862533,
            1265.6704532769509
          ],
          [
            2582.6289342581877,
            1278.9316379018128
          ],
          [
            2591.626427916024,
            1292.1928448579274
          ],
          [
            2600.6239215738606,
            1305.454051814042
          ],
          [
            2613.6904204489256,
            1319.985779719893
          ],
          [
            2626.7569193239906,
            1334.5175076257437
          ]
        ]
      },
      "properties": {
        "id": "pistes:way:152826451",
        "name": "Fontanals de les Roques",
        "piste_type": "downhill",
        "tags": {
          "name": "Fontanals de les Roques",
          "z_order": "0",
          "name:ca": "Fontanals de les Roques",
          "piste:difficulty": "intermediate",
          "piste:type": "downhill",
          "sport": "skiing",
          "winter_sports_id": "987243867",
          "winter_sports_name": "Pal-Arinsal",
          "State": "La Massana",
          "Country": "Andorra",
          "Ski Area": "Pal-Arinsal",
          "region": "europe/andorra"
        }
      }
    },
    {
      "type": "Feature",
      "geometry": {
        "type": "LineString",
        "coordinates": [
          [
            2537.7264462660532,
            1003.4236827157438
          ],
          [
            2543.5100085521844,
            1021.461050434038
          ],
          [
            2549.2935708383156,
            1039.4984181523323
          ],
          [
            2555.077133124447,
            1057.5357858706266
          ],
          [
            2560.860695410578,
            1075.5731535889208
          ],
          [
            2568.7662676486652,
            1102.9444440696388
          ],
          [
            2573.1711134543584,
            1123.0034042531624
          ],
          [
            2577.5759592600516,
            1143.062364436686
          ],
          [
            2582.822077551546,
            1159.9736936927463
          ],
          [
            2588.068195843041,
            1176.8850229488064
          ],
          [
            2593.3143141345354,
            1193.7963522048667
          ],
          [
            2602.132843726984,
            1215.786060752347
          ],
          [
            2610.9513733194326,
            1237.7757692998275
          ],
          [
            2619.421029936144,
            1259.1053299685009
          ],
          [
            2627.890686552855,
            1280.4348906371742
          ],
          [
            2634.891981353343,
            1295.0744385073583
          ],
          [
            2641.893276153831,
            1309.7139863775421
          ],
          [
            2648.8945709543186,
            1324.3535342477262
          ]
        ]
      },
      "properties": {
        "id": "pistes:way:152826452",
        "name": "la Cot",
        "piste_type": "downhill",
        "tags": {
          "name": "la Cot",
          "z_order": "0",
          "name:ca": "la Cot",
          "piste:difficulty": "intermediate",
          "piste:type": "downhill",
          "sport": "skiing",
          "winter_sports_id": "987243867",
          "winter_sports_name": "Pal-Arinsal",
          "State": "La Massana",
          "Country": "Andorra",
          "Ski Area": "Pal-Arinsal",
          "region": "europe/andorra"
        }
      }
    },
    {
      "type": "Feature",
      "geometry": {
        "type": "LineString",
        "coordinates": [
          [
            1660.596357442264,
            782.1448187464848
          ],
          [
            1678.7317300697468,
            785.319185969187
          ],
          [
            1696.8671026972297,
            788.4935531918891
          ],
          [
            1715.0024753247126,
            791.6679204145912
          ],
          [
            1733.1378479521954,
            794.8422876372933
          ],
          [
            1761.89584864449,
            802.1499991631135
          ],
          [
            1779.1369293919997,
            811.685353474381
          ],
          [
            1796.3780101395096,
            821.2207077856486
          ],
          [
            1813.6190908870194,
            830.7560620969161
          ],
          [
            1828.2730993633304,
            840.053492755862
          ],
          [
            1842.9271078396414,
            849.3509234148078
          ],
          [
            1857.5811163159524,
            858.6483540737536
          ],
          [
            1872.2351247922634,
            867.9457847326994
          ],
          [
            1887.1013341369544,
            876.60910145659
          ],
          [
            1901.9675434816454,
            885.2724181804806
          ],
          [
            1916.8337528263364,
            893.9357349043712
          ],
          [
            1931.6999621710274,
            902.5990516282618
          ],
          [
            1954.7974117832491,
            916.7418165421113
          ],
          [
            1971.203750099492,
            923.924931704998
          ],
          [
            1987.610088415735,
            931.1080468678847
          ],
          [
            2008.6219279533834,
            941.7121178172529
          ],
          [
            2032.8265587244532,
            949.8811732614413
          ],
          [
            2056.054596895876,
            954.9467152329162
          ],
          [
            2082.727457222005,
            957.4283021213487
          ],
          [
            2102.2158634939697,
            954.7252694019116
          ],
          [
            2121.7042697659344,
            952.0222366824746
          ],
          [
            2145.197150015767,
            947.236137686763
          ],
          [
            2168.6900302655995,
            942.4500386910513
          ],
          [
            2189.519331615331,
            939.3841420626268
          ],
          [
            2210.3486329650623,
            936.3182454342023
          ],
          [
            2229.5125699988566,
            934.2934848582372
          ],
          [
            2248.676507032651,
            932.2687242822722
          ],
          [
            2269.179366028373,
            929.5477766119875
          ],
          [
            2289.682225024095,
            926.8268289417028
          ],
          [
            2306.519378800498,
            926.521737608593
          ],
          [
            2323.3565325769014,
            926.2166462754831
          ],
          [
            2347.3029217805597,
            925.3663287074305
          ],
          [
            2371.249310984218,
            924.516011139378
          ],
          [
            2386.7132705642434,
            932.0892671025358
          ],
          [
            2402.177230144269,
            939.6625230656937
          ],
          [
            2423.7315301433555,
            961.21038827952
          ],
          [
            2430.8938965662383,
            968.367510904558
          ],
          [
            2450.1164471466036,
            974.5788017581217
          ],
          [
            2469.338997726969,
            980.7900926116854
          ],
          [
            2486.4901491394703,
            986.4974937140942
          ],
          [
            2503.6413005519717,
            992.2048948165029
          ],
          [
            2520.792451964473,
            997.9122959189117
          ],
          [
            2537.9436033769744,
            1003.6196970213205
          ]
        ]
      },
      "properties": {
        "id": "pistes:way:152826453",
        "name": "la Serra",
        "piste_type": "downhill",
        "tags": {
          "name": "la Serra",
          "z_order": "0",
          "name:ca": "la Serra",
          "piste:difficulty": "intermediate",
          "piste:type": "downhill",
          "sport": "skiing",
          "winter_sports_id": "987243867",
          "winter_sports_name": "Pal-Arinsal",
          "State": "La Massana",
          "Country": "Andorra",
          "Ski Area": "Pal-Arinsal",
          "region": "europe/andorra"
        }
      }
    },
    {
      "type": "Feature",
      "geometry": {
        "type": "LineString",
        "coordinates": [
          [
            3111.0882960695308,
            1204.4481859924272
          ],
          [
            3124.676737763977,
            1212.6566065624356
          ],
          [
            3144.2822078213794,
            1230.6316226618364
          ],
          [
            3162.916373430111,
            1245.769452918321
          ],
          [
            3177.778533252451,
            1254.2327582621947
          ],
          [
            3192.6406930747908,
            1262.6960636060685
          ],
          [
            3213.0901610346336,
            1271.664293533191
          ],
          [
            3233.5396289944765,
            1280.6325234603137
          ],
          [
            3252.4773637270555,
            1287.3176221014
          ],
          [
            3271.4150984596345,
            1294.0027207424864
          ],
          [
            3288.481583257109,
            1298.2834089457367
          ],
          [
            3305.548068054583,
            1302.5640971489872
          ],
          [
            3322.6145528520574,
            1306.8447853522375
          ],
          [
            3341.308485756124,
            1313.1550079453737
          ],
          [
            3360.00241866019,
            1319.4652305385098
          ],
          [
            3378.6963515642565,
            1325.775453131646
          ],
          [
            3394.024547690031,
            1330.4819659627974
          ],
          [
            3409.3527438158053,
            1335.188478793949
          ],
          [
            3424.6809399415797,
            1339.8949916251004
          ],
          [
            3440.009136067354,
            1344.6015044562519
          ],
          [
            3458.7058195014833,
            1351.152630431112
          ],
          [
            3477.4025029356126,
            1357.703756405972
          ],
          [
            3493.849344573624,
            1362.5699645715456
          ],
          [
            3510.2961862116354,
            1367.436172737119
          ],
          [
            3526.7430278496468,
            1372.3023809026927
          ],
          [
            3545.1374383955554,
            1378.2704419139773
          ],
          [
            3563.531848941464,
            1384.2385029252619
          ],
          [
            3582.232790264301,
            1388.9792986582033
          ],
          [
            3600.933731587138,
            1393.7200943911448
          ],
          [
            3619.7033251986722,
            1398.9337165514007
          ],
          [
            3638.4729188102065,
            1404.1473387116566
          ],
          [
            3657.2425124217407,
            1409.3609608719125
          ],
          [
            3674.9291090294428,
            1414.697835078463
          ],
          [
            3692.615705637145,
            1420.0347092850134
          ],
          [
            3710.302302244847,
            1425.3715834915638
          ],
          [
            3727.988898852549,
            1430.7084576981142
          ],
          [
            3746.2859606029037,
            1436.4603513761733
          ],
          [
            3764.583022353259,
            1442.2122450542327
          ],
          [
            3782.8800841036136,
            1447.9641387322918
          ],
          [
            3800.71018976043,
            1453.1820789980702
          ],
          [
            3818.540295417246,
            1458.4000192638487
          ],
          [
            3837.8528579036742,
            1462.4529866032924
          ],
          [
            3857.165420390103,
            1466.505953942736
          ],
          [
            3876.4779828765313,
            1470.5589212821797
          ],
          [
            3895.3863516021324,
            1476.2076952463638
          ],
          [
            3914.294720327734,
            1481.8564692105476
          ],
          [
            3933.203089053335,
            1487.5052431747317
          ],
          [
            3950.3201368614295,
            1494.208118848813
          ],
          [
            3967.4371846695235,
            1500.9109945228945
          ],
          [
            3984.554232477618,
            1507.6138701969758
          ],
          [
            3998.023892664855,
            1521.835410184848
          ],
          [
            4011.4935528520923,
            1536.0569501727198
          ],
          [
            4024.9632130393293,
            1550.278490160592
          ],
          [
            4036.45956327448,
            1564.7204993649696
          ],
          [
            4047.95591350963,
            1579.1625085693474
          ],
          [
            4059.452263744781,
            1593.604517773725
          ],
          [
            4075.935487165785,
            1609.6828770176508
          ],
          [
            4092.4187105867895,
            1625.7612362615764
          ],
          [
            4109.961263313075,
            1634.4673775257543
          ],
          [
            4127.50381603936,
            1643.1735187899321
          ],
          [
            4156.779556610098,
            1655.4579393677413
          ],
          [
            4176.397565485298,
            1660.3283148640767
          ],
          [
            4196.015574360499,
            1665.198690360412
          ],
          [
            4215.119159206341,
            1667.9456576509401
          ],
          [
            4234.222744052182,
            1670.6926249414682
          ],
          [
            4255.2189258481085,
            1672.928293439094
          ],
          [
            4276.215107644035,
            1675.1639619367197
          ],
          [
            4298.663564775023,
            1677.7625913815573
          ],
          [
            4316.039492181968,
            1681.984638706781
          ],
          [
            4326.912117384898,
            1684.0678241588175
          ]
        ]
      },
      "properties": {
        "id": "pistes:way:152826454",
        "name": "la Serra",
        "piste_type": "downhill",
        "tags": {
          "name": "la Serra",
          "z_order": "0",
          "name:ca": "la Serra",
          "piste:difficulty": "easy",
          "piste:type": "downhill",
          "sport": "skiing",
          "winter_sports_id": "987243867",
          "winter_sports_name": "Pal-Arinsal",
          "State": "La Massana",
          "Country": "Andorra",
          "Ski Area": "Pal-Arinsal",
          "region": "europe/andorra"
        }
      }
    },
    {
      "type": "Feature",
      "geometry": {
        "type": "LineString",
        "coordinates": [
          [
            1322.8983258974622,
            2192.862894131802
          ],
          [
            1347.7699953456759,
            2196.8073304314166
          ],
          [
            1352.8619898303878,
            2214.742597137578
          ],
          [
            1350.5588096496067,
            2245.153915511444
          ],
          [
            1339.6736358918133,
            2274.777817468159
          ],
          [
            1328.7109721606248,
            2300.6042228555307
          ],
          [
            1324.3335372672882,
            2309.192917937413
          ],
          [
            1313.080702381616,
            2331.270152159035
          ],
          [
            1303.9366851000232,
            2352.3202630626038
          ],
          [
            1296.76700294466,
            2377.1221381826326
          ],
          [
            1296.265342213388,
            2401.813278945163
          ],
          [
            1298.5258165218984,
            2421.2276330636814
          ],
          [
            1300.7862908304087,
            2440.6419871822
          ],
          [
            1303.0034212862568,
            2457.685577427658
          ],
          [
            1305.220551742105,
            2474.729167673116
          ],
          [
            1307.437682197953,
            2491.772757918574
          ],
          [
            1309.0197752464835,
            2508.8279539253563
          ],
          [
            1310.6018682950137,
            2525.8831499321386
          ],
          [
            1312.183961343544,
            2542.938345938921
          ],
          [
            1313.1137169650367,
            2559.057580278876
          ],
          [
            1314.0434725865296,
            2575.176814618831
          ],
          [
            1314.9732282080222,
            2591.296048958786
          ],
          [
            1316.8180323508277,
            2614.03929845104
          ],
          [
            1318.6628364936332,
            2636.782547943294
          ],
          [
            1320.5250740059419,
            2660.480768894311
          ],
          [
            1322.3873115182505,
            2684.178989845328
          ],
          [
            1322.301027298905,
            2705.5301485322416
          ],
          [
            1322.2147430795594,
            2726.881307219155
          ],
          [
            1323.9601496270916,
            2744.4111696602777
          ],
          [
            1325.7055561746238,
            2761.9410321014
          ],
          [
            1335.71572177083,
            2788.328482557088
          ],
          [
            1340.8595422973158,
            2809.117552448064
          ],
          [
            1352.996342432918,
            2835.0218518106267
          ]
        ]
      },
      "properties": {
        "id": "pistes:way:152826455",
        "name": "Poselletes",
        "piste_type": "downhill",
        "tags": {
          "name": "Poselletes",
          "z_order": "0",
          "piste:difficulty": "intermediate",
          "piste:type": "downhill",
          "sport": "skiing",
          "winter_sports_id": "987243867",
          "winter_sports_name": "Pal-Arinsal",
          "State": "La Massana",
          "Country": "Andorra",
          "Ski Area": "Pal-Arinsal",
          "region": "europe/andorra"
        }
      }
    },
    {
      "type": "Feature",
      "geometry": {
        "type": "LineString",
        "coordinates": [
          [
            1629.6948973500403,
            817.297817485407
          ],
          [
            1617.0752734501923,
            831.5941088333105
          ],
          [
            1604.4556495503446,
            845.890400181214
          ],
          [
            1591.8360256504966,
            860.1866915291175
          ],
          [
            1578.5287657013978,
            873.7106309051936
          ],
          [
            1565.221505752299,
            887.2345702812696
          ],
          [
            1551.9142458032002,
            900.7585096573457
          ],
          [
            1549.9485116591345,
            916.6739614196122
          ],
          [
            1547.9827775150686,
            932.5894131818786
          ],
          [
            1546.017043371003,
            948.5048649441451
          ],
          [
            1544.0513092269373,
            964.4203167064115
          ],
          [
            1542.0855750828716,
            980.335768468678
          ],
          [
            1540.1198409388057,
            996.2512202309445
          ],
          [
            1538.15410679474,
            1012.1666719932109
          ],
          [
            1535.510304196694,
            1027.9742939241696
          ],
          [
            1532.866501598648,
            1043.7819158551283
          ],
          [
            1530.222699000602,
            1059.589537786087
          ],
          [
            1527.578896402556,
            1075.3971597170457
          ],
          [
            1524.93509380451,
            1091.2047816480044
          ],
          [
            1522.291291206464,
            1107.0124035789631
          ],
          [
            1519.647488608418,
            1122.8200255099218
          ],
          [
            1517.003686010372,
            1138.6276474408805
          ],
          [
            1514.7139612141957,
            1157.2345091442887
          ],
          [
            1512.4242364180197,
            1175.8413708476971
          ],
          [
            1510.1345116218436,
            1194.4482325511053
          ],
          [
            1511.2513959208154,
            1220.5537945358083
          ],
          [
            1509.4609549501329,
            1237.7038187353562
          ],
          [
            1507.6705139794503,
            1254.853842934904
          ],
          [
            1505.8800730087678,
            1272.0038671344519
          ],
          [
            1482.6882277519326,
            1293.66528992448
          ]
        ]
      },
      "properties": {
        "id": "pistes:way:152826456",
        "name": "Tossa",
        "piste_type": "downhill",
        "tags": {
          "name": "Tossa",
          "z_order": "0",
          "name:ca": "Tossa",
          "piste:difficulty": "easy",
          "piste:type": "downhill",
          "sport": "skiing",
          "winter_sports_id": "987243867",
          "winter_sports_name": "Pal-Arinsal",
          "State": "La Massana",
          "Country": "Andorra",
          "Ski Area": "Pal-Arinsal",
          "region": "europe/andorra"
        }
      }
    },
    {
      "type": "Feature",
      "geometry": {
        "type": "LineString",
        "coordinates": [
          [
            4326.912117384898,
            1684.0678241588175
          ],
          [
            4300.68794786575,
            1694.9991047261283
          ],
          [
            4279.746553398436,
            1711.9455244001
          ],
          [
            4263.18864204557,
            1714.7763706673868
          ],
          [
            4246.630730692705,
            1717.6072169346735
          ],
          [
            4230.072819339839,
            1720.4380632019602
          ],
          [
            4213.514907986973,
            1723.2689094692469
          ],
          [
            4197.870527871477,
            1727.1338607752696
          ],
          [
            4182.2261477559805,
            1730.9988120812923
          ],
          [
            4166.581767640484,
            1734.863763387315
          ],
          [
            4150.937387524988,
            1738.7287146933377
          ],
          [
            4135.293007409491,
            1742.5936659993604
          ],
          [
            4119.187983145312,
            1746.0526894661598
          ],
          [
            4103.082958881132,
            1749.5117129329592
          ],
          [
            4086.9779346169526,
            1752.9707363997586
          ],
          [
            4070.872910352773,
            1756.429759866558
          ],
          [
            4052.2429888822517,
            1759.9507453516126
          ],
          [
            4033.6130674117303,
            1763.4717308366671
          ],
          [
            4014.983145941209,
            1766.9927163217217
          ],
          [
            3996.3532244706876,
            1770.5137018067762
          ],
          [
            3973.507649822859,
            1772.344068126753
          ],
          [
            3942.5329285641783,
            1774.830894522369
          ],
          [
            3926.3272605977254,
            1772.6586347430323
          ],
          [
            3910.1215926312725,
            1770.4863749636959
          ],
          [
            3893.9159246648196,
            1768.3141151843593
          ],
          [
            3877.6862324829176,
            1764.8020530656602
          ],
          [
            3861.456540301015,
            1761.2899909469609
          ],
          [
            3845.226848119113,
            1757.7779288282618
          ],
          [
            3822.0485576614738,
            1761.214315008372
          ],
          [
            3798.8702672038344,
            1764.6507011884823
          ],
          [
            3772.058064402023,
            1772.5065726572648
          ],
          [
            3754.830219918571,
            1775.9476723717526
          ],
          [
            3737.602375435119,
            1779.3887720862404
          ],
          [
            3720.374530951667,
            1782.8298718007281
          ],
          [
            3701.1133382632397,
            1784.807973853778
          ],
          [
            3681.8521455748123,
            1786.786075906828
          ],
          [
            3665.477281442465,
            1788.4681536029093
          ],
          [
            3649.1024173101177,
            1790.1502312989905
          ],
          [
            3628.301199796173,
            1794.8886861181818
          ],
          [
            3607.4999822822283,
            1799.627140937373
          ],
          [
            3600.89826251287,
            1807.121174538508
          ],
          [
            3604.3977191232843,
            1814.4451134493575
          ],
          [
            3625.990699944552,
            1816.068315972574
          ],
          [
            3646.2687947189165,
            1819.9553036997095
          ],
          [
            3666.5468894932806,
            1823.842291426845
          ],
          [
            3686.824984267645,
            1827.7292791539803
          ],
          [
            3704.2431218551064,
            1831.7824910315685
          ],
          [
            3721.661259442568,
            1835.8357029091567
          ],
          [
            3739.079397030029,
            1839.8889147867449
          ],
          [
            3756.4975346174906,
            1843.942126664333
          ],
          [
            3773.4552510090484,
            1850.3474866583322
          ],
          [
            3790.412967400606,
            1856.7528466523315
          ],
          [
            3807.3706837921636,
            1863.1582066463307
          ],
          [
            3822.101010115914,
            1870.7254549472902
          ],
          [
            3836.831336439665,
            1878.29270324825
          ],
          [
            3851.5616627634154,
            1885.8599515492097
          ],
          [
            3867.6505764235044,
            1900.339795160573
          ],
          [
            3883.7394900835934,
            1914.8196387719363
          ],
          [
            3894.0643760418557,
            1927.1607798517991
          ],
          [
            3904.3892620001184,
            1939.5019209316622
          ],
          [
            3914.7141479583806,
            1951.843062011525
          ],
          [
            3926.473757003803,
            1969.083046703289
          ],
          [
            3938.2333660492245,
            1986.3230313950528
          ],
          [
            3949.9929750946467,
            2003.5630160868168
          ]
        ]
      },
      "properties": {
        "id": "pistes:way:152826457",
        "name": "Transversal",
        "piste_type": "downhill",
        "tags": {
          "name": "Transversal",
          "z_order": "0",
          "name:ca": "Transversal",
          "piste:difficulty": "novice",
          "piste:type": "downhill",
          "sport": "skiing",
          "winter_sports_id": "987243867",
          "winter_sports_name": "Pal-Arinsal",
          "State": "La Massana",
          "Country": "Andorra",
          "Ski Area": "Pal-Arinsal",
          "region": "europe/andorra"
        }
      }
    },
    {
      "type": "Feature",
      "geometry": {
        "type": "LineString",
        "coordinates": [
          [
            1372.1986627687002,
            2179.643654669635
          ],
          [
            1376.827544419517,
            2197.9761772532947
          ],
          [
            1381.4564260703337,
            2216.3086998369545
          ],
          [
            1386.0853077211505,
            2234.641222420614
          ],
          [
            1390.7141893719672,
            2252.973745004274
          ],
          [
            1395.5058667991736,
            2271.866109531373
          ],
          [
            1400.2975442263803,
            2290.7584740584716
          ],
          [
            1405.0892216535867,
            2309.6508385855705
          ],
          [
            1408.2760280165821,
            2327.628331257341
          ],
          [
            1411.4628343795775,
            2345.605823929111
          ],
          [
            1414.649640742573,
            2363.5833166008815
          ],
          [
            1420.1023988852394,
            2384.0483677688367
          ],
          [
            1425.5551570279058,
            2404.5134189367914
          ],
          [
            1431.0079151705722,
            2424.9784701047465
          ]
        ]
      },
      "properties": {
        "id": "pistes:way:152826458",
        "piste_type": "downhill",
        "tags": {
          "z_order": "0",
          "piste:difficulty": "intermediate",
          "piste:type": "downhill",
          "sport": "skiing",
          "winter_sports_id": "987243867",
          "winter_sports_name": "Pal-Arinsal",
          "State": "La Massana",
          "Country": "Andorra",
          "Ski Area": "Pal-Arinsal",
          "region": "europe/andorra"
        }
      }
    },
    {
      "type": "Feature",
      "geometry": {
        "type": "LineString",
        "coordinates": [
          [
            4395.3799706720165,
            1689.8672179169953
          ],
          [
            4404.108516490582,
            1704.16843730025
          ],
          [
            4412.837062309147,
            1718.4696566835046
          ],
          [
            4428.330386493704,
            1731.3840683349408
          ],
          [
            4443.823710678262,
            1744.298479986377
          ],
          [
            4466.092376924062,
            1764.0290509220213
          ],
          [
            4488.2025176108,
            1772.0993359284475
          ],
          [
            4501.6022145766765,
            1774.4821178205311
          ],
          [
            4521.610625706497,
            1770.1714338269085
          ]
        ]
      },
      "properties": {
        "id": "pistes:way:152826460",
        "piste_type": "downhill",
        "tags": {
          "z_order": "0",
          "piste:difficulty": "novice",
          "piste:type": "downhill",
          "sport": "skiing",
          "winter_sports_id": "987243867",
          "winter_sports_name": "Pal-Arinsal",
          "State": "La Massana",
          "Country": "Andorra",
          "Ski Area": "Pal-Arinsal",
          "region": "europe/andorra"
        }
      }
    },
    {
      "type": "Feature",
      "geometry": {
        "type": "LineString",
        "coordinates": [
          [
            2284.2031792859198,
            5860.835405027494
          ],
          [
            2300.3669577380497,
            5856.315490297973
          ],
          [
            2316.5307361901796,
            5851.7955755684525
          ],
          [
            2332.6945146423095,
            5847.275660838932
          ],
          [
            2348.8582930944394,
            5842.755746109411
          ],
          [
            2365.075159418324,
            5845.460771610029
          ],
          [
            2381.2920257422084,
            5848.165797110647
          ],
          [
            2397.508892066093,
            5850.870822611265
          ],
          [
            2413.7257583899773,
            5853.575848111883
          ],
          [
            2429.790687742969,
            5854.084413247928
          ],
          [
            2445.855617095961,
            5854.592978383973
          ],
          [
            2461.9205464489523,
            5855.101543520019
          ],
          [
            2477.985475801944,
            5855.610108656064
          ],
          [
            2494.050405154936,
            5856.118673792109
          ],
          [
            2510.885794884074,
            5856.035835864255
          ],
          [
            2527.7211846132122,
            5855.9529979364015
          ],
          [
            2544.5565743423504,
            5855.870160008548
          ],
          [
            2561.3919640714885,
            5855.787322080694
          ],
          [
            2577.629957473057,
            5855.426672847383
          ],
          [
            2593.8679508746254,
            5855.066023614071
          ],
          [
            2610.1059442761934,
            5854.70537438076
          ],
          [
            2626.343937677762,
            5854.344725147448
          ],
          [
            2642.5819310793304,
            5853.984075914137
          ],
          [
            2660.3422447357057,
            5855.599174042232
          ],
          [
            2678.1025583920805,
            5857.214272170328
          ],
          [
            2695.8628720484558,
            5858.829370298423
          ],
          [
            2717.849343978014,
            5860.408873450942
          ],
          [
            2739.8358159075724,
            5861.988376603462
          ],
          [
            2760.273857980006,
            5865.339964694809
          ],
          [
            2780.71190005244,
            5868.6915527861565
          ]
        ]
      },
      "properties": {
        "id": "pistes:way:269224749",
        "name": "Bony",
        "piste_type": "downhill",
        "tags": {
          "name": "Bony",
          "z_order": "0",
          "name:ca": "Bony",
          "piste:difficulty": "intermediate",
          "piste:grooming": "classic",
          "piste:type": "downhill",
          "sport": "skiing",
          "winter_sports_id": "987243867",
          "winter_sports_name": "Pal-Arinsal",
          "State": "La Massana",
          "Country": "Andorra",
          "Ski Area": "Pal-Arinsal",
          "region": "europe/andorra"
        }
      }
    },
    {
      "type": "Feature",
      "geometry": {
        "type": "LineString",
        "coordinates": [
          [
            1259.1306747687631,
            5731.547132439911
          ],
          [
            1275.8469124724506,
            5721.671699946281
          ],
          [
            1292.5631501761382,
            5711.79626745265
          ],
          [
            1307.82461404911,
            5692.855560406111
          ],
          [
            1316.758772311383,
            5669.131957917474
          ],
          [
            1316.6946385337214,
            5648.566560543142
          ],
          [
            1316.63050475606,
            5628.00116316881
          ]
        ]
      },
      "properties": {
        "id": "pistes:way:269224750",
        "piste_type": "downhill",
        "tags": {
          "z_order": "0",
          "piste:difficulty": "easy",
          "piste:grooming": "classic",
          "piste:type": "downhill",
          "sport": "skiing",
          "winter_sports_id": "987243867",
          "winter_sports_name": "Pal-Arinsal",
          "State": "La Massana",
          "Country": "Andorra",
          "Ski Area": "Pal-Arinsal",
          "region": "europe/andorra"
        }
      }
    },
    {
      "type": "Feature",
      "geometry": {
        "type": "LineString",
        "coordinates": [
          [
            1559.0094485889422,
            5396.246382643469
          ],
          [
            1576.2353096901788,
            5396.383746773626
          ],
          [
            1593.4611707914155,
            5396.521110903782
          ],
          [
            1610.6870318926522,
            5396.658475033939
          ],
          [
            1627.214279903646,
            5397.958799268864
          ],
          [
            1643.74152791464,
            5399.259123503789
          ],
          [
            1660.268775925634,
            5400.559447738715
          ],
          [
            1676.796023936628,
            5401.85977197364
          ],
          [
            1693.3232719476218,
            5403.160096208565
          ],
          [
            1711.2752405542608,
            5409.201433442533
          ],
          [
            1729.2272091609,
            5415.242770676501
          ],
          [
            1747.179177767539,
            5421.284107910469
          ],
          [
            1763.2716223142925,
            5423.360570603982
          ],
          [
            1779.364066861046,
            5425.437033297494
          ],
          [
            1795.4565114077996,
            5427.5134959910065
          ],
          [
            1813.377322787972,
            5431.852405906655
          ],
          [
            1831.2981341681443,
            5436.191315822303
          ],
          [
            1834.6408874494373,
            5438.951868421398
          ],
          [
            1857.1146510658436,
            5457.503963610157
          ],
          [
            1873.6536864789377,
            5471.865401230287
          ],
          [
            1890.1927218920318,
            5486.226838850416
          ],
          [
            1901.6953616045794,
            5500.077431340236
          ],
          [
            1913.198001317127,
            5513.928023830056
          ],
          [
            1924.7006410296744,
            5527.778616319876
          ],
          [
            1936.203280742222,
            5541.629208809696
          ]
        ]
      },
      "properties": {
        "id": "pistes:way:269224751",
        "piste_type": "downhill",
        "tags": {
          "z_order": "0",
          "piste:difficulty": "novice",
          "piste:grooming": "mogul",
          "piste:type": "downhill",
          "sport": "skiing",
          "winter_sports_id": "987243867",
          "winter_sports_name": "Pal-Arinsal",
          "State": "La Massana",
          "Country": "Andorra",
          "Ski Area": "Pal-Arinsal",
          "region": "europe/andorra"
        }
      }
    },
    {
      "type": "Feature",
      "geometry": {
        "type": "LineString",
        "coordinates": [
          [
            2430.076946314075,
            961.3621066296473
          ],
          [
            2432.6887726557325,
            961.770250249654
          ],
          [
            2449.949277446198,
            964.4347777618095
          ],
          [
            2467.209782236663,
            967.099305273965
          ],
          [
            2484.4702870271285,
            969.7638327861205
          ],
          [
            2500.0449310203744,
            974.3102962952107
          ],
          [
            2515.61957501362,
            978.856759804301
          ],
          [
            2531.1942190068658,
            983.4032233133912
          ],
          [
            2550.2340990557955,
            988.3055319841951
          ],
          [
            2569.2739791047256,
            993.207840654999
          ],
          [
            2588.3138591536554,
            998.1101493258029
          ],
          [
            2604.4892027293245,
            999.0424179942347
          ],
          [
            2620.6645463049936,
            999.9746866626665
          ],
          [
            2636.8398898806627,
            1000.9069553310983
          ],
          [
            2653.0152334563318,
            1001.8392239995301
          ],
          [
            2668.752135662808,
            1006.1313476155823
          ],
          [
            2684.489037869285,
            1010.4234712316344
          ],
          [
            2700.225940075761,
            1014.7155948476866
          ],
          [
            2717.9060304166437,
            1023.7972580771893
          ],
          [
            2735.5861207575267,
            1032.878921306692
          ],
          [
            2753.2662110984093,
            1041.9605845361948
          ],
          [
            2773.4183526809793,
            1050.9995833700523
          ],
          [
            2793.5704942635493,
            1060.0385822039098
          ],
          [
            2802.168021634512,
            1063.893338514492
          ],
          [
            2823.1829953698616,
            1070.9008256681263
          ],
          [
            2844.197969105211,
            1077.9083128217608
          ],
          [
            2866.555585281574,
            1084.8861516099423
          ],
          [
            2888.9132014579372,
            1091.8639903981239
          ],
          [
            2904.0300542911477,
            1100.0629741158336
          ],
          [
            2919.1469071243578,
            1108.2619578335434
          ],
          [
            2934.2637599575683,
            1116.4609415512532
          ],
          [
            2950.6871463287775,
            1126.0471697381388
          ],
          [
            2967.1105326999873,
            1135.6333979250242
          ],
          [
            2983.5339190711966,
            1145.2196261119097
          ],
          [
            2998.7703401247854,
            1152.0873951134272
          ],
          [
            3014.0067611783743,
            1158.9551641149446
          ],
          [
            3014.279969987285,
            1149.952868361026
          ]
        ]
      },
      "properties": {
        "id": "pistes:way:269525356",
        "name": "Cami Superior",
        "piste_type": "downhill",
        "tags": {
          "name": "Cami Superior",
          "z_order": "0",
          "piste:difficulty": "easy",
          "piste:type": "downhill",
          "sport": "skiing",
          "winter_sports_id": "987243867",
          "winter_sports_name": "Pal-Arinsal",
          "State": "La Massana",
          "Country": "Andorra",
          "Ski Area": "Pal-Arinsal",
          "region": "europe/andorra"
        }
      }
    },
    {
      "type": "Feature",
      "geometry": {
        "type": "LineString",
        "coordinates": [
          [
            1456.244666295126,
            1422.578029348515
          ],
          [
            1466.4761859203718,
            1409.4728179140948
          ],
          [
            1476.7077055456175,
            1396.3676064796746
          ],
          [
            1486.9392251708632,
            1383.2623950452544
          ],
          [
            1497.170744796109,
            1370.1571836108342
          ],
          [
            1510.9376090512767,
            1359.068461225368
          ],
          [
            1524.7044733064442,
            1347.979738839902
          ],
          [
            1538.471337561612,
            1336.8910164544359
          ],
          [
            1551.4626895740628,
            1324.322152058035
          ],
          [
            1564.4540415865135,
            1311.7532876616344
          ],
          [
            1577.4453935989645,
            1299.1844232652336
          ],
          [
            1590.4367456114153,
            1286.615558868833
          ],
          [
            1603.428097623866,
            1274.0466944724321
          ],
          [
            1616.6394580664492,
            1259.7655378056224
          ],
          [
            1629.8508185090323,
            1245.4843811388128
          ],
          [
            1643.0621789516154,
            1231.203224472003
          ],
          [
            1656.2735393941985,
            1216.9220678051934
          ],
          [
            1671.802819524135,
            1204.6833931819226
          ],
          [
            1687.3320996540715,
            1192.4447185586516
          ],
          [
            1702.861379784008,
            1180.2060439353809
          ],
          [
            1715.4068494352687,
            1170.1693404573016
          ],
          [
            1727.9523190865293,
            1160.1326369792223
          ],
          [
            1740.49778873779,
            1150.095933501143
          ],
          [
            1753.0432583890506,
            1140.0592300230637
          ],
          [
            1769.688497746305,
            1127.426494200714
          ],
          [
            1786.3337371035595,
            1114.7937583783641
          ],
          [
            1805.5051518908003,
            1101.693052935414
          ],
          [
            1824.6765666780411,
            1088.592347492464
          ],
          [
            1841.9761586828245,
            1079.8496026154608
          ],
          [
            1859.2757506876078,
            1071.1068577384576
          ],
          [
            1876.5753426923911,
            1062.3641128614545
          ],
          [
            1893.8749346971745,
            1053.6213679844514
          ]
        ]
      },
      "properties": {
        "id": "pistes:way:269525357",
        "name": "Cami del Mig",
        "piste_type": "downhill",
        "tags": {
          "name": "Cami del Mig",
          "z_order": "0",
          "piste:difficulty": "easy",
          "piste:grooming": "classic",
          "piste:type": "downhill",
          "sport": "skiing",
          "winter_sports_id": "987243867",
          "winter_sports_name": "Pal-Arinsal",
          "State": "La Massana",
          "Country": "Andorra",
          "Ski Area": "Pal-Arinsal",
          "region": "europe/andorra"
        }
      }
    },
    {
      "type": "Feature",
      "geometry": {
        "type": "LineString",
        "coordinates": [
          [
            2123.4534252590383,
            1091.8725442308933
          ],
          [
            2139.21360926496,
            1099.023361293599
          ],
          [
            2154.9737932708813,
            1106.1741783563048
          ],
          [
            2170.7339772768028,
            1113.3249954190105
          ],
          [
            2186.4941612827242,
            1120.4758124817163
          ],
          [
            2201.1039650394696,
            1132.0208246186376
          ],
          [
            2215.7137687962154,
            1143.5658367555588
          ],
          [
            2230.3235725529607,
            1155.1108488924801
          ],
          [
            2244.9333763097065,
            1166.6558610294014
          ],
          [
            2259.543180066452,
            1178.2008731663227
          ],
          [
            2273.6002536674496,
            1189.995975495875
          ],
          [
            2287.6573272684473,
            1201.791077825427
          ],
          [
            2301.714400869445,
            1213.5861801549793
          ],
          [
            2315.7714744704426,
            1225.3812824845313
          ],
          [
            2329.8285480714403,
            1237.1763848140836
          ],
          [
            2345.3162275423915,
            1246.9262643524755
          ],
          [
            2360.803907013343,
            1256.6761438908677
          ],
          [
            2376.2915864842944,
            1266.4260234292597
          ],
          [
            2395.632809623814,
            1274.6955042239279
          ],
          [
            2414.9740327633335,
            1282.964985018596
          ],
          [
            2431.5806304219295,
            1288.2775501944125
          ],
          [
            2448.1872280805255,
            1293.590115370229
          ],
          [
            2464.7938257391215,
            1298.9026805460453
          ],
          [
            2479.833187673561,
            1305.7645899117924
          ],
          [
            2494.8725496080006,
            1312.6264992775396
          ],
          [
            2509.91191154244,
            1319.4884086432867
          ],
          [
            2524.9512734768796,
            1326.3503180090338
          ],
          [
            2541.67070698709,
            1335.2647045596968
          ],
          [
            2558.3901404973003,
            1344.1790911103599
          ],
          [
            2575.1095740075107,
            1353.093477661023
          ],
          [
            2591.829007517721,
            1362.007864211686
          ],
          [
            2611.1946821540187,
            1371.6604152224027
          ],
          [
            2630.5603567903163,
            1381.3129662331194
          ],
          [
            2644.1935261147446,
            1392.6631990387104
          ],
          [
            2657.826695439173,
            1404.0134318443015
          ],
          [
            2676.980702658242,
            1418.3297189269215
          ],
          [
            2696.0759692799766,
            1440.7669867007062
          ],
          [
            2706.9007560833415,
            1461.976338476874
          ],
          [
            2717.7255428867065,
            1483.1856902530417
          ],
          [
            2724.092704768564,
            1498.0626318377133
          ],
          [
            2730.459866650422,
            1512.9395734223847
          ],
          [
            2736.8270285322797,
            1527.8165150070563
          ],
          [
            2747.097721571743,
            1556.567073121667
          ],
          [
            2753.1486875263704,
            1571.6830138567213
          ],
          [
            2759.1996534809973,
            1586.798954591776
          ],
          [
            2765.2506194356247,
            1601.9148953268304
          ]
        ]
      },
      "properties": {
        "id": "pistes:way:269525358",
        "piste_type": "downhill",
        "tags": {
          "z_order": "0",
          "piste:difficulty": "intermediate",
          "piste:grooming": "classic",
          "piste:type": "downhill",
          "sport": "skiing",
          "winter_sports_id": "987243867",
          "winter_sports_name": "Pal-Arinsal",
          "State": "La Massana",
          "Country": "Andorra",
          "Ski Area": "Pal-Arinsal",
          "region": "europe/andorra"
        }
      }
    },
    {
      "type": "Feature",
      "geometry": {
        "type": "LineString",
        "coordinates": [
          [
            2749.4369851556257,
            1297.6110383663327
          ],
          [
            2719.310858726909,
            1307.163637438789
          ],
          [
            2688.5233489355305,
            1315.5730990562588
          ],
          [
            2664.4681178323226,
            1334.646801459603
          ]
        ]
      },
      "properties": {
        "id": "pistes:way:269525359",
        "piste_type": "downhill",
        "tags": {
          "z_order": "0",
          "piste:difficulty": "intermediate",
          "piste:grooming": "classic",
          "piste:type": "downhill",
          "sport": "skiing",
          "winter_sports_id": "987243867",
          "winter_sports_name": "Pal-Arinsal",
          "State": "La Massana",
          "Country": "Andorra",
          "Ski Area": "Pal-Arinsal",
          "region": "europe/andorra"
        }
      }
    },
    {
      "type": "Feature",
      "geometry": {
        "type": "LineString",
        "coordinates": [
          [
            2179.584156588302,
            1265.8261072291061
          ],
          [
            2196.660066213129,
            1263.328148056753
          ],
          [
            2213.7359758379557,
            1260.8301888843998
          ],
          [
            2230.811885462783,
            1258.3322297120467
          ],
          [
            2252.131999606325,
            1254.9743321766146
          ],
          [
            2273.452113749867,
            1251.6164346411824
          ],
          [
            2290.460208084027,
            1253.685289170593
          ],
          [
            2307.468302418187,
            1255.7541437000036
          ],
          [
            2324.476396752347,
            1257.8229982294142
          ],
          [
            2341.748126662996,
            1260.6906732960294
          ],
          [
            2359.019856573645,
            1263.5583483626444
          ],
          [
            2376.2915864842944,
            1266.4260234292597
          ]
        ]
      },
      "properties": {
        "id": "pistes:way:269525360",
        "piste_type": "downhill",
        "tags": {
          "z_order": "0",
          "piste:difficulty": "intermediate",
          "piste:grooming": "classic",
          "piste:type": "downhill",
          "sport": "skiing",
          "winter_sports_id": "987243867",
          "winter_sports_name": "Pal-Arinsal",
          "State": "La Massana",
          "Country": "Andorra",
          "Ski Area": "Pal-Arinsal",
          "region": "europe/andorra"
        }
      }
    },
    {
      "type": "Feature",
      "geometry": {
        "type": "LineString",
        "coordinates": [
          [
            1423.0237470949069,
            1459.1629530834034
          ],
          [
            1441.2274566292763,
            1469.1352989611526
          ],
          [
            1459.4311661636457,
            1479.107644838902
          ],
          [
            1477.634875698015,
            1489.079990716651
          ],
          [
            1492.5273324500886,
            1503.387557449285
          ],
          [
            1507.419789202162,
            1517.6951241819188
          ],
          [
            1521.775803048251,
            1530.9739370532334
          ],
          [
            1536.1318168943399,
            1544.252749924548
          ],
          [
            1554.3320175150293,
            1567.869682053104
          ],
          [
            1572.4183352636173,
            1585.246056641452
          ],
          [
            1588.3913590380107,
            1601.6168453600258
          ],
          [
            1604.178674357332,
            1607.5773530118167
          ],
          [
            1619.9659896766534,
            1613.5378606636077
          ],
          [
            1632.7341044856294,
            1625.8072265610099
          ],
          [
            1645.5022192946053,
            1638.076592458412
          ],
          [
            1658.791630620486,
            1650.3309524101205
          ],
          [
            1672.081041946367,
            1662.585312361829
          ],
          [
            1684.8352641305537,
            1674.3273924742825
          ],
          [
            1697.5894863147405,
            1686.069472586736
          ],
          [
            1711.3527855959837,
            1695.7104805945419
          ],
          [
            1725.116084877227,
            1705.3514886023477
          ],
          [
            1748.4086720815976,
            1718.1777188694105
          ]
        ]
      },
      "properties": {
        "id": "pistes:way:1152468770",
        "name": "La Comellada",
        "piste_type": "downhill",
        "tags": {
          "name": "La Comellada",
          "z_order": "0",
          "lit": "no",
          "piste:difficulty": "advanced",
          "piste:type": "downhill",
          "winter_sports_id": "987243867",
          "winter_sports_name": "Pal-Arinsal",
          "State": "La Massana",
          "Country": "Andorra",
          "Ski Area": "Pal-Arinsal",
          "region": "europe/andorra"
        }
      }
    },
    {
      "type": "Feature",
      "geometry": {
        "type": "LineString",
        "coordinates": [
          [
            2271.047759873676,
            1866.1639075372368
          ],
          [
            2274.29118530947,
            1860.2819954464212
          ],
          [
            2275.966471737018,
            1851.642979199998
          ],
          [
            2276.6280999623123,
            1823.7945201471448
          ],
          [
            2274.055665226828,
            1810.5894015915692
          ],
          [
            2268.5071819987497,
            1788.6518710413948
          ],
          [
            2264.394995766459,
            1772.9864967903122
          ],
          [
            2258.259384594916,
            1755.3694939091802
          ],
          [
            2253.9326304504066,
            1745.9951017349958
          ],
          [
            2244.2093942306237,
            1732.586419325322
          ],
          [
            2243.6685093289707,
            1721.3327900581062
          ],
          [
            2248.8668577358476,
            1714.4404760077596
          ],
          [
            2253.5405061449273,
            1706.2469450496137
          ],
          [
            2255.200513225107,
            1696.7640012167394
          ],
          [
            2257.5941364660393,
            1681.9803842697293
          ],
          [
            2261.6203343840316,
            1674.776097024791
          ],
          [
            2270.8889070842415,
            1672.6197377573699
          ],
          [
            2286.484028040897,
            1670.5153241017833
          ],
          [
            2303.3526036824333,
            1665.2443226668984
          ],
          [
            2323.7014477218618,
            1650.2908345349133
          ],
          [
            2336.8437713345047,
            1636.1344755305909
          ],
          [
            2349.9860949471476,
            1621.9781165262684
          ],
          [
            2364.2771584189322,
            1603.6577515588142
          ],
          [
            2378.568221890717,
            1585.33738659136
          ],
          [
            2392.837647142762,
            1565.362383599393
          ],
          [
            2403.8373629295384,
            1548.1014175843447
          ],
          [
            2417.3313626296585,
            1531.117434966378
          ],
          [
            2430.1909817383275,
            1524.9196410439909
          ],
          [
            2437.0098497914732,
            1522.66346467752
          ]
        ]
      },
      "properties": {
        "id": "pistes:way:1152468770",
        "name": "La Comellada",
        "piste_type": "downhill",
        "tags": {
          "name": "La Comellada",
          "z_order": "0",
          "lit": "no",
          "piste:difficulty": "advanced",
          "piste:type": "downhill",
          "winter_sports_id": "987243867",
          "winter_sports_name": "Pal-Arinsal",
          "State": "La Massana",
          "Country": "Andorra",
          "Ski Area": "Pal-Arinsal",
          "region": "europe/andorra"
        }
      }
    },
    {
      "type": "Feature",
      "geometry": {
        "type": "LineString",
        "coordinates": [
          [
            935.6588010410778,
            5158.587199633941
          ],
          [
            950.7264460769948,
            5137.116650936194
          ],
          [
            964.9182879276923,
            5117.583895204589
          ],
          [
            991.4737916117301,
            5103.745097904466
          ],
          [
            1013.0293086743332,
            5099.339938961901
          ],
          [
            1041.2025417006807,
            5100.7341680964455
          ],
          [
            1062.915552431543,
            5094.6156372297555
          ],
          [
            1082.5190495909774,
            5088.53582155332
          ],
          [
            1103.9946236434625,
            5076.623363727704
          ]
        ]
      },
      "properties": {
        "id": "pistes:way:1152470084",
        "name": "Acces TK La Pala",
        "piste_type": "downhill",
        "tags": {
          "name": "Acces TK La Pala",
          "z_order": "0",
          "lit": "no",
          "piste:difficulty": "intermediate",
          "piste:type": "downhill",
          "winter_sports_id": "987243867",
          "winter_sports_name": "Pal-Arinsal",
          "State": "La Massana",
          "Country": "Andorra",
          "Ski Area": "Pal-Arinsal",
          "region": "europe/andorra"
        }
      }
    },
    {
      "type": "Feature",
      "geometry": {
        "type": "LineString",
        "coordinates": [
          [
            4326.912117384898,
            1684.0678241588175
          ],
          [
            4343.3605609750375,
            1692.4830101113766
          ],
          [
            4360.0697769981925,
            1700.7825060980394
          ]
        ]
      },
      "properties": {
        "id": "pistes:way:1242377781",
        "name": "la Serra",
        "piste_type": "downhill",
        "tags": {
          "name": "la Serra",
          "z_order": "0",
          "piste:difficulty": "easy",
          "piste:type": "downhill",
          "sport": "skiing",
          "winter_sports_id": "987243867",
          "winter_sports_name": "Pal-Arinsal",
          "State": "La Massana",
          "Country": "Andorra",
          "Ski Area": "Pal-Arinsal",
          "region": "europe/andorra"
        }
      }
    },
    {
      "type": "Feature",
      "geometry": {
        "type": "LineString",
        "coordinates": [
          [
            4326.912117384898,
            1684.0678241588175
          ],
          [
            4343.108495372832,
            1684.7972460932408
          ],
          [
            4359.3048733607675,
            1685.5266680276643
          ],
          [
            4375.501251348702,
            1686.2560899620876
          ],
          [
            4395.3799706720165,
            1689.8672179169953
          ]
        ]
      },
      "properties": {
        "id": "pistes:way:1242377782",
        "name": "la Serra",
        "piste_type": "downhill",
        "tags": {
          "name": "la Serra",
          "z_order": "0",
          "piste:difficulty": "easy",
          "piste:type": "downhill",
          "sport": "skiing",
          "winter_sports_id": "987243867",
          "winter_sports_name": "Pal-Arinsal",
          "State": "La Massana",
          "Country": "Andorra",
          "Ski Area": "Pal-Arinsal",
          "region": "europe/andorra"
        }
      }
    },
    {
      "type": "Feature",
      "geometry": {
        "type": "LineString",
        "coordinates": [
          [
            1888.8303333395743,
            1216.7442862885073
          ],
          [
            1911.6919397633756,
            1206.6647530859336
          ],
          [
            1933.2037033380475,
            1204.1299042655155
          ],
          [
            1956.9545281851315,
            1191.8905308740214
          ],
          [
            1968.5717541206395,
            1178.7942307936028
          ],
          [
            1976.0647341503063,
            1167.5057216947898
          ]
        ]
      },
      "properties": {
        "id": "pistes:way:1348519493",
        "name": "Cami Inferior",
        "piste_type": "downhill",
        "tags": {
          "name": "Cami Inferior",
          "z_order": "0",
          "piste:difficulty": "easy",
          "piste:type": "downhill",
          "sport": "skiing",
          "winter_sports_id": "987243867",
          "winter_sports_name": "Pal-Arinsal",
          "State": "La Massana",
          "Country": "Andorra",
          "Ski Area": "Pal-Arinsal",
          "region": "europe/andorra"
        }
      }
    },
    {
      "type": "Feature",
      "geometry": {
        "type": "LineString",
        "coordinates": [
          [
            2813.1327060391195,
            6007.177230670117
          ],
          [
            2801.472257194633,
            6007.954524287954
          ],
          [
            2801.0335660912097,
            6025.468617964536
          ]
        ]
      },
      "properties": {
        "id": "pistes:way:1355803571",
        "piste_type": "downhill",
        "tags": {
          "z_order": "0",
          "piste:difficulty": "novice",
          "piste:type": "downhill",
          "winter_sports_id": "987243867",
          "winter_sports_name": "Pal-Arinsal",
          "State": "La Massana",
          "Country": "Andorra",
          "Ski Area": "Pal-Arinsal",
          "region": "europe/andorra"
        }
      }
    },
    {
      "type": "Feature",
      "geometry": {
        "type": "LineString",
        "coordinates": [
          [
            2813.1327060391195,
            6007.177230670117
          ],
          [
            2821.7684625049005,
            5976.685268618166
          ],
          [
            2836.326698238193,
            5984.43104997538
          ],
          [
            2850.8849339714857,
            5992.176831332594
          ],
          [
            2865.443169704778,
            5999.922612689808
          ],
          [
            2880.001405438071,
            6007.668394047022
          ],
          [
            2894.559641171363,
            6015.414175404236
          ],
          [
            2888.315128574439,
            6030.58938480448
          ]
        ]
      },
      "properties": {
        "id": "pistes:way:1355803572",
        "name": "Beginner Area",
        "piste_type": "downhill",
        "tags": {
          "name": "Beginner Area",
          "z_order": "0",
          "piste:difficulty": "novice",
          "piste:type": "downhill",
          "winter_sports_id": "987243867",
          "winter_sports_name": "Pal-Arinsal",
          "State": "La Massana",
          "Country": "Andorra",
          "Ski Area": "Pal-Arinsal",
          "region": "europe/andorra"
        }
      }
    },
    {
      "type": "Feature",
      "geometry": {
        "type": "LineString",
        "coordinates": [
          [
            2816.744249287294,
            5940.364158627577
          ],
          [
            2819.2563558960974,
            5958.524713622872
          ],
          [
            2821.7684625049005,
            5976.685268618166
          ]
        ]
      },
      "properties": {
        "id": "pistes:way:1355803573",
        "piste_type": "downhill",
        "tags": {
          "z_order": "0",
          "piste:difficulty": "easy",
          "piste:type": "downhill",
          "winter_sports_id": "987243867",
          "winter_sports_name": "Pal-Arinsal",
          "State": "La Massana",
          "Country": "Andorra",
          "Ski Area": "Pal-Arinsal",
          "region": "europe/andorra"
        }
      }
    },
    {
      "type": "Feature",
      "geometry": {
        "type": "LineString",
        "coordinates": [
          [
            2863.092579918157,
            6059.114925837144
          ],
          [
            2875.474598264671,
            6046.022633430082
          ],
          [
            2887.856616611185,
            6032.93034102302
          ]
        ]
      },
      "properties": {
        "id": "pistes:way:1355803574",
        "piste_type": "downhill",
        "tags": {
          "z_order": "0",
          "piste:difficulty": "novice",
          "piste:type": "downhill",
          "winter_sports_id": "987243867",
          "winter_sports_name": "Pal-Arinsal",
          "State": "La Massana",
          "Country": "Andorra",
          "Ski Area": "Pal-Arinsal",
          "region": "europe/andorra"
        }
      }
    },
    {
      "type": "Feature",
      "geometry": {
        "type": "LineString",
        "coordinates": [
          [
            2925.384810526739,
            6052.069078992121
          ],
          [
            2937.692784764571,
            6052.146718410775
          ],
          [
            2946.5032401554054,
            6069.9491959661245
          ],
          [
            2959.9365571313538,
            6083.702670671977
          ],
          [
            2971.8147901658085,
            6101.816350059584
          ],
          [
            2982.9467131565907,
            6116.794421497267
          ],
          [
            2994.078636147373,
            6131.77249293495
          ],
          [
            3005.3585153362073,
            6143.126731552184
          ],
          [
            3016.638394525042,
            6154.480970169418
          ]
        ]
      },
      "properties": {
        "id": "pistes:way:1355803582",
        "name": "Comallemple",
        "piste_type": "downhill",
        "tags": {
          "name": "Comallemple",
          "z_order": "0",
          "piste:difficulty": "easy",
          "piste:type": "downhill",
          "winter_sports_id": "987243867",
          "winter_sports_name": "Pal-Arinsal",
          "State": "La Massana",
          "Country": "Andorra",
          "Ski Area": "Pal-Arinsal",
          "region": "europe/andorra"
        }
      }
    },
    {
      "type": "Feature",
      "geometry": {
        "type": "LineString",
        "coordinates": [
          [
            2327.4691688973107,
            5743.116308733821
          ],
          [
            2346.6941082868725,
            5741.867811879453
          ],
          [
            2365.9190476764343,
            5740.6193150250865
          ],
          [
            2385.143987065996,
            5739.370818170719
          ]
        ]
      },
      "properties": {
        "id": "pistes:way:1355803586",
        "piste_type": "downhill",
        "tags": {
          "z_order": "0",
          "piste:type": "downhill",
          "winter_sports_id": "987243867",
          "winter_sports_name": "Pal-Arinsal",
          "State": "La Massana",
          "Country": "Andorra",
          "Ski Area": "Pal-Arinsal",
          "region": "europe/andorra"
        }
      }
    },
    {
      "type": "Feature",
      "geometry": {
        "type": "LineString",
        "coordinates": [
          [
            1961.0632719597197,
            5588.474739888683
          ],
          [
            1981.7757984437922,
            5590.369496099185
          ],
          [
            2002.4883249278646,
            5592.264252309687
          ],
          [
            2018.951101193641,
            5599.759910095483
          ],
          [
            2035.4138774594176,
            5607.255567881279
          ],
          [
            2051.876653725194,
            5614.751225667074
          ],
          [
            2068.3394299909705,
            5622.24688345287
          ],
          [
            2088.4155647511748,
            5624.296102187286
          ],
          [
            2108.4916995113795,
            5626.345320921701
          ],
          [
            2128.5678342715837,
            5628.394539656118
          ]
        ]
      },
      "properties": {
        "id": "pistes:way:1355803589",
        "name": "Port Vell",
        "piste_type": "downhill",
        "tags": {
          "name": "Port Vell",
          "z_order": "0",
          "piste:difficulty": "easy",
          "piste:type": "downhill",
          "winter_sports_id": "987243867",
          "winter_sports_name": "Pal-Arinsal",
          "State": "La Massana",
          "Country": "Andorra",
          "Ski Area": "Pal-Arinsal",
          "region": "europe/andorra"
        }
      }
    },
    {
      "type": "Feature",
      "geometry": {
        "type": "LineString",
        "coordinates": [
          [
            1271.4306757985032,
            5561.068818490021
          ],
          [
            1287.3339382202637,
            5549.814263401553
          ],
          [
            1303.237200642024,
            5538.559708313085
          ],
          [
            1319.1404630637844,
            5527.305153224617
          ],
          [
            1334.8572555539663,
            5522.279112081043
          ],
          [
            1350.5740480441484,
            5517.25307093747
          ],
          [
            1366.2908405343303,
            5512.227029793896
          ],
          [
            1382.0076330245124,
            5507.200988650322
          ],
          [
            1397.7244255146943,
            5502.174947506748
          ],
          [
            1414.5477985214443,
            5504.953383805603
          ],
          [
            1431.371171528194,
            5507.731820104457
          ],
          [
            1448.194544534944,
            5510.510256403312
          ],
          [
            1465.0179175416938,
            5513.288692702166
          ],
          [
            1481.8412905484438,
            5516.067129001021
          ],
          [
            1497.6859515777808,
            5518.969545269851
          ],
          [
            1513.530612607118,
            5521.87196153868
          ],
          [
            1529.375273636455,
            5524.774377807509
          ],
          [
            1545.219934665792,
            5527.676794076338
          ],
          [
            1561.0645956951291,
            5530.579210345168
          ],
          [
            1576.909256724466,
            5533.481626613997
          ],
          [
            1592.3325848167713,
            5539.0986149566515
          ],
          [
            1607.7559129090764,
            5544.715603299306
          ],
          [
            1623.1792410013816,
            5550.332591641961
          ],
          [
            1638.6025690936865,
            5555.9495799846145
          ],
          [
            1654.0258971859917,
            5561.566568327269
          ],
          [
            1669.4492252782968,
            5567.183556669924
          ],
          [
            1684.872553370602,
            5572.800545012578
          ],
          [
            1700.7204662887962,
            5583.697348196991
          ],
          [
            1709.9156010120253,
            5597.9257124476135
          ],
          [
            1719.1107357352546,
            5612.154076698236
          ],
          [
            1728.3058704584837,
            5626.382440948859
          ]
        ]
      },
      "properties": {
        "id": "pistes:way:1355803590",
        "name": "Snow Park",
        "piste_type": "downhill",
        "tags": {
          "name": "Snow Park",
          "z_order": "0",
          "piste:difficulty": "easy",
          "piste:type": "downhill",
          "winter_sports_id": "987243867",
          "winter_sports_name": "Pal-Arinsal",
          "State": "La Massana",
          "Country": "Andorra",
          "Ski Area": "Pal-Arinsal",
          "region": "europe/andorra"
        }
      }
    },
    {
      "type": "Feature",
      "geometry": {
        "type": "LineString",
        "coordinates": [
          [
            1220.5521472062683,
            5567.920450204983
          ],
          [
            1234.842327689946,
            5556.761936307264
          ],
          [
            1249.1325081736238,
            5545.603422409545
          ],
          [
            1263.4226886573015,
            5534.444908511825
          ]
        ]
      },
      "properties": {
        "id": "pistes:way:1355803594",
        "piste_type": "downhill",
        "tags": {
          "z_order": "0",
          "piste:difficulty": "easy",
          "piste:type": "downhill",
          "winter_sports_id": "987243867",
          "winter_sports_name": "Pal-Arinsal",
          "State": "La Massana",
          "Country": "Andorra",
          "Ski Area": "Pal-Arinsal",
          "region": "europe/andorra"
        }
      }
    },
    {
      "type": "Feature",
      "geometry": {
        "type": "LineString",
        "coordinates": [
          [
            1376.0948605854646,
            5418.026926600374
          ],
          [
            1388.4797679480591,
            5429.282587737466
          ],
          [
            1400.8646753106539,
            5440.538248874557
          ],
          [
            1413.2495826732484,
            5451.793910011649
          ]
        ]
      },
      "properties": {
        "id": "pistes:way:1355803595",
        "piste_type": "downhill",
        "tags": {
          "z_order": "0",
          "piste:difficulty": "intermediate",
          "piste:type": "downhill",
          "winter_sports_id": "987243867",
          "winter_sports_name": "Pal-Arinsal",
          "State": "La Massana",
          "Country": "Andorra",
          "Ski Area": "Pal-Arinsal",
          "region": "europe/andorra"
        }
      }
    },
    {
      "type": "Feature",
      "geometry": {
        "type": "LineString",
        "coordinates": [
          [
            1728.3058704584837,
            5626.382440948859
          ],
          [
            1728.2465725983202,
            5644.972814019304
          ],
          [
            1728.1872747381567,
            5663.563187089749
          ],
          [
            1729.4085740416776,
            5679.664232162759
          ],
          [
            1730.6298733451986,
            5695.765277235769
          ]
        ]
      },
      "properties": {
        "id": "pistes:way:1355803596",
        "piste_type": "downhill",
        "tags": {
          "z_order": "0",
          "piste:difficulty": "easy",
          "piste:type": "downhill",
          "winter_sports_id": "987243867",
          "winter_sports_name": "Pal-Arinsal",
          "State": "La Massana",
          "Country": "Andorra",
          "Ski Area": "Pal-Arinsal",
          "region": "europe/andorra"
        }
      }
    },
    {
      "type": "Feature",
      "geometry": {
        "type": "LineString",
        "coordinates": [
          [
            1890.488339951844,
            5737.862573619001
          ],
          [
            1906.817581172636,
            5740.432821222465
          ],
          [
            1923.146822393428,
            5743.0030688259285
          ],
          [
            1939.47606361422,
            5745.573316429392
          ],
          [
            1955.805304835012,
            5748.143564032856
          ],
          [
            1972.134546055804,
            5750.71381163632
          ],
          [
            1988.4637872765961,
            5753.284059239784
          ],
          [
            2004.7930284973881,
            5755.854306843248
          ],
          [
            2021.1222697181802,
            5758.424554446712
          ],
          [
            2037.4515109389722,
            5760.994802050176
          ],
          [
            2053.7807521597642,
            5763.56504965364
          ],
          [
            2070.1099933805563,
            5766.135297257104
          ],
          [
            2086.4392346013483,
            5768.705544860568
          ],
          [
            2102.7684758221403,
            5771.275792464032
          ],
          [
            2119.0977170429323,
            5773.846040067496
          ],
          [
            2135.4269582637244,
            5776.41628767096
          ],
          [
            2151.7561994845164,
            5778.986535274424
          ]
        ]
      },
      "properties": {
        "id": "pistes:way:1355803597",
        "name": "Niu",
        "piste_type": "downhill",
        "tags": {
          "name": "Niu",
          "z_order": "0",
          "piste:difficulty": "easy",
          "piste:type": "downhill",
          "winter_sports_id": "987243867",
          "winter_sports_name": "Pal-Arinsal",
          "State": "La Massana",
          "Country": "Andorra",
          "Ski Area": "Pal-Arinsal",
          "region": "europe/andorra"
        }
      }
    },
    {
      "type": "Feature",
      "geometry": {
        "type": "LineString",
        "coordinates": [
          [
            2151.7561994845164,
            5778.986535274424
          ],
          [
            2169.0447261619847,
            5778.218710366504
          ],
          [
            2186.333252839453,
            5777.450885458583
          ],
          [
            2203.6217795169214,
            5776.683060550663
          ],
          [
            2220.9103061943897,
            5775.915235642743
          ],
          [
            2238.198832871858,
            5775.147410734823
          ],
          [
            2255.4873595493264,
            5774.379585826902
          ],
          [
            2272.7758862267947,
            5773.611760918982
          ],
          [
            2291.5231340216123,
            5776.659463313408
          ],
          [
            2310.27038181643,
            5779.707165707834
          ],
          [
            2329.0176296112477,
            5782.75486810226
          ],
          [
            2334.1205599417444,
            5778.019136681221
          ],
          [
            2326.429561341938,
            5763.196213708259
          ]
        ]
      },
      "properties": {
        "id": "pistes:way:1355803598",
        "name": "Niu",
        "piste_type": "downhill",
        "tags": {
          "name": "Niu",
          "z_order": "0",
          "piste:difficulty": "easy",
          "piste:type": "downhill",
          "sport": "skiing",
          "winter_sports_id": "987243867",
          "winter_sports_name": "Pal-Arinsal",
          "State": "La Massana",
          "Country": "Andorra",
          "Ski Area": "Pal-Arinsal",
          "region": "europe/andorra"
        }
      }
    },
    {
      "type": "Feature",
      "geometry": {
        "type": "LineString",
        "coordinates": [
          [
            2780.71190005244,
            5868.6915527861565
          ],
          [
            2787.9183698994107,
            5883.026073954441
          ],
          [
            2795.1248397463814,
            5897.360595122725
          ],
          [
            2802.3313095933527,
            5911.695116291009
          ],
          [
            2809.5377794403234,
            5926.029637459293
          ],
          [
            2816.744249287294,
            5940.364158627577
          ]
        ]
      },
      "properties": {
        "id": "pistes:way:1355803599",
        "piste_type": "downhill",
        "tags": {
          "z_order": "0",
          "piste:difficulty": "easy",
          "piste:type": "downhill",
          "winter_sports_id": "987243867",
          "winter_sports_name": "Pal-Arinsal",
          "State": "La Massana",
          "Country": "Andorra",
          "Ski Area": "Pal-Arinsal",
          "region": "europe/andorra"
        }
      }
    },
    {
      "type": "Feature",
      "geometry": {
        "type": "LineString",
        "coordinates": [
          [
            2361.6195900792954,
            5877.303377117962
          ],
          [
            2377.713138227254,
            5883.693672131437
          ],
          [
            2393.8066863752124,
            5890.083967144911
          ],
          [
            2409.900234523171,
            5896.474262158386
          ],
          [
            2425.99378267113,
            5902.864557171862
          ],
          [
            2442.087330819088,
            5909.254852185336
          ],
          [
            2458.1808789670467,
            5915.645147198811
          ],
          [
            2474.2744271150054,
            5922.035442212286
          ],
          [
            2490.3679752629637,
            5928.425737225761
          ],
          [
            2506.4615234109224,
            5934.816032239236
          ]
        ]
      },
      "properties": {
        "id": "pistes:way:1355803601",
        "piste_type": "downhill",
        "tags": {
          "z_order": "0",
          "piste:difficulty": "easy",
          "piste:type": "downhill",
          "winter_sports_id": "987243867",
          "winter_sports_name": "Pal-Arinsal",
          "State": "La Massana",
          "Country": "Andorra",
          "Ski Area": "Pal-Arinsal",
          "region": "europe/andorra"
        }
      }
    },
    {
      "type": "Feature",
      "geometry": {
        "type": "LineString",
        "coordinates": [
          [
            2742.070563609712,
            1595.7132170284167
          ],
          [
            2723.0162235310804,
            1600.3710092507924
          ],
          [
            2703.9618834524495,
            1605.028801473168
          ],
          [
            2684.907543373818,
            1609.6865936955437
          ]
        ]
      },
      "properties": {
        "id": "pistes:way:1355803610",
        "piste_type": "downhill",
        "tags": {
          "z_order": "0",
          "piste:difficulty": "easy",
          "piste:type": "downhill",
          "winter_sports_id": "987243867",
          "winter_sports_name": "Pal-Arinsal",
          "State": "La Massana",
          "Country": "Andorra",
          "Ski Area": "Pal-Arinsal",
          "region": "europe/andorra"
        }
      }
    },
    {
      "type": "Feature",
      "geometry": {
        "type": "LineString",
        "coordinates": [
          [
            1684.101193341252,
            5684.028255991638
          ],
          [
            1708.9433020880097,
            5677.588028496131
          ],
          [
            1728.1872747381567,
            5663.563187089749
          ],
          [
            1728.2465725983202,
            5644.972814019304
          ],
          [
            1728.3058704584837,
            5626.382440948859
          ]
        ]
      },
      "properties": {
        "id": "pistes:way:1358883554",
        "name": "Route to Snow Park",
        "piste_type": "downhill",
        "tags": {
          "name": "Route to Snow Park",
          "z_order": "0",
          "piste:type": "downhill",
          "winter_sports_id": "987243867",
          "winter_sports_name": "Pal-Arinsal",
          "State": "La Massana",
          "Country": "Andorra",
          "Ski Area": "Pal-Arinsal",
          "region": "europe/andorra"
        }
      }
    },
    {
      "type": "Feature",
      "geometry": {
        "type": "LineString",
        "coordinates": [
          [
            3439.2288607056835,
            1672.1081823091954
          ],
          [
            3464.3582186236163,
            1661.5709365559742
          ],
          [
            3448.309685126238,
            1653.691217738514
          ],
          [
            3432.26115162886,
            1645.8114989210542
          ],
          [
            3416.2126181314816,
            1637.931780103594
          ],
          [
            3432.975457666762,
            1629.0165433529764
          ],
          [
            3449.7382972020423,
            1620.1013066023588
          ],
          [
            3433.4776524380723,
            1616.2723704888485
          ],
          [
            3417.217007674102,
            1612.4434343753383
          ],
          [
            3434.105572930188,
            1603.8925038957968
          ],
          [
            3450.9941381862736,
            1595.3415734162554
          ],
          [
            3428.4787670683,
            1588.8313742224127
          ],
          [
            3405.9633959503262,
            1582.32117502857
          ],
          [
            3421.0549846564536,
            1575.2576240822673
          ],
          [
            3436.146573362581,
            1568.1940731359646
          ],
          [
            3416.4961690194614,
            1558.5999987400137
          ],
          [
            3396.845764676342,
            1549.0059243440628
          ],
          [
            3409.427190552233,
            1544.6588724991307
          ],
          [
            3390.735075683886,
            1537.65526579367
          ],
          [
            3372.042960815539,
            1530.6516590882093
          ],
          [
            3353.3508459471923,
            1523.6480523827486
          ],
          [
            3334.6587310788454,
            1516.6444456772879
          ],
          [
            3357.8876815075637,
            1508.218164196238
          ],
          [
            3336.6673449145164,
            1499.5078299981542
          ],
          [
            3315.447008321469,
            1490.7974958000705
          ],
          [
            3332.8242894346477,
            1482.2319665979594
          ],
          [
            3317.2679413089354,
            1476.9327534928452
          ],
          [
            3301.711593183223,
            1471.633540387731
          ],
          [
            3286.155245057511,
            1466.3343272826169
          ],
          [
            3270.5988969317987,
            1461.0351141775027
          ],
          [
            3285.4526505680406,
            1454.2143715289421
          ],
          [
            3300.3064042042824,
            1447.3936288803816
          ],
          [
            3283.6111363776436,
            1446.6052853362635
          ],
          [
            3266.9158685510047,
            1445.8169417921454
          ],
          [
            3282.1613695294072,
            1440.4498316128738
          ],
          [
            3297.40687050781,
            1435.0827214336023
          ],
          [
            3275.680870730488,
            1432.0743994703516
          ],
          [
            3288.2448735233047,
            1426.7499569775537
          ],
          [
            3272.8130164114796,
            1421.5291133613016
          ],
          [
            3257.381159299655,
            1416.3082697450493
          ],
          [
            3241.9493021878297,
            1411.0874261287972
          ],
          [
            3229.2718328270325,
            1401.1258992499982
          ],
          [
            3216.594363466235,
            1391.1643723711993
          ],
          [
            3203.9168941054377,
            1381.2028454924002
          ],
          [
            3209.9069701849367,
            1376.2409293260425
          ],
          [
            3195.7108231112943,
            1372.1309847915545
          ],
          [
            3207.5741414836957,
            1368.040872468613
          ],
          [
            3197.2837876399863,
            1364.5826584305614
          ],
          [
            3206.496529018332,
            1362.4841168932617
          ],
          [
            3192.0140254911385,
            1355.7023370452225
          ],
          [
            3201.948917834903,
            1353.102048789151
          ],
          [
            3189.6564450120495,
            1339.7383467722684
          ],
          [
            3177.363972189196,
            1326.3746447553858
          ],
          [
            3151.9757848524605,
            1310.2586801573634
          ],
          [
            3136.725991292973,
            1285.0517699448392
          ],
          [
            3120.6869506629882,
            1263.0137332566082
          ],
          [
            3106.1899900000426,
            1235.8272369233891
          ],
          [
            3106.0640185460506,
            1216.512931884732
          ],
          [
            3105.9380470920587,
            1197.198626846075
          ]
        ]
      },
      "properties": {
        "id": "pistes:way:1370658316",
        "piste_type": "skitour",
        "tags": {
          "z_order": "0",
          "lit": "no",
          "oneway": "yes",
          "piste:type": "skitour",
          "winter_sports_id": "987243867",
          "winter_sports_name": "Pal-Arinsal",
          "State": "La Massana",
          "Country": "Andorra",
          "Ski Area": "Pal-Arinsal",
          "region": "europe/andorra"
        }
      }
    },
    {
      "type": "Feature",
      "geometry": {
        "type": "LineString",
        "coordinates": [
          [
            3579.7952985880547,
            1806.2556977700442
          ],
          [
            3562.0474994767865,
            1804.2137603117153
          ],
          [
            3544.299700365518,
            1802.1718228533864
          ],
          [
            3521.0173425255925,
            1800.484818347264
          ],
          [
            3497.734984685667,
            1798.7978138411418
          ],
          [
            3495.9675144825596,
            1794.6085644382983
          ],
          [
            3514.5543594269548,
            1782.0673528732732
          ],
          [
            3491.230679077853,
            1777.8541124975309
          ],
          [
            3508.822175414709,
            1768.8963778149337
          ],
          [
            3478.312748947239,
            1764.8121823528782
          ],
          [
            3493.0198313978035,
            1759.9161365292966
          ],
          [
            3482.513071513793,
            1751.685037358664
          ],
          [
            3502.1139408500167,
            1736.5930002108216
          ],
          [
            3486.4642969635606,
            1732.9195985463448
          ],
          [
            3470.8146530771046,
            1729.246196881868
          ],
          [
            3476.822412795387,
            1717.0418679853901
          ],
          [
            3451.277608507604,
            1707.181416939944
          ],
          [
            3459.382759731612,
            1699.2381417527795
          ],
          [
            3437.0191876078025,
            1689.953756744042
          ],
          [
            3453.17052100203,
            1683.1322486065328
          ],
          [
            3439.2288607056835,
            1672.1081823091954
          ]
        ]
      },
      "properties": {
        "id": "pistes:way:1370659753",
        "piste_type": "skitour",
        "tags": {
          "z_order": "0",
          "lit": "no",
          "oneway": "yes",
          "piste:type": "skitour",
          "winter_sports_id": "987243867",
          "winter_sports_name": "Pal-Arinsal",
          "State": "La Massana",
          "Country": "Andorra",
          "Ski Area": "Pal-Arinsal",
          "region": "europe/andorra"
        }
      }
    },
    {
      "type": "Feature",
      "geometry": {
        "type": "LineString",
        "coordinates": [
          [
            2914.785216016113,
            1099.6505236886442
          ],
          [
            2900.1897542633815,
            1077.9979156441987
          ],
          [
            2891.088930005266,
            1064.454945445992
          ],
          [
            2892.800677327672,
            1056.8707171529531
          ],
          [
            2882.976630637946,
            1059.7138067213818
          ],
          [
            2872.6574041238637,
            1059.7000116594136
          ],
          [
            2854.2418394889683,
            1038.5273978328332
          ],
          [
            2833.6222693281015,
            1022.7041646391153
          ],
          [
            2822.164121604117,
            1011.4846507869661
          ],
          [
            2810.7059738801327,
            1000.2651369348168
          ],
          [
            2799.247826156148,
            989.0456230826676
          ],
          [
            2787.4280664715334,
            969.6313552260399
          ],
          [
            2773.659623923595,
            960.3771295356564
          ],
          [
            2759.8911813756567,
            951.122903845273
          ],
          [
            2755.0879829545156,
            933.5480992021039
          ],
          [
            2731.277491392917,
            936.6883787969127
          ],
          [
            2713.1407177292567,
            933.9501853692345
          ],
          [
            2695.0039440655964,
            931.2119919415563
          ],
          [
            2675.5703408900686,
            930.593039984194
          ],
          [
            2656.136737714541,
            929.9740880268315
          ],
          [
            2636.7031345390133,
            929.3551360694692
          ],
          [
            2619.7618252321554,
            929.3503318619914
          ],
          [
            2602.8205159252975,
            929.3455276545137
          ],
          [
            2590.776117002184,
            929.8076452463865
          ],
          [
            2579.8090364294476,
            924.8740857858211
          ],
          [
            2562.953372080199,
            920.9745542430319
          ],
          [
            2546.097707730951,
            917.0750227002427
          ],
          [
            2524.0788980365614,
            915.7071271045133
          ],
          [
            2494.1666971555096,
            909.9167671464384
          ],
          [
            2478.98128228361,
            912.0576612092555
          ],
          [
            2466.3999192295596,
            907.819961049594
          ],
          [
            2447.5340523226187,
            908.1614032275975
          ],
          [
            2442.9472322608926,
            908.0333750294521
          ],
          [
            2431.1823121204507,
            903.0589459892362
          ],
          [
            2412.7391267882194,
            903.6038806494325
          ],
          [
            2390.5802510660724,
            899.9507123660296
          ],
          [
            2386.1334052712773,
            902.1084145251662
          ],
          [
            2366.592427845404,
            899.652001180686
          ],
          [
            2350.8587451620842,
            888.3070013457909
          ],
          [
            2345.0390122981626,
            894.9549755258486
          ],
          [
            2331.21216037852,
            891.362119265832
          ],
          [
            2301.7380228334223,
            881.1992316702381
          ],
          [
            2282.0883638678933,
            878.6450501298532
          ],
          [
            2274.1351170164417,
            876.8230943866074
          ],
          [
            2269.1590778271784,
            872.4479049202055
          ],
          [
            2249.903699518123,
            868.5315013108775
          ],
          [
            2236.5008506553713,
            862.9539347477257
          ],
          [
            2216.8914039882366,
            858.5441838316619
          ],
          [
            2202.5449510057806,
            854.849920281209
          ],
          [
            2188.566024190921,
            850.5825163973495
          ],
          [
            2176.371160934854,
            860.4231548476964
          ],
          [
            2172.289788021939,
            865.0625388249755
          ],
          [
            2163.3045506241615,
            866.5918019544333
          ],
          [
            2148.6342126225936,
            871.312217081897
          ],
          [
            2129.963454887562,
            876.5273520573974
          ],
          [
            2110.719496882928,
            884.5632441909984
          ],
          [
            2099.914369071368,
            886.3144529387355
          ],
          [
            2084.647158019303,
            887.5690600778908
          ],
          [
            2059.986448438023,
            886.417198532261
          ],
          [
            2053.79076427978,
            889.5399329457432
          ],
          [
            2055.738219677063,
            899.0573884733021
          ],
          [
            2056.0316822102177,
            909.3379971152171
          ],
          [
            2048.5041047434206,
            919.6495300587267
          ],
          [
            2029.4018432481098,
            916.4751866357401
          ],
          [
            2017.199735924194,
            915.0417051231489
          ],
          [
            2014.700493791781,
            906.8116911444813
          ],
          [
            2013.2276550098904,
            903.0728540578857
          ],
          [
            2006.4992965746205,
            905.8165291398764
          ],
          [
            1995.2788371728384,
            905.0539468908682
          ],
          [
            1978.2360789898667,
            895.8551582312211
          ],
          [
            1953.9789933863212,
            885.2657077815384
          ],
          [
            1940.2744880670216,
            877.1171443462372
          ],
          [
            1920.0278011242626,
            866.5882253563032
          ],
          [
            1899.492651809298,
            855.1093245251104
          ],
          [
            1881.897147633019,
            849.6419896013103
          ],
          [
            1864.3016434567398,
            844.1746546775103
          ],
          [
            1849.8603141715478,
            836.0322835032517
          ],
          [
            1835.418984886356,
            827.8899123289933
          ],
          [
            1820.9776556011639,
            819.7475411547348
          ],
          [
            1805.897822895844,
            811.8908697916195
          ],
          [
            1790.8179901905241,
            804.0341984285042
          ],
          [
            1775.7381574852043,
            796.1775270653889
          ],
          [
            1758.441427882295,
            785.6990995345017
          ],
          [
            1741.144698279386,
            775.2206720036144
          ],
          [
            1723.8479686764767,
            764.7422444727272
          ],
          [
            1708.1824606862501,
            754.9636238832027
          ],
          [
            1690.4422124776756,
            753.0761285210028
          ],
          [
            1674.800537475734,
            753.1832167273387
          ],
          [
            1650.487035910075,
            766.1668759901077
          ],
          [
            1633.6415289952565,
            772.6886705507059
          ],
          [
            1616.796022080438,
            779.2104651113041
          ],
          [
            1599.9505151656194,
            785.7322596719023
          ],
          [
            1583.105008250801,
            792.2540542325005
          ],
          [
            1558.1340018720948,
            800.2514521125704
          ]
        ]
      },
      "properties": {
        "id": "pistes:way:1370659754",
        "piste_type": "skitour",
        "tags": {
          "z_order": "0",
          "lit": "no",
          "oneway": "yes",
          "piste:type": "skitour",
          "winter_sports_id": "987243867",
          "winter_sports_name": "Pal-Arinsal",
          "State": "La Massana",
          "Country": "Andorra",
          "Ski Area": "Pal-Arinsal",
          "region": "europe/andorra"
        }
      }
    },
    {
      "type": "Feature",
      "geometry": {
        "type": "LineString",
        "coordinates": [
          [
            1376.396127261396,
            1746.8443057034165
          ],
          [
            1372.8160580525873,
            1726.8412542122726
          ],
          [
            1369.2359888437786,
            1706.838202721129
          ],
          [
            1365.65591963497,
            1686.835151229985
          ],
          [
            1365.7019457329104,
            1667.6100986069068
          ],
          [
            1365.7479718308507,
            1648.3850459838286
          ],
          [
            1365.7939979287912,
            1629.1599933607504
          ],
          [
            1366.452255637967,
            1610.769822143251
          ],
          [
            1367.1105133471428,
            1592.3796509257518
          ],
          [
            1367.7687710563187,
            1573.9894797082525
          ],
          [
            1368.4270287654945,
            1555.5993084907532
          ],
          [
            1376.4083841702861,
            1540.7577576803353
          ],
          [
            1384.389739575078,
            1525.9162068699177
          ],
          [
            1392.3710949798697,
            1511.0746560594998
          ],
          [
            1400.3524503846613,
            1496.233105249082
          ],
          [
            1408.3338057894532,
            1481.3915544386643
          ],
          [
            1416.3151611942449,
            1466.5500036282465
          ],
          [
            1423.0237470949069,
            1459.1629530834034
          ],
          [
            1434.0973868283133,
            1446.9679785051073
          ],
          [
            1445.1710265617196,
            1434.773003926811
          ],
          [
            1456.244666295126,
            1422.578029348515
          ],
          [
            1458.05686290242,
            1420.589963038452
          ],
          [
            1475.4397846592308,
            1415.1966276549335
          ],
          [
            1492.8227064160415,
            1409.803292271415
          ],
          [
            1510.2056281728521,
            1404.4099568878967
          ],
          [
            1527.5885499296626,
            1399.016621504378
          ],
          [
            1544.9714716864733,
            1393.6232861208596
          ],
          [
            1562.354393443284,
            1388.2299507373411
          ],
          [
            1579.7373152000946,
            1382.8366153538227
          ],
          [
            1595.8439899853693,
            1375.0730097470805
          ],
          [
            1611.950664770644,
            1367.3094041403383
          ],
          [
            1628.0573395559186,
            1359.545798533596
          ],
          [
            1644.1640143411933,
            1351.782192926854
          ],
          [
            1660.765650040994,
            1344.3114756004263
          ],
          [
            1677.3672857407946,
            1336.840758273999
          ],
          [
            1693.9689214405953,
            1329.3700409475714
          ],
          [
            1708.26120457871,
            1316.6966972765513
          ],
          [
            1722.5534877168247,
            1304.0233536055312
          ],
          [
            1736.8457708549395,
            1291.350009934511
          ],
          [
            1751.1380539930542,
            1278.676666263491
          ],
          [
            1771.144303515146,
            1270.398159694858
          ],
          [
            1791.1505530372378,
            1262.1196531262249
          ],
          [
            1811.8688881873677,
            1253.0118786976673
          ],
          [
            1832.5872233374976,
            1243.9041042691097
          ],
          [
            1851.3349266715231,
            1234.850831608909
          ],
          [
            1870.0826300055487,
            1225.797558948708
          ],
          [
            1888.8303333395743,
            1216.7442862885073
          ]
        ]
      },
      "properties": {
        "id": "pistes:way:18502128",
        "name": "Cami Inferior",
        "piste_type": "downhill",
        "tags": {
          "name": "Cami Inferior",
          "type": "route",
          "piste:type": "downhill",
          "route": "piste",
          "sport": "skiing",
          "winter_sports_id": "987243867",
          "winter_sports_name": "Pal-Arinsal",
          "State": "La Massana",
          "Country": "Andorra",
          "Ski Area": "Pal-Arinsal",
          "region": "europe/andorra"
        }
      }
    },
    {
      "type": "Feature",
      "geometry": {
        "type": "LineString",
        "coordinates": [
          [
            1888.8303333395743,
            1216.7442862885073
          ],
          [
            1909.9991964133515,
            1215.459720134735
          ],
          [
            1931.1680594871286,
            1214.175153980963
          ],
          [
            1955.1351624773815,
            1222.881407437846
          ],
          [
            1970.09602073743,
            1208.4247183194384
          ],
          [
            1973.0803774438682,
            1187.965220007114
          ],
          [
            1976.0647341503063,
            1167.5057216947898
          ]
        ]
      },
      "properties": {
        "id": "pistes:way:18502128",
        "name": "Cami Inferior",
        "piste_type": "downhill",
        "tags": {
          "name": "Cami Inferior",
          "type": "route",
          "piste:type": "downhill",
          "route": "piste",
          "sport": "skiing",
          "winter_sports_id": "987243867",
          "winter_sports_name": "Pal-Arinsal",
          "State": "La Massana",
          "Country": "Andorra",
          "Ski Area": "Pal-Arinsal",
          "region": "europe/andorra"
        }
      }
    },
    {
      "type": "Feature",
      "geometry": {
        "type": "LineString",
        "coordinates": [
          [
            1976.0647341503063,
            1167.5057216947898
          ],
          [
            1990.0216097801458,
            1156.33862538822
          ],
          [
            2003.9784854099853,
            1145.17152908165
          ],
          [
            2018.912852891117,
            1138.5091559753055
          ],
          [
            2033.8472203722486,
            1131.8467828689609
          ],
          [
            2048.78158785338,
            1125.1844097626163
          ],
          [
            2063.715955334512,
            1118.5220366562717
          ],
          [
            2078.6503228156434,
            1111.859663549927
          ],
          [
            2093.584690296775,
            1105.1972904435825
          ],
          [
            2108.5190577779067,
            1098.5349173372379
          ],
          [
            2123.4534252590383,
            1091.8725442308933
          ],
          [
            2140.2175372914644,
            1084.392643818166
          ],
          [
            2156.9816493238905,
            1076.912743405439
          ],
          [
            2171.5926837515144,
            1069.5108886368107
          ],
          [
            2186.2037181791384,
            1062.1090338681825
          ],
          [
            2200.8147526067623,
            1054.7071790995542
          ],
          [
            2215.4257870343863,
            1047.305324330926
          ],
          [
            2232.908806513995,
            1037.0967361996882
          ],
          [
            2250.3918259936036,
            1026.8881480684504
          ],
          [
            2264.1428305173563,
            1017.2416081593061
          ],
          [
            2277.8938350411095,
            1007.595068250162
          ],
          [
            2291.644839564862,
            997.9485283410177
          ],
          [
            2316.033062928298,
            984.0882382160053
          ],
          [
            2335.4701517169597,
            979.6872786325403
          ],
          [
            2354.9072405056213,
            975.2863190490752
          ],
          [
            2373.0822802360635,
            972.8744219634682
          ],
          [
            2391.2573199665057,
            970.4625248778611
          ],
          [
            2407.4944250549306,
            965.8364565786906
          ],
          [
            2423.7315301433555,
            961.21038827952
          ]
        ]
      },
      "properties": {
        "id": "pistes:way:18502128",
        "name": "Cami Inferior",
        "piste_type": "downhill",
        "tags": {
          "name": "Cami Inferior",
          "type": "route",
          "piste:type": "downhill",
          "route": "piste",
          "sport": "skiing",
          "winter_sports_id": "987243867",
          "winter_sports_name": "Pal-Arinsal",
          "State": "La Massana",
          "Country": "Andorra",
          "Ski Area": "Pal-Arinsal",
          "region": "europe/andorra"
        }
      }
    },
    {
      "type": "Feature",
      "geometry": {
        "type": "LineString",
        "coordinates": [
          [
            1888.8303333395743,
            1216.7442862885073
          ],
          [
            1911.6919397633756,
            1206.6647530859336
          ],
          [
            1933.2037033380475,
            1204.1299042655155
          ],
          [
            1956.9545281851315,
            1191.8905308740214
          ],
          [
            1968.5717541206395,
            1178.7942307936028
          ],
          [
            1976.0647341503063,
            1167.5057216947898
          ]
        ]
      },
      "properties": {
        "id": "pistes:way:18502128",
        "name": "Cami Inferior",
        "piste_type": "downhill",
        "tags": {
          "name": "Cami Inferior",
          "type": "route",
          "piste:type": "downhill",
          "route": "piste",
          "sport": "skiing",
          "winter_sports_id": "987243867",
          "winter_sports_name": "Pal-Arinsal",
          "State": "La Massana",
          "Country": "Andorra",
          "Ski Area": "Pal-Arinsal",
          "region": "europe/andorra"
        }
      }
    }
  ]
}