{
  "type": "FeatureCollection",
  "coordinate_system": {
    "kind": "local_game_meters",
    "not_wgs84": true,
    "axes": {
      "geojson_x": "local_east_m",
      "geojson_y": "local_north_m"
    },
    "game_axes": {
      "x": "east_m",
      "y": "elevation_m",
      "z": "negative_north_m"
    },
    "local_origin": {
      "easting_m": 371576.7961163228,
      "northing_m": 4708584.305447192,
      "longitude": 1.4365742973203217,
      "latitude": 42.51897460793677
    },
    "projected_crs": "EPSG:32631",
    "note": "This is not RFC 7946 WGS84 GeoJSON. Convert X,Y to game X,Z via game_axes."
  },
  "attribution": "\u00a9 OpenStreetMap contributors (ODbL)",
  "layer": "lifts",
  "features": [
    {
      "type": "Feature",
      "geometry": {
        "type": "Point",
        "coordinates": [
          6403.552750467847,
          3030.5931389266625
        ]
      },
      "properties": {
        "id": "lifts:nan:323129883",
        "osm_type": null,
        "osm_id": "323129883",
        "name": "Telecabina La Massana",
        "tags": {
          "name": "Telecabina La Massana",
          "other_tags": "\"aerialway\"=>\"station\",\"aerialway:access\"=>\"both\",\"name:ca\"=>\"Telecabina La Massana\",\"public_transport\"=>\"station\"",
          "State": "La Massana",
          "Country": "Andorra",
          "region": "europe/andorra"
        },
        "source": "OpenStreetMap",
        "source_confidence": "osm_as_mapped",
        "coordinate_space": "local_east_m, local_north_m",
        "aerialway": null
      }
    },
    {
      "type": "Feature",
      "geometry": {
        "type": "Point",
        "coordinates": [
          3956.4624041655916,
          5885.577878924087
        ]
      },
      "properties": {
        "id": "lifts:nan:323130871",
        "osm_type": null,
        "osm_id": "323130871",
        "name": null,
        "tags": {
          "other_tags": "\"aerialway\"=>\"station\",\"public_transport\"=>\"station\"",
          "State": "La Massana",
          "Country": "Andorra",
          "region": "europe/andorra"
        },
        "source": "OpenStreetMap",
        "source_confidence": "osm_as_mapped",
        "coordinate_space": "local_east_m, local_north_m",
        "aerialway": null
      }
    },
    {
      "type": "Feature",
      "geometry": {
        "type": "Point",
        "coordinates": [
          2953.79616873333,
          5959.148884637281
        ]
      },
      "properties": {
        "id": "lifts:nan:323130873",
        "osm_type": null,
        "osm_id": "323130873",
        "name": null,
        "tags": {
          "other_tags": "\"aerialway\"=>\"station\",\"public_transport\"=>\"station\"",
          "State": "La Massana",
          "Country": "Andorra",
          "Ski Area": "Pal-Arinsal",
          "region": "europe/andorra"
        },
        "source": "OpenStreetMap",
        "source_confidence": "osm_as_mapped",
        "coordinate_space": "local_east_m, local_north_m",
        "aerialway": null
      }
    },
    {
      "type": "Feature",
      "geometry": {
        "type": "Point",
        "coordinates": [
          2936.8061069917167,
          5979.40557354223
        ]
      },
      "properties": {
        "id": "lifts:nan:521153185",
        "osm_type": null,
        "osm_id": "521153185",
        "name": null,
        "tags": {
          "other_tags": "\"aerialway\"=>\"station\",\"aerialway:access\"=>\"exit\",\"public_transport\"=>\"station\",\"wheelchair\"=>\"no\"",
          "State": "La Massana",
          "Country": "Andorra",
          "Ski Area": "Pal-Arinsal",
          "region": "europe/andorra"
        },
        "source": "OpenStreetMap",
        "source_confidence": "osm_as_mapped",
        "coordinate_space": "local_east_m, local_north_m",
        "aerialway": null
      }
    },
    {
      "type": "Feature",
      "geometry": {
        "type": "Point",
        "coordinates": [
          3679.8504748278647,
          6373.932203849778
        ]
      },
      "properties": {
        "id": "lifts:nan:521153188",
        "osm_type": null,
        "osm_id": "521153188",
        "name": null,
        "tags": {
          "other_tags": "\"aerialway\"=>\"station\",\"aerialway:access\"=>\"entry\",\"public_transport\"=>\"station\"",
          "State": "La Massana",
          "Country": "Andorra",
          "Ski Area": "Pal-Arinsal",
          "region": "europe/andorra"
        },
        "source": "OpenStreetMap",
        "source_confidence": "osm_as_mapped",
        "coordinate_space": "local_east_m, local_north_m",
        "aerialway": null
      }
    },
    {
      "type": "Feature",
      "geometry": {
        "type": "Point",
        "coordinates": [
          4328.275987431873,
          1701.582709803246
        ]
      },
      "properties": {
        "id": "lifts:nan:663075945",
        "osm_type": null,
        "osm_id": "663075945",
        "name": null,
        "tags": {
          "other_tags": "\"aerialway\"=>\"station\",\"aerialway:access\"=>\"exit\",\"public_transport\"=>\"station\"",
          "State": "La Massana",
          "Country": "Andorra",
          "Ski Area": "Pal-Arinsal",
          "region": "europe/andorra"
        },
        "source": "OpenStreetMap",
        "source_confidence": "osm_as_mapped",
        "coordinate_space": "local_east_m, local_north_m",
        "aerialway": null
      }
    },
    {
      "type": "Feature",
      "geometry": {
        "type": "Point",
        "coordinates": [
          4443.453294585517,
          1857.6711878553033
        ]
      },
      "properties": {
        "id": "lifts:nan:663075946",
        "osm_type": null,
        "osm_id": "663075946",
        "name": null,
        "tags": {
          "other_tags": "\"aerialway\"=>\"station\",\"aerialway:access\"=>\"entry\",\"public_transport\"=>\"station\"",
          "State": "La Massana",
          "Country": "Andorra",
          "Ski Area": "Pal-Arinsal",
          "region": "europe/andorra"
        },
        "source": "OpenStreetMap",
        "source_confidence": "osm_as_mapped",
        "coordinate_space": "local_east_m, local_north_m",
        "aerialway": null
      }
    },
    {
      "type": "Feature",
      "geometry": {
        "type": "Point",
        "coordinates": [
          4413.357475688157,
          1865.2054220624268
        ]
      },
      "properties": {
        "id": "lifts:nan:663078912",
        "osm_type": null,
        "osm_id": "663078912",
        "name": "LA SERRA",
        "tags": {
          "name": "LA SERRA",
          "other_tags": "\"aerialway\"=>\"station\",\"aerialway:access\"=>\"entry\",\"public_transport\"=>\"station\"",
          "State": "La Massana",
          "Country": "Andorra",
          "Ski Area": "Pal-Arinsal",
          "region": "europe/andorra"
        },
        "source": "OpenStreetMap",
        "source_confidence": "osm_as_mapped",
        "coordinate_space": "local_east_m, local_north_m",
        "aerialway": null
      }
    },
    {
      "type": "Feature",
      "geometry": {
        "type": "Point",
        "coordinates": [
          4273.321922137926,
          1685.6680195285007
        ]
      },
      "properties": {
        "id": "lifts:nan:663080312",
        "osm_type": null,
        "osm_id": "663080312",
        "name": null,
        "tags": {
          "other_tags": "\"aerialway\"=>\"station\",\"aerialway:access\"=>\"exit\",\"public_transport\"=>\"station\"",
          "State": "La Massana",
          "Country": "Andorra",
          "Ski Area": "Pal-Arinsal",
          "region": "europe/andorra"
        },
        "source": "OpenStreetMap",
        "source_confidence": "osm_as_mapped",
        "coordinate_space": "local_east_m, local_north_m",
        "aerialway": null
      }
    },
    {
      "type": "Feature",
      "geometry": {
        "type": "Point",
        "coordinates": [
          3980.594392012863,
          1995.4178695231676
        ]
      },
      "properties": {
        "id": "lifts:nan:663080313",
        "osm_type": null,
        "osm_id": "663080313",
        "name": null,
        "tags": {
          "other_tags": "\"aerialway\"=>\"station\",\"aerialway:access\"=>\"entry\",\"public_transport\"=>\"station\"",
          "State": "La Massana",
          "Country": "Andorra",
          "Ski Area": "Pal-Arinsal",
          "region": "europe/andorra"
        },
        "source": "OpenStreetMap",
        "source_confidence": "osm_as_mapped",
        "coordinate_space": "local_east_m, local_north_m",
        "aerialway": null
      }
    },
    {
      "type": "Feature",
      "geometry": {
        "type": "Point",
        "coordinates": [
          3915.830207194842,
          1982.5362297557294
        ]
      },
      "properties": {
        "id": "lifts:nan:663084328",
        "osm_type": null,
        "osm_id": "663084328",
        "name": "LA SERRA 2",
        "tags": {
          "name": "LA SERRA 2",
          "other_tags": "\"aerialway\"=>\"station\",\"aerialway:access\"=>\"entry\",\"public_transport\"=>\"station\"",
          "State": "La Massana",
          "Country": "Andorra",
          "Ski Area": "Pal-Arinsal",
          "region": "europe/andorra"
        },
        "source": "OpenStreetMap",
        "source_confidence": "osm_as_mapped",
        "coordinate_space": "local_east_m, local_north_m",
        "aerialway": null
      }
    },
    {
      "type": "Feature",
      "geometry": {
        "type": "Point",
        "coordinates": [
          1376.396127261396,
          1746.8443057034165
        ]
      },
      "properties": {
        "id": "lifts:nan:663092389",
        "osm_type": null,
        "osm_id": "663092389",
        "name": null,
        "tags": {
          "other_tags": "\"aerialway\"=>\"station\",\"aerialway:access\"=>\"exit\",\"public_transport\"=>\"station\"",
          "State": "La Massana",
          "Country": "Andorra",
          "Ski Area": "Pal-Arinsal",
          "region": "europe/andorra"
        },
        "source": "OpenStreetMap",
        "source_confidence": "osm_as_mapped",
        "coordinate_space": "local_east_m, local_north_m",
        "aerialway": null
      }
    },
    {
      "type": "Feature",
      "geometry": {
        "type": "Point",
        "coordinates": [
          1356.1892436911585,
          2806.571468268521
        ]
      },
      "properties": {
        "id": "lifts:nan:663092390",
        "osm_type": null,
        "osm_id": "663092390",
        "name": null,
        "tags": {
          "other_tags": "\"aerialway\"=>\"station\",\"aerialway:access\"=>\"entry\",\"public_transport\"=>\"station\"",
          "State": "La Massana",
          "Country": "Andorra",
          "Ski Area": "Pal-Arinsal",
          "region": "europe/andorra"
        },
        "source": "OpenStreetMap",
        "source_confidence": "osm_as_mapped",
        "coordinate_space": "local_east_m, local_north_m",
        "aerialway": null
      }
    },
    {
      "type": "Feature",
      "geometry": {
        "type": "Point",
        "coordinates": [
          1322.8983258974622,
          2192.862894131802
        ]
      },
      "properties": {
        "id": "lifts:nan:663093429",
        "osm_type": null,
        "osm_id": "663093429",
        "name": null,
        "tags": {
          "other_tags": "\"aerialway\"=>\"station\",\"aerialway:access\"=>\"exit\",\"public_transport\"=>\"station\"",
          "State": "La Massana",
          "Country": "Andorra",
          "Ski Area": "Pal-Arinsal",
          "region": "europe/andorra"
        },
        "source": "OpenStreetMap",
        "source_confidence": "osm_as_mapped",
        "coordinate_space": "local_east_m, local_north_m",
        "aerialway": null
      }
    },
    {
      "type": "Feature",
      "geometry": {
        "type": "Point",
        "coordinates": [
          797.437016266922,
          3022.8106177179143
        ]
      },
      "properties": {
        "id": "lifts:nan:663093430",
        "osm_type": null,
        "osm_id": "663093430",
        "name": null,
        "tags": {
          "other_tags": "\"aerialway\"=>\"station\",\"aerialway:access\"=>\"entry\",\"public_transport\"=>\"station\"",
          "State": "La Massana",
          "Country": "Andorra",
          "Ski Area": "Pal-Arinsal",
          "region": "europe/andorra"
        },
        "source": "OpenStreetMap",
        "source_confidence": "osm_as_mapped",
        "coordinate_space": "local_east_m, local_north_m",
        "aerialway": null
      }
    },
    {
      "type": "Feature",
      "geometry": {
        "type": "Point",
        "coordinates": [
          2684.907543373818,
          1609.6865936955437
        ]
      },
      "properties": {
        "id": "lifts:nan:663095052",
        "osm_type": null,
        "osm_id": "663095052",
        "name": "EL CUBIL",
        "tags": {
          "name": "EL CUBIL",
          "other_tags": "\"aerialway\"=>\"station\",\"aerialway:access\"=>\"entry\",\"public_transport\"=>\"station\"",
          "State": "La Massana",
          "Country": "Andorra",
          "Ski Area": "Pal-Arinsal",
          "region": "europe/andorra"
        },
        "source": "OpenStreetMap",
        "source_confidence": "osm_as_mapped",
        "coordinate_space": "local_east_m, local_north_m",
        "aerialway": null
      }
    },
    {
      "type": "Feature",
      "geometry": {
        "type": "Point",
        "coordinates": [
          1288.9369205987314,
          5649.11316825822
        ]
      },
      "properties": {
        "id": "lifts:nan:663372539",
        "osm_type": null,
        "osm_id": "663372539",
        "name": null,
        "tags": {
          "other_tags": "\"aerialway\"=>\"station\",\"aerialway:access\"=>\"exit\",\"public_transport\"=>\"station\"",
          "State": "La Massana",
          "Country": "Andorra",
          "Ski Area": "Pal-Arinsal",
          "region": "europe/andorra"
        },
        "source": "OpenStreetMap",
        "source_confidence": "osm_as_mapped",
        "coordinate_space": "local_east_m, local_north_m",
        "aerialway": null
      }
    },
    {
      "type": "Feature",
      "geometry": {
        "type": "Point",
        "coordinates": [
          2932.284704492311,
          5884.5141519205645
        ]
      },
      "properties": {
        "id": "lifts:nan:663372540",
        "osm_type": null,
        "osm_id": "663372540",
        "name": null,
        "tags": {
          "other_tags": "\"aerialway\"=>\"station\",\"aerialway:access\"=>\"entry\",\"public_transport\"=>\"station\"",
          "State": "La Massana",
          "Country": "Andorra",
          "Ski Area": "Pal-Arinsal",
          "region": "europe/andorra"
        },
        "source": "OpenStreetMap",
        "source_confidence": "osm_as_mapped",
        "coordinate_space": "local_east_m, local_north_m",
        "aerialway": null
      }
    },
    {
      "type": "Feature",
      "geometry": {
        "type": "Point",
        "coordinates": [
          2513.350062675425,
          5928.037530743517
        ]
      },
      "properties": {
        "id": "lifts:nan:663373401",
        "osm_type": null,
        "osm_id": "663373401",
        "name": null,
        "tags": {
          "other_tags": "\"aerialway\"=>\"station\",\"aerialway:access\"=>\"exit\",\"public_transport\"=>\"station\"",
          "State": "La Massana",
          "Country": "Andorra",
          "Ski Area": "Pal-Arinsal",
          "region": "europe/andorra"
        },
        "source": "OpenStreetMap",
        "source_confidence": "osm_as_mapped",
        "coordinate_space": "local_east_m, local_north_m",
        "aerialway": null
      }
    },
    {
      "type": "Feature",
      "geometry": {
        "type": "Point",
        "coordinates": [
          2887.0371998025803,
          6127.085166724399
        ]
      },
      "properties": {
        "id": "lifts:nan:663373402",
        "osm_type": null,
        "osm_id": "663373402",
        "name": null,
        "tags": {
          "other_tags": "\"aerialway\"=>\"station\",\"aerialway:access\"=>\"entry\",\"public_transport\"=>\"station\"",
          "State": "La Massana",
          "Country": "Andorra",
          "Ski Area": "Pal-Arinsal",
          "region": "europe/andorra"
        },
        "source": "OpenStreetMap",
        "source_confidence": "osm_as_mapped",
        "coordinate_space": "local_east_m, local_north_m",
        "aerialway": null
      }
    },
    {
      "type": "Feature",
      "geometry": {
        "type": "Point",
        "coordinates": [
          2777.9937230928917,
          1601.9958120267838
        ]
      },
      "properties": {
        "id": "lifts:nan:664085283",
        "osm_type": null,
        "osm_id": "664085283",
        "name": "La Sierra",
        "tags": {
          "name": "La Sierra",
          "other_tags": "\"aerialway\"=>\"station\",\"aerialway:access\"=>\"entry\",\"public_transport\"=>\"station\"",
          "State": "La Massana",
          "Country": "Andorra",
          "Ski Area": "Pal-Arinsal",
          "region": "europe/andorra"
        },
        "source": "OpenStreetMap",
        "source_confidence": "osm_as_mapped",
        "coordinate_space": "local_east_m, local_north_m",
        "aerialway": null
      }
    },
    {
      "type": "Feature",
      "geometry": {
        "type": "Point",
        "coordinates": [
          3082.228621129354,
          1230.9936230815947
        ]
      },
      "properties": {
        "id": "lifts:nan:664085288",
        "osm_type": null,
        "osm_id": "664085288",
        "name": "LA SERRA",
        "tags": {
          "name": "LA SERRA",
          "other_tags": "\"aerialway\"=>\"station\",\"aerialway:access\"=>\"exit\",\"public_transport\"=>\"station\"",
          "State": "La Massana",
          "Country": "Andorra",
          "Ski Area": "Pal-Arinsal",
          "region": "europe/andorra"
        },
        "source": "OpenStreetMap",
        "source_confidence": "osm_as_mapped",
        "coordinate_space": "local_east_m, local_north_m",
        "aerialway": null
      }
    },
    {
      "type": "Feature",
      "geometry": {
        "type": "Point",
        "coordinates": [
          1568.3831866810215,
          904.1350599601865
        ]
      },
      "properties": {
        "id": "lifts:nan:664115752",
        "osm_type": null,
        "osm_id": "664115752",
        "name": null,
        "tags": {
          "other_tags": "\"aerialway\"=>\"station\",\"aerialway:access\"=>\"exit\",\"public_transport\"=>\"station\"",
          "State": "La Massana",
          "Country": "Andorra",
          "Ski Area": "Pal-Arinsal",
          "region": "europe/andorra"
        },
        "source": "OpenStreetMap",
        "source_confidence": "osm_as_mapped",
        "coordinate_space": "local_east_m, local_north_m",
        "aerialway": null
      }
    },
    {
      "type": "Feature",
      "geometry": {
        "type": "Point",
        "coordinates": [
          1668.7986649617087,
          787.2495006592944
        ]
      },
      "properties": {
        "id": "lifts:nan:664115755",
        "osm_type": null,
        "osm_id": "664115755",
        "name": null,
        "tags": {
          "other_tags": "\"aerialway\"=>\"station\",\"aerialway:access\"=>\"exit\",\"public_transport\"=>\"station\"",
          "State": "La Massana",
          "Country": "Andorra",
          "Ski Area": "Pal-Arinsal",
          "region": "europe/andorra"
        },
        "source": "OpenStreetMap",
        "source_confidence": "osm_as_mapped",
        "coordinate_space": "local_east_m, local_north_m",
        "aerialway": null
      }
    },
    {
      "type": "Feature",
      "geometry": {
        "type": "Point",
        "coordinates": [
          1957.3114524931298,
          1200.681529218331
        ]
      },
      "properties": {
        "id": "lifts:nan:664115810",
        "osm_type": null,
        "osm_id": "664115810",
        "name": null,
        "tags": {
          "other_tags": "\"aerialway\"=>\"station\",\"aerialway:access\"=>\"entry\",\"public_transport\"=>\"station\"",
          "State": "La Massana",
          "Country": "Andorra",
          "Ski Area": "Pal-Arinsal",
          "region": "europe/andorra"
        },
        "source": "OpenStreetMap",
        "source_confidence": "osm_as_mapped",
        "coordinate_space": "local_east_m, local_north_m",
        "aerialway": null
      }
    },
    {
      "type": "Feature",
      "geometry": {
        "type": "Point",
        "coordinates": [
          2608.684056859871,
          1330.0345052341
        ]
      },
      "properties": {
        "id": "lifts:nan:664115932",
        "osm_type": null,
        "osm_id": "664115932",
        "name": null,
        "tags": {
          "other_tags": "\"aerialway\"=>\"station\",\"aerialway:access\"=>\"entry\",\"public_transport\"=>\"station\"",
          "State": "La Massana",
          "Country": "Andorra",
          "Ski Area": "Pal-Arinsal",
          "region": "europe/andorra"
        },
        "source": "OpenStreetMap",
        "source_confidence": "osm_as_mapped",
        "coordinate_space": "local_east_m, local_north_m",
        "aerialway": null
      }
    },
    {
      "type": "Feature",
      "geometry": {
        "type": "Point",
        "coordinates": [
          745.2232704876806,
          5210.6250141514465
        ]
      },
      "properties": {
        "id": "lifts:nan:664116091",
        "osm_type": null,
        "osm_id": "664116091",
        "name": null,
        "tags": {
          "other_tags": "\"aerialway\"=>\"station\",\"aerialway:access\"=>\"both\",\"public_transport\"=>\"station\"",
          "State": "La Massana",
          "Country": "Andorra",
          "Ski Area": "Pal-Arinsal",
          "region": "europe/andorra"
        },
        "source": "OpenStreetMap",
        "source_confidence": "osm_as_mapped",
        "coordinate_space": "local_east_m, local_north_m",
        "aerialway": null
      }
    },
    {
      "type": "Feature",
      "geometry": {
        "type": "Point",
        "coordinates": [
          1080.9342728370684,
          3911.6889530634508
        ]
      },
      "properties": {
        "id": "lifts:nan:664192679",
        "osm_type": null,
        "osm_id": "664192679",
        "name": null,
        "tags": {
          "other_tags": "\"aerialway\"=>\"pylon\"",
          "State": "La Massana",
          "Country": "Andorra",
          "Ski Area": "Pal-Arinsal",
          "region": "europe/andorra"
        },
        "source": "OpenStreetMap",
        "source_confidence": "osm_as_mapped",
        "coordinate_space": "local_east_m, local_north_m",
        "aerialway": null
      }
    },
    {
      "type": "Feature",
      "geometry": {
        "type": "Point",
        "coordinates": [
          757.0601452128612,
          5164.842223659158
        ]
      },
      "properties": {
        "id": "lifts:nan:664192680",
        "osm_type": null,
        "osm_id": "664192680",
        "name": null,
        "tags": {
          "other_tags": "\"aerialway\"=>\"pylon\"",
          "State": "La Massana",
          "Country": "Andorra",
          "Ski Area": "Pal-Arinsal",
          "region": "europe/andorra"
        },
        "source": "OpenStreetMap",
        "source_confidence": "osm_as_mapped",
        "coordinate_space": "local_east_m, local_north_m",
        "aerialway": null
      }
    },
    {
      "type": "Feature",
      "geometry": {
        "type": "Point",
        "coordinates": [
          1342.2318774070009,
          2900.866815404035
        ]
      },
      "properties": {
        "id": "lifts:nan:664192681",
        "osm_type": null,
        "osm_id": "664192681",
        "name": null,
        "tags": {
          "other_tags": "\"aerialway\"=>\"station\",\"aerialway:access\"=>\"both\",\"public_transport\"=>\"station\"",
          "State": "La Massana",
          "Country": "Andorra",
          "Ski Area": "Pal-Arinsal",
          "region": "europe/andorra"
        },
        "source": "OpenStreetMap",
        "source_confidence": "osm_as_mapped",
        "coordinate_space": "local_east_m, local_north_m",
        "aerialway": null
      }
    },
    {
      "type": "Feature",
      "geometry": {
        "type": "Point",
        "coordinates": [
          1103.9946236434625,
          5076.623363727704
        ]
      },
      "properties": {
        "id": "lifts:nan:664195007",
        "osm_type": null,
        "osm_id": "664195007",
        "name": null,
        "tags": {
          "other_tags": "\"aerialway\"=>\"station\",\"aerialway:access\"=>\"entry\",\"public_transport\"=>\"station\"",
          "State": "La Massana",
          "Country": "Andorra",
          "Ski Area": "Pal-Arinsal",
          "region": "europe/andorra"
        },
        "source": "OpenStreetMap",
        "source_confidence": "osm_as_mapped",
        "coordinate_space": "local_east_m, local_north_m",
        "aerialway": null
      }
    },
    {
      "type": "Feature",
      "geometry": {
        "type": "Point",
        "coordinates": [
          1468.8118424583226,
          4913.2718079108745
        ]
      },
      "properties": {
        "id": "lifts:nan:664195008",
        "osm_type": null,
        "osm_id": "664195008",
        "name": null,
        "tags": {
          "other_tags": "\"aerialway\"=>\"station\",\"aerialway:access\"=>\"exit\",\"public_transport\"=>\"station\"",
          "State": "La Massana",
          "Country": "Andorra",
          "Ski Area": "Pal-Arinsal",
          "region": "europe/andorra"
        },
        "source": "OpenStreetMap",
        "source_confidence": "osm_as_mapped",
        "coordinate_space": "local_east_m, local_north_m",
        "aerialway": null
      }
    },
    {
      "type": "Feature",
      "geometry": {
        "type": "Point",
        "coordinates": [
          3006.6024999028305,
          6016.456867220812
        ]
      },
      "properties": {
        "id": "lifts:nan:664225476",
        "osm_type": null,
        "osm_id": "664225476",
        "name": null,
        "tags": {
          "other_tags": "\"aerialway\"=>\"pylon\"",
          "State": "La Massana",
          "Country": "Andorra",
          "Ski Area": "Pal-Arinsal",
          "region": "europe/andorra"
        },
        "source": "OpenStreetMap",
        "source_confidence": "osm_as_mapped",
        "coordinate_space": "local_east_m, local_north_m",
        "aerialway": null
      }
    },
    {
      "type": "Feature",
      "geometry": {
        "type": "Point",
        "coordinates": [
          2967.09556368395,
          5995.487280073576
        ]
      },
      "properties": {
        "id": "lifts:nan:664225514",
        "osm_type": null,
        "osm_id": "664225514",
        "name": null,
        "tags": {
          "other_tags": "\"aerialway\"=>\"pylon\"",
          "State": "La Massana",
          "Country": "Andorra",
          "Ski Area": "Pal-Arinsal",
          "region": "europe/andorra"
        },
        "source": "OpenStreetMap",
        "source_confidence": "osm_as_mapped",
        "coordinate_space": "local_east_m, local_north_m",
        "aerialway": null
      }
    },
    {
      "type": "Feature",
      "geometry": {
        "type": "Point",
        "coordinates": [
          3206.2725696732523,
          6122.469217138365
        ]
      },
      "properties": {
        "id": "lifts:nan:664225516",
        "osm_type": null,
        "osm_id": "664225516",
        "name": null,
        "tags": {
          "other_tags": "\"aerialway\"=>\"pylon\"",
          "State": "La Massana",
          "Country": "Andorra",
          "Ski Area": "Pal-Arinsal",
          "region": "europe/andorra"
        },
        "source": "OpenStreetMap",
        "source_confidence": "osm_as_mapped",
        "coordinate_space": "local_east_m, local_north_m",
        "aerialway": null
      }
    },
    {
      "type": "Feature",
      "geometry": {
        "type": "Point",
        "coordinates": [
          3090.962339844089,
          6061.2438716245815
        ]
      },
      "properties": {
        "id": "lifts:nan:664225519",
        "osm_type": null,
        "osm_id": "664225519",
        "name": null,
        "tags": {
          "other_tags": "\"aerialway\"=>\"pylon\"",
          "State": "La Massana",
          "Country": "Andorra",
          "Ski Area": "Pal-Arinsal",
          "region": "europe/andorra"
        },
        "source": "OpenStreetMap",
        "source_confidence": "osm_as_mapped",
        "coordinate_space": "local_east_m, local_north_m",
        "aerialway": null
      }
    },
    {
      "type": "Feature",
      "geometry": {
        "type": "Point",
        "coordinates": [
          3431.042986596003,
          6241.809353848919
        ]
      },
      "properties": {
        "id": "lifts:nan:664225521",
        "osm_type": null,
        "osm_id": "664225521",
        "name": null,
        "tags": {
          "other_tags": "\"aerialway\"=>\"pylon\"",
          "State": "La Massana",
          "Country": "Andorra",
          "Ski Area": "Pal-Arinsal",
          "region": "europe/andorra"
        },
        "source": "OpenStreetMap",
        "source_confidence": "osm_as_mapped",
        "coordinate_space": "local_east_m, local_north_m",
        "aerialway": null
      }
    },
    {
      "type": "Feature",
      "geometry": {
        "type": "Point",
        "coordinates": [
          3340.0400459611556,
          6193.494561214931
        ]
      },
      "properties": {
        "id": "lifts:nan:664225523",
        "osm_type": null,
        "osm_id": "664225523",
        "name": null,
        "tags": {
          "other_tags": "\"aerialway\"=>\"pylon\"",
          "State": "La Massana",
          "Country": "Andorra",
          "Ski Area": "Pal-Arinsal",
          "region": "europe/andorra"
        },
        "source": "OpenStreetMap",
        "source_confidence": "osm_as_mapped",
        "coordinate_space": "local_east_m, local_north_m",
        "aerialway": null
      }
    },
    {
      "type": "Feature",
      "geometry": {
        "type": "Point",
        "coordinates": [
          3277.2844633844797,
          6160.167695884593
        ]
      },
      "properties": {
        "id": "lifts:nan:664225525",
        "osm_type": null,
        "osm_id": "664225525",
        "name": null,
        "tags": {
          "other_tags": "\"aerialway\"=>\"pylon\"",
          "State": "La Massana",
          "Country": "Andorra",
          "Ski Area": "Pal-Arinsal",
          "region": "europe/andorra"
        },
        "source": "OpenStreetMap",
        "source_confidence": "osm_as_mapped",
        "coordinate_space": "local_east_m, local_north_m",
        "aerialway": null
      }
    },
    {
      "type": "Feature",
      "geometry": {
        "type": "Point",
        "coordinates": [
          3591.627689405752,
          6327.086117466912
        ]
      },
      "properties": {
        "id": "lifts:nan:664225527",
        "osm_type": null,
        "osm_id": "664225527",
        "name": null,
        "tags": {
          "other_tags": "\"aerialway\"=>\"pylon\"",
          "State": "La Massana",
          "Country": "Andorra",
          "Ski Area": "Pal-Arinsal",
          "region": "europe/andorra"
        },
        "source": "OpenStreetMap",
        "source_confidence": "osm_as_mapped",
        "coordinate_space": "local_east_m, local_north_m",
        "aerialway": null
      }
    },
    {
      "type": "Feature",
      "geometry": {
        "type": "Point",
        "coordinates": [
          3529.446633365995,
          6294.068872031756
        ]
      },
      "properties": {
        "id": "lifts:nan:664225529",
        "osm_type": null,
        "osm_id": "664225529",
        "name": null,
        "tags": {
          "other_tags": "\"aerialway\"=>\"pylon\"",
          "State": "La Massana",
          "Country": "Andorra",
          "Ski Area": "Pal-Arinsal",
          "region": "europe/andorra"
        },
        "source": "OpenStreetMap",
        "source_confidence": "osm_as_mapped",
        "coordinate_space": "local_east_m, local_north_m",
        "aerialway": null
      }
    },
    {
      "type": "Feature",
      "geometry": {
        "type": "Point",
        "coordinates": [
          3656.90799188253,
          6361.747756538913
        ]
      },
      "properties": {
        "id": "lifts:nan:664225531",
        "osm_type": null,
        "osm_id": "664225531",
        "name": null,
        "tags": {
          "other_tags": "\"aerialway\"=>\"pylon\"",
          "State": "La Massana",
          "Country": "Andorra",
          "Ski Area": "Pal-Arinsal",
          "region": "europe/andorra"
        },
        "source": "OpenStreetMap",
        "source_confidence": "osm_as_mapped",
        "coordinate_space": "local_east_m, local_north_m",
        "aerialway": null
      }
    },
    {
      "type": "Feature",
      "geometry": {
        "type": "Point",
        "coordinates": [
          2532.4252452161163,
          5938.188982440159
        ]
      },
      "properties": {
        "id": "lifts:nan:664236924",
        "osm_type": null,
        "osm_id": "664236924",
        "name": null,
        "tags": {
          "other_tags": "\"aerialway\"=>\"pylon\"",
          "State": "La Massana",
          "Country": "Andorra",
          "Ski Area": "Pal-Arinsal",
          "region": "europe/andorra"
        },
        "source": "OpenStreetMap",
        "source_confidence": "osm_as_mapped",
        "coordinate_space": "local_east_m, local_north_m",
        "aerialway": null
      }
    },
    {
      "type": "Feature",
      "geometry": {
        "type": "Point",
        "coordinates": [
          2620.854269898846,
          5985.296042986214
        ]
      },
      "properties": {
        "id": "lifts:nan:664236925",
        "osm_type": null,
        "osm_id": "664236925",
        "name": null,
        "tags": {
          "other_tags": "\"aerialway\"=>\"pylon\"",
          "State": "La Massana",
          "Country": "Andorra",
          "Ski Area": "Pal-Arinsal",
          "region": "europe/andorra"
        },
        "source": "OpenStreetMap",
        "source_confidence": "osm_as_mapped",
        "coordinate_space": "local_east_m, local_north_m",
        "aerialway": null
      }
    },
    {
      "type": "Feature",
      "geometry": {
        "type": "Point",
        "coordinates": [
          2773.9998698317795,
          6066.868055766448
        ]
      },
      "properties": {
        "id": "lifts:nan:664236926",
        "osm_type": null,
        "osm_id": "664236926",
        "name": null,
        "tags": {
          "other_tags": "\"aerialway\"=>\"pylon\"",
          "State": "La Massana",
          "Country": "Andorra",
          "Ski Area": "Pal-Arinsal",
          "region": "europe/andorra"
        },
        "source": "OpenStreetMap",
        "source_confidence": "osm_as_mapped",
        "coordinate_space": "local_east_m, local_north_m",
        "aerialway": null
      }
    },
    {
      "type": "Feature",
      "geometry": {
        "type": "Point",
        "coordinates": [
          2716.054654056381,
          6036.002856872976
        ]
      },
      "properties": {
        "id": "lifts:nan:664236927",
        "osm_type": null,
        "osm_id": "664236927",
        "name": null,
        "tags": {
          "other_tags": "\"aerialway\"=>\"pylon\"",
          "State": "La Massana",
          "Country": "Andorra",
          "Ski Area": "Pal-Arinsal",
          "region": "europe/andorra"
        },
        "source": "OpenStreetMap",
        "source_confidence": "osm_as_mapped",
        "coordinate_space": "local_east_m, local_north_m",
        "aerialway": null
      }
    },
    {
      "type": "Feature",
      "geometry": {
        "type": "Point",
        "coordinates": [
          2839.579384658311,
          6101.805660936981
        ]
      },
      "properties": {
        "id": "lifts:nan:664236928",
        "osm_type": null,
        "osm_id": "664236928",
        "name": null,
        "tags": {
          "other_tags": "\"aerialway\"=>\"pylon\"",
          "State": "La Massana",
          "Country": "Andorra",
          "Ski Area": "Pal-Arinsal",
          "region": "europe/andorra"
        },
        "source": "OpenStreetMap",
        "source_confidence": "osm_as_mapped",
        "coordinate_space": "local_east_m, local_north_m",
        "aerialway": null
      }
    },
    {
      "type": "Feature",
      "geometry": {
        "type": "Point",
        "coordinates": [
          1271.4306757985032,
          5561.068818490021
        ]
      },
      "properties": {
        "id": "lifts:nan:668878457",
        "osm_type": null,
        "osm_id": "668878457",
        "name": null,
        "tags": {
          "other_tags": "\"aerialway\"=>\"station\",\"aerialway:access\"=>\"exit\",\"public_transport\"=>\"station\"",
          "State": "La Massana",
          "Country": "Andorra",
          "Ski Area": "Pal-Arinsal",
          "region": "europe/andorra"
        },
        "source": "OpenStreetMap",
        "source_confidence": "osm_as_mapped",
        "coordinate_space": "local_east_m, local_north_m",
        "aerialway": null
      }
    },
    {
      "type": "Feature",
      "geometry": {
        "type": "Point",
        "coordinates": [
          1956.80866138055,
          5529.279785505496
        ]
      },
      "properties": {
        "id": "lifts:nan:668878558",
        "osm_type": null,
        "osm_id": "668878558",
        "name": null,
        "tags": {
          "other_tags": "\"aerialway\"=>\"station\",\"aerialway:access\"=>\"exit\",\"public_transport\"=>\"station\"",
          "State": "La Massana",
          "Country": "Andorra",
          "Ski Area": "Pal-Arinsal",
          "region": "europe/andorra"
        },
        "source": "OpenStreetMap",
        "source_confidence": "osm_as_mapped",
        "coordinate_space": "local_east_m, local_north_m",
        "aerialway": null
      }
    },
    {
      "type": "Feature",
      "geometry": {
        "type": "Point",
        "coordinates": [
          1728.3058704584837,
          5626.382440948859
        ]
      },
      "properties": {
        "id": "lifts:nan:668878595",
        "osm_type": null,
        "osm_id": "668878595",
        "name": null,
        "tags": {
          "other_tags": "\"aerialway\"=>\"station\",\"aerialway:access\"=>\"entry\",\"public_transport\"=>\"station\"",
          "State": "La Massana",
          "Country": "Andorra",
          "Ski Area": "Pal-Arinsal",
          "region": "europe/andorra"
        },
        "source": "OpenStreetMap",
        "source_confidence": "osm_as_mapped",
        "coordinate_space": "local_east_m, local_north_m",
        "aerialway": null
      }
    },
    {
      "type": "Feature",
      "geometry": {
        "type": "Point",
        "coordinates": [
          2927.1105555498507,
          5868.956473847851
        ]
      },
      "properties": {
        "id": "lifts:nan:668878850",
        "osm_type": null,
        "osm_id": "668878850",
        "name": null,
        "tags": {
          "other_tags": "\"aerialway\"=>\"station\",\"aerialway:access\"=>\"entry\",\"public_transport\"=>\"station\"",
          "State": "La Massana",
          "Country": "Andorra",
          "Ski Area": "Pal-Arinsal",
          "region": "europe/andorra"
        },
        "source": "OpenStreetMap",
        "source_confidence": "osm_as_mapped",
        "coordinate_space": "local_east_m, local_north_m",
        "aerialway": null
      }
    },
    {
      "type": "Feature",
      "geometry": {
        "type": "Point",
        "coordinates": [
          1305.9958430375555,
          1640.8602473167703
        ]
      },
      "properties": {
        "id": "lifts:nan:1134180054",
        "osm_type": null,
        "osm_id": "1134180054",
        "name": null,
        "tags": {
          "other_tags": "\"aerialway\"=>\"station\",\"aerialway:access\"=>\"exit\",\"public_transport\"=>\"station\"",
          "State": "La Massana",
          "Country": "Andorra",
          "Ski Area": "Pal-Arinsal",
          "region": "europe/andorra"
        },
        "source": "OpenStreetMap",
        "source_confidence": "osm_as_mapped",
        "coordinate_space": "local_east_m, local_north_m",
        "aerialway": null
      }
    },
    {
      "type": "Feature",
      "geometry": {
        "type": "Point",
        "coordinates": [
          4520.294432315626,
          1767.7622660780326
        ]
      },
      "properties": {
        "id": "lifts:nan:1134181578",
        "osm_type": null,
        "osm_id": "1134181578",
        "name": "el Planell I",
        "tags": {
          "name": "el Planell I",
          "other_tags": "\"aerialway\"=>\"station\",\"name:ca\"=>\"el Planell I\"",
          "State": "La Massana",
          "Country": "Andorra",
          "Ski Area": "Pal-Arinsal",
          "region": "europe/andorra"
        },
        "source": "OpenStreetMap",
        "source_confidence": "osm_as_mapped",
        "coordinate_space": "local_east_m, local_north_m",
        "aerialway": null
      }
    },
    {
      "type": "Feature",
      "geometry": {
        "type": "Point",
        "coordinates": [
          1469.4437262695865,
          1311.624098168686
        ]
      },
      "properties": {
        "id": "lifts:nan:1134181653",
        "osm_type": null,
        "osm_id": "1134181653",
        "name": null,
        "tags": {
          "other_tags": "\"aerialway\"=>\"station\",\"aerialway:access\"=>\"entry\",\"public_transport\"=>\"station\"",
          "State": "La Massana",
          "Country": "Andorra",
          "Ski Area": "Pal-Arinsal",
          "region": "europe/andorra"
        },
        "source": "OpenStreetMap",
        "source_confidence": "osm_as_mapped",
        "coordinate_space": "local_east_m, local_north_m",
        "aerialway": null
      }
    },
    {
      "type": "Feature",
      "geometry": {
        "type": "Point",
        "coordinates": [
          4402.715128367825,
          1688.9033929565921
        ]
      },
      "properties": {
        "id": "lifts:nan:1134182416",
        "osm_type": null,
        "osm_id": "1134182416",
        "name": "el Planell I",
        "tags": {
          "name": "el Planell I",
          "other_tags": "\"aerialway\"=>\"station\",\"name:ca\"=>\"el Planell I\"",
          "State": "La Massana",
          "Country": "Andorra",
          "Ski Area": "Pal-Arinsal",
          "region": "europe/andorra"
        },
        "source": "OpenStreetMap",
        "source_confidence": "osm_as_mapped",
        "coordinate_space": "local_east_m, local_north_m",
        "aerialway": null
      }
    },
    {
      "type": "Feature",
      "geometry": {
        "type": "Point",
        "coordinates": [
          3129.6266364234616,
          1225.6636577714235
        ]
      },
      "properties": {
        "id": "lifts:nan:2340797296",
        "osm_type": null,
        "osm_id": "2340797296",
        "name": "LA SERRA 2",
        "tags": {
          "name": "LA SERRA 2",
          "other_tags": "\"aerialway\"=>\"station\",\"aerialway:access\"=>\"exit\",\"public_transport\"=>\"station\"",
          "State": "La Massana",
          "Country": "Andorra",
          "Ski Area": "Pal-Arinsal",
          "region": "europe/andorra"
        },
        "source": "OpenStreetMap",
        "source_confidence": "osm_as_mapped",
        "coordinate_space": "local_east_m, local_north_m",
        "aerialway": null
      }
    },
    {
      "type": "Feature",
      "geometry": {
        "type": "Point",
        "coordinates": [
          3158.6590108278906,
          1223.3082345537841
        ]
      },
      "properties": {
        "id": "lifts:nan:2340797297",
        "osm_type": null,
        "osm_id": "2340797297",
        "name": "LA SERRA 1",
        "tags": {
          "name": "LA SERRA 1",
          "other_tags": "\"aerialway\"=>\"station\",\"aerialway:access\"=>\"exit\",\"public_transport\"=>\"station\"",
          "State": "La Massana",
          "Country": "Andorra",
          "Ski Area": "Pal-Arinsal",
          "region": "europe/andorra"
        },
        "source": "OpenStreetMap",
        "source_confidence": "osm_as_mapped",
        "coordinate_space": "local_east_m, local_north_m",
        "aerialway": null
      }
    },
    {
      "type": "Feature",
      "geometry": {
        "type": "Point",
        "coordinates": [
          1643.4605466661742,
          827.4218892436475
        ]
      },
      "properties": {
        "id": "lifts:nan:2340901723",
        "osm_type": null,
        "osm_id": "2340901723",
        "name": null,
        "tags": {
          "other_tags": "\"aerialway\"=>\"station\",\"aerialway:access\"=>\"exit\",\"public_transport\"=>\"station\"",
          "State": "La Massana",
          "Country": "Andorra",
          "Ski Area": "Pal-Arinsal",
          "region": "europe/andorra"
        },
        "source": "OpenStreetMap",
        "source_confidence": "osm_as_mapped",
        "coordinate_space": "local_east_m, local_north_m",
        "aerialway": null
      }
    },
    {
      "type": "Feature",
      "geometry": {
        "type": "Point",
        "coordinates": [
          4518.341960370482,
          1942.7446738984436
        ]
      },
      "properties": {
        "id": "lifts:nan:2340901724",
        "osm_type": null,
        "osm_id": "2340901724",
        "name": "Telecabina La Massana",
        "tags": {
          "name": "Telecabina La Massana",
          "other_tags": "\"aerialway\"=>\"station\",\"aerialway:access\"=>\"both\",\"name:ca\"=>\"Telecabina La Massana\",\"public_transport\"=>\"station\"",
          "State": "La Massana",
          "Country": "Andorra",
          "Ski Area": "Pal-Arinsal",
          "region": "europe/andorra"
        },
        "source": "OpenStreetMap",
        "source_confidence": "osm_as_mapped",
        "coordinate_space": "local_east_m, local_north_m",
        "aerialway": null
      }
    },
    {
      "type": "Feature",
      "geometry": {
        "type": "Point",
        "coordinates": [
          4519.853446665278,
          2070.9794016070664
        ]
      },
      "properties": {
        "id": "lifts:nan:2671540906",
        "osm_type": null,
        "osm_id": "2671540906",
        "name": "Pedres Blanques II",
        "tags": {
          "name": "Pedres Blanques II",
          "other_tags": "\"aerialway\"=>\"station\"",
          "State": "La Massana",
          "Country": "Andorra",
          "Ski Area": "Pal-Arinsal",
          "region": "europe/andorra"
        },
        "source": "OpenStreetMap",
        "source_confidence": "osm_as_mapped",
        "coordinate_space": "local_east_m, local_north_m",
        "aerialway": null
      }
    },
    {
      "type": "Feature",
      "geometry": {
        "type": "Point",
        "coordinates": [
          4483.527722012717,
          2009.5671719312668
        ]
      },
      "properties": {
        "id": "lifts:nan:2671540907",
        "osm_type": null,
        "osm_id": "2671540907",
        "name": "Pedres Blanques II",
        "tags": {
          "name": "Pedres Blanques II",
          "other_tags": "\"aerialway\"=>\"station\"",
          "State": "La Massana",
          "Country": "Andorra",
          "Ski Area": "Pal-Arinsal",
          "region": "europe/andorra"
        },
        "source": "OpenStreetMap",
        "source_confidence": "osm_as_mapped",
        "coordinate_space": "local_east_m, local_north_m",
        "aerialway": null
      }
    },
    {
      "type": "Feature",
      "geometry": {
        "type": "Point",
        "coordinates": [
          3111.4312929305015,
          1184.7144469581544
        ]
      },
      "properties": {
        "id": "lifts:nan:2671550831",
        "osm_type": null,
        "osm_id": "2671550831",
        "name": "Pla de la Cot I",
        "tags": {
          "name": "Pla de la Cot I",
          "other_tags": "\"aerialway\"=>\"station\",\"name:ca\"=>\"Pla de la Cot I\"",
          "State": "La Massana",
          "Country": "Andorra",
          "Ski Area": "Pal-Arinsal",
          "region": "europe/andorra"
        },
        "source": "OpenStreetMap",
        "source_confidence": "osm_as_mapped",
        "coordinate_space": "local_east_m, local_north_m",
        "aerialway": null
      }
    },
    {
      "type": "Feature",
      "geometry": {
        "type": "Point",
        "coordinates": [
          3014.279969987285,
          1149.952868361026
        ]
      },
      "properties": {
        "id": "lifts:nan:2671550832",
        "osm_type": null,
        "osm_id": "2671550832",
        "name": null,
        "tags": {
          "other_tags": "\"aerialway\"=>\"station\"",
          "State": "La Massana",
          "Country": "Andorra",
          "Ski Area": "Pal-Arinsal",
          "region": "europe/andorra"
        },
        "source": "OpenStreetMap",
        "source_confidence": "osm_as_mapped",
        "coordinate_space": "local_east_m, local_north_m",
        "aerialway": null
      }
    },
    {
      "type": "Feature",
      "geometry": {
        "type": "Point",
        "coordinates": [
          1316.5975879949983,
          1641.9884333061054
        ]
      },
      "properties": {
        "id": "lifts:nan:2671553323",
        "osm_type": null,
        "osm_id": "2671553323",
        "name": null,
        "tags": {
          "other_tags": "\"aerialway\"=>\"station\",\"aerialway:access\"=>\"exit\",\"public_transport\"=>\"station\"",
          "State": "La Massana",
          "Country": "Andorra",
          "Ski Area": "Pal-Arinsal",
          "region": "europe/andorra"
        },
        "source": "OpenStreetMap",
        "source_confidence": "osm_as_mapped",
        "coordinate_space": "local_east_m, local_north_m",
        "aerialway": null
      }
    },
    {
      "type": "Feature",
      "geometry": {
        "type": "Point",
        "coordinates": [
          1475.2282174182474,
          1314.8176428955048
        ]
      },
      "properties": {
        "id": "lifts:nan:2671553324",
        "osm_type": null,
        "osm_id": "2671553324",
        "name": null,
        "tags": {
          "other_tags": "\"aerialway\"=>\"station\",\"aerialway:access\"=>\"entry\",\"public_transport\"=>\"station\"",
          "State": "La Massana",
          "Country": "Andorra",
          "Ski Area": "Pal-Arinsal",
          "region": "europe/andorra"
        },
        "source": "OpenStreetMap",
        "source_confidence": "osm_as_mapped",
        "coordinate_space": "local_east_m, local_north_m",
        "aerialway": null
      }
    },
    {
      "type": "Feature",
      "geometry": {
        "type": "Point",
        "coordinates": [
          3555.566875588149,
          1429.323729697615
        ]
      },
      "properties": {
        "id": "lifts:nan:7274995370",
        "osm_type": null,
        "osm_id": "7274995370",
        "name": null,
        "tags": {
          "other_tags": "\"aerialway\"=>\"pylon\"",
          "State": "La Massana",
          "Country": "Andorra",
          "Ski Area": "Pal-Arinsal",
          "region": "europe/andorra"
        },
        "source": "OpenStreetMap",
        "source_confidence": "osm_as_mapped",
        "coordinate_space": "local_east_m, local_north_m",
        "aerialway": null
      }
    },
    {
      "type": "Feature",
      "geometry": {
        "type": "Point",
        "coordinates": [
          4353.109862898127,
          1735.2296859603375
        ]
      },
      "properties": {
        "id": "lifts:nan:7274995371",
        "osm_type": null,
        "osm_id": "7274995371",
        "name": null,
        "tags": {
          "other_tags": "\"aerialway\"=>\"pylon\"",
          "State": "La Massana",
          "Country": "Andorra",
          "Ski Area": "Pal-Arinsal",
          "region": "europe/andorra"
        },
        "source": "OpenStreetMap",
        "source_confidence": "osm_as_mapped",
        "coordinate_space": "local_east_m, local_north_m",
        "aerialway": null
      }
    },
    {
      "type": "Feature",
      "geometry": {
        "type": "Point",
        "coordinates": [
          3595.669331917248,
          1450.1423593908548
        ]
      },
      "properties": {
        "id": "lifts:nan:7274995372",
        "osm_type": null,
        "osm_id": "7274995372",
        "name": null,
        "tags": {
          "other_tags": "\"aerialway\"=>\"pylon\"",
          "State": "La Massana",
          "Country": "Andorra",
          "Ski Area": "Pal-Arinsal",
          "region": "europe/andorra"
        },
        "source": "OpenStreetMap",
        "source_confidence": "osm_as_mapped",
        "coordinate_space": "local_east_m, local_north_m",
        "aerialway": null
      }
    },
    {
      "type": "Feature",
      "geometry": {
        "type": "Point",
        "coordinates": [
          4413.518839966622,
          1817.1058027930558
        ]
      },
      "properties": {
        "id": "lifts:nan:7274995373",
        "osm_type": null,
        "osm_id": "7274995373",
        "name": null,
        "tags": {
          "other_tags": "\"aerialway\"=>\"pylon\"",
          "State": "La Massana",
          "Country": "Andorra",
          "Ski Area": "Pal-Arinsal",
          "region": "europe/andorra"
        },
        "source": "OpenStreetMap",
        "source_confidence": "osm_as_mapped",
        "coordinate_space": "local_east_m, local_north_m",
        "aerialway": null
      }
    },
    {
      "type": "Feature",
      "geometry": {
        "type": "Point",
        "coordinates": [
          3724.6819476006785,
          1517.1088692126796
        ]
      },
      "properties": {
        "id": "lifts:nan:7274995374",
        "osm_type": null,
        "osm_id": "7274995374",
        "name": null,
        "tags": {
          "other_tags": "\"aerialway\"=>\"pylon\"",
          "State": "La Massana",
          "Country": "Andorra",
          "Ski Area": "Pal-Arinsal",
          "region": "europe/andorra"
        },
        "source": "OpenStreetMap",
        "source_confidence": "osm_as_mapped",
        "coordinate_space": "local_east_m, local_north_m",
        "aerialway": null
      }
    },
    {
      "type": "Feature",
      "geometry": {
        "type": "Point",
        "coordinates": [
          6175.204444334377,
          2898.522360456176
        ]
      },
      "properties": {
        "id": "lifts:nan:7274995375",
        "osm_type": null,
        "osm_id": "7274995375",
        "name": null,
        "tags": {
          "other_tags": "\"aerialway\"=>\"pylon\"",
          "State": "La Massana",
          "Country": "Andorra",
          "region": "europe/andorra"
        },
        "source": "OpenStreetMap",
        "source_confidence": "osm_as_mapped",
        "coordinate_space": "local_east_m, local_north_m",
        "aerialway": null
      }
    },
    {
      "type": "Feature",
      "geometry": {
        "type": "Point",
        "coordinates": [
          3810.27520317561,
          1561.1287753302604
        ]
      },
      "properties": {
        "id": "lifts:nan:7274995376",
        "osm_type": null,
        "osm_id": "7274995376",
        "name": null,
        "tags": {
          "other_tags": "\"aerialway\"=>\"pylon\"",
          "State": "La Massana",
          "Country": "Andorra",
          "Ski Area": "Pal-Arinsal",
          "region": "europe/andorra"
        },
        "source": "OpenStreetMap",
        "source_confidence": "osm_as_mapped",
        "coordinate_space": "local_east_m, local_north_m",
        "aerialway": null
      }
    },
    {
      "type": "Feature",
      "geometry": {
        "type": "Point",
        "coordinates": [
          5710.392296728503,
          2630.2912617363036
        ]
      },
      "properties": {
        "id": "lifts:nan:7274995377",
        "osm_type": null,
        "osm_id": "7274995377",
        "name": null,
        "tags": {
          "other_tags": "\"aerialway\"=>\"pylon\"",
          "State": "La Massana",
          "Country": "Andorra",
          "region": "europe/andorra"
        },
        "source": "OpenStreetMap",
        "source_confidence": "osm_as_mapped",
        "coordinate_space": "local_east_m, local_north_m",
        "aerialway": null
      }
    },
    {
      "type": "Feature",
      "geometry": {
        "type": "Point",
        "coordinates": [
          3901.198729131138,
          1606.9759605294093
        ]
      },
      "properties": {
        "id": "lifts:nan:7274995378",
        "osm_type": null,
        "osm_id": "7274995378",
        "name": null,
        "tags": {
          "other_tags": "\"aerialway\"=>\"pylon\"",
          "State": "La Massana",
          "Country": "Andorra",
          "Ski Area": "Pal-Arinsal",
          "region": "europe/andorra"
        },
        "source": "OpenStreetMap",
        "source_confidence": "osm_as_mapped",
        "coordinate_space": "local_east_m, local_north_m",
        "aerialway": null
      }
    },
    {
      "type": "Feature",
      "geometry": {
        "type": "Point",
        "coordinates": [
          5318.789465350739,
          2404.391986504197
        ]
      },
      "properties": {
        "id": "lifts:nan:7274995379",
        "osm_type": null,
        "osm_id": "7274995379",
        "name": null,
        "tags": {
          "other_tags": "\"aerialway\"=>\"pylon\"",
          "State": "La Massana",
          "Country": "Andorra",
          "region": "europe/andorra"
        },
        "source": "OpenStreetMap",
        "source_confidence": "osm_as_mapped",
        "coordinate_space": "local_east_m, local_north_m",
        "aerialway": null
      }
    },
    {
      "type": "Feature",
      "geometry": {
        "type": "Point",
        "coordinates": [
          4004.397876637464,
          1659.002887812443
        ]
      },
      "properties": {
        "id": "lifts:nan:7274995380",
        "osm_type": null,
        "osm_id": "7274995380",
        "name": null,
        "tags": {
          "other_tags": "\"aerialway\"=>\"pylon\"",
          "State": "La Massana",
          "Country": "Andorra",
          "Ski Area": "Pal-Arinsal",
          "region": "europe/andorra"
        },
        "source": "OpenStreetMap",
        "source_confidence": "osm_as_mapped",
        "coordinate_space": "local_east_m, local_north_m",
        "aerialway": null
      }
    },
    {
      "type": "Feature",
      "geometry": {
        "type": "Point",
        "coordinates": [
          5024.908479186823,
          2234.8845980940387
        ]
      },
      "properties": {
        "id": "lifts:nan:7274995381",
        "osm_type": null,
        "osm_id": "7274995381",
        "name": null,
        "tags": {
          "other_tags": "\"aerialway\"=>\"pylon\"",
          "State": "La Massana",
          "Country": "Andorra",
          "region": "europe/andorra"
        },
        "source": "OpenStreetMap",
        "source_confidence": "osm_as_mapped",
        "coordinate_space": "local_east_m, local_north_m",
        "aerialway": null
      }
    },
    {
      "type": "Feature",
      "geometry": {
        "type": "Point",
        "coordinates": [
          4078.797326591739,
          1696.5059024160728
        ]
      },
      "properties": {
        "id": "lifts:nan:7274995382",
        "osm_type": null,
        "osm_id": "7274995382",
        "name": null,
        "tags": {
          "other_tags": "\"aerialway\"=>\"pylon\"",
          "State": "La Massana",
          "Country": "Andorra",
          "Ski Area": "Pal-Arinsal",
          "region": "europe/andorra"
        },
        "source": "OpenStreetMap",
        "source_confidence": "osm_as_mapped",
        "coordinate_space": "local_east_m, local_north_m",
        "aerialway": null
      }
    },
    {
      "type": "Feature",
      "geometry": {
        "type": "Point",
        "coordinates": [
          4821.65121295891,
          2117.6512622199953
        ]
      },
      "properties": {
        "id": "lifts:nan:7274995383",
        "osm_type": null,
        "osm_id": "7274995383",
        "name": null,
        "tags": {
          "other_tags": "\"aerialway\"=>\"pylon\"",
          "State": "La Massana",
          "Country": "Andorra",
          "Ski Area": "Pal-Arinsal",
          "region": "europe/andorra"
        },
        "source": "OpenStreetMap",
        "source_confidence": "osm_as_mapped",
        "coordinate_space": "local_east_m, local_north_m",
        "aerialway": null
      }
    },
    {
      "type": "Feature",
      "geometry": {
        "type": "Point",
        "coordinates": [
          4183.527491676097,
          1749.3188985846937
        ]
      },
      "properties": {
        "id": "lifts:nan:7274995384",
        "osm_type": null,
        "osm_id": "7274995384",
        "name": null,
        "tags": {
          "other_tags": "\"aerialway\"=>\"pylon\"",
          "State": "La Massana",
          "Country": "Andorra",
          "Ski Area": "Pal-Arinsal",
          "region": "europe/andorra"
        },
        "source": "OpenStreetMap",
        "source_confidence": "osm_as_mapped",
        "coordinate_space": "local_east_m, local_north_m",
        "aerialway": null
      }
    },
    {
      "type": "Feature",
      "geometry": {
        "type": "Point",
        "coordinates": [
          4647.685007532709,
          2017.330580544658
        ]
      },
      "properties": {
        "id": "lifts:nan:7275082685",
        "osm_type": null,
        "osm_id": "7275082685",
        "name": null,
        "tags": {
          "other_tags": "\"aerialway\"=>\"pylon\"",
          "State": "La Massana",
          "Country": "Andorra",
          "Ski Area": "Pal-Arinsal",
          "region": "europe/andorra"
        },
        "source": "OpenStreetMap",
        "source_confidence": "osm_as_mapped",
        "coordinate_space": "local_east_m, local_north_m",
        "aerialway": null
      }
    },
    {
      "type": "Feature",
      "geometry": {
        "type": "Point",
        "coordinates": [
          3201.135746161046,
          1245.3593468517065
        ]
      },
      "properties": {
        "id": "lifts:nan:7275082686",
        "osm_type": null,
        "osm_id": "7275082686",
        "name": null,
        "tags": {
          "other_tags": "\"aerialway\"=>\"pylon\"",
          "State": "La Massana",
          "Country": "Andorra",
          "Ski Area": "Pal-Arinsal",
          "region": "europe/andorra"
        },
        "source": "OpenStreetMap",
        "source_confidence": "osm_as_mapped",
        "coordinate_space": "local_east_m, local_north_m",
        "aerialway": null
      }
    },
    {
      "type": "Feature",
      "geometry": {
        "type": "Point",
        "coordinates": [
          4245.068176446017,
          1780.344116709195
        ]
      },
      "properties": {
        "id": "lifts:nan:7275082687",
        "osm_type": null,
        "osm_id": "7275082687",
        "name": null,
        "tags": {
          "other_tags": "\"aerialway\"=>\"pylon\"",
          "State": "La Massana",
          "Country": "Andorra",
          "Ski Area": "Pal-Arinsal",
          "region": "europe/andorra"
        },
        "source": "OpenStreetMap",
        "source_confidence": "osm_as_mapped",
        "coordinate_space": "local_east_m, local_north_m",
        "aerialway": null
      }
    },
    {
      "type": "Feature",
      "geometry": {
        "type": "Point",
        "coordinates": [
          3287.846275567077,
          1290.3637845953926
        ]
      },
      "properties": {
        "id": "lifts:nan:7275082688",
        "osm_type": null,
        "osm_id": "7275082688",
        "name": null,
        "tags": {
          "other_tags": "\"aerialway\"=>\"pylon\"",
          "State": "La Massana",
          "Country": "Andorra",
          "Ski Area": "Pal-Arinsal",
          "region": "europe/andorra"
        },
        "source": "OpenStreetMap",
        "source_confidence": "osm_as_mapped",
        "coordinate_space": "local_east_m, local_north_m",
        "aerialway": null
      }
    },
    {
      "type": "Feature",
      "geometry": {
        "type": "Point",
        "coordinates": [
          4325.284357843746,
          1820.8005085214972
        ]
      },
      "properties": {
        "id": "lifts:nan:7275082689",
        "osm_type": null,
        "osm_id": "7275082689",
        "name": null,
        "tags": {
          "other_tags": "\"aerialway\"=>\"pylon\"",
          "State": "La Massana",
          "Country": "Andorra",
          "Ski Area": "Pal-Arinsal",
          "region": "europe/andorra"
        },
        "source": "OpenStreetMap",
        "source_confidence": "osm_as_mapped",
        "coordinate_space": "local_east_m, local_north_m",
        "aerialway": null
      }
    },
    {
      "type": "Feature",
      "geometry": {
        "type": "Point",
        "coordinates": [
          4013.148821528768,
          1960.9679433917627
        ]
      },
      "properties": {
        "id": "lifts:nan:8662952015",
        "osm_type": null,
        "osm_id": "8662952015",
        "name": null,
        "tags": {
          "other_tags": "\"aerialway\"=>\"pylon\"",
          "State": "La Massana",
          "Country": "Andorra",
          "Ski Area": "Pal-Arinsal",
          "region": "europe/andorra"
        },
        "source": "OpenStreetMap",
        "source_confidence": "osm_as_mapped",
        "coordinate_space": "local_east_m, local_north_m",
        "aerialway": null
      }
    },
    {
      "type": "Feature",
      "geometry": {
        "type": "Point",
        "coordinates": [
          4078.943982998724,
          1891.345426261425
        ]
      },
      "properties": {
        "id": "lifts:nan:8662952016",
        "osm_type": null,
        "osm_id": "8662952016",
        "name": null,
        "tags": {
          "other_tags": "\"aerialway\"=>\"pylon\"",
          "State": "La Massana",
          "Country": "Andorra",
          "Ski Area": "Pal-Arinsal",
          "region": "europe/andorra"
        },
        "source": "OpenStreetMap",
        "source_confidence": "osm_as_mapped",
        "coordinate_space": "local_east_m, local_north_m",
        "aerialway": null
      }
    },
    {
      "type": "Feature",
      "geometry": {
        "type": "Point",
        "coordinates": [
          3910.448325292964,
          5888.945902228355
        ]
      },
      "properties": {
        "id": "lifts:nan:8662986452",
        "osm_type": null,
        "osm_id": "8662986452",
        "name": null,
        "tags": {
          "other_tags": "\"aerialway\"=>\"pylon\"",
          "State": "La Massana",
          "Country": "Andorra",
          "region": "europe/andorra"
        },
        "source": "OpenStreetMap",
        "source_confidence": "osm_as_mapped",
        "coordinate_space": "local_east_m, local_north_m",
        "aerialway": null
      }
    },
    {
      "type": "Feature",
      "geometry": {
        "type": "Point",
        "coordinates": [
          3671.876389136014,
          5906.443082893267
        ]
      },
      "properties": {
        "id": "lifts:nan:8662986453",
        "osm_type": null,
        "osm_id": "8662986453",
        "name": null,
        "tags": {
          "other_tags": "\"aerialway\"=>\"pylon\"",
          "State": "La Massana",
          "Country": "Andorra",
          "region": "europe/andorra"
        },
        "source": "OpenStreetMap",
        "source_confidence": "osm_as_mapped",
        "coordinate_space": "local_east_m, local_north_m",
        "aerialway": null
      }
    },
    {
      "type": "Feature",
      "geometry": {
        "type": "Point",
        "coordinates": [
          3702.000229234516,
          5904.236173848622
        ]
      },
      "properties": {
        "id": "lifts:nan:8662986454",
        "osm_type": null,
        "osm_id": "8662986454",
        "name": null,
        "tags": {
          "other_tags": "\"aerialway\"=>\"pylon\"",
          "State": "La Massana",
          "Country": "Andorra",
          "region": "europe/andorra"
        },
        "source": "OpenStreetMap",
        "source_confidence": "osm_as_mapped",
        "coordinate_space": "local_east_m, local_north_m",
        "aerialway": null
      }
    },
    {
      "type": "Feature",
      "geometry": {
        "type": "Point",
        "coordinates": [
          3423.3760615055216,
          5924.671367040835
        ]
      },
      "properties": {
        "id": "lifts:nan:8662986455",
        "osm_type": null,
        "osm_id": "8662986455",
        "name": null,
        "tags": {
          "other_tags": "\"aerialway\"=>\"pylon\"",
          "State": "La Massana",
          "Country": "Andorra",
          "region": "europe/andorra"
        },
        "source": "OpenStreetMap",
        "source_confidence": "osm_as_mapped",
        "coordinate_space": "local_east_m, local_north_m",
        "aerialway": null
      }
    },
    {
      "type": "Feature",
      "geometry": {
        "type": "Point",
        "coordinates": [
          3536.335896506498,
          5916.386603615247
        ]
      },
      "properties": {
        "id": "lifts:nan:8662986456",
        "osm_type": null,
        "osm_id": "8662986456",
        "name": null,
        "tags": {
          "other_tags": "\"aerialway\"=>\"pylon\"",
          "State": "La Massana",
          "Country": "Andorra",
          "region": "europe/andorra"
        },
        "source": "OpenStreetMap",
        "source_confidence": "osm_as_mapped",
        "coordinate_space": "local_east_m, local_north_m",
        "aerialway": null
      }
    },
    {
      "type": "Feature",
      "geometry": {
        "type": "Point",
        "coordinates": [
          3304.4148716959753,
          5933.410374408588
        ]
      },
      "properties": {
        "id": "lifts:nan:8662986457",
        "osm_type": null,
        "osm_id": "8662986457",
        "name": null,
        "tags": {
          "other_tags": "\"aerialway\"=>\"pylon\"",
          "State": "La Massana",
          "Country": "Andorra",
          "region": "europe/andorra"
        },
        "source": "OpenStreetMap",
        "source_confidence": "osm_as_mapped",
        "coordinate_space": "local_east_m, local_north_m",
        "aerialway": null
      }
    },
    {
      "type": "Feature",
      "geometry": {
        "type": "Point",
        "coordinates": [
          3273.9631246138015,
          5935.636028703302
        ]
      },
      "properties": {
        "id": "lifts:nan:8662986458",
        "osm_type": null,
        "osm_id": "8662986458",
        "name": null,
        "tags": {
          "other_tags": "\"aerialway\"=>\"pylon\"",
          "State": "La Massana",
          "Country": "Andorra",
          "region": "europe/andorra"
        },
        "source": "OpenStreetMap",
        "source_confidence": "osm_as_mapped",
        "coordinate_space": "local_east_m, local_north_m",
        "aerialway": null
      }
    },
    {
      "type": "Feature",
      "geometry": {
        "type": "Point",
        "coordinates": [
          2993.430508592224,
          5956.23399430234
        ]
      },
      "properties": {
        "id": "lifts:nan:8662986459",
        "osm_type": null,
        "osm_id": "8662986459",
        "name": null,
        "tags": {
          "other_tags": "\"aerialway\"=>\"pylon\"",
          "State": "La Massana",
          "Country": "Andorra",
          "Ski Area": "Pal-Arinsal",
          "region": "europe/andorra"
        },
        "source": "OpenStreetMap",
        "source_confidence": "osm_as_mapped",
        "coordinate_space": "local_east_m, local_north_m",
        "aerialway": null
      }
    },
    {
      "type": "Feature",
      "geometry": {
        "type": "Point",
        "coordinates": [
          2827.2516940934584,
          5833.993180365302
        ]
      },
      "properties": {
        "id": "lifts:nan:8662986460",
        "osm_type": null,
        "osm_id": "8662986460",
        "name": null,
        "tags": {
          "other_tags": "\"aerialway\"=>\"pylon\"",
          "State": "La Massana",
          "Country": "Andorra",
          "Ski Area": "Pal-Arinsal",
          "region": "europe/andorra"
        },
        "source": "OpenStreetMap",
        "source_confidence": "osm_as_mapped",
        "coordinate_space": "local_east_m, local_north_m",
        "aerialway": null
      }
    },
    {
      "type": "Feature",
      "geometry": {
        "type": "Point",
        "coordinates": [
          2860.1396092509967,
          5874.787143503316
        ]
      },
      "properties": {
        "id": "lifts:nan:8662986461",
        "osm_type": null,
        "osm_id": "8662986461",
        "name": null,
        "tags": {
          "other_tags": "\"aerialway\"=>\"pylon\"",
          "State": "La Massana",
          "Country": "Andorra",
          "Ski Area": "Pal-Arinsal",
          "region": "europe/andorra"
        },
        "source": "OpenStreetMap",
        "source_confidence": "osm_as_mapped",
        "coordinate_space": "local_east_m, local_north_m",
        "aerialway": null
      }
    },
    {
      "type": "Feature",
      "geometry": {
        "type": "Point",
        "coordinates": [
          2763.205868413381,
          5860.854835536331
        ]
      },
      "properties": {
        "id": "lifts:nan:8662986462",
        "osm_type": null,
        "osm_id": "8662986462",
        "name": null,
        "tags": {
          "other_tags": "\"aerialway\"=>\"pylon\"",
          "State": "La Massana",
          "Country": "Andorra",
          "Ski Area": "Pal-Arinsal",
          "region": "europe/andorra"
        },
        "source": "OpenStreetMap",
        "source_confidence": "osm_as_mapped",
        "coordinate_space": "local_east_m, local_north_m",
        "aerialway": null
      }
    },
    {
      "type": "Feature",
      "geometry": {
        "type": "Point",
        "coordinates": [
          2723.392647148343,
          5797.6262767789885
        ]
      },
      "properties": {
        "id": "lifts:nan:8662986463",
        "osm_type": null,
        "osm_id": "8662986463",
        "name": null,
        "tags": {
          "other_tags": "\"aerialway\"=>\"pylon\"",
          "State": "La Massana",
          "Country": "Andorra",
          "Ski Area": "Pal-Arinsal",
          "region": "europe/andorra"
        },
        "source": "OpenStreetMap",
        "source_confidence": "osm_as_mapped",
        "coordinate_space": "local_east_m, local_north_m",
        "aerialway": null
      }
    },
    {
      "type": "Feature",
      "geometry": {
        "type": "Point",
        "coordinates": [
          2684.4715523668565,
          5849.53815536201
        ]
      },
      "properties": {
        "id": "lifts:nan:8662986464",
        "osm_type": null,
        "osm_id": "8662986464",
        "name": null,
        "tags": {
          "other_tags": "\"aerialway\"=>\"pylon\"",
          "State": "La Massana",
          "Country": "Andorra",
          "Ski Area": "Pal-Arinsal",
          "region": "europe/andorra"
        },
        "source": "OpenStreetMap",
        "source_confidence": "osm_as_mapped",
        "coordinate_space": "local_east_m, local_north_m",
        "aerialway": null
      }
    },
    {
      "type": "Feature",
      "geometry": {
        "type": "Point",
        "coordinates": [
          2600.1396020604298,
          5837.423958219588
        ]
      },
      "properties": {
        "id": "lifts:nan:8662986465",
        "osm_type": null,
        "osm_id": "8662986465",
        "name": null,
        "tags": {
          "other_tags": "\"aerialway\"=>\"pylon\"",
          "State": "La Massana",
          "Country": "Andorra",
          "Ski Area": "Pal-Arinsal",
          "region": "europe/andorra"
        },
        "source": "OpenStreetMap",
        "source_confidence": "osm_as_mapped",
        "coordinate_space": "local_east_m, local_north_m",
        "aerialway": null
      }
    },
    {
      "type": "Feature",
      "geometry": {
        "type": "Point",
        "coordinates": [
          2607.1139203442726,
          5756.920344942249
        ]
      },
      "properties": {
        "id": "lifts:nan:8662986466",
        "osm_type": null,
        "osm_id": "8662986466",
        "name": null,
        "tags": {
          "other_tags": "\"aerialway\"=>\"pylon\"",
          "State": "La Massana",
          "Country": "Andorra",
          "Ski Area": "Pal-Arinsal",
          "region": "europe/andorra"
        },
        "source": "OpenStreetMap",
        "source_confidence": "osm_as_mapped",
        "coordinate_space": "local_east_m, local_north_m",
        "aerialway": null
      }
    },
    {
      "type": "Feature",
      "geometry": {
        "type": "Point",
        "coordinates": [
          2533.3204005283187,
          5731.08660261333
        ]
      },
      "properties": {
        "id": "lifts:nan:8662986467",
        "osm_type": null,
        "osm_id": "8662986467",
        "name": null,
        "tags": {
          "other_tags": "\"aerialway\"=>\"pylon\"",
          "State": "La Massana",
          "Country": "Andorra",
          "Ski Area": "Pal-Arinsal",
          "region": "europe/andorra"
        },
        "source": "OpenStreetMap",
        "source_confidence": "osm_as_mapped",
        "coordinate_space": "local_east_m, local_north_m",
        "aerialway": null
      }
    },
    {
      "type": "Feature",
      "geometry": {
        "type": "Point",
        "coordinates": [
          2499.9038313481724,
          5823.021882779896
        ]
      },
      "properties": {
        "id": "lifts:nan:8662986468",
        "osm_type": null,
        "osm_id": "8662986468",
        "name": null,
        "tags": {
          "other_tags": "\"aerialway\"=>\"pylon\"",
          "State": "La Massana",
          "Country": "Andorra",
          "Ski Area": "Pal-Arinsal",
          "region": "europe/andorra"
        },
        "source": "OpenStreetMap",
        "source_confidence": "osm_as_mapped",
        "coordinate_space": "local_east_m, local_north_m",
        "aerialway": null
      }
    },
    {
      "type": "Feature",
      "geometry": {
        "type": "Point",
        "coordinates": [
          2473.630662580894,
          5710.185429699719
        ]
      },
      "properties": {
        "id": "lifts:nan:8662986469",
        "osm_type": null,
        "osm_id": "8662986469",
        "name": null,
        "tags": {
          "other_tags": "\"aerialway\"=>\"pylon\"",
          "State": "La Massana",
          "Country": "Andorra",
          "Ski Area": "Pal-Arinsal",
          "region": "europe/andorra"
        },
        "source": "OpenStreetMap",
        "source_confidence": "osm_as_mapped",
        "coordinate_space": "local_east_m, local_north_m",
        "aerialway": null
      }
    },
    {
      "type": "Feature",
      "geometry": {
        "type": "Point",
        "coordinates": [
          2375.7133319878485,
          5805.167888631113
        ]
      },
      "properties": {
        "id": "lifts:nan:8662986470",
        "osm_type": null,
        "osm_id": "8662986470",
        "name": null,
        "tags": {
          "other_tags": "\"aerialway\"=>\"pylon\"",
          "State": "La Massana",
          "Country": "Andorra",
          "Ski Area": "Pal-Arinsal",
          "region": "europe/andorra"
        },
        "source": "OpenStreetMap",
        "source_confidence": "osm_as_mapped",
        "coordinate_space": "local_east_m, local_north_m",
        "aerialway": null
      }
    },
    {
      "type": "Feature",
      "geometry": {
        "type": "Point",
        "coordinates": [
          2264.857783646614,
          5789.25116132386
        ]
      },
      "properties": {
        "id": "lifts:nan:8662986471",
        "osm_type": null,
        "osm_id": "8662986471",
        "name": null,
        "tags": {
          "other_tags": "\"aerialway\"=>\"pylon\"",
          "State": "La Massana",
          "Country": "Andorra",
          "Ski Area": "Pal-Arinsal",
          "region": "europe/andorra"
        },
        "source": "OpenStreetMap",
        "source_confidence": "osm_as_mapped",
        "coordinate_space": "local_east_m, local_north_m",
        "aerialway": null
      }
    },
    {
      "type": "Feature",
      "geometry": {
        "type": "Point",
        "coordinates": [
          2344.533202924067,
          5664.995208468288
        ]
      },
      "properties": {
        "id": "lifts:nan:8662986472",
        "osm_type": null,
        "osm_id": "8662986472",
        "name": null,
        "tags": {
          "other_tags": "\"aerialway\"=>\"pylon\"",
          "State": "La Massana",
          "Country": "Andorra",
          "Ski Area": "Pal-Arinsal",
          "region": "europe/andorra"
        },
        "source": "OpenStreetMap",
        "source_confidence": "osm_as_mapped",
        "coordinate_space": "local_east_m, local_north_m",
        "aerialway": null
      }
    },
    {
      "type": "Feature",
      "geometry": {
        "type": "Point",
        "coordinates": [
          2243.544305565185,
          5629.638471902348
        ]
      },
      "properties": {
        "id": "lifts:nan:8662986473",
        "osm_type": null,
        "osm_id": "8662986473",
        "name": null,
        "tags": {
          "other_tags": "\"aerialway\"=>\"pylon\"",
          "State": "La Massana",
          "Country": "Andorra",
          "Ski Area": "Pal-Arinsal",
          "region": "europe/andorra"
        },
        "source": "OpenStreetMap",
        "source_confidence": "osm_as_mapped",
        "coordinate_space": "local_east_m, local_north_m",
        "aerialway": null
      }
    },
    {
      "type": "Feature",
      "geometry": {
        "type": "Point",
        "coordinates": [
          2106.6360787111917,
          5766.521338356659
        ]
      },
      "properties": {
        "id": "lifts:nan:8662986474",
        "osm_type": null,
        "osm_id": "8662986474",
        "name": null,
        "tags": {
          "other_tags": "\"aerialway\"=>\"pylon\"",
          "State": "La Massana",
          "Country": "Andorra",
          "Ski Area": "Pal-Arinsal",
          "region": "europe/andorra"
        },
        "source": "OpenStreetMap",
        "source_confidence": "osm_as_mapped",
        "coordinate_space": "local_east_m, local_north_m",
        "aerialway": null
      }
    },
    {
      "type": "Feature",
      "geometry": {
        "type": "Point",
        "coordinates": [
          2111.9151924916077,
          5583.5653475262225
        ]
      },
      "properties": {
        "id": "lifts:nan:8662986475",
        "osm_type": null,
        "osm_id": "8662986475",
        "name": null,
        "tags": {
          "other_tags": "\"aerialway\"=>\"pylon\"",
          "State": "La Massana",
          "Country": "Andorra",
          "Ski Area": "Pal-Arinsal",
          "region": "europe/andorra"
        },
        "source": "OpenStreetMap",
        "source_confidence": "osm_as_mapped",
        "coordinate_space": "local_east_m, local_north_m",
        "aerialway": null
      }
    },
    {
      "type": "Feature",
      "geometry": {
        "type": "Point",
        "coordinates": [
          1988.8641782036284,
          5749.601661955006
        ]
      },
      "properties": {
        "id": "lifts:nan:8662986476",
        "osm_type": null,
        "osm_id": "8662986476",
        "name": null,
        "tags": {
          "other_tags": "\"aerialway\"=>\"pylon\"",
          "State": "La Massana",
          "Country": "Andorra",
          "Ski Area": "Pal-Arinsal",
          "region": "europe/andorra"
        },
        "source": "OpenStreetMap",
        "source_confidence": "osm_as_mapped",
        "coordinate_space": "local_east_m, local_north_m",
        "aerialway": null
      }
    },
    {
      "type": "Feature",
      "geometry": {
        "type": "Point",
        "coordinates": [
          2049.8926635523676,
          5561.854796659201
        ]
      },
      "properties": {
        "id": "lifts:nan:8662986477",
        "osm_type": null,
        "osm_id": "8662986477",
        "name": null,
        "tags": {
          "other_tags": "\"aerialway\"=>\"pylon\"",
          "State": "La Massana",
          "Country": "Andorra",
          "Ski Area": "Pal-Arinsal",
          "region": "europe/andorra"
        },
        "source": "OpenStreetMap",
        "source_confidence": "osm_as_mapped",
        "coordinate_space": "local_east_m, local_north_m",
        "aerialway": null
      }
    },
    {
      "type": "Feature",
      "geometry": {
        "type": "Point",
        "coordinates": [
          1975.5576679420192,
          5535.836717409082
        ]
      },
      "properties": {
        "id": "lifts:nan:8662986478",
        "osm_type": null,
        "osm_id": "8662986478",
        "name": null,
        "tags": {
          "other_tags": "\"aerialway\"=>\"pylon\"",
          "State": "La Massana",
          "Country": "Andorra",
          "Ski Area": "Pal-Arinsal",
          "region": "europe/andorra"
        },
        "source": "OpenStreetMap",
        "source_confidence": "osm_as_mapped",
        "coordinate_space": "local_east_m, local_north_m",
        "aerialway": null
      }
    },
    {
      "type": "Feature",
      "geometry": {
        "type": "Point",
        "coordinates": [
          1850.3886824827641,
          5729.717489156872
        ]
      },
      "properties": {
        "id": "lifts:nan:8662986480",
        "osm_type": null,
        "osm_id": "8662986480",
        "name": null,
        "tags": {
          "other_tags": "\"aerialway\"=>\"pylon\"",
          "State": "La Massana",
          "Country": "Andorra",
          "Ski Area": "Pal-Arinsal",
          "region": "europe/andorra"
        },
        "source": "OpenStreetMap",
        "source_confidence": "osm_as_mapped",
        "coordinate_space": "local_east_m, local_north_m",
        "aerialway": null
      }
    },
    {
      "type": "Feature",
      "geometry": {
        "type": "Point",
        "coordinates": [
          1758.3810814960161,
          5716.497978568077
        ]
      },
      "properties": {
        "id": "lifts:nan:8662986481",
        "osm_type": null,
        "osm_id": "8662986481",
        "name": null,
        "tags": {
          "other_tags": "\"aerialway\"=>\"pylon\"",
          "State": "La Massana",
          "Country": "Andorra",
          "Ski Area": "Pal-Arinsal",
          "region": "europe/andorra"
        },
        "source": "OpenStreetMap",
        "source_confidence": "osm_as_mapped",
        "coordinate_space": "local_east_m, local_north_m",
        "aerialway": null
      }
    },
    {
      "type": "Feature",
      "geometry": {
        "type": "Point",
        "coordinates": [
          1626.695443718403,
          5697.594153137878
        ]
      },
      "properties": {
        "id": "lifts:nan:8662986482",
        "osm_type": null,
        "osm_id": "8662986482",
        "name": null,
        "tags": {
          "other_tags": "\"aerialway\"=>\"pylon\"",
          "State": "La Massana",
          "Country": "Andorra",
          "Ski Area": "Pal-Arinsal",
          "region": "europe/andorra"
        },
        "source": "OpenStreetMap",
        "source_confidence": "osm_as_mapped",
        "coordinate_space": "local_east_m, local_north_m",
        "aerialway": null
      }
    },
    {
      "type": "Feature",
      "geometry": {
        "type": "Point",
        "coordinates": [
          1527.0148440966732,
          5683.284675432369
        ]
      },
      "properties": {
        "id": "lifts:nan:8662986483",
        "osm_type": null,
        "osm_id": "8662986483",
        "name": null,
        "tags": {
          "other_tags": "\"aerialway\"=>\"pylon\"",
          "State": "La Massana",
          "Country": "Andorra",
          "Ski Area": "Pal-Arinsal",
          "region": "europe/andorra"
        },
        "source": "OpenStreetMap",
        "source_confidence": "osm_as_mapped",
        "coordinate_space": "local_east_m, local_north_m",
        "aerialway": null
      }
    },
    {
      "type": "Feature",
      "geometry": {
        "type": "Point",
        "coordinates": [
          1381.7943722729688,
          5662.444300496951
        ]
      },
      "properties": {
        "id": "lifts:nan:8662986484",
        "osm_type": null,
        "osm_id": "8662986484",
        "name": null,
        "tags": {
          "other_tags": "\"aerialway\"=>\"pylon\"",
          "State": "La Massana",
          "Country": "Andorra",
          "Ski Area": "Pal-Arinsal",
          "region": "europe/andorra"
        },
        "source": "OpenStreetMap",
        "source_confidence": "osm_as_mapped",
        "coordinate_space": "local_east_m, local_north_m",
        "aerialway": null
      }
    },
    {
      "type": "Feature",
      "geometry": {
        "type": "Point",
        "coordinates": [
          4153.512465796492,
          1812.4473834848031
        ]
      },
      "properties": {
        "id": "lifts:nan:8663007517",
        "osm_type": null,
        "osm_id": "8663007517",
        "name": null,
        "tags": {
          "other_tags": "\"aerialway\"=>\"pylon\"",
          "State": "La Massana",
          "Country": "Andorra",
          "Ski Area": "Pal-Arinsal",
          "region": "europe/andorra"
        },
        "source": "OpenStreetMap",
        "source_confidence": "osm_as_mapped",
        "coordinate_space": "local_east_m, local_north_m",
        "aerialway": null
      }
    },
    {
      "type": "Feature",
      "geometry": {
        "type": "Point",
        "coordinates": [
          4199.170194209029,
          1764.1351200938225
        ]
      },
      "properties": {
        "id": "lifts:nan:8663007518",
        "osm_type": null,
        "osm_id": "8663007518",
        "name": null,
        "tags": {
          "other_tags": "\"aerialway\"=>\"pylon\"",
          "State": "La Massana",
          "Country": "Andorra",
          "Ski Area": "Pal-Arinsal",
          "region": "europe/andorra"
        },
        "source": "OpenStreetMap",
        "source_confidence": "osm_as_mapped",
        "coordinate_space": "local_east_m, local_north_m",
        "aerialway": null
      }
    },
    {
      "type": "Feature",
      "geometry": {
        "type": "Point",
        "coordinates": [
          4257.4948309622705,
          1702.4121819511056
        ]
      },
      "properties": {
        "id": "lifts:nan:8663007519",
        "osm_type": null,
        "osm_id": "8663007519",
        "name": null,
        "tags": {
          "other_tags": "\"aerialway\"=>\"pylon\"",
          "State": "La Massana",
          "Country": "Andorra",
          "Ski Area": "Pal-Arinsal",
          "region": "europe/andorra"
        },
        "source": "OpenStreetMap",
        "source_confidence": "osm_as_mapped",
        "coordinate_space": "local_east_m, local_north_m",
        "aerialway": null
      }
    },
    {
      "type": "Feature",
      "geometry": {
        "type": "Point",
        "coordinates": [
          3861.1562030538335,
          1929.8973387246951
        ]
      },
      "properties": {
        "id": "lifts:nan:8663007520",
        "osm_type": null,
        "osm_id": "8663007520",
        "name": null,
        "tags": {
          "other_tags": "\"aerialway\"=>\"pylon\"",
          "State": "La Massana",
          "Country": "Andorra",
          "Ski Area": "Pal-Arinsal",
          "region": "europe/andorra"
        },
        "source": "OpenStreetMap",
        "source_confidence": "osm_as_mapped",
        "coordinate_space": "local_east_m, local_north_m",
        "aerialway": null
      }
    },
    {
      "type": "Feature",
      "geometry": {
        "type": "Point",
        "coordinates": [
          3884.117510520213,
          1952.0018791407347
        ]
      },
      "properties": {
        "id": "lifts:nan:8663007521",
        "osm_type": null,
        "osm_id": "8663007521",
        "name": null,
        "tags": {
          "other_tags": "\"aerialway\"=>\"pylon\"",
          "State": "La Massana",
          "Country": "Andorra",
          "Ski Area": "Pal-Arinsal",
          "region": "europe/andorra"
        },
        "source": "OpenStreetMap",
        "source_confidence": "osm_as_mapped",
        "coordinate_space": "local_east_m, local_north_m",
        "aerialway": null
      }
    },
    {
      "type": "Feature",
      "geometry": {
        "type": "Point",
        "coordinates": [
          3745.8289898160147,
          1818.8629604997113
        ]
      },
      "properties": {
        "id": "lifts:nan:8663007522",
        "osm_type": null,
        "osm_id": "8663007522",
        "name": null,
        "tags": {
          "other_tags": "\"aerialway\"=>\"pylon\"",
          "State": "La Massana",
          "Country": "Andorra",
          "Ski Area": "Pal-Arinsal",
          "region": "europe/andorra"
        },
        "source": "OpenStreetMap",
        "source_confidence": "osm_as_mapped",
        "coordinate_space": "local_east_m, local_north_m",
        "aerialway": null
      }
    },
    {
      "type": "Feature",
      "geometry": {
        "type": "Point",
        "coordinates": [
          3625.3905972511857,
          1702.9124008892104
        ]
      },
      "properties": {
        "id": "lifts:nan:8663007523",
        "osm_type": null,
        "osm_id": "8663007523",
        "name": null,
        "tags": {
          "other_tags": "\"aerialway\"=>\"pylon\"",
          "State": "La Massana",
          "Country": "Andorra",
          "Ski Area": "Pal-Arinsal",
          "region": "europe/andorra"
        },
        "source": "OpenStreetMap",
        "source_confidence": "osm_as_mapped",
        "coordinate_space": "local_east_m, local_north_m",
        "aerialway": null
      }
    },
    {
      "type": "Feature",
      "geometry": {
        "type": "Point",
        "coordinates": [
          3510.733087476867,
          1592.5361236520112
        ]
      },
      "properties": {
        "id": "lifts:nan:8663007524",
        "osm_type": null,
        "osm_id": "8663007524",
        "name": null,
        "tags": {
          "other_tags": "\"aerialway\"=>\"pylon\"",
          "State": "La Massana",
          "Country": "Andorra",
          "Ski Area": "Pal-Arinsal",
          "region": "europe/andorra"
        },
        "source": "OpenStreetMap",
        "source_confidence": "osm_as_mapped",
        "coordinate_space": "local_east_m, local_north_m",
        "aerialway": null
      }
    },
    {
      "type": "Feature",
      "geometry": {
        "type": "Point",
        "coordinates": [
          3425.5482649223995,
          1510.5236581927165
        ]
      },
      "properties": {
        "id": "lifts:nan:8663007525",
        "osm_type": null,
        "osm_id": "8663007525",
        "name": null,
        "tags": {
          "other_tags": "\"aerialway\"=>\"pylon\"",
          "State": "La Massana",
          "Country": "Andorra",
          "Ski Area": "Pal-Arinsal",
          "region": "europe/andorra"
        },
        "source": "OpenStreetMap",
        "source_confidence": "osm_as_mapped",
        "coordinate_space": "local_east_m, local_north_m",
        "aerialway": null
      }
    },
    {
      "type": "Feature",
      "geometry": {
        "type": "Point",
        "coordinates": [
          3325.815372702549,
          1414.5223009362817
        ]
      },
      "properties": {
        "id": "lifts:nan:8663007526",
        "osm_type": null,
        "osm_id": "8663007526",
        "name": null,
        "tags": {
          "other_tags": "\"aerialway\"=>\"pylon\"",
          "State": "La Massana",
          "Country": "Andorra",
          "Ski Area": "Pal-Arinsal",
          "region": "europe/andorra"
        },
        "source": "OpenStreetMap",
        "source_confidence": "osm_as_mapped",
        "coordinate_space": "local_east_m, local_north_m",
        "aerialway": null
      }
    },
    {
      "type": "Feature",
      "geometry": {
        "type": "Point",
        "coordinates": [
          3224.792012549762,
          1317.2680916422978
        ]
      },
      "properties": {
        "id": "lifts:nan:8663007527",
        "osm_type": null,
        "osm_id": "8663007527",
        "name": null,
        "tags": {
          "other_tags": "\"aerialway\"=>\"pylon\"",
          "State": "La Massana",
          "Country": "Andorra",
          "Ski Area": "Pal-Arinsal",
          "region": "europe/andorra"
        },
        "source": "OpenStreetMap",
        "source_confidence": "osm_as_mapped",
        "coordinate_space": "local_east_m, local_north_m",
        "aerialway": null
      }
    },
    {
      "type": "Feature",
      "geometry": {
        "type": "Point",
        "coordinates": [
          3179.2371144554927,
          1273.423089590855
        ]
      },
      "properties": {
        "id": "lifts:nan:8663007528",
        "osm_type": null,
        "osm_id": "8663007528",
        "name": null,
        "tags": {
          "other_tags": "\"aerialway\"=>\"pylon\"",
          "State": "La Massana",
          "Country": "Andorra",
          "Ski Area": "Pal-Arinsal",
          "region": "europe/andorra"
        },
        "source": "OpenStreetMap",
        "source_confidence": "osm_as_mapped",
        "coordinate_space": "local_east_m, local_north_m",
        "aerialway": null
      }
    },
    {
      "type": "Feature",
      "geometry": {
        "type": "Point",
        "coordinates": [
          2649.404419240309,
          1583.0138911940157
        ]
      },
      "properties": {
        "id": "lifts:nan:8663007529",
        "osm_type": null,
        "osm_id": "8663007529",
        "name": null,
        "tags": {
          "other_tags": "\"aerialway\"=>\"pylon\"",
          "State": "La Massana",
          "Country": "Andorra",
          "Ski Area": "Pal-Arinsal",
          "region": "europe/andorra"
        },
        "source": "OpenStreetMap",
        "source_confidence": "osm_as_mapped",
        "coordinate_space": "local_east_m, local_north_m",
        "aerialway": null
      }
    },
    {
      "type": "Feature",
      "geometry": {
        "type": "Point",
        "coordinates": [
          2601.167029582022,
          1546.774433227256
        ]
      },
      "properties": {
        "id": "lifts:nan:8663007530",
        "osm_type": null,
        "osm_id": "8663007530",
        "name": null,
        "tags": {
          "other_tags": "\"aerialway\"=>\"pylon\"",
          "State": "La Massana",
          "Country": "Andorra",
          "Ski Area": "Pal-Arinsal",
          "region": "europe/andorra"
        },
        "source": "OpenStreetMap",
        "source_confidence": "osm_as_mapped",
        "coordinate_space": "local_east_m, local_north_m",
        "aerialway": null
      }
    },
    {
      "type": "Feature",
      "geometry": {
        "type": "Point",
        "coordinates": [
          2518.024740115856,
          1484.3189348159358
        ]
      },
      "properties": {
        "id": "lifts:nan:8663007531",
        "osm_type": null,
        "osm_id": "8663007531",
        "name": null,
        "tags": {
          "other_tags": "\"aerialway\"=>\"pylon\"",
          "State": "La Massana",
          "Country": "Andorra",
          "Ski Area": "Pal-Arinsal",
          "region": "europe/andorra"
        },
        "source": "OpenStreetMap",
        "source_confidence": "osm_as_mapped",
        "coordinate_space": "local_east_m, local_north_m",
        "aerialway": null
      }
    },
    {
      "type": "Feature",
      "geometry": {
        "type": "Point",
        "coordinates": [
          2407.0381524263066,
          1400.941380545497
        ]
      },
      "properties": {
        "id": "lifts:nan:8663007532",
        "osm_type": null,
        "osm_id": "8663007532",
        "name": null,
        "tags": {
          "other_tags": "\"aerialway\"=>\"pylon\"",
          "State": "La Massana",
          "Country": "Andorra",
          "Ski Area": "Pal-Arinsal",
          "region": "europe/andorra"
        },
        "source": "OpenStreetMap",
        "source_confidence": "osm_as_mapped",
        "coordinate_space": "local_east_m, local_north_m",
        "aerialway": null
      }
    },
    {
      "type": "Feature",
      "geometry": {
        "type": "Point",
        "coordinates": [
          2309.7166402667644,
          1327.8370461519808
        ]
      },
      "properties": {
        "id": "lifts:nan:8663007533",
        "osm_type": null,
        "osm_id": "8663007533",
        "name": null,
        "tags": {
          "other_tags": "\"aerialway\"=>\"pylon\"",
          "State": "La Massana",
          "Country": "Andorra",
          "Ski Area": "Pal-Arinsal",
          "region": "europe/andorra"
        },
        "source": "OpenStreetMap",
        "source_confidence": "osm_as_mapped",
        "coordinate_space": "local_east_m, local_north_m",
        "aerialway": null
      }
    },
    {
      "type": "Feature",
      "geometry": {
        "type": "Point",
        "coordinates": [
          2197.6258379866485,
          1243.6495692683384
        ]
      },
      "properties": {
        "id": "lifts:nan:8663007534",
        "osm_type": null,
        "osm_id": "8663007534",
        "name": null,
        "tags": {
          "other_tags": "\"aerialway\"=>\"pylon\"",
          "State": "La Massana",
          "Country": "Andorra",
          "Ski Area": "Pal-Arinsal",
          "region": "europe/andorra"
        },
        "source": "OpenStreetMap",
        "source_confidence": "osm_as_mapped",
        "coordinate_space": "local_east_m, local_north_m",
        "aerialway": null
      }
    },
    {
      "type": "Feature",
      "geometry": {
        "type": "Point",
        "coordinates": [
          2109.2535991519107,
          1177.2613775767386
        ]
      },
      "properties": {
        "id": "lifts:nan:8663007535",
        "osm_type": null,
        "osm_id": "8663007535",
        "name": null,
        "tags": {
          "other_tags": "\"aerialway\"=>\"pylon\"",
          "State": "La Massana",
          "Country": "Andorra",
          "Ski Area": "Pal-Arinsal",
          "region": "europe/andorra"
        },
        "source": "OpenStreetMap",
        "source_confidence": "osm_as_mapped",
        "coordinate_space": "local_east_m, local_north_m",
        "aerialway": null
      }
    },
    {
      "type": "Feature",
      "geometry": {
        "type": "Point",
        "coordinates": [
          1995.5668440476293,
          1091.8729668930173
        ]
      },
      "properties": {
        "id": "lifts:nan:8663007536",
        "osm_type": null,
        "osm_id": "8663007536",
        "name": null,
        "tags": {
          "other_tags": "\"aerialway\"=>\"pylon\"",
          "State": "La Massana",
          "Country": "Andorra",
          "Ski Area": "Pal-Arinsal",
          "region": "europe/andorra"
        },
        "source": "OpenStreetMap",
        "source_confidence": "osm_as_mapped",
        "coordinate_space": "local_east_m, local_north_m",
        "aerialway": null
      }
    },
    {
      "type": "Feature",
      "geometry": {
        "type": "Point",
        "coordinates": [
          1882.260343535163,
          1006.7682059323415
        ]
      },
      "properties": {
        "id": "lifts:nan:8663007537",
        "osm_type": null,
        "osm_id": "8663007537",
        "name": null,
        "tags": {
          "other_tags": "\"aerialway\"=>\"pylon\"",
          "State": "La Massana",
          "Country": "Andorra",
          "Ski Area": "Pal-Arinsal",
          "region": "europe/andorra"
        },
        "source": "OpenStreetMap",
        "source_confidence": "osm_as_mapped",
        "coordinate_space": "local_east_m, local_north_m",
        "aerialway": null
      }
    },
    {
      "type": "Feature",
      "geometry": {
        "type": "Point",
        "coordinates": [
          1772.8079559967737,
          924.5719849364832
        ]
      },
      "properties": {
        "id": "lifts:nan:8663007538",
        "osm_type": null,
        "osm_id": "8663007538",
        "name": null,
        "tags": {
          "other_tags": "\"aerialway\"=>\"pylon\"",
          "State": "La Massana",
          "Country": "Andorra",
          "Ski Area": "Pal-Arinsal",
          "region": "europe/andorra"
        },
        "source": "OpenStreetMap",
        "source_confidence": "osm_as_mapped",
        "coordinate_space": "local_east_m, local_north_m",
        "aerialway": null
      }
    },
    {
      "type": "Feature",
      "geometry": {
        "type": "Point",
        "coordinates": [
          1673.7818990462692,
          850.1963446242735
        ]
      },
      "properties": {
        "id": "lifts:nan:8663007539",
        "osm_type": null,
        "osm_id": "8663007539",
        "name": null,
        "tags": {
          "other_tags": "\"aerialway\"=>\"pylon\"",
          "State": "La Massana",
          "Country": "Andorra",
          "Ski Area": "Pal-Arinsal",
          "region": "europe/andorra"
        },
        "source": "OpenStreetMap",
        "source_confidence": "osm_as_mapped",
        "coordinate_space": "local_east_m, local_north_m",
        "aerialway": null
      }
    },
    {
      "type": "Feature",
      "geometry": {
        "type": "Point",
        "coordinates": [
          1356.8805632290314,
          2770.2245633667335
        ]
      },
      "properties": {
        "id": "lifts:nan:8690757489",
        "osm_type": null,
        "osm_id": "8690757489",
        "name": null,
        "tags": {
          "other_tags": "\"aerialway\"=>\"pylon\"",
          "State": "La Massana",
          "Country": "Andorra",
          "Ski Area": "Pal-Arinsal",
          "region": "europe/andorra"
        },
        "source": "OpenStreetMap",
        "source_confidence": "osm_as_mapped",
        "coordinate_space": "local_east_m, local_north_m",
        "aerialway": null
      }
    },
    {
      "type": "Feature",
      "geometry": {
        "type": "Point",
        "coordinates": [
          1358.164970689104,
          2702.9421520400792
        ]
      },
      "properties": {
        "id": "lifts:nan:8690757490",
        "osm_type": null,
        "osm_id": "8690757490",
        "name": null,
        "tags": {
          "other_tags": "\"aerialway\"=>\"pylon\"",
          "State": "La Massana",
          "Country": "Andorra",
          "Ski Area": "Pal-Arinsal",
          "region": "europe/andorra"
        },
        "source": "OpenStreetMap",
        "source_confidence": "osm_as_mapped",
        "coordinate_space": "local_east_m, local_north_m",
        "aerialway": null
      }
    },
    {
      "type": "Feature",
      "geometry": {
        "type": "Point",
        "coordinates": [
          1361.8995925359777,
          2507.1732116118073
        ]
      },
      "properties": {
        "id": "lifts:nan:8690757491",
        "osm_type": null,
        "osm_id": "8690757491",
        "name": null,
        "tags": {
          "other_tags": "\"aerialway\"=>\"pylon\"",
          "State": "La Massana",
          "Country": "Andorra",
          "Ski Area": "Pal-Arinsal",
          "region": "europe/andorra"
        },
        "source": "OpenStreetMap",
        "source_confidence": "osm_as_mapped",
        "coordinate_space": "local_east_m, local_north_m",
        "aerialway": null
      }
    },
    {
      "type": "Feature",
      "geometry": {
        "type": "Point",
        "coordinates": [
          1364.8528876848868,
          2352.2515997122973
        ]
      },
      "properties": {
        "id": "lifts:nan:8690757492",
        "osm_type": null,
        "osm_id": "8690757492",
        "name": null,
        "tags": {
          "other_tags": "\"aerialway\"=>\"pylon\"",
          "State": "La Massana",
          "Country": "Andorra",
          "Ski Area": "Pal-Arinsal",
          "region": "europe/andorra"
        },
        "source": "OpenStreetMap",
        "source_confidence": "osm_as_mapped",
        "coordinate_space": "local_east_m, local_north_m",
        "aerialway": null
      }
    },
    {
      "type": "Feature",
      "geometry": {
        "type": "Point",
        "coordinates": [
          1366.585392412322,
          2261.3565760608763
        ]
      },
      "properties": {
        "id": "lifts:nan:8690757493",
        "osm_type": null,
        "osm_id": "8690757493",
        "name": null,
        "tags": {
          "other_tags": "\"aerialway\"=>\"pylon\"",
          "State": "La Massana",
          "Country": "Andorra",
          "Ski Area": "Pal-Arinsal",
          "region": "europe/andorra"
        },
        "source": "OpenStreetMap",
        "source_confidence": "osm_as_mapped",
        "coordinate_space": "local_east_m, local_north_m",
        "aerialway": null
      }
    },
    {
      "type": "Feature",
      "geometry": {
        "type": "Point",
        "coordinates": [
          1367.2927992602927,
          2224.076344762929
        ]
      },
      "properties": {
        "id": "lifts:nan:8690757494",
        "osm_type": null,
        "osm_id": "8690757494",
        "name": null,
        "tags": {
          "other_tags": "\"aerialway\"=>\"pylon\"",
          "State": "La Massana",
          "Country": "Andorra",
          "Ski Area": "Pal-Arinsal",
          "region": "europe/andorra"
        },
        "source": "OpenStreetMap",
        "source_confidence": "osm_as_mapped",
        "coordinate_space": "local_east_m, local_north_m",
        "aerialway": null
      }
    },
    {
      "type": "Feature",
      "geometry": {
        "type": "Point",
        "coordinates": [
          1368.0355013571098,
          2185.129273022525
        ]
      },
      "properties": {
        "id": "lifts:nan:8690757495",
        "osm_type": null,
        "osm_id": "8690757495",
        "name": null,
        "tags": {
          "other_tags": "\"aerialway\"=>\"pylon\"",
          "State": "La Massana",
          "Country": "Andorra",
          "Ski Area": "Pal-Arinsal",
          "region": "europe/andorra"
        },
        "source": "OpenStreetMap",
        "source_confidence": "osm_as_mapped",
        "coordinate_space": "local_east_m, local_north_m",
        "aerialway": null
      }
    },
    {
      "type": "Feature",
      "geometry": {
        "type": "Point",
        "coordinates": [
          1368.7468004939728,
          2148.060027993284
        ]
      },
      "properties": {
        "id": "lifts:nan:8690757496",
        "osm_type": null,
        "osm_id": "8690757496",
        "name": null,
        "tags": {
          "other_tags": "\"aerialway\"=>\"pylon\"",
          "State": "La Massana",
          "Country": "Andorra",
          "Ski Area": "Pal-Arinsal",
          "region": "europe/andorra"
        },
        "source": "OpenStreetMap",
        "source_confidence": "osm_as_mapped",
        "coordinate_space": "local_east_m, local_north_m",
        "aerialway": null
      }
    },
    {
      "type": "Feature",
      "geometry": {
        "type": "Point",
        "coordinates": [
          1371.3375215496635,
          2011.9287513997406
        ]
      },
      "properties": {
        "id": "lifts:nan:8690757497",
        "osm_type": null,
        "osm_id": "8690757497",
        "name": null,
        "tags": {
          "other_tags": "\"aerialway\"=>\"pylon\"",
          "State": "La Massana",
          "Country": "Andorra",
          "Ski Area": "Pal-Arinsal",
          "region": "europe/andorra"
        },
        "source": "OpenStreetMap",
        "source_confidence": "osm_as_mapped",
        "coordinate_space": "local_east_m, local_north_m",
        "aerialway": null
      }
    },
    {
      "type": "Feature",
      "geometry": {
        "type": "Point",
        "coordinates": [
          1374.4960825739545,
          1846.5953602744266
        ]
      },
      "properties": {
        "id": "lifts:nan:8690757498",
        "osm_type": null,
        "osm_id": "8690757498",
        "name": null,
        "tags": {
          "other_tags": "\"aerialway\"=>\"pylon\"",
          "State": "La Massana",
          "Country": "Andorra",
          "Ski Area": "Pal-Arinsal",
          "region": "europe/andorra"
        },
        "source": "OpenStreetMap",
        "source_confidence": "osm_as_mapped",
        "coordinate_space": "local_east_m, local_north_m",
        "aerialway": null
      }
    },
    {
      "type": "Feature",
      "geometry": {
        "type": "Point",
        "coordinates": [
          1375.2019796376117,
          1809.670642171055
        ]
      },
      "properties": {
        "id": "lifts:nan:8690757499",
        "osm_type": null,
        "osm_id": "8690757499",
        "name": null,
        "tags": {
          "other_tags": "\"aerialway\"=>\"pylon\"",
          "State": "La Massana",
          "Country": "Andorra",
          "Ski Area": "Pal-Arinsal",
          "region": "europe/andorra"
        },
        "source": "OpenStreetMap",
        "source_confidence": "osm_as_mapped",
        "coordinate_space": "local_east_m, local_north_m",
        "aerialway": null
      }
    },
    {
      "type": "Feature",
      "geometry": {
        "type": "Point",
        "coordinates": [
          1375.8755506722373,
          1774.123906773515
        ]
      },
      "properties": {
        "id": "lifts:nan:8690757500",
        "osm_type": null,
        "osm_id": "8690757500",
        "name": null,
        "tags": {
          "other_tags": "\"aerialway\"=>\"pylon\"",
          "State": "La Massana",
          "Country": "Andorra",
          "Ski Area": "Pal-Arinsal",
          "region": "europe/andorra"
        },
        "source": "OpenStreetMap",
        "source_confidence": "osm_as_mapped",
        "coordinate_space": "local_east_m, local_north_m",
        "aerialway": null
      }
    },
    {
      "type": "Feature",
      "geometry": {
        "type": "Point",
        "coordinates": [
          1290.4509598104632,
          2244.108203274198
        ]
      },
      "properties": {
        "id": "lifts:nan:8690757501",
        "osm_type": null,
        "osm_id": "8690757501",
        "name": null,
        "tags": {
          "other_tags": "\"aerialway\"=>\"pylon\"",
          "State": "La Massana",
          "Country": "Andorra",
          "Ski Area": "Pal-Arinsal",
          "region": "europe/andorra"
        },
        "source": "OpenStreetMap",
        "source_confidence": "osm_as_mapped",
        "coordinate_space": "local_east_m, local_north_m",
        "aerialway": null
      }
    },
    {
      "type": "Feature",
      "geometry": {
        "type": "Point",
        "coordinates": [
          1256.0638636735966,
          2298.4105188352987
        ]
      },
      "properties": {
        "id": "lifts:nan:8690757502",
        "osm_type": null,
        "osm_id": "8690757502",
        "name": null,
        "tags": {
          "other_tags": "\"aerialway\"=>\"pylon\"",
          "State": "La Massana",
          "Country": "Andorra",
          "Ski Area": "Pal-Arinsal",
          "region": "europe/andorra"
        },
        "source": "OpenStreetMap",
        "source_confidence": "osm_as_mapped",
        "coordinate_space": "local_east_m, local_north_m",
        "aerialway": null
      }
    },
    {
      "type": "Feature",
      "geometry": {
        "type": "Point",
        "coordinates": [
          1185.55118254415,
          2409.780104128644
        ]
      },
      "properties": {
        "id": "lifts:nan:8690757503",
        "osm_type": null,
        "osm_id": "8690757503",
        "name": null,
        "tags": {
          "other_tags": "\"aerialway\"=>\"pylon\"",
          "State": "La Massana",
          "Country": "Andorra",
          "Ski Area": "Pal-Arinsal",
          "region": "europe/andorra"
        },
        "source": "OpenStreetMap",
        "source_confidence": "osm_as_mapped",
        "coordinate_space": "local_east_m, local_north_m",
        "aerialway": null
      }
    },
    {
      "type": "Feature",
      "geometry": {
        "type": "Point",
        "coordinates": [
          1123.846643082099,
          2507.2487156763673
        ]
      },
      "properties": {
        "id": "lifts:nan:8690757504",
        "osm_type": null,
        "osm_id": "8690757504",
        "name": null,
        "tags": {
          "other_tags": "\"aerialway\"=>\"pylon\"",
          "State": "La Massana",
          "Country": "Andorra",
          "Ski Area": "Pal-Arinsal",
          "region": "europe/andorra"
        },
        "source": "OpenStreetMap",
        "source_confidence": "osm_as_mapped",
        "coordinate_space": "local_east_m, local_north_m",
        "aerialway": null
      }
    },
    {
      "type": "Feature",
      "geometry": {
        "type": "Point",
        "coordinates": [
          1051.0469623418176,
          2622.227396846749
        ]
      },
      "properties": {
        "id": "lifts:nan:8690757505",
        "osm_type": null,
        "osm_id": "8690757505",
        "name": null,
        "tags": {
          "other_tags": "\"aerialway\"=>\"pylon\"",
          "State": "La Massana",
          "Country": "Andorra",
          "Ski Area": "Pal-Arinsal",
          "region": "europe/andorra"
        },
        "source": "OpenStreetMap",
        "source_confidence": "osm_as_mapped",
        "coordinate_space": "local_east_m, local_north_m",
        "aerialway": null
      }
    },
    {
      "type": "Feature",
      "geometry": {
        "type": "Point",
        "coordinates": [
          984.2846733666374,
          2727.6656333608553
        ]
      },
      "properties": {
        "id": "lifts:nan:8690757506",
        "osm_type": null,
        "osm_id": "8690757506",
        "name": null,
        "tags": {
          "other_tags": "\"aerialway\"=>\"pylon\"",
          "State": "La Massana",
          "Country": "Andorra",
          "Ski Area": "Pal-Arinsal",
          "region": "europe/andorra"
        },
        "source": "OpenStreetMap",
        "source_confidence": "osm_as_mapped",
        "coordinate_space": "local_east_m, local_north_m",
        "aerialway": null
      }
    },
    {
      "type": "Feature",
      "geometry": {
        "type": "Point",
        "coordinates": [
          853.3451718543656,
          2934.49801987689
        ]
      },
      "properties": {
        "id": "lifts:nan:8690757507",
        "osm_type": null,
        "osm_id": "8690757507",
        "name": null,
        "tags": {
          "other_tags": "\"aerialway\"=>\"pylon\"",
          "State": "La Massana",
          "Country": "Andorra",
          "Ski Area": "Pal-Arinsal",
          "region": "europe/andorra"
        },
        "source": "OpenStreetMap",
        "source_confidence": "osm_as_mapped",
        "coordinate_space": "local_east_m, local_north_m",
        "aerialway": null
      }
    },
    {
      "type": "Feature",
      "geometry": {
        "type": "Point",
        "coordinates": [
          825.3909107938525,
          2978.6542573077604
        ]
      },
      "properties": {
        "id": "lifts:nan:8690757508",
        "osm_type": null,
        "osm_id": "8690757508",
        "name": null,
        "tags": {
          "other_tags": "\"aerialway\"=>\"pylon\"",
          "State": "La Massana",
          "Country": "Andorra",
          "Ski Area": "Pal-Arinsal",
          "region": "europe/andorra"
        },
        "source": "OpenStreetMap",
        "source_confidence": "osm_as_mapped",
        "coordinate_space": "local_east_m, local_north_m",
        "aerialway": null
      }
    },
    {
      "type": "Feature",
      "geometry": {
        "type": "Point",
        "coordinates": [
          3118.874177947582,
          1191.0785335144028
        ]
      },
      "properties": {
        "id": "lifts:nan:11179138117",
        "osm_type": null,
        "osm_id": "11179138117",
        "name": "Pla de la Cot II",
        "tags": {
          "name": "Pla de la Cot II",
          "other_tags": "\"aerialway\"=>\"station\",\"name:ca\"=>\"Pla de la Cot II\"",
          "State": "La Massana",
          "Country": "Andorra",
          "Ski Area": "Pal-Arinsal",
          "region": "europe/andorra"
        },
        "source": "OpenStreetMap",
        "source_confidence": "osm_as_mapped",
        "coordinate_space": "local_east_m, local_north_m",
        "aerialway": null
      }
    },
    {
      "type": "Feature",
      "geometry": {
        "type": "Point",
        "coordinates": [
          3163.8942688298994,
          1217.0269273957238
        ]
      },
      "properties": {
        "id": "lifts:nan:11179138118",
        "osm_type": null,
        "osm_id": "11179138118",
        "name": "Pla de la Cot II",
        "tags": {
          "name": "Pla de la Cot II",
          "other_tags": "\"aerialway\"=>\"station\",\"name:ca\"=>\"Pla de la Cot II\"",
          "State": "La Massana",
          "Country": "Andorra",
          "Ski Area": "Pal-Arinsal",
          "region": "europe/andorra"
        },
        "source": "OpenStreetMap",
        "source_confidence": "osm_as_mapped",
        "coordinate_space": "local_east_m, local_north_m",
        "aerialway": null
      }
    },
    {
      "type": "Feature",
      "geometry": {
        "type": "Point",
        "coordinates": [
          2533.009589050431,
          1286.3271768046543
        ]
      },
      "properties": {
        "id": "lifts:nan:11544798834",
        "osm_type": null,
        "osm_id": "11544798834",
        "name": null,
        "tags": {
          "other_tags": "\"aerialway\"=>\"pylon\"",
          "State": "La Massana",
          "Country": "Andorra",
          "Ski Area": "Pal-Arinsal",
          "region": "europe/andorra"
        },
        "source": "OpenStreetMap",
        "source_confidence": "osm_as_mapped",
        "coordinate_space": "local_east_m, local_north_m",
        "aerialway": null
      }
    },
    {
      "type": "Feature",
      "geometry": {
        "type": "Point",
        "coordinates": [
          2430.401317407086,
          1227.068381597288
        ]
      },
      "properties": {
        "id": "lifts:nan:11544798835",
        "osm_type": null,
        "osm_id": "11544798835",
        "name": null,
        "tags": {
          "other_tags": "\"aerialway\"=>\"pylon\"",
          "State": "La Massana",
          "Country": "Andorra",
          "Ski Area": "Pal-Arinsal",
          "region": "europe/andorra"
        },
        "source": "OpenStreetMap",
        "source_confidence": "osm_as_mapped",
        "coordinate_space": "local_east_m, local_north_m",
        "aerialway": null
      }
    },
    {
      "type": "Feature",
      "geometry": {
        "type": "Point",
        "coordinates": [
          2178.733786784229,
          1081.7166459234431
        ]
      },
      "properties": {
        "id": "lifts:nan:11544798836",
        "osm_type": null,
        "osm_id": "11544798836",
        "name": null,
        "tags": {
          "other_tags": "\"aerialway\"=>\"pylon\"",
          "State": "La Massana",
          "Country": "Andorra",
          "Ski Area": "Pal-Arinsal",
          "region": "europe/andorra"
        },
        "source": "OpenStreetMap",
        "source_confidence": "osm_as_mapped",
        "coordinate_space": "local_east_m, local_north_m",
        "aerialway": null
      }
    },
    {
      "type": "Feature",
      "geometry": {
        "type": "Point",
        "coordinates": [
          2116.164013709058,
          1045.5848243050277
        ]
      },
      "properties": {
        "id": "lifts:nan:11544798837",
        "osm_type": null,
        "osm_id": "11544798837",
        "name": null,
        "tags": {
          "other_tags": "\"aerialway\"=>\"pylon\"",
          "State": "La Massana",
          "Country": "Andorra",
          "Ski Area": "Pal-Arinsal",
          "region": "europe/andorra"
        },
        "source": "OpenStreetMap",
        "source_confidence": "osm_as_mapped",
        "coordinate_space": "local_east_m, local_north_m",
        "aerialway": null
      }
    },
    {
      "type": "Feature",
      "geometry": {
        "type": "Point",
        "coordinates": [
          2023.6198132612626,
          992.1363028194755
        ]
      },
      "properties": {
        "id": "lifts:nan:11544798838",
        "osm_type": null,
        "osm_id": "11544798838",
        "name": null,
        "tags": {
          "other_tags": "\"aerialway\"=>\"pylon\"",
          "State": "La Massana",
          "Country": "Andorra",
          "Ski Area": "Pal-Arinsal",
          "region": "europe/andorra"
        },
        "source": "OpenStreetMap",
        "source_confidence": "osm_as_mapped",
        "coordinate_space": "local_east_m, local_north_m",
        "aerialway": null
      }
    },
    {
      "type": "Feature",
      "geometry": {
        "type": "Point",
        "coordinates": [
          1973.7353880738374,
          963.3287277603522
        ]
      },
      "properties": {
        "id": "lifts:nan:11544798839",
        "osm_type": null,
        "osm_id": "11544798839",
        "name": null,
        "tags": {
          "other_tags": "\"aerialway\"=>\"pylon\"",
          "State": "La Massana",
          "Country": "Andorra",
          "Ski Area": "Pal-Arinsal",
          "region": "europe/andorra"
        },
        "source": "OpenStreetMap",
        "source_confidence": "osm_as_mapped",
        "coordinate_space": "local_east_m, local_north_m",
        "aerialway": null
      }
    },
    {
      "type": "Feature",
      "geometry": {
        "type": "Point",
        "coordinates": [
          1891.3189789148746,
          915.7406076239422
        ]
      },
      "properties": {
        "id": "lifts:nan:11544798840",
        "osm_type": null,
        "osm_id": "11544798840",
        "name": null,
        "tags": {
          "other_tags": "\"aerialway\"=>\"pylon\"",
          "State": "La Massana",
          "Country": "Andorra",
          "Ski Area": "Pal-Arinsal",
          "region": "europe/andorra"
        },
        "source": "OpenStreetMap",
        "source_confidence": "osm_as_mapped",
        "coordinate_space": "local_east_m, local_north_m",
        "aerialway": null
      }
    },
    {
      "type": "Feature",
      "geometry": {
        "type": "Point",
        "coordinates": [
          1767.3517307762522,
          844.1609168685973
        ]
      },
      "properties": {
        "id": "lifts:nan:11544798841",
        "osm_type": null,
        "osm_id": "11544798841",
        "name": null,
        "tags": {
          "other_tags": "\"aerialway\"=>\"pylon\"",
          "State": "La Massana",
          "Country": "Andorra",
          "Ski Area": "Pal-Arinsal",
          "region": "europe/andorra"
        },
        "source": "OpenStreetMap",
        "source_confidence": "osm_as_mapped",
        "coordinate_space": "local_east_m, local_north_m",
        "aerialway": null
      }
    },
    {
      "type": "Feature",
      "geometry": {
        "type": "Point",
        "coordinates": [
          1707.002863344096,
          809.3140471437946
        ]
      },
      "properties": {
        "id": "lifts:nan:11544798842",
        "osm_type": null,
        "osm_id": "11544798842",
        "name": null,
        "tags": {
          "other_tags": "\"aerialway\"=>\"pylon\"",
          "State": "La Massana",
          "Country": "Andorra",
          "Ski Area": "Pal-Arinsal",
          "region": "europe/andorra"
        },
        "source": "OpenStreetMap",
        "source_confidence": "osm_as_mapped",
        "coordinate_space": "local_east_m, local_north_m",
        "aerialway": null
      }
    },
    {
      "type": "Feature",
      "geometry": {
        "type": "Point",
        "coordinates": [
          1659.404224951053,
          839.394669923
        ]
      },
      "properties": {
        "id": "lifts:nan:11544798843",
        "osm_type": null,
        "osm_id": "11544798843",
        "name": null,
        "tags": {
          "other_tags": "\"aerialway\"=>\"pylon\"",
          "State": "La Massana",
          "Country": "Andorra",
          "Ski Area": "Pal-Arinsal",
          "region": "europe/andorra"
        },
        "source": "OpenStreetMap",
        "source_confidence": "osm_as_mapped",
        "coordinate_space": "local_east_m, local_north_m",
        "aerialway": null
      }
    },
    {
      "type": "Feature",
      "geometry": {
        "type": "Point",
        "coordinates": [
          4498.712034811033,
          1911.5481521617621
        ]
      },
      "properties": {
        "id": "lifts:nan:11544800846",
        "osm_type": null,
        "osm_id": "11544800846",
        "name": "Pedres Blanques II",
        "tags": {
          "name": "Pedres Blanques II",
          "other_tags": "\"aerialway\"=>\"station\"",
          "State": "La Massana",
          "Country": "Andorra",
          "Ski Area": "Pal-Arinsal",
          "region": "europe/andorra"
        },
        "source": "OpenStreetMap",
        "source_confidence": "osm_as_mapped",
        "coordinate_space": "local_east_m, local_north_m",
        "aerialway": null
      }
    },
    {
      "type": "Feature",
      "geometry": {
        "type": "Point",
        "coordinates": [
          4438.558630280371,
          1917.6738359332085
        ]
      },
      "properties": {
        "id": "lifts:nan:11544800847",
        "osm_type": null,
        "osm_id": "11544800847",
        "name": "Pedres Blanques II",
        "tags": {
          "name": "Pedres Blanques II",
          "other_tags": "\"aerialway\"=>\"station\"",
          "State": "La Massana",
          "Country": "Andorra",
          "Ski Area": "Pal-Arinsal",
          "region": "europe/andorra"
        },
        "source": "OpenStreetMap",
        "source_confidence": "osm_as_mapped",
        "coordinate_space": "local_east_m, local_north_m",
        "aerialway": null
      }
    },
    {
      "type": "Feature",
      "geometry": {
        "type": "Point",
        "coordinates": [
          4491.188747457403,
          2008.9308559233323
        ]
      },
      "properties": {
        "id": "lifts:nan:11544800848",
        "osm_type": null,
        "osm_id": "11544800848",
        "name": "Pedres Blanques I",
        "tags": {
          "name": "Pedres Blanques I",
          "other_tags": "\"aerialway\"=>\"station\"",
          "State": "La Massana",
          "Country": "Andorra",
          "Ski Area": "Pal-Arinsal",
          "region": "europe/andorra"
        },
        "source": "OpenStreetMap",
        "source_confidence": "osm_as_mapped",
        "coordinate_space": "local_east_m, local_north_m",
        "aerialway": null
      }
    },
    {
      "type": "Feature",
      "geometry": {
        "type": "Point",
        "coordinates": [
          4526.622106238559,
          2068.670629767701
        ]
      },
      "properties": {
        "id": "lifts:nan:11544800849",
        "osm_type": null,
        "osm_id": "11544800849",
        "name": "Pedres Blanques I",
        "tags": {
          "name": "Pedres Blanques I",
          "other_tags": "\"aerialway\"=>\"station\"",
          "State": "La Massana",
          "Country": "Andorra",
          "Ski Area": "Pal-Arinsal",
          "region": "europe/andorra"
        },
        "source": "OpenStreetMap",
        "source_confidence": "osm_as_mapped",
        "coordinate_space": "local_east_m, local_north_m",
        "aerialway": null
      }
    },
    {
      "type": "Feature",
      "geometry": {
        "type": "Point",
        "coordinates": [
          4517.216520907183,
          1769.2944100992754
        ]
      },
      "properties": {
        "id": "lifts:nan:11544800850",
        "osm_type": null,
        "osm_id": "11544800850",
        "name": "el Planell II",
        "tags": {
          "name": "el Planell II",
          "other_tags": "\"aerialway\"=>\"station\"",
          "State": "La Massana",
          "Country": "Andorra",
          "Ski Area": "Pal-Arinsal",
          "region": "europe/andorra"
        },
        "source": "OpenStreetMap",
        "source_confidence": "osm_as_mapped",
        "coordinate_space": "local_east_m, local_north_m",
        "aerialway": null
      }
    },
    {
      "type": "Feature",
      "geometry": {
        "type": "Point",
        "coordinates": [
          4473.857425261987,
          1741.0864360872656
        ]
      },
      "properties": {
        "id": "lifts:nan:11544800851",
        "osm_type": null,
        "osm_id": "11544800851",
        "name": "el Planell II",
        "tags": {
          "name": "el Planell II",
          "other_tags": "\"aerialway\"=>\"station\"",
          "State": "La Massana",
          "Country": "Andorra",
          "Ski Area": "Pal-Arinsal",
          "region": "europe/andorra"
        },
        "source": "OpenStreetMap",
        "source_confidence": "osm_as_mapped",
        "coordinate_space": "local_east_m, local_north_m",
        "aerialway": null
      }
    },
    {
      "type": "Feature",
      "geometry": {
        "type": "Point",
        "coordinates": [
          975.0524157086038,
          5279.331544713117
        ]
      },
      "properties": {
        "id": "lifts:nan:12479038793",
        "osm_type": null,
        "osm_id": "12479038793",
        "name": null,
        "tags": {
          "other_tags": "\"aerialway\"=>\"pylon\"",
          "State": "La Massana",
          "Country": "Andorra",
          "Ski Area": "Pal-Arinsal",
          "region": "europe/andorra"
        },
        "source": "OpenStreetMap",
        "source_confidence": "osm_as_mapped",
        "coordinate_space": "local_east_m, local_north_m",
        "aerialway": null
      }
    },
    {
      "type": "Feature",
      "geometry": {
        "type": "Point",
        "coordinates": [
          1074.0510376896127,
          5315.173310351558
        ]
      },
      "properties": {
        "id": "lifts:nan:12479038794",
        "osm_type": null,
        "osm_id": "12479038794",
        "name": null,
        "tags": {
          "other_tags": "\"aerialway\"=>\"pylon\"",
          "State": "La Massana",
          "Country": "Andorra",
          "Ski Area": "Pal-Arinsal",
          "region": "europe/andorra"
        },
        "source": "OpenStreetMap",
        "source_confidence": "osm_as_mapped",
        "coordinate_space": "local_east_m, local_north_m",
        "aerialway": null
      }
    },
    {
      "type": "Feature",
      "geometry": {
        "type": "Point",
        "coordinates": [
          1196.1923266673693,
          5359.401470798068
        ]
      },
      "properties": {
        "id": "lifts:nan:12479038795",
        "osm_type": null,
        "osm_id": "12479038795",
        "name": null,
        "tags": {
          "other_tags": "\"aerialway\"=>\"pylon\"",
          "State": "La Massana",
          "Country": "Andorra",
          "Ski Area": "Pal-Arinsal",
          "region": "europe/andorra"
        },
        "source": "OpenStreetMap",
        "source_confidence": "osm_as_mapped",
        "coordinate_space": "local_east_m, local_north_m",
        "aerialway": null
      }
    },
    {
      "type": "Feature",
      "geometry": {
        "type": "Point",
        "coordinates": [
          1321.7206199080101,
          5404.847202890553
        ]
      },
      "properties": {
        "id": "lifts:nan:12479038796",
        "osm_type": null,
        "osm_id": "12479038796",
        "name": null,
        "tags": {
          "other_tags": "\"aerialway\"=>\"pylon\"",
          "State": "La Massana",
          "Country": "Andorra",
          "Ski Area": "Pal-Arinsal",
          "region": "europe/andorra"
        },
        "source": "OpenStreetMap",
        "source_confidence": "osm_as_mapped",
        "coordinate_space": "local_east_m, local_north_m",
        "aerialway": null
      }
    },
    {
      "type": "Feature",
      "geometry": {
        "type": "Point",
        "coordinates": [
          1490.226944479742,
          5465.861121687107
        ]
      },
      "properties": {
        "id": "lifts:nan:12479038797",
        "osm_type": null,
        "osm_id": "12479038797",
        "name": null,
        "tags": {
          "other_tags": "\"aerialway\"=>\"pylon\"",
          "State": "La Massana",
          "Country": "Andorra",
          "Ski Area": "Pal-Arinsal",
          "region": "europe/andorra"
        },
        "source": "OpenStreetMap",
        "source_confidence": "osm_as_mapped",
        "coordinate_space": "local_east_m, local_north_m",
        "aerialway": null
      }
    },
    {
      "type": "Feature",
      "geometry": {
        "type": "Point",
        "coordinates": [
          1654.0851755162003,
          5525.1976138316095
        ]
      },
      "properties": {
        "id": "lifts:nan:12479038798",
        "osm_type": null,
        "osm_id": "12479038798",
        "name": null,
        "tags": {
          "other_tags": "\"aerialway\"=>\"pylon\"",
          "State": "La Massana",
          "Country": "Andorra",
          "Ski Area": "Pal-Arinsal",
          "region": "europe/andorra"
        },
        "source": "OpenStreetMap",
        "source_confidence": "osm_as_mapped",
        "coordinate_space": "local_east_m, local_north_m",
        "aerialway": null
      }
    },
    {
      "type": "Feature",
      "geometry": {
        "type": "Point",
        "coordinates": [
          1822.329148481018,
          5586.124170272611
        ]
      },
      "properties": {
        "id": "lifts:nan:12479038799",
        "osm_type": null,
        "osm_id": "12479038799",
        "name": null,
        "tags": {
          "other_tags": "\"aerialway\"=>\"pylon\"",
          "State": "La Massana",
          "Country": "Andorra",
          "Ski Area": "Pal-Arinsal",
          "region": "europe/andorra"
        },
        "source": "OpenStreetMap",
        "source_confidence": "osm_as_mapped",
        "coordinate_space": "local_east_m, local_north_m",
        "aerialway": null
      }
    },
    {
      "type": "Feature",
      "geometry": {
        "type": "Point",
        "coordinates": [
          2137.071530153742,
          5700.108814544044
        ]
      },
      "properties": {
        "id": "lifts:nan:12479038800",
        "osm_type": null,
        "osm_id": "12479038800",
        "name": null,
        "tags": {
          "other_tags": "\"aerialway\"=>\"pylon\"",
          "State": "La Massana",
          "Country": "Andorra",
          "Ski Area": "Pal-Arinsal",
          "region": "europe/andorra"
        },
        "source": "OpenStreetMap",
        "source_confidence": "osm_as_mapped",
        "coordinate_space": "local_east_m, local_north_m",
        "aerialway": null
      }
    },
    {
      "type": "Feature",
      "geometry": {
        "type": "Point",
        "coordinates": [
          1993.6363036265248,
          5648.165300109424
        ]
      },
      "properties": {
        "id": "lifts:nan:12479042801",
        "osm_type": null,
        "osm_id": "12479042801",
        "name": null,
        "tags": {
          "other_tags": "\"aerialway\"=>\"pylon\"",
          "State": "La Massana",
          "Country": "Andorra",
          "Ski Area": "Pal-Arinsal",
          "region": "europe/andorra"
        },
        "source": "OpenStreetMap",
        "source_confidence": "osm_as_mapped",
        "coordinate_space": "local_east_m, local_north_m",
        "aerialway": null
      }
    },
    {
      "type": "Feature",
      "geometry": {
        "type": "Point",
        "coordinates": [
          2248.0934560157475,
          5738.20322793629
        ]
      },
      "properties": {
        "id": "lifts:nan:12479042802",
        "osm_type": null,
        "osm_id": "12479042802",
        "name": null,
        "tags": {
          "other_tags": "\"aerialway\"=>\"pylon\"",
          "State": "La Massana",
          "Country": "Andorra",
          "Ski Area": "Pal-Arinsal",
          "region": "europe/andorra"
        },
        "source": "OpenStreetMap",
        "source_confidence": "osm_as_mapped",
        "coordinate_space": "local_east_m, local_north_m",
        "aerialway": null
      }
    },
    {
      "type": "Feature",
      "geometry": {
        "type": "Point",
        "coordinates": [
          2290.4342426477815,
          5751.7972592413425
        ]
      },
      "properties": {
        "id": "lifts:nan:12479042807",
        "osm_type": null,
        "osm_id": "12479042807",
        "name": null,
        "tags": {
          "other_tags": "\"aerialway\"=>\"pylon\"",
          "State": "La Massana",
          "Country": "Andorra",
          "Ski Area": "Pal-Arinsal",
          "region": "europe/andorra"
        },
        "source": "OpenStreetMap",
        "source_confidence": "osm_as_mapped",
        "coordinate_space": "local_east_m, local_north_m",
        "aerialway": null
      }
    },
    {
      "type": "Feature",
      "geometry": {
        "type": "Point",
        "coordinates": [
          2953.79616873333,
          5959.148884637281
        ]
      },
      "properties": {
        "id": "lifts:node:323130873",
        "osm_type": "node",
        "osm_id": "323130873",
        "name": null,
        "tags": {
          "aerialway": "station",
          "public_transport": "station",
          "winter_sports_id": "987243867",
          "winter_sports_name": "Pal-Arinsal",
          "State": "La Massana",
          "Country": "Andorra",
          "Ski Area": "Pal-Arinsal",
          "region": "europe/andorra"
        },
        "source": "OpenStreetMap",
        "source_confidence": "osm_as_mapped",
        "coordinate_space": "local_east_m, local_north_m",
        "aerialway": "station"
      }
    },
    {
      "type": "Feature",
      "geometry": {
        "type": "Point",
        "coordinates": [
          2936.8061069917167,
          5979.40557354223
        ]
      },
      "properties": {
        "id": "lifts:node:521153185",
        "osm_type": "node",
        "osm_id": "521153185",
        "name": null,
        "tags": {
          "aerialway": "station",
          "aerialway:access": "exit",
          "public_transport": "station",
          "wheelchair": "no",
          "winter_sports_id": "987243867",
          "winter_sports_name": "Pal-Arinsal",
          "State": "La Massana",
          "Country": "Andorra",
          "Ski Area": "Pal-Arinsal",
          "region": "europe/andorra"
        },
        "source": "OpenStreetMap",
        "source_confidence": "osm_as_mapped",
        "coordinate_space": "local_east_m, local_north_m",
        "aerialway": "station"
      }
    },
    {
      "type": "Feature",
      "geometry": {
        "type": "Point",
        "coordinates": [
          3679.8504748278647,
          6373.932203849778
        ]
      },
      "properties": {
        "id": "lifts:node:521153188",
        "osm_type": "node",
        "osm_id": "521153188",
        "name": null,
        "tags": {
          "aerialway": "station",
          "aerialway:access": "entry",
          "public_transport": "station",
          "winter_sports_id": "987243867",
          "winter_sports_name": "Pal-Arinsal",
          "State": "La Massana",
          "Country": "Andorra",
          "Ski Area": "Pal-Arinsal",
          "region": "europe/andorra"
        },
        "source": "OpenStreetMap",
        "source_confidence": "osm_as_mapped",
        "coordinate_space": "local_east_m, local_north_m",
        "aerialway": "station"
      }
    },
    {
      "type": "Feature",
      "geometry": {
        "type": "Point",
        "coordinates": [
          4328.275987431873,
          1701.582709803246
        ]
      },
      "properties": {
        "id": "lifts:node:663075945",
        "osm_type": "node",
        "osm_id": "663075945",
        "name": null,
        "tags": {
          "aerialway": "station",
          "aerialway:access": "exit",
          "public_transport": "station",
          "winter_sports_id": "987243867",
          "winter_sports_name": "Pal-Arinsal",
          "State": "La Massana",
          "Country": "Andorra",
          "Ski Area": "Pal-Arinsal",
          "region": "europe/andorra"
        },
        "source": "OpenStreetMap",
        "source_confidence": "osm_as_mapped",
        "coordinate_space": "local_east_m, local_north_m",
        "aerialway": "station"
      }
    },
    {
      "type": "Feature",
      "geometry": {
        "type": "Point",
        "coordinates": [
          4443.453294585517,
          1857.6711878553033
        ]
      },
      "properties": {
        "id": "lifts:node:663075946",
        "osm_type": "node",
        "osm_id": "663075946",
        "name": null,
        "tags": {
          "aerialway": "station",
          "aerialway:access": "entry",
          "public_transport": "station",
          "winter_sports_id": "987243867",
          "winter_sports_name": "Pal-Arinsal",
          "State": "La Massana",
          "Country": "Andorra",
          "Ski Area": "Pal-Arinsal",
          "region": "europe/andorra"
        },
        "source": "OpenStreetMap",
        "source_confidence": "osm_as_mapped",
        "coordinate_space": "local_east_m, local_north_m",
        "aerialway": "station"
      }
    },
    {
      "type": "Feature",
      "geometry": {
        "type": "Point",
        "coordinates": [
          4413.357475688157,
          1865.2054220624268
        ]
      },
      "properties": {
        "id": "lifts:node:663078912",
        "osm_type": "node",
        "osm_id": "663078912",
        "name": "LA SERRA",
        "tags": {
          "name": "LA SERRA",
          "aerialway": "station",
          "aerialway:access": "entry",
          "public_transport": "station",
          "winter_sports_id": "987243867",
          "winter_sports_name": "Pal-Arinsal",
          "State": "La Massana",
          "Country": "Andorra",
          "Ski Area": "Pal-Arinsal",
          "region": "europe/andorra"
        },
        "source": "OpenStreetMap",
        "source_confidence": "osm_as_mapped",
        "coordinate_space": "local_east_m, local_north_m",
        "aerialway": "station"
      }
    },
    {
      "type": "Feature",
      "geometry": {
        "type": "Point",
        "coordinates": [
          4273.321922137926,
          1685.6680195285007
        ]
      },
      "properties": {
        "id": "lifts:node:663080312",
        "osm_type": "node",
        "osm_id": "663080312",
        "name": null,
        "tags": {
          "aerialway": "station",
          "aerialway:access": "exit",
          "public_transport": "station",
          "winter_sports_id": "987243867",
          "winter_sports_name": "Pal-Arinsal",
          "State": "La Massana",
          "Country": "Andorra",
          "Ski Area": "Pal-Arinsal",
          "region": "europe/andorra"
        },
        "source": "OpenStreetMap",
        "source_confidence": "osm_as_mapped",
        "coordinate_space": "local_east_m, local_north_m",
        "aerialway": "station"
      }
    },
    {
      "type": "Feature",
      "geometry": {
        "type": "Point",
        "coordinates": [
          3980.594392012863,
          1995.4178695231676
        ]
      },
      "properties": {
        "id": "lifts:node:663080313",
        "osm_type": "node",
        "osm_id": "663080313",
        "name": null,
        "tags": {
          "aerialway": "station",
          "aerialway:access": "entry",
          "public_transport": "station",
          "winter_sports_id": "987243867",
          "winter_sports_name": "Pal-Arinsal",
          "State": "La Massana",
          "Country": "Andorra",
          "Ski Area": "Pal-Arinsal",
          "region": "europe/andorra"
        },
        "source": "OpenStreetMap",
        "source_confidence": "osm_as_mapped",
        "coordinate_space": "local_east_m, local_north_m",
        "aerialway": "station"
      }
    },
    {
      "type": "Feature",
      "geometry": {
        "type": "Point",
        "coordinates": [
          3915.830207194842,
          1982.5362297557294
        ]
      },
      "properties": {
        "id": "lifts:node:663084328",
        "osm_type": "node",
        "osm_id": "663084328",
        "name": "LA SERRA 2",
        "tags": {
          "name": "LA SERRA 2",
          "aerialway": "station",
          "aerialway:access": "entry",
          "public_transport": "station",
          "winter_sports_id": "987243867",
          "winter_sports_name": "Pal-Arinsal",
          "State": "La Massana",
          "Country": "Andorra",
          "Ski Area": "Pal-Arinsal",
          "region": "europe/andorra"
        },
        "source": "OpenStreetMap",
        "source_confidence": "osm_as_mapped",
        "coordinate_space": "local_east_m, local_north_m",
        "aerialway": "station"
      }
    },
    {
      "type": "Feature",
      "geometry": {
        "type": "Point",
        "coordinates": [
          1376.396127261396,
          1746.8443057034165
        ]
      },
      "properties": {
        "id": "lifts:node:663092389",
        "osm_type": "node",
        "osm_id": "663092389",
        "name": null,
        "tags": {
          "aerialway": "station",
          "aerialway:access": "exit",
          "public_transport": "station",
          "winter_sports_id": "987243867",
          "winter_sports_name": "Pal-Arinsal",
          "State": "La Massana",
          "Country": "Andorra",
          "Ski Area": "Pal-Arinsal",
          "region": "europe/andorra"
        },
        "source": "OpenStreetMap",
        "source_confidence": "osm_as_mapped",
        "coordinate_space": "local_east_m, local_north_m",
        "aerialway": "station"
      }
    },
    {
      "type": "Feature",
      "geometry": {
        "type": "Point",
        "coordinates": [
          1356.1892436911585,
          2806.571468268521
        ]
      },
      "properties": {
        "id": "lifts:node:663092390",
        "osm_type": "node",
        "osm_id": "663092390",
        "name": null,
        "tags": {
          "aerialway": "station",
          "aerialway:access": "entry",
          "public_transport": "station",
          "winter_sports_id": "987243867",
          "winter_sports_name": "Pal-Arinsal",
          "State": "La Massana",
          "Country": "Andorra",
          "Ski Area": "Pal-Arinsal",
          "region": "europe/andorra"
        },
        "source": "OpenStreetMap",
        "source_confidence": "osm_as_mapped",
        "coordinate_space": "local_east_m, local_north_m",
        "aerialway": "station"
      }
    },
    {
      "type": "Feature",
      "geometry": {
        "type": "Point",
        "coordinates": [
          1322.8983258974622,
          2192.862894131802
        ]
      },
      "properties": {
        "id": "lifts:node:663093429",
        "osm_type": "node",
        "osm_id": "663093429",
        "name": null,
        "tags": {
          "aerialway": "station",
          "aerialway:access": "exit",
          "public_transport": "station",
          "winter_sports_id": "987243867",
          "winter_sports_name": "Pal-Arinsal",
          "State": "La Massana",
          "Country": "Andorra",
          "Ski Area": "Pal-Arinsal",
          "region": "europe/andorra"
        },
        "source": "OpenStreetMap",
        "source_confidence": "osm_as_mapped",
        "coordinate_space": "local_east_m, local_north_m",
        "aerialway": "station"
      }
    },
    {
      "type": "Feature",
      "geometry": {
        "type": "Point",
        "coordinates": [
          797.437016266922,
          3022.8106177179143
        ]
      },
      "properties": {
        "id": "lifts:node:663093430",
        "osm_type": "node",
        "osm_id": "663093430",
        "name": null,
        "tags": {
          "aerialway": "station",
          "aerialway:access": "entry",
          "public_transport": "station",
          "winter_sports_id": "987243867",
          "winter_sports_name": "Pal-Arinsal",
          "State": "La Massana",
          "Country": "Andorra",
          "Ski Area": "Pal-Arinsal",
          "region": "europe/andorra"
        },
        "source": "OpenStreetMap",
        "source_confidence": "osm_as_mapped",
        "coordinate_space": "local_east_m, local_north_m",
        "aerialway": "station"
      }
    },
    {
      "type": "Feature",
      "geometry": {
        "type": "Point",
        "coordinates": [
          2684.907543373818,
          1609.6865936955437
        ]
      },
      "properties": {
        "id": "lifts:node:663095052",
        "osm_type": "node",
        "osm_id": "663095052",
        "name": "EL CUBIL",
        "tags": {
          "name": "EL CUBIL",
          "aerialway": "station",
          "aerialway:access": "entry",
          "public_transport": "station",
          "winter_sports_id": "987243867",
          "winter_sports_name": "Pal-Arinsal",
          "State": "La Massana",
          "Country": "Andorra",
          "Ski Area": "Pal-Arinsal",
          "region": "europe/andorra"
        },
        "source": "OpenStreetMap",
        "source_confidence": "osm_as_mapped",
        "coordinate_space": "local_east_m, local_north_m",
        "aerialway": "station"
      }
    },
    {
      "type": "Feature",
      "geometry": {
        "type": "Point",
        "coordinates": [
          1288.9369205987314,
          5649.11316825822
        ]
      },
      "properties": {
        "id": "lifts:node:663372539",
        "osm_type": "node",
        "osm_id": "663372539",
        "name": null,
        "tags": {
          "aerialway": "station",
          "aerialway:access": "exit",
          "public_transport": "station",
          "winter_sports_id": "987243867",
          "winter_sports_name": "Pal-Arinsal",
          "State": "La Massana",
          "Country": "Andorra",
          "Ski Area": "Pal-Arinsal",
          "region": "europe/andorra"
        },
        "source": "OpenStreetMap",
        "source_confidence": "osm_as_mapped",
        "coordinate_space": "local_east_m, local_north_m",
        "aerialway": "station"
      }
    },
    {
      "type": "Feature",
      "geometry": {
        "type": "Point",
        "coordinates": [
          2932.284704492311,
          5884.5141519205645
        ]
      },
      "properties": {
        "id": "lifts:node:663372540",
        "osm_type": "node",
        "osm_id": "663372540",
        "name": null,
        "tags": {
          "aerialway": "station",
          "aerialway:access": "entry",
          "public_transport": "station",
          "winter_sports_id": "987243867",
          "winter_sports_name": "Pal-Arinsal",
          "State": "La Massana",
          "Country": "Andorra",
          "Ski Area": "Pal-Arinsal",
          "region": "europe/andorra"
        },
        "source": "OpenStreetMap",
        "source_confidence": "osm_as_mapped",
        "coordinate_space": "local_east_m, local_north_m",
        "aerialway": "station"
      }
    },
    {
      "type": "Feature",
      "geometry": {
        "type": "Point",
        "coordinates": [
          2513.350062675425,
          5928.037530743517
        ]
      },
      "properties": {
        "id": "lifts:node:663373401",
        "osm_type": "node",
        "osm_id": "663373401",
        "name": null,
        "tags": {
          "aerialway": "station",
          "aerialway:access": "exit",
          "public_transport": "station",
          "winter_sports_id": "987243867",
          "winter_sports_name": "Pal-Arinsal",
          "State": "La Massana",
          "Country": "Andorra",
          "Ski Area": "Pal-Arinsal",
          "region": "europe/andorra"
        },
        "source": "OpenStreetMap",
        "source_confidence": "osm_as_mapped",
        "coordinate_space": "local_east_m, local_north_m",
        "aerialway": "station"
      }
    },
    {
      "type": "Feature",
      "geometry": {
        "type": "Point",
        "coordinates": [
          2887.0371998025803,
          6127.085166724399
        ]
      },
      "properties": {
        "id": "lifts:node:663373402",
        "osm_type": "node",
        "osm_id": "663373402",
        "name": null,
        "tags": {
          "aerialway": "station",
          "aerialway:access": "entry",
          "public_transport": "station",
          "winter_sports_id": "987243867",
          "winter_sports_name": "Pal-Arinsal",
          "State": "La Massana",
          "Country": "Andorra",
          "Ski Area": "Pal-Arinsal",
          "region": "europe/andorra"
        },
        "source": "OpenStreetMap",
        "source_confidence": "osm_as_mapped",
        "coordinate_space": "local_east_m, local_north_m",
        "aerialway": "station"
      }
    },
    {
      "type": "Feature",
      "geometry": {
        "type": "Point",
        "coordinates": [
          2777.9937230928917,
          1601.9958120267838
        ]
      },
      "properties": {
        "id": "lifts:node:664085283",
        "osm_type": "node",
        "osm_id": "664085283",
        "name": "La Sierra",
        "tags": {
          "name": "La Sierra",
          "aerialway": "station",
          "aerialway:access": "entry",
          "public_transport": "station",
          "winter_sports_id": "987243867",
          "winter_sports_name": "Pal-Arinsal",
          "State": "La Massana",
          "Country": "Andorra",
          "Ski Area": "Pal-Arinsal",
          "region": "europe/andorra"
        },
        "source": "OpenStreetMap",
        "source_confidence": "osm_as_mapped",
        "coordinate_space": "local_east_m, local_north_m",
        "aerialway": "station"
      }
    },
    {
      "type": "Feature",
      "geometry": {
        "type": "Point",
        "coordinates": [
          3082.228621129354,
          1230.9936230815947
        ]
      },
      "properties": {
        "id": "lifts:node:664085288",
        "osm_type": "node",
        "osm_id": "664085288",
        "name": "LA SERRA",
        "tags": {
          "name": "LA SERRA",
          "aerialway": "station",
          "aerialway:access": "exit",
          "public_transport": "station",
          "winter_sports_id": "987243867",
          "winter_sports_name": "Pal-Arinsal",
          "State": "La Massana",
          "Country": "Andorra",
          "Ski Area": "Pal-Arinsal",
          "region": "europe/andorra"
        },
        "source": "OpenStreetMap",
        "source_confidence": "osm_as_mapped",
        "coordinate_space": "local_east_m, local_north_m",
        "aerialway": "station"
      }
    },
    {
      "type": "Feature",
      "geometry": {
        "type": "Point",
        "coordinates": [
          1568.3831866810215,
          904.1350599601865
        ]
      },
      "properties": {
        "id": "lifts:node:664115752",
        "osm_type": "node",
        "osm_id": "664115752",
        "name": null,
        "tags": {
          "aerialway": "station",
          "aerialway:access": "exit",
          "public_transport": "station",
          "winter_sports_id": "987243867",
          "winter_sports_name": "Pal-Arinsal",
          "State": "La Massana",
          "Country": "Andorra",
          "Ski Area": "Pal-Arinsal",
          "region": "europe/andorra"
        },
        "source": "OpenStreetMap",
        "source_confidence": "osm_as_mapped",
        "coordinate_space": "local_east_m, local_north_m",
        "aerialway": "station"
      }
    },
    {
      "type": "Feature",
      "geometry": {
        "type": "Point",
        "coordinates": [
          1668.7986649617087,
          787.2495006592944
        ]
      },
      "properties": {
        "id": "lifts:node:664115755",
        "osm_type": "node",
        "osm_id": "664115755",
        "name": null,
        "tags": {
          "aerialway": "station",
          "aerialway:access": "exit",
          "public_transport": "station",
          "winter_sports_id": "987243867",
          "winter_sports_name": "Pal-Arinsal",
          "State": "La Massana",
          "Country": "Andorra",
          "Ski Area": "Pal-Arinsal",
          "region": "europe/andorra"
        },
        "source": "OpenStreetMap",
        "source_confidence": "osm_as_mapped",
        "coordinate_space": "local_east_m, local_north_m",
        "aerialway": "station"
      }
    },
    {
      "type": "Feature",
      "geometry": {
        "type": "Point",
        "coordinates": [
          1957.3114524931298,
          1200.681529218331
        ]
      },
      "properties": {
        "id": "lifts:node:664115810",
        "osm_type": "node",
        "osm_id": "664115810",
        "name": null,
        "tags": {
          "aerialway": "station",
          "aerialway:access": "entry",
          "public_transport": "station",
          "winter_sports_id": "987243867",
          "winter_sports_name": "Pal-Arinsal",
          "State": "La Massana",
          "Country": "Andorra",
          "Ski Area": "Pal-Arinsal",
          "region": "europe/andorra"
        },
        "source": "OpenStreetMap",
        "source_confidence": "osm_as_mapped",
        "coordinate_space": "local_east_m, local_north_m",
        "aerialway": "station"
      }
    },
    {
      "type": "Feature",
      "geometry": {
        "type": "Point",
        "coordinates": [
          2608.684056859871,
          1330.0345052341
        ]
      },
      "properties": {
        "id": "lifts:node:664115932",
        "osm_type": "node",
        "osm_id": "664115932",
        "name": null,
        "tags": {
          "aerialway": "station",
          "aerialway:access": "entry",
          "public_transport": "station",
          "winter_sports_id": "987243867",
          "winter_sports_name": "Pal-Arinsal",
          "State": "La Massana",
          "Country": "Andorra",
          "Ski Area": "Pal-Arinsal",
          "region": "europe/andorra"
        },
        "source": "OpenStreetMap",
        "source_confidence": "osm_as_mapped",
        "coordinate_space": "local_east_m, local_north_m",
        "aerialway": "station"
      }
    },
    {
      "type": "Feature",
      "geometry": {
        "type": "Point",
        "coordinates": [
          745.2232704876806,
          5210.6250141514465
        ]
      },
      "properties": {
        "id": "lifts:node:664116091",
        "osm_type": "node",
        "osm_id": "664116091",
        "name": null,
        "tags": {
          "aerialway": "station",
          "aerialway:access": "both",
          "public_transport": "station",
          "winter_sports_id": "987243867",
          "winter_sports_name": "Pal-Arinsal",
          "State": "La Massana",
          "Country": "Andorra",
          "Ski Area": "Pal-Arinsal",
          "region": "europe/andorra"
        },
        "source": "OpenStreetMap",
        "source_confidence": "osm_as_mapped",
        "coordinate_space": "local_east_m, local_north_m",
        "aerialway": "station"
      }
    },
    {
      "type": "Feature",
      "geometry": {
        "type": "Point",
        "coordinates": [
          1080.9342728370684,
          3911.6889530634508
        ]
      },
      "properties": {
        "id": "lifts:node:664192679",
        "osm_type": "node",
        "osm_id": "664192679",
        "name": null,
        "tags": {
          "aerialway": "pylon",
          "winter_sports_id": "987243867",
          "winter_sports_name": "Pal-Arinsal",
          "State": "La Massana",
          "Country": "Andorra",
          "Ski Area": "Pal-Arinsal",
          "region": "europe/andorra"
        },
        "source": "OpenStreetMap",
        "source_confidence": "osm_as_mapped",
        "coordinate_space": "local_east_m, local_north_m",
        "aerialway": "pylon"
      }
    },
    {
      "type": "Feature",
      "geometry": {
        "type": "Point",
        "coordinates": [
          757.0601452128612,
          5164.842223659158
        ]
      },
      "properties": {
        "id": "lifts:node:664192680",
        "osm_type": "node",
        "osm_id": "664192680",
        "name": null,
        "tags": {
          "aerialway": "pylon",
          "winter_sports_id": "987243867",
          "winter_sports_name": "Pal-Arinsal",
          "State": "La Massana",
          "Country": "Andorra",
          "Ski Area": "Pal-Arinsal",
          "region": "europe/andorra"
        },
        "source": "OpenStreetMap",
        "source_confidence": "osm_as_mapped",
        "coordinate_space": "local_east_m, local_north_m",
        "aerialway": "pylon"
      }
    },
    {
      "type": "Feature",
      "geometry": {
        "type": "Point",
        "coordinates": [
          1342.2318774070009,
          2900.866815404035
        ]
      },
      "properties": {
        "id": "lifts:node:664192681",
        "osm_type": "node",
        "osm_id": "664192681",
        "name": null,
        "tags": {
          "aerialway": "station",
          "aerialway:access": "both",
          "public_transport": "station",
          "winter_sports_id": "987243867",
          "winter_sports_name": "Pal-Arinsal",
          "State": "La Massana",
          "Country": "Andorra",
          "Ski Area": "Pal-Arinsal",
          "region": "europe/andorra"
        },
        "source": "OpenStreetMap",
        "source_confidence": "osm_as_mapped",
        "coordinate_space": "local_east_m, local_north_m",
        "aerialway": "station"
      }
    },
    {
      "type": "Feature",
      "geometry": {
        "type": "Point",
        "coordinates": [
          1103.9946236434625,
          5076.623363727704
        ]
      },
      "properties": {
        "id": "lifts:node:664195007",
        "osm_type": "node",
        "osm_id": "664195007",
        "name": null,
        "tags": {
          "aerialway": "station",
          "aerialway:access": "entry",
          "public_transport": "station",
          "winter_sports_id": "987243867",
          "winter_sports_name": "Pal-Arinsal",
          "State": "La Massana",
          "Country": "Andorra",
          "Ski Area": "Pal-Arinsal",
          "region": "europe/andorra"
        },
        "source": "OpenStreetMap",
        "source_confidence": "osm_as_mapped",
        "coordinate_space": "local_east_m, local_north_m",
        "aerialway": "station"
      }
    },
    {
      "type": "Feature",
      "geometry": {
        "type": "Point",
        "coordinates": [
          1468.8118424583226,
          4913.2718079108745
        ]
      },
      "properties": {
        "id": "lifts:node:664195008",
        "osm_type": "node",
        "osm_id": "664195008",
        "name": null,
        "tags": {
          "aerialway": "station",
          "aerialway:access": "exit",
          "public_transport": "station",
          "winter_sports_id": "987243867",
          "winter_sports_name": "Pal-Arinsal",
          "State": "La Massana",
          "Country": "Andorra",
          "Ski Area": "Pal-Arinsal",
          "region": "europe/andorra"
        },
        "source": "OpenStreetMap",
        "source_confidence": "osm_as_mapped",
        "coordinate_space": "local_east_m, local_north_m",
        "aerialway": "station"
      }
    },
    {
      "type": "Feature",
      "geometry": {
        "type": "Point",
        "coordinates": [
          3006.6024999028305,
          6016.456867220812
        ]
      },
      "properties": {
        "id": "lifts:node:664225476",
        "osm_type": "node",
        "osm_id": "664225476",
        "name": null,
        "tags": {
          "aerialway": "pylon",
          "winter_sports_id": "987243867",
          "winter_sports_name": "Pal-Arinsal",
          "State": "La Massana",
          "Country": "Andorra",
          "Ski Area": "Pal-Arinsal",
          "region": "europe/andorra"
        },
        "source": "OpenStreetMap",
        "source_confidence": "osm_as_mapped",
        "coordinate_space": "local_east_m, local_north_m",
        "aerialway": "pylon"
      }
    },
    {
      "type": "Feature",
      "geometry": {
        "type": "Point",
        "coordinates": [
          2967.09556368395,
          5995.487280073576
        ]
      },
      "properties": {
        "id": "lifts:node:664225514",
        "osm_type": "node",
        "osm_id": "664225514",
        "name": null,
        "tags": {
          "aerialway": "pylon",
          "winter_sports_id": "987243867",
          "winter_sports_name": "Pal-Arinsal",
          "State": "La Massana",
          "Country": "Andorra",
          "Ski Area": "Pal-Arinsal",
          "region": "europe/andorra"
        },
        "source": "OpenStreetMap",
        "source_confidence": "osm_as_mapped",
        "coordinate_space": "local_east_m, local_north_m",
        "aerialway": "pylon"
      }
    },
    {
      "type": "Feature",
      "geometry": {
        "type": "Point",
        "coordinates": [
          3206.2725696732523,
          6122.469217138365
        ]
      },
      "properties": {
        "id": "lifts:node:664225516",
        "osm_type": "node",
        "osm_id": "664225516",
        "name": null,
        "tags": {
          "aerialway": "pylon",
          "winter_sports_id": "987243867",
          "winter_sports_name": "Pal-Arinsal",
          "State": "La Massana",
          "Country": "Andorra",
          "Ski Area": "Pal-Arinsal",
          "region": "europe/andorra"
        },
        "source": "OpenStreetMap",
        "source_confidence": "osm_as_mapped",
        "coordinate_space": "local_east_m, local_north_m",
        "aerialway": "pylon"
      }
    },
    {
      "type": "Feature",
      "geometry": {
        "type": "Point",
        "coordinates": [
          3090.962339844089,
          6061.2438716245815
        ]
      },
      "properties": {
        "id": "lifts:node:664225519",
        "osm_type": "node",
        "osm_id": "664225519",
        "name": null,
        "tags": {
          "aerialway": "pylon",
          "winter_sports_id": "987243867",
          "winter_sports_name": "Pal-Arinsal",
          "State": "La Massana",
          "Country": "Andorra",
          "Ski Area": "Pal-Arinsal",
          "region": "europe/andorra"
        },
        "source": "OpenStreetMap",
        "source_confidence": "osm_as_mapped",
        "coordinate_space": "local_east_m, local_north_m",
        "aerialway": "pylon"
      }
    },
    {
      "type": "Feature",
      "geometry": {
        "type": "Point",
        "coordinates": [
          3431.042986596003,
          6241.809353848919
        ]
      },
      "properties": {
        "id": "lifts:node:664225521",
        "osm_type": "node",
        "osm_id": "664225521",
        "name": null,
        "tags": {
          "aerialway": "pylon",
          "winter_sports_id": "987243867",
          "winter_sports_name": "Pal-Arinsal",
          "State": "La Massana",
          "Country": "Andorra",
          "Ski Area": "Pal-Arinsal",
          "region": "europe/andorra"
        },
        "source": "OpenStreetMap",
        "source_confidence": "osm_as_mapped",
        "coordinate_space": "local_east_m, local_north_m",
        "aerialway": "pylon"
      }
    },
    {
      "type": "Feature",
      "geometry": {
        "type": "Point",
        "coordinates": [
          3340.0400459611556,
          6193.494561214931
        ]
      },
      "properties": {
        "id": "lifts:node:664225523",
        "osm_type": "node",
        "osm_id": "664225523",
        "name": null,
        "tags": {
          "aerialway": "pylon",
          "winter_sports_id": "987243867",
          "winter_sports_name": "Pal-Arinsal",
          "State": "La Massana",
          "Country": "Andorra",
          "Ski Area": "Pal-Arinsal",
          "region": "europe/andorra"
        },
        "source": "OpenStreetMap",
        "source_confidence": "osm_as_mapped",
        "coordinate_space": "local_east_m, local_north_m",
        "aerialway": "pylon"
      }
    },
    {
      "type": "Feature",
      "geometry": {
        "type": "Point",
        "coordinates": [
          3277.2844633844797,
          6160.167695884593
        ]
      },
      "properties": {
        "id": "lifts:node:664225525",
        "osm_type": "node",
        "osm_id": "664225525",
        "name": null,
        "tags": {
          "aerialway": "pylon",
          "winter_sports_id": "987243867",
          "winter_sports_name": "Pal-Arinsal",
          "State": "La Massana",
          "Country": "Andorra",
          "Ski Area": "Pal-Arinsal",
          "region": "europe/andorra"
        },
        "source": "OpenStreetMap",
        "source_confidence": "osm_as_mapped",
        "coordinate_space": "local_east_m, local_north_m",
        "aerialway": "pylon"
      }
    },
    {
      "type": "Feature",
      "geometry": {
        "type": "Point",
        "coordinates": [
          3591.627689405752,
          6327.086117466912
        ]
      },
      "properties": {
        "id": "lifts:node:664225527",
        "osm_type": "node",
        "osm_id": "664225527",
        "name": null,
        "tags": {
          "aerialway": "pylon",
          "winter_sports_id": "987243867",
          "winter_sports_name": "Pal-Arinsal",
          "State": "La Massana",
          "Country": "Andorra",
          "Ski Area": "Pal-Arinsal",
          "region": "europe/andorra"
        },
        "source": "OpenStreetMap",
        "source_confidence": "osm_as_mapped",
        "coordinate_space": "local_east_m, local_north_m",
        "aerialway": "pylon"
      }
    },
    {
      "type": "Feature",
      "geometry": {
        "type": "Point",
        "coordinates": [
          3529.446633365995,
          6294.068872031756
        ]
      },
      "properties": {
        "id": "lifts:node:664225529",
        "osm_type": "node",
        "osm_id": "664225529",
        "name": null,
        "tags": {
          "aerialway": "pylon",
          "winter_sports_id": "987243867",
          "winter_sports_name": "Pal-Arinsal",
          "State": "La Massana",
          "Country": "Andorra",
          "Ski Area": "Pal-Arinsal",
          "region": "europe/andorra"
        },
        "source": "OpenStreetMap",
        "source_confidence": "osm_as_mapped",
        "coordinate_space": "local_east_m, local_north_m",
        "aerialway": "pylon"
      }
    },
    {
      "type": "Feature",
      "geometry": {
        "type": "Point",
        "coordinates": [
          3656.90799188253,
          6361.747756538913
        ]
      },
      "properties": {
        "id": "lifts:node:664225531",
        "osm_type": "node",
        "osm_id": "664225531",
        "name": null,
        "tags": {
          "aerialway": "pylon",
          "winter_sports_id": "987243867",
          "winter_sports_name": "Pal-Arinsal",
          "State": "La Massana",
          "Country": "Andorra",
          "Ski Area": "Pal-Arinsal",
          "region": "europe/andorra"
        },
        "source": "OpenStreetMap",
        "source_confidence": "osm_as_mapped",
        "coordinate_space": "local_east_m, local_north_m",
        "aerialway": "pylon"
      }
    },
    {
      "type": "Feature",
      "geometry": {
        "type": "Point",
        "coordinates": [
          2532.4252452161163,
          5938.188982440159
        ]
      },
      "properties": {
        "id": "lifts:node:664236924",
        "osm_type": "node",
        "osm_id": "664236924",
        "name": null,
        "tags": {
          "aerialway": "pylon",
          "winter_sports_id": "987243867",
          "winter_sports_name": "Pal-Arinsal",
          "State": "La Massana",
          "Country": "Andorra",
          "Ski Area": "Pal-Arinsal",
          "region": "europe/andorra"
        },
        "source": "OpenStreetMap",
        "source_confidence": "osm_as_mapped",
        "coordinate_space": "local_east_m, local_north_m",
        "aerialway": "pylon"
      }
    },
    {
      "type": "Feature",
      "geometry": {
        "type": "Point",
        "coordinates": [
          2620.854269898846,
          5985.296042986214
        ]
      },
      "properties": {
        "id": "lifts:node:664236925",
        "osm_type": "node",
        "osm_id": "664236925",
        "name": null,
        "tags": {
          "aerialway": "pylon",
          "winter_sports_id": "987243867",
          "winter_sports_name": "Pal-Arinsal",
          "State": "La Massana",
          "Country": "Andorra",
          "Ski Area": "Pal-Arinsal",
          "region": "europe/andorra"
        },
        "source": "OpenStreetMap",
        "source_confidence": "osm_as_mapped",
        "coordinate_space": "local_east_m, local_north_m",
        "aerialway": "pylon"
      }
    },
    {
      "type": "Feature",
      "geometry": {
        "type": "Point",
        "coordinates": [
          2773.9998698317795,
          6066.868055766448
        ]
      },
      "properties": {
        "id": "lifts:node:664236926",
        "osm_type": "node",
        "osm_id": "664236926",
        "name": null,
        "tags": {
          "aerialway": "pylon",
          "winter_sports_id": "987243867",
          "winter_sports_name": "Pal-Arinsal",
          "State": "La Massana",
          "Country": "Andorra",
          "Ski Area": "Pal-Arinsal",
          "region": "europe/andorra"
        },
        "source": "OpenStreetMap",
        "source_confidence": "osm_as_mapped",
        "coordinate_space": "local_east_m, local_north_m",
        "aerialway": "pylon"
      }
    },
    {
      "type": "Feature",
      "geometry": {
        "type": "Point",
        "coordinates": [
          2716.054654056381,
          6036.002856872976
        ]
      },
      "properties": {
        "id": "lifts:node:664236927",
        "osm_type": "node",
        "osm_id": "664236927",
        "name": null,
        "tags": {
          "aerialway": "pylon",
          "winter_sports_id": "987243867",
          "winter_sports_name": "Pal-Arinsal",
          "State": "La Massana",
          "Country": "Andorra",
          "Ski Area": "Pal-Arinsal",
          "region": "europe/andorra"
        },
        "source": "OpenStreetMap",
        "source_confidence": "osm_as_mapped",
        "coordinate_space": "local_east_m, local_north_m",
        "aerialway": "pylon"
      }
    },
    {
      "type": "Feature",
      "geometry": {
        "type": "Point",
        "coordinates": [
          2839.579384658311,
          6101.805660936981
        ]
      },
      "properties": {
        "id": "lifts:node:664236928",
        "osm_type": "node",
        "osm_id": "664236928",
        "name": null,
        "tags": {
          "aerialway": "pylon",
          "winter_sports_id": "987243867",
          "winter_sports_name": "Pal-Arinsal",
          "State": "La Massana",
          "Country": "Andorra",
          "Ski Area": "Pal-Arinsal",
          "region": "europe/andorra"
        },
        "source": "OpenStreetMap",
        "source_confidence": "osm_as_mapped",
        "coordinate_space": "local_east_m, local_north_m",
        "aerialway": "pylon"
      }
    },
    {
      "type": "Feature",
      "geometry": {
        "type": "Point",
        "coordinates": [
          1271.4306757985032,
          5561.068818490021
        ]
      },
      "properties": {
        "id": "lifts:node:668878457",
        "osm_type": "node",
        "osm_id": "668878457",
        "name": null,
        "tags": {
          "aerialway": "station",
          "aerialway:access": "exit",
          "public_transport": "station",
          "winter_sports_id": "987243867",
          "winter_sports_name": "Pal-Arinsal",
          "State": "La Massana",
          "Country": "Andorra",
          "Ski Area": "Pal-Arinsal",
          "region": "europe/andorra"
        },
        "source": "OpenStreetMap",
        "source_confidence": "osm_as_mapped",
        "coordinate_space": "local_east_m, local_north_m",
        "aerialway": "station"
      }
    },
    {
      "type": "Feature",
      "geometry": {
        "type": "Point",
        "coordinates": [
          1956.80866138055,
          5529.279785505496
        ]
      },
      "properties": {
        "id": "lifts:node:668878558",
        "osm_type": "node",
        "osm_id": "668878558",
        "name": null,
        "tags": {
          "aerialway": "station",
          "aerialway:access": "exit",
          "public_transport": "station",
          "winter_sports_id": "987243867",
          "winter_sports_name": "Pal-Arinsal",
          "State": "La Massana",
          "Country": "Andorra",
          "Ski Area": "Pal-Arinsal",
          "region": "europe/andorra"
        },
        "source": "OpenStreetMap",
        "source_confidence": "osm_as_mapped",
        "coordinate_space": "local_east_m, local_north_m",
        "aerialway": "station"
      }
    },
    {
      "type": "Feature",
      "geometry": {
        "type": "Point",
        "coordinates": [
          1728.3058704584837,
          5626.382440948859
        ]
      },
      "properties": {
        "id": "lifts:node:668878595",
        "osm_type": "node",
        "osm_id": "668878595",
        "name": null,
        "tags": {
          "aerialway": "station",
          "aerialway:access": "entry",
          "public_transport": "station",
          "winter_sports_id": "987243867",
          "winter_sports_name": "Pal-Arinsal",
          "State": "La Massana",
          "Country": "Andorra",
          "Ski Area": "Pal-Arinsal",
          "region": "europe/andorra"
        },
        "source": "OpenStreetMap",
        "source_confidence": "osm_as_mapped",
        "coordinate_space": "local_east_m, local_north_m",
        "aerialway": "station"
      }
    },
    {
      "type": "Feature",
      "geometry": {
        "type": "Point",
        "coordinates": [
          2927.1105555498507,
          5868.956473847851
        ]
      },
      "properties": {
        "id": "lifts:node:668878850",
        "osm_type": "node",
        "osm_id": "668878850",
        "name": null,
        "tags": {
          "aerialway": "station",
          "aerialway:access": "entry",
          "public_transport": "station",
          "winter_sports_id": "987243867",
          "winter_sports_name": "Pal-Arinsal",
          "State": "La Massana",
          "Country": "Andorra",
          "Ski Area": "Pal-Arinsal",
          "region": "europe/andorra"
        },
        "source": "OpenStreetMap",
        "source_confidence": "osm_as_mapped",
        "coordinate_space": "local_east_m, local_north_m",
        "aerialway": "station"
      }
    },
    {
      "type": "Feature",
      "geometry": {
        "type": "Point",
        "coordinates": [
          1305.9958430375555,
          1640.8602473167703
        ]
      },
      "properties": {
        "id": "lifts:node:1134180054",
        "osm_type": "node",
        "osm_id": "1134180054",
        "name": null,
        "tags": {
          "aerialway": "station",
          "aerialway:access": "exit",
          "public_transport": "station",
          "winter_sports_id": "987243867",
          "winter_sports_name": "Pal-Arinsal",
          "State": "La Massana",
          "Country": "Andorra",
          "Ski Area": "Pal-Arinsal",
          "region": "europe/andorra"
        },
        "source": "OpenStreetMap",
        "source_confidence": "osm_as_mapped",
        "coordinate_space": "local_east_m, local_north_m",
        "aerialway": "station"
      }
    },
    {
      "type": "Feature",
      "geometry": {
        "type": "Point",
        "coordinates": [
          4520.294432315626,
          1767.7622660780326
        ]
      },
      "properties": {
        "id": "lifts:node:1134181578",
        "osm_type": "node",
        "osm_id": "1134181578",
        "name": "el Planell I",
        "tags": {
          "name": "el Planell I",
          "aerialway": "station",
          "name:ca": "el Planell I",
          "winter_sports_id": "987243867",
          "winter_sports_name": "Pal-Arinsal",
          "State": "La Massana",
          "Country": "Andorra",
          "Ski Area": "Pal-Arinsal",
          "region": "europe/andorra"
        },
        "source": "OpenStreetMap",
        "source_confidence": "osm_as_mapped",
        "coordinate_space": "local_east_m, local_north_m",
        "aerialway": "station"
      }
    },
    {
      "type": "Feature",
      "geometry": {
        "type": "Point",
        "coordinates": [
          1469.4437262695865,
          1311.624098168686
        ]
      },
      "properties": {
        "id": "lifts:node:1134181653",
        "osm_type": "node",
        "osm_id": "1134181653",
        "name": null,
        "tags": {
          "aerialway": "station",
          "aerialway:access": "entry",
          "public_transport": "station",
          "winter_sports_id": "987243867",
          "winter_sports_name": "Pal-Arinsal",
          "State": "La Massana",
          "Country": "Andorra",
          "Ski Area": "Pal-Arinsal",
          "region": "europe/andorra"
        },
        "source": "OpenStreetMap",
        "source_confidence": "osm_as_mapped",
        "coordinate_space": "local_east_m, local_north_m",
        "aerialway": "station"
      }
    },
    {
      "type": "Feature",
      "geometry": {
        "type": "Point",
        "coordinates": [
          4402.715128367825,
          1688.9033929565921
        ]
      },
      "properties": {
        "id": "lifts:node:1134182416",
        "osm_type": "node",
        "osm_id": "1134182416",
        "name": "el Planell I",
        "tags": {
          "name": "el Planell I",
          "aerialway": "station",
          "name:ca": "el Planell I",
          "winter_sports_id": "987243867",
          "winter_sports_name": "Pal-Arinsal",
          "State": "La Massana",
          "Country": "Andorra",
          "Ski Area": "Pal-Arinsal",
          "region": "europe/andorra"
        },
        "source": "OpenStreetMap",
        "source_confidence": "osm_as_mapped",
        "coordinate_space": "local_east_m, local_north_m",
        "aerialway": "station"
      }
    },
    {
      "type": "Feature",
      "geometry": {
        "type": "Point",
        "coordinates": [
          3129.6266364234616,
          1225.6636577714235
        ]
      },
      "properties": {
        "id": "lifts:node:2340797296",
        "osm_type": "node",
        "osm_id": "2340797296",
        "name": "LA SERRA 2",
        "tags": {
          "name": "LA SERRA 2",
          "aerialway": "station",
          "aerialway:access": "exit",
          "public_transport": "station",
          "winter_sports_id": "987243867",
          "winter_sports_name": "Pal-Arinsal",
          "State": "La Massana",
          "Country": "Andorra",
          "Ski Area": "Pal-Arinsal",
          "region": "europe/andorra"
        },
        "source": "OpenStreetMap",
        "source_confidence": "osm_as_mapped",
        "coordinate_space": "local_east_m, local_north_m",
        "aerialway": "station"
      }
    },
    {
      "type": "Feature",
      "geometry": {
        "type": "Point",
        "coordinates": [
          3158.6590108278906,
          1223.3082345537841
        ]
      },
      "properties": {
        "id": "lifts:node:2340797297",
        "osm_type": "node",
        "osm_id": "2340797297",
        "name": "LA SERRA 1",
        "tags": {
          "name": "LA SERRA 1",
          "aerialway": "station",
          "aerialway:access": "exit",
          "public_transport": "station",
          "winter_sports_id": "987243867",
          "winter_sports_name": "Pal-Arinsal",
          "State": "La Massana",
          "Country": "Andorra",
          "Ski Area": "Pal-Arinsal",
          "region": "europe/andorra"
        },
        "source": "OpenStreetMap",
        "source_confidence": "osm_as_mapped",
        "coordinate_space": "local_east_m, local_north_m",
        "aerialway": "station"
      }
    },
    {
      "type": "Feature",
      "geometry": {
        "type": "Point",
        "coordinates": [
          1643.4605466661742,
          827.4218892436475
        ]
      },
      "properties": {
        "id": "lifts:node:2340901723",
        "osm_type": "node",
        "osm_id": "2340901723",
        "name": null,
        "tags": {
          "aerialway": "station",
          "aerialway:access": "exit",
          "public_transport": "station",
          "winter_sports_id": "987243867",
          "winter_sports_name": "Pal-Arinsal",
          "State": "La Massana",
          "Country": "Andorra",
          "Ski Area": "Pal-Arinsal",
          "region": "europe/andorra"
        },
        "source": "OpenStreetMap",
        "source_confidence": "osm_as_mapped",
        "coordinate_space": "local_east_m, local_north_m",
        "aerialway": "station"
      }
    },
    {
      "type": "Feature",
      "geometry": {
        "type": "Point",
        "coordinates": [
          4518.341960370482,
          1942.7446738984436
        ]
      },
      "properties": {
        "id": "lifts:node:2340901724",
        "osm_type": "node",
        "osm_id": "2340901724",
        "name": "Telecabina La Massana",
        "tags": {
          "name": "Telecabina La Massana",
          "aerialway": "station",
          "aerialway:access": "both",
          "name:ca": "Telecabina La Massana",
          "public_transport": "station",
          "winter_sports_id": "987243867",
          "winter_sports_name": "Pal-Arinsal",
          "State": "La Massana",
          "Country": "Andorra",
          "Ski Area": "Pal-Arinsal",
          "region": "europe/andorra"
        },
        "source": "OpenStreetMap",
        "source_confidence": "osm_as_mapped",
        "coordinate_space": "local_east_m, local_north_m",
        "aerialway": "station"
      }
    },
    {
      "type": "Feature",
      "geometry": {
        "type": "Point",
        "coordinates": [
          4519.853446665278,
          2070.9794016070664
        ]
      },
      "properties": {
        "id": "lifts:node:2671540906",
        "osm_type": "node",
        "osm_id": "2671540906",
        "name": "Pedres Blanques II",
        "tags": {
          "name": "Pedres Blanques II",
          "aerialway": "station",
          "winter_sports_id": "987243867",
          "winter_sports_name": "Pal-Arinsal",
          "State": "La Massana",
          "Country": "Andorra",
          "Ski Area": "Pal-Arinsal",
          "region": "europe/andorra"
        },
        "source": "OpenStreetMap",
        "source_confidence": "osm_as_mapped",
        "coordinate_space": "local_east_m, local_north_m",
        "aerialway": "station"
      }
    },
    {
      "type": "Feature",
      "geometry": {
        "type": "Point",
        "coordinates": [
          4483.527722012717,
          2009.5671719312668
        ]
      },
      "properties": {
        "id": "lifts:node:2671540907",
        "osm_type": "node",
        "osm_id": "2671540907",
        "name": "Pedres Blanques II",
        "tags": {
          "name": "Pedres Blanques II",
          "aerialway": "station",
          "winter_sports_id": "987243867",
          "winter_sports_name": "Pal-Arinsal",
          "State": "La Massana",
          "Country": "Andorra",
          "Ski Area": "Pal-Arinsal",
          "region": "europe/andorra"
        },
        "source": "OpenStreetMap",
        "source_confidence": "osm_as_mapped",
        "coordinate_space": "local_east_m, local_north_m",
        "aerialway": "station"
      }
    },
    {
      "type": "Feature",
      "geometry": {
        "type": "Point",
        "coordinates": [
          3111.4312929305015,
          1184.7144469581544
        ]
      },
      "properties": {
        "id": "lifts:node:2671550831",
        "osm_type": "node",
        "osm_id": "2671550831",
        "name": "Pla de la Cot I",
        "tags": {
          "name": "Pla de la Cot I",
          "aerialway": "station",
          "name:ca": "Pla de la Cot I",
          "winter_sports_id": "987243867",
          "winter_sports_name": "Pal-Arinsal",
          "State": "La Massana",
          "Country": "Andorra",
          "Ski Area": "Pal-Arinsal",
          "region": "europe/andorra"
        },
        "source": "OpenStreetMap",
        "source_confidence": "osm_as_mapped",
        "coordinate_space": "local_east_m, local_north_m",
        "aerialway": "station"
      }
    },
    {
      "type": "Feature",
      "geometry": {
        "type": "Point",
        "coordinates": [
          3014.279969987285,
          1149.952868361026
        ]
      },
      "properties": {
        "id": "lifts:node:2671550832",
        "osm_type": "node",
        "osm_id": "2671550832",
        "name": null,
        "tags": {
          "aerialway": "station",
          "winter_sports_id": "987243867",
          "winter_sports_name": "Pal-Arinsal",
          "State": "La Massana",
          "Country": "Andorra",
          "Ski Area": "Pal-Arinsal",
          "region": "europe/andorra"
        },
        "source": "OpenStreetMap",
        "source_confidence": "osm_as_mapped",
        "coordinate_space": "local_east_m, local_north_m",
        "aerialway": "station"
      }
    },
    {
      "type": "Feature",
      "geometry": {
        "type": "Point",
        "coordinates": [
          1316.5975879949983,
          1641.9884333061054
        ]
      },
      "properties": {
        "id": "lifts:node:2671553323",
        "osm_type": "node",
        "osm_id": "2671553323",
        "name": null,
        "tags": {
          "aerialway": "station",
          "aerialway:access": "exit",
          "public_transport": "station",
          "winter_sports_id": "987243867",
          "winter_sports_name": "Pal-Arinsal",
          "State": "La Massana",
          "Country": "Andorra",
          "Ski Area": "Pal-Arinsal",
          "region": "europe/andorra"
        },
        "source": "OpenStreetMap",
        "source_confidence": "osm_as_mapped",
        "coordinate_space": "local_east_m, local_north_m",
        "aerialway": "station"
      }
    },
    {
      "type": "Feature",
      "geometry": {
        "type": "Point",
        "coordinates": [
          1475.2282174182474,
          1314.8176428955048
        ]
      },
      "properties": {
        "id": "lifts:node:2671553324",
        "osm_type": "node",
        "osm_id": "2671553324",
        "name": null,
        "tags": {
          "aerialway": "station",
          "aerialway:access": "entry",
          "public_transport": "station",
          "winter_sports_id": "987243867",
          "winter_sports_name": "Pal-Arinsal",
          "State": "La Massana",
          "Country": "Andorra",
          "Ski Area": "Pal-Arinsal",
          "region": "europe/andorra"
        },
        "source": "OpenStreetMap",
        "source_confidence": "osm_as_mapped",
        "coordinate_space": "local_east_m, local_north_m",
        "aerialway": "station"
      }
    },
    {
      "type": "Feature",
      "geometry": {
        "type": "Point",
        "coordinates": [
          3555.566875588149,
          1429.323729697615
        ]
      },
      "properties": {
        "id": "lifts:node:7274995370",
        "osm_type": "node",
        "osm_id": "7274995370",
        "name": null,
        "tags": {
          "aerialway": "pylon",
          "winter_sports_id": "987243867",
          "winter_sports_name": "Pal-Arinsal",
          "State": "La Massana",
          "Country": "Andorra",
          "Ski Area": "Pal-Arinsal",
          "region": "europe/andorra"
        },
        "source": "OpenStreetMap",
        "source_confidence": "osm_as_mapped",
        "coordinate_space": "local_east_m, local_north_m",
        "aerialway": "pylon"
      }
    },
    {
      "type": "Feature",
      "geometry": {
        "type": "Point",
        "coordinates": [
          4353.109862898127,
          1735.2296859603375
        ]
      },
      "properties": {
        "id": "lifts:node:7274995371",
        "osm_type": "node",
        "osm_id": "7274995371",
        "name": null,
        "tags": {
          "aerialway": "pylon",
          "winter_sports_id": "987243867",
          "winter_sports_name": "Pal-Arinsal",
          "State": "La Massana",
          "Country": "Andorra",
          "Ski Area": "Pal-Arinsal",
          "region": "europe/andorra"
        },
        "source": "OpenStreetMap",
        "source_confidence": "osm_as_mapped",
        "coordinate_space": "local_east_m, local_north_m",
        "aerialway": "pylon"
      }
    },
    {
      "type": "Feature",
      "geometry": {
        "type": "Point",
        "coordinates": [
          3595.669331917248,
          1450.1423593908548
        ]
      },
      "properties": {
        "id": "lifts:node:7274995372",
        "osm_type": "node",
        "osm_id": "7274995372",
        "name": null,
        "tags": {
          "aerialway": "pylon",
          "winter_sports_id": "987243867",
          "winter_sports_name": "Pal-Arinsal",
          "State": "La Massana",
          "Country": "Andorra",
          "Ski Area": "Pal-Arinsal",
          "region": "europe/andorra"
        },
        "source": "OpenStreetMap",
        "source_confidence": "osm_as_mapped",
        "coordinate_space": "local_east_m, local_north_m",
        "aerialway": "pylon"
      }
    },
    {
      "type": "Feature",
      "geometry": {
        "type": "Point",
        "coordinates": [
          4413.518839966622,
          1817.1058027930558
        ]
      },
      "properties": {
        "id": "lifts:node:7274995373",
        "osm_type": "node",
        "osm_id": "7274995373",
        "name": null,
        "tags": {
          "aerialway": "pylon",
          "winter_sports_id": "987243867",
          "winter_sports_name": "Pal-Arinsal",
          "State": "La Massana",
          "Country": "Andorra",
          "Ski Area": "Pal-Arinsal",
          "region": "europe/andorra"
        },
        "source": "OpenStreetMap",
        "source_confidence": "osm_as_mapped",
        "coordinate_space": "local_east_m, local_north_m",
        "aerialway": "pylon"
      }
    },
    {
      "type": "Feature",
      "geometry": {
        "type": "Point",
        "coordinates": [
          3724.6819476006785,
          1517.1088692126796
        ]
      },
      "properties": {
        "id": "lifts:node:7274995374",
        "osm_type": "node",
        "osm_id": "7274995374",
        "name": null,
        "tags": {
          "aerialway": "pylon",
          "winter_sports_id": "987243867",
          "winter_sports_name": "Pal-Arinsal",
          "State": "La Massana",
          "Country": "Andorra",
          "Ski Area": "Pal-Arinsal",
          "region": "europe/andorra"
        },
        "source": "OpenStreetMap",
        "source_confidence": "osm_as_mapped",
        "coordinate_space": "local_east_m, local_north_m",
        "aerialway": "pylon"
      }
    },
    {
      "type": "Feature",
      "geometry": {
        "type": "Point",
        "coordinates": [
          3810.27520317561,
          1561.1287753302604
        ]
      },
      "properties": {
        "id": "lifts:node:7274995376",
        "osm_type": "node",
        "osm_id": "7274995376",
        "name": null,
        "tags": {
          "aerialway": "pylon",
          "winter_sports_id": "987243867",
          "winter_sports_name": "Pal-Arinsal",
          "State": "La Massana",
          "Country": "Andorra",
          "Ski Area": "Pal-Arinsal",
          "region": "europe/andorra"
        },
        "source": "OpenStreetMap",
        "source_confidence": "osm_as_mapped",
        "coordinate_space": "local_east_m, local_north_m",
        "aerialway": "pylon"
      }
    },
    {
      "type": "Feature",
      "geometry": {
        "type": "Point",
        "coordinates": [
          3901.198729131138,
          1606.9759605294093
        ]
      },
      "properties": {
        "id": "lifts:node:7274995378",
        "osm_type": "node",
        "osm_id": "7274995378",
        "name": null,
        "tags": {
          "aerialway": "pylon",
          "winter_sports_id": "987243867",
          "winter_sports_name": "Pal-Arinsal",
          "State": "La Massana",
          "Country": "Andorra",
          "Ski Area": "Pal-Arinsal",
          "region": "europe/andorra"
        },
        "source": "OpenStreetMap",
        "source_confidence": "osm_as_mapped",
        "coordinate_space": "local_east_m, local_north_m",
        "aerialway": "pylon"
      }
    },
    {
      "type": "Feature",
      "geometry": {
        "type": "Point",
        "coordinates": [
          4004.397876637464,
          1659.002887812443
        ]
      },
      "properties": {
        "id": "lifts:node:7274995380",
        "osm_type": "node",
        "osm_id": "7274995380",
        "name": null,
        "tags": {
          "aerialway": "pylon",
          "winter_sports_id": "987243867",
          "winter_sports_name": "Pal-Arinsal",
          "State": "La Massana",
          "Country": "Andorra",
          "Ski Area": "Pal-Arinsal",
          "region": "europe/andorra"
        },
        "source": "OpenStreetMap",
        "source_confidence": "osm_as_mapped",
        "coordinate_space": "local_east_m, local_north_m",
        "aerialway": "pylon"
      }
    },
    {
      "type": "Feature",
      "geometry": {
        "type": "Point",
        "coordinates": [
          5024.908479186823,
          2234.8845980940387
        ]
      },
      "properties": {
        "id": "lifts:node:7274995381",
        "osm_type": "node",
        "osm_id": "7274995381",
        "name": null,
        "tags": {
          "aerialway": "pylon",
          "winter_sports_id": "987243867",
          "winter_sports_name": "Pal-Arinsal",
          "State": "La Massana",
          "Country": "Andorra",
          "Ski Area": "Pal-Arinsal",
          "region": "europe/andorra"
        },
        "source": "OpenStreetMap",
        "source_confidence": "osm_as_mapped",
        "coordinate_space": "local_east_m, local_north_m",
        "aerialway": "pylon"
      }
    },
    {
      "type": "Feature",
      "geometry": {
        "type": "Point",
        "coordinates": [
          4078.797326591739,
          1696.5059024160728
        ]
      },
      "properties": {
        "id": "lifts:node:7274995382",
        "osm_type": "node",
        "osm_id": "7274995382",
        "name": null,
        "tags": {
          "aerialway": "pylon",
          "winter_sports_id": "987243867",
          "winter_sports_name": "Pal-Arinsal",
          "State": "La Massana",
          "Country": "Andorra",
          "Ski Area": "Pal-Arinsal",
          "region": "europe/andorra"
        },
        "source": "OpenStreetMap",
        "source_confidence": "osm_as_mapped",
        "coordinate_space": "local_east_m, local_north_m",
        "aerialway": "pylon"
      }
    },
    {
      "type": "Feature",
      "geometry": {
        "type": "Point",
        "coordinates": [
          4821.65121295891,
          2117.6512622199953
        ]
      },
      "properties": {
        "id": "lifts:node:7274995383",
        "osm_type": "node",
        "osm_id": "7274995383",
        "name": null,
        "tags": {
          "aerialway": "pylon",
          "winter_sports_id": "987243867",
          "winter_sports_name": "Pal-Arinsal",
          "State": "La Massana",
          "Country": "Andorra",
          "Ski Area": "Pal-Arinsal",
          "region": "europe/andorra"
        },
        "source": "OpenStreetMap",
        "source_confidence": "osm_as_mapped",
        "coordinate_space": "local_east_m, local_north_m",
        "aerialway": "pylon"
      }
    },
    {
      "type": "Feature",
      "geometry": {
        "type": "Point",
        "coordinates": [
          4183.527491676097,
          1749.3188985846937
        ]
      },
      "properties": {
        "id": "lifts:node:7274995384",
        "osm_type": "node",
        "osm_id": "7274995384",
        "name": null,
        "tags": {
          "aerialway": "pylon",
          "winter_sports_id": "987243867",
          "winter_sports_name": "Pal-Arinsal",
          "State": "La Massana",
          "Country": "Andorra",
          "Ski Area": "Pal-Arinsal",
          "region": "europe/andorra"
        },
        "source": "OpenStreetMap",
        "source_confidence": "osm_as_mapped",
        "coordinate_space": "local_east_m, local_north_m",
        "aerialway": "pylon"
      }
    },
    {
      "type": "Feature",
      "geometry": {
        "type": "Point",
        "coordinates": [
          4647.685007532709,
          2017.330580544658
        ]
      },
      "properties": {
        "id": "lifts:node:7275082685",
        "osm_type": "node",
        "osm_id": "7275082685",
        "name": null,
        "tags": {
          "aerialway": "pylon",
          "winter_sports_id": "987243867",
          "winter_sports_name": "Pal-Arinsal",
          "State": "La Massana",
          "Country": "Andorra",
          "Ski Area": "Pal-Arinsal",
          "region": "europe/andorra"
        },
        "source": "OpenStreetMap",
        "source_confidence": "osm_as_mapped",
        "coordinate_space": "local_east_m, local_north_m",
        "aerialway": "pylon"
      }
    },
    {
      "type": "Feature",
      "geometry": {
        "type": "Point",
        "coordinates": [
          3201.135746161046,
          1245.3593468517065
        ]
      },
      "properties": {
        "id": "lifts:node:7275082686",
        "osm_type": "node",
        "osm_id": "7275082686",
        "name": null,
        "tags": {
          "aerialway": "pylon",
          "winter_sports_id": "987243867",
          "winter_sports_name": "Pal-Arinsal",
          "State": "La Massana",
          "Country": "Andorra",
          "Ski Area": "Pal-Arinsal",
          "region": "europe/andorra"
        },
        "source": "OpenStreetMap",
        "source_confidence": "osm_as_mapped",
        "coordinate_space": "local_east_m, local_north_m",
        "aerialway": "pylon"
      }
    },
    {
      "type": "Feature",
      "geometry": {
        "type": "Point",
        "coordinates": [
          4245.068176446017,
          1780.344116709195
        ]
      },
      "properties": {
        "id": "lifts:node:7275082687",
        "osm_type": "node",
        "osm_id": "7275082687",
        "name": null,
        "tags": {
          "aerialway": "pylon",
          "winter_sports_id": "987243867",
          "winter_sports_name": "Pal-Arinsal",
          "State": "La Massana",
          "Country": "Andorra",
          "Ski Area": "Pal-Arinsal",
          "region": "europe/andorra"
        },
        "source": "OpenStreetMap",
        "source_confidence": "osm_as_mapped",
        "coordinate_space": "local_east_m, local_north_m",
        "aerialway": "pylon"
      }
    },
    {
      "type": "Feature",
      "geometry": {
        "type": "Point",
        "coordinates": [
          3287.846275567077,
          1290.3637845953926
        ]
      },
      "properties": {
        "id": "lifts:node:7275082688",
        "osm_type": "node",
        "osm_id": "7275082688",
        "name": null,
        "tags": {
          "aerialway": "pylon",
          "winter_sports_id": "987243867",
          "winter_sports_name": "Pal-Arinsal",
          "State": "La Massana",
          "Country": "Andorra",
          "Ski Area": "Pal-Arinsal",
          "region": "europe/andorra"
        },
        "source": "OpenStreetMap",
        "source_confidence": "osm_as_mapped",
        "coordinate_space": "local_east_m, local_north_m",
        "aerialway": "pylon"
      }
    },
    {
      "type": "Feature",
      "geometry": {
        "type": "Point",
        "coordinates": [
          4325.284357843746,
          1820.8005085214972
        ]
      },
      "properties": {
        "id": "lifts:node:7275082689",
        "osm_type": "node",
        "osm_id": "7275082689",
        "name": null,
        "tags": {
          "aerialway": "pylon",
          "winter_sports_id": "987243867",
          "winter_sports_name": "Pal-Arinsal",
          "State": "La Massana",
          "Country": "Andorra",
          "Ski Area": "Pal-Arinsal",
          "region": "europe/andorra"
        },
        "source": "OpenStreetMap",
        "source_confidence": "osm_as_mapped",
        "coordinate_space": "local_east_m, local_north_m",
        "aerialway": "pylon"
      }
    },
    {
      "type": "Feature",
      "geometry": {
        "type": "Point",
        "coordinates": [
          4013.148821528768,
          1960.9679433917627
        ]
      },
      "properties": {
        "id": "lifts:node:8662952015",
        "osm_type": "node",
        "osm_id": "8662952015",
        "name": null,
        "tags": {
          "aerialway": "pylon",
          "winter_sports_id": "987243867",
          "winter_sports_name": "Pal-Arinsal",
          "State": "La Massana",
          "Country": "Andorra",
          "Ski Area": "Pal-Arinsal",
          "region": "europe/andorra"
        },
        "source": "OpenStreetMap",
        "source_confidence": "osm_as_mapped",
        "coordinate_space": "local_east_m, local_north_m",
        "aerialway": "pylon"
      }
    },
    {
      "type": "Feature",
      "geometry": {
        "type": "Point",
        "coordinates": [
          4078.943982998724,
          1891.345426261425
        ]
      },
      "properties": {
        "id": "lifts:node:8662952016",
        "osm_type": "node",
        "osm_id": "8662952016",
        "name": null,
        "tags": {
          "aerialway": "pylon",
          "winter_sports_id": "987243867",
          "winter_sports_name": "Pal-Arinsal",
          "State": "La Massana",
          "Country": "Andorra",
          "Ski Area": "Pal-Arinsal",
          "region": "europe/andorra"
        },
        "source": "OpenStreetMap",
        "source_confidence": "osm_as_mapped",
        "coordinate_space": "local_east_m, local_north_m",
        "aerialway": "pylon"
      }
    },
    {
      "type": "Feature",
      "geometry": {
        "type": "Point",
        "coordinates": [
          3423.3760615055216,
          5924.671367040835
        ]
      },
      "properties": {
        "id": "lifts:node:8662986455",
        "osm_type": "node",
        "osm_id": "8662986455",
        "name": null,
        "tags": {
          "aerialway": "pylon",
          "winter_sports_id": "987243867",
          "winter_sports_name": "Pal-Arinsal",
          "State": "La Massana",
          "Country": "Andorra",
          "Ski Area": "Pal-Arinsal",
          "region": "europe/andorra"
        },
        "source": "OpenStreetMap",
        "source_confidence": "osm_as_mapped",
        "coordinate_space": "local_east_m, local_north_m",
        "aerialway": "pylon"
      }
    },
    {
      "type": "Feature",
      "geometry": {
        "type": "Point",
        "coordinates": [
          3536.335896506498,
          5916.386603615247
        ]
      },
      "properties": {
        "id": "lifts:node:8662986456",
        "osm_type": "node",
        "osm_id": "8662986456",
        "name": null,
        "tags": {
          "aerialway": "pylon",
          "winter_sports_id": "987243867",
          "winter_sports_name": "Pal-Arinsal",
          "State": "La Massana",
          "Country": "Andorra",
          "Ski Area": "Pal-Arinsal",
          "region": "europe/andorra"
        },
        "source": "OpenStreetMap",
        "source_confidence": "osm_as_mapped",
        "coordinate_space": "local_east_m, local_north_m",
        "aerialway": "pylon"
      }
    },
    {
      "type": "Feature",
      "geometry": {
        "type": "Point",
        "coordinates": [
          3304.4148716959753,
          5933.410374408588
        ]
      },
      "properties": {
        "id": "lifts:node:8662986457",
        "osm_type": "node",
        "osm_id": "8662986457",
        "name": null,
        "tags": {
          "aerialway": "pylon",
          "winter_sports_id": "987243867",
          "winter_sports_name": "Pal-Arinsal",
          "State": "La Massana",
          "Country": "Andorra",
          "Ski Area": "Pal-Arinsal",
          "region": "europe/andorra"
        },
        "source": "OpenStreetMap",
        "source_confidence": "osm_as_mapped",
        "coordinate_space": "local_east_m, local_north_m",
        "aerialway": "pylon"
      }
    },
    {
      "type": "Feature",
      "geometry": {
        "type": "Point",
        "coordinates": [
          3273.9631246138015,
          5935.636028703302
        ]
      },
      "properties": {
        "id": "lifts:node:8662986458",
        "osm_type": "node",
        "osm_id": "8662986458",
        "name": null,
        "tags": {
          "aerialway": "pylon",
          "winter_sports_id": "987243867",
          "winter_sports_name": "Pal-Arinsal",
          "State": "La Massana",
          "Country": "Andorra",
          "Ski Area": "Pal-Arinsal",
          "region": "europe/andorra"
        },
        "source": "OpenStreetMap",
        "source_confidence": "osm_as_mapped",
        "coordinate_space": "local_east_m, local_north_m",
        "aerialway": "pylon"
      }
    },
    {
      "type": "Feature",
      "geometry": {
        "type": "Point",
        "coordinates": [
          2993.430508592224,
          5956.23399430234
        ]
      },
      "properties": {
        "id": "lifts:node:8662986459",
        "osm_type": "node",
        "osm_id": "8662986459",
        "name": null,
        "tags": {
          "aerialway": "pylon",
          "winter_sports_id": "987243867",
          "winter_sports_name": "Pal-Arinsal",
          "State": "La Massana",
          "Country": "Andorra",
          "Ski Area": "Pal-Arinsal",
          "region": "europe/andorra"
        },
        "source": "OpenStreetMap",
        "source_confidence": "osm_as_mapped",
        "coordinate_space": "local_east_m, local_north_m",
        "aerialway": "pylon"
      }
    },
    {
      "type": "Feature",
      "geometry": {
        "type": "Point",
        "coordinates": [
          2827.2516940934584,
          5833.993180365302
        ]
      },
      "properties": {
        "id": "lifts:node:8662986460",
        "osm_type": "node",
        "osm_id": "8662986460",
        "name": null,
        "tags": {
          "aerialway": "pylon",
          "winter_sports_id": "987243867",
          "winter_sports_name": "Pal-Arinsal",
          "State": "La Massana",
          "Country": "Andorra",
          "Ski Area": "Pal-Arinsal",
          "region": "europe/andorra"
        },
        "source": "OpenStreetMap",
        "source_confidence": "osm_as_mapped",
        "coordinate_space": "local_east_m, local_north_m",
        "aerialway": "pylon"
      }
    },
    {
      "type": "Feature",
      "geometry": {
        "type": "Point",
        "coordinates": [
          2860.1396092509967,
          5874.787143503316
        ]
      },
      "properties": {
        "id": "lifts:node:8662986461",
        "osm_type": "node",
        "osm_id": "8662986461",
        "name": null,
        "tags": {
          "aerialway": "pylon",
          "winter_sports_id": "987243867",
          "winter_sports_name": "Pal-Arinsal",
          "State": "La Massana",
          "Country": "Andorra",
          "Ski Area": "Pal-Arinsal",
          "region": "europe/andorra"
        },
        "source": "OpenStreetMap",
        "source_confidence": "osm_as_mapped",
        "coordinate_space": "local_east_m, local_north_m",
        "aerialway": "pylon"
      }
    },
    {
      "type": "Feature",
      "geometry": {
        "type": "Point",
        "coordinates": [
          2763.205868413381,
          5860.854835536331
        ]
      },
      "properties": {
        "id": "lifts:node:8662986462",
        "osm_type": "node",
        "osm_id": "8662986462",
        "name": null,
        "tags": {
          "aerialway": "pylon",
          "winter_sports_id": "987243867",
          "winter_sports_name": "Pal-Arinsal",
          "State": "La Massana",
          "Country": "Andorra",
          "Ski Area": "Pal-Arinsal",
          "region": "europe/andorra"
        },
        "source": "OpenStreetMap",
        "source_confidence": "osm_as_mapped",
        "coordinate_space": "local_east_m, local_north_m",
        "aerialway": "pylon"
      }
    },
    {
      "type": "Feature",
      "geometry": {
        "type": "Point",
        "coordinates": [
          2723.392647148343,
          5797.6262767789885
        ]
      },
      "properties": {
        "id": "lifts:node:8662986463",
        "osm_type": "node",
        "osm_id": "8662986463",
        "name": null,
        "tags": {
          "aerialway": "pylon",
          "winter_sports_id": "987243867",
          "winter_sports_name": "Pal-Arinsal",
          "State": "La Massana",
          "Country": "Andorra",
          "Ski Area": "Pal-Arinsal",
          "region": "europe/andorra"
        },
        "source": "OpenStreetMap",
        "source_confidence": "osm_as_mapped",
        "coordinate_space": "local_east_m, local_north_m",
        "aerialway": "pylon"
      }
    },
    {
      "type": "Feature",
      "geometry": {
        "type": "Point",
        "coordinates": [
          2684.4715523668565,
          5849.53815536201
        ]
      },
      "properties": {
        "id": "lifts:node:8662986464",
        "osm_type": "node",
        "osm_id": "8662986464",
        "name": null,
        "tags": {
          "aerialway": "pylon",
          "winter_sports_id": "987243867",
          "winter_sports_name": "Pal-Arinsal",
          "State": "La Massana",
          "Country": "Andorra",
          "Ski Area": "Pal-Arinsal",
          "region": "europe/andorra"
        },
        "source": "OpenStreetMap",
        "source_confidence": "osm_as_mapped",
        "coordinate_space": "local_east_m, local_north_m",
        "aerialway": "pylon"
      }
    },
    {
      "type": "Feature",
      "geometry": {
        "type": "Point",
        "coordinates": [
          2600.1396020604298,
          5837.423958219588
        ]
      },
      "properties": {
        "id": "lifts:node:8662986465",
        "osm_type": "node",
        "osm_id": "8662986465",
        "name": null,
        "tags": {
          "aerialway": "pylon",
          "winter_sports_id": "987243867",
          "winter_sports_name": "Pal-Arinsal",
          "State": "La Massana",
          "Country": "Andorra",
          "Ski Area": "Pal-Arinsal",
          "region": "europe/andorra"
        },
        "source": "OpenStreetMap",
        "source_confidence": "osm_as_mapped",
        "coordinate_space": "local_east_m, local_north_m",
        "aerialway": "pylon"
      }
    },
    {
      "type": "Feature",
      "geometry": {
        "type": "Point",
        "coordinates": [
          2607.1139203442726,
          5756.920344942249
        ]
      },
      "properties": {
        "id": "lifts:node:8662986466",
        "osm_type": "node",
        "osm_id": "8662986466",
        "name": null,
        "tags": {
          "aerialway": "pylon",
          "winter_sports_id": "987243867",
          "winter_sports_name": "Pal-Arinsal",
          "State": "La Massana",
          "Country": "Andorra",
          "Ski Area": "Pal-Arinsal",
          "region": "europe/andorra"
        },
        "source": "OpenStreetMap",
        "source_confidence": "osm_as_mapped",
        "coordinate_space": "local_east_m, local_north_m",
        "aerialway": "pylon"
      }
    },
    {
      "type": "Feature",
      "geometry": {
        "type": "Point",
        "coordinates": [
          2533.3204005283187,
          5731.08660261333
        ]
      },
      "properties": {
        "id": "lifts:node:8662986467",
        "osm_type": "node",
        "osm_id": "8662986467",
        "name": null,
        "tags": {
          "aerialway": "pylon",
          "winter_sports_id": "987243867",
          "winter_sports_name": "Pal-Arinsal",
          "State": "La Massana",
          "Country": "Andorra",
          "Ski Area": "Pal-Arinsal",
          "region": "europe/andorra"
        },
        "source": "OpenStreetMap",
        "source_confidence": "osm_as_mapped",
        "coordinate_space": "local_east_m, local_north_m",
        "aerialway": "pylon"
      }
    },
    {
      "type": "Feature",
      "geometry": {
        "type": "Point",
        "coordinates": [
          2499.9038313481724,
          5823.021882779896
        ]
      },
      "properties": {
        "id": "lifts:node:8662986468",
        "osm_type": "node",
        "osm_id": "8662986468",
        "name": null,
        "tags": {
          "aerialway": "pylon",
          "winter_sports_id": "987243867",
          "winter_sports_name": "Pal-Arinsal",
          "State": "La Massana",
          "Country": "Andorra",
          "Ski Area": "Pal-Arinsal",
          "region": "europe/andorra"
        },
        "source": "OpenStreetMap",
        "source_confidence": "osm_as_mapped",
        "coordinate_space": "local_east_m, local_north_m",
        "aerialway": "pylon"
      }
    },
    {
      "type": "Feature",
      "geometry": {
        "type": "Point",
        "coordinates": [
          2473.630662580894,
          5710.185429699719
        ]
      },
      "properties": {
        "id": "lifts:node:8662986469",
        "osm_type": "node",
        "osm_id": "8662986469",
        "name": null,
        "tags": {
          "aerialway": "pylon",
          "winter_sports_id": "987243867",
          "winter_sports_name": "Pal-Arinsal",
          "State": "La Massana",
          "Country": "Andorra",
          "Ski Area": "Pal-Arinsal",
          "region": "europe/andorra"
        },
        "source": "OpenStreetMap",
        "source_confidence": "osm_as_mapped",
        "coordinate_space": "local_east_m, local_north_m",
        "aerialway": "pylon"
      }
    },
    {
      "type": "Feature",
      "geometry": {
        "type": "Point",
        "coordinates": [
          2375.7133319878485,
          5805.167888631113
        ]
      },
      "properties": {
        "id": "lifts:node:8662986470",
        "osm_type": "node",
        "osm_id": "8662986470",
        "name": null,
        "tags": {
          "aerialway": "pylon",
          "winter_sports_id": "987243867",
          "winter_sports_name": "Pal-Arinsal",
          "State": "La Massana",
          "Country": "Andorra",
          "Ski Area": "Pal-Arinsal",
          "region": "europe/andorra"
        },
        "source": "OpenStreetMap",
        "source_confidence": "osm_as_mapped",
        "coordinate_space": "local_east_m, local_north_m",
        "aerialway": "pylon"
      }
    },
    {
      "type": "Feature",
      "geometry": {
        "type": "Point",
        "coordinates": [
          2264.857783646614,
          5789.25116132386
        ]
      },
      "properties": {
        "id": "lifts:node:8662986471",
        "osm_type": "node",
        "osm_id": "8662986471",
        "name": null,
        "tags": {
          "aerialway": "pylon",
          "winter_sports_id": "987243867",
          "winter_sports_name": "Pal-Arinsal",
          "State": "La Massana",
          "Country": "Andorra",
          "Ski Area": "Pal-Arinsal",
          "region": "europe/andorra"
        },
        "source": "OpenStreetMap",
        "source_confidence": "osm_as_mapped",
        "coordinate_space": "local_east_m, local_north_m",
        "aerialway": "pylon"
      }
    },
    {
      "type": "Feature",
      "geometry": {
        "type": "Point",
        "coordinates": [
          2344.533202924067,
          5664.995208468288
        ]
      },
      "properties": {
        "id": "lifts:node:8662986472",
        "osm_type": "node",
        "osm_id": "8662986472",
        "name": null,
        "tags": {
          "aerialway": "pylon",
          "winter_sports_id": "987243867",
          "winter_sports_name": "Pal-Arinsal",
          "State": "La Massana",
          "Country": "Andorra",
          "Ski Area": "Pal-Arinsal",
          "region": "europe/andorra"
        },
        "source": "OpenStreetMap",
        "source_confidence": "osm_as_mapped",
        "coordinate_space": "local_east_m, local_north_m",
        "aerialway": "pylon"
      }
    },
    {
      "type": "Feature",
      "geometry": {
        "type": "Point",
        "coordinates": [
          2243.544305565185,
          5629.638471902348
        ]
      },
      "properties": {
        "id": "lifts:node:8662986473",
        "osm_type": "node",
        "osm_id": "8662986473",
        "name": null,
        "tags": {
          "aerialway": "pylon",
          "winter_sports_id": "987243867",
          "winter_sports_name": "Pal-Arinsal",
          "State": "La Massana",
          "Country": "Andorra",
          "Ski Area": "Pal-Arinsal",
          "region": "europe/andorra"
        },
        "source": "OpenStreetMap",
        "source_confidence": "osm_as_mapped",
        "coordinate_space": "local_east_m, local_north_m",
        "aerialway": "pylon"
      }
    },
    {
      "type": "Feature",
      "geometry": {
        "type": "Point",
        "coordinates": [
          2106.6360787111917,
          5766.521338356659
        ]
      },
      "properties": {
        "id": "lifts:node:8662986474",
        "osm_type": "node",
        "osm_id": "8662986474",
        "name": null,
        "tags": {
          "aerialway": "pylon",
          "winter_sports_id": "987243867",
          "winter_sports_name": "Pal-Arinsal",
          "State": "La Massana",
          "Country": "Andorra",
          "Ski Area": "Pal-Arinsal",
          "region": "europe/andorra"
        },
        "source": "OpenStreetMap",
        "source_confidence": "osm_as_mapped",
        "coordinate_space": "local_east_m, local_north_m",
        "aerialway": "pylon"
      }
    },
    {
      "type": "Feature",
      "geometry": {
        "type": "Point",
        "coordinates": [
          2111.9151924916077,
          5583.5653475262225
        ]
      },
      "properties": {
        "id": "lifts:node:8662986475",
        "osm_type": "node",
        "osm_id": "8662986475",
        "name": null,
        "tags": {
          "aerialway": "pylon",
          "winter_sports_id": "987243867",
          "winter_sports_name": "Pal-Arinsal",
          "State": "La Massana",
          "Country": "Andorra",
          "Ski Area": "Pal-Arinsal",
          "region": "europe/andorra"
        },
        "source": "OpenStreetMap",
        "source_confidence": "osm_as_mapped",
        "coordinate_space": "local_east_m, local_north_m",
        "aerialway": "pylon"
      }
    },
    {
      "type": "Feature",
      "geometry": {
        "type": "Point",
        "coordinates": [
          1988.8641782036284,
          5749.601661955006
        ]
      },
      "properties": {
        "id": "lifts:node:8662986476",
        "osm_type": "node",
        "osm_id": "8662986476",
        "name": null,
        "tags": {
          "aerialway": "pylon",
          "winter_sports_id": "987243867",
          "winter_sports_name": "Pal-Arinsal",
          "State": "La Massana",
          "Country": "Andorra",
          "Ski Area": "Pal-Arinsal",
          "region": "europe/andorra"
        },
        "source": "OpenStreetMap",
        "source_confidence": "osm_as_mapped",
        "coordinate_space": "local_east_m, local_north_m",
        "aerialway": "pylon"
      }
    },
    {
      "type": "Feature",
      "geometry": {
        "type": "Point",
        "coordinates": [
          2049.8926635523676,
          5561.854796659201
        ]
      },
      "properties": {
        "id": "lifts:node:8662986477",
        "osm_type": "node",
        "osm_id": "8662986477",
        "name": null,
        "tags": {
          "aerialway": "pylon",
          "winter_sports_id": "987243867",
          "winter_sports_name": "Pal-Arinsal",
          "State": "La Massana",
          "Country": "Andorra",
          "Ski Area": "Pal-Arinsal",
          "region": "europe/andorra"
        },
        "source": "OpenStreetMap",
        "source_confidence": "osm_as_mapped",
        "coordinate_space": "local_east_m, local_north_m",
        "aerialway": "pylon"
      }
    },
    {
      "type": "Feature",
      "geometry": {
        "type": "Point",
        "coordinates": [
          1975.5576679420192,
          5535.836717409082
        ]
      },
      "properties": {
        "id": "lifts:node:8662986478",
        "osm_type": "node",
        "osm_id": "8662986478",
        "name": null,
        "tags": {
          "aerialway": "pylon",
          "winter_sports_id": "987243867",
          "winter_sports_name": "Pal-Arinsal",
          "State": "La Massana",
          "Country": "Andorra",
          "Ski Area": "Pal-Arinsal",
          "region": "europe/andorra"
        },
        "source": "OpenStreetMap",
        "source_confidence": "osm_as_mapped",
        "coordinate_space": "local_east_m, local_north_m",
        "aerialway": "pylon"
      }
    },
    {
      "type": "Feature",
      "geometry": {
        "type": "Point",
        "coordinates": [
          1850.3886824827641,
          5729.717489156872
        ]
      },
      "properties": {
        "id": "lifts:node:8662986480",
        "osm_type": "node",
        "osm_id": "8662986480",
        "name": null,
        "tags": {
          "aerialway": "pylon",
          "winter_sports_id": "987243867",
          "winter_sports_name": "Pal-Arinsal",
          "State": "La Massana",
          "Country": "Andorra",
          "Ski Area": "Pal-Arinsal",
          "region": "europe/andorra"
        },
        "source": "OpenStreetMap",
        "source_confidence": "osm_as_mapped",
        "coordinate_space": "local_east_m, local_north_m",
        "aerialway": "pylon"
      }
    },
    {
      "type": "Feature",
      "geometry": {
        "type": "Point",
        "coordinates": [
          1758.3810814960161,
          5716.497978568077
        ]
      },
      "properties": {
        "id": "lifts:node:8662986481",
        "osm_type": "node",
        "osm_id": "8662986481",
        "name": null,
        "tags": {
          "aerialway": "pylon",
          "winter_sports_id": "987243867",
          "winter_sports_name": "Pal-Arinsal",
          "State": "La Massana",
          "Country": "Andorra",
          "Ski Area": "Pal-Arinsal",
          "region": "europe/andorra"
        },
        "source": "OpenStreetMap",
        "source_confidence": "osm_as_mapped",
        "coordinate_space": "local_east_m, local_north_m",
        "aerialway": "pylon"
      }
    },
    {
      "type": "Feature",
      "geometry": {
        "type": "Point",
        "coordinates": [
          1626.695443718403,
          5697.594153137878
        ]
      },
      "properties": {
        "id": "lifts:node:8662986482",
        "osm_type": "node",
        "osm_id": "8662986482",
        "name": null,
        "tags": {
          "aerialway": "pylon",
          "winter_sports_id": "987243867",
          "winter_sports_name": "Pal-Arinsal",
          "State": "La Massana",
          "Country": "Andorra",
          "Ski Area": "Pal-Arinsal",
          "region": "europe/andorra"
        },
        "source": "OpenStreetMap",
        "source_confidence": "osm_as_mapped",
        "coordinate_space": "local_east_m, local_north_m",
        "aerialway": "pylon"
      }
    },
    {
      "type": "Feature",
      "geometry": {
        "type": "Point",
        "coordinates": [
          1527.0148440966732,
          5683.284675432369
        ]
      },
      "properties": {
        "id": "lifts:node:8662986483",
        "osm_type": "node",
        "osm_id": "8662986483",
        "name": null,
        "tags": {
          "aerialway": "pylon",
          "winter_sports_id": "987243867",
          "winter_sports_name": "Pal-Arinsal",
          "State": "La Massana",
          "Country": "Andorra",
          "Ski Area": "Pal-Arinsal",
          "region": "europe/andorra"
        },
        "source": "OpenStreetMap",
        "source_confidence": "osm_as_mapped",
        "coordinate_space": "local_east_m, local_north_m",
        "aerialway": "pylon"
      }
    },
    {
      "type": "Feature",
      "geometry": {
        "type": "Point",
        "coordinates": [
          1381.7943722729688,
          5662.444300496951
        ]
      },
      "properties": {
        "id": "lifts:node:8662986484",
        "osm_type": "node",
        "osm_id": "8662986484",
        "name": null,
        "tags": {
          "aerialway": "pylon",
          "winter_sports_id": "987243867",
          "winter_sports_name": "Pal-Arinsal",
          "State": "La Massana",
          "Country": "Andorra",
          "Ski Area": "Pal-Arinsal",
          "region": "europe/andorra"
        },
        "source": "OpenStreetMap",
        "source_confidence": "osm_as_mapped",
        "coordinate_space": "local_east_m, local_north_m",
        "aerialway": "pylon"
      }
    },
    {
      "type": "Feature",
      "geometry": {
        "type": "Point",
        "coordinates": [
          4153.512465796492,
          1812.4473834848031
        ]
      },
      "properties": {
        "id": "lifts:node:8663007517",
        "osm_type": "node",
        "osm_id": "8663007517",
        "name": null,
        "tags": {
          "aerialway": "pylon",
          "winter_sports_id": "987243867",
          "winter_sports_name": "Pal-Arinsal",
          "State": "La Massana",
          "Country": "Andorra",
          "Ski Area": "Pal-Arinsal",
          "region": "europe/andorra"
        },
        "source": "OpenStreetMap",
        "source_confidence": "osm_as_mapped",
        "coordinate_space": "local_east_m, local_north_m",
        "aerialway": "pylon"
      }
    },
    {
      "type": "Feature",
      "geometry": {
        "type": "Point",
        "coordinates": [
          4199.170194209029,
          1764.1351200938225
        ]
      },
      "properties": {
        "id": "lifts:node:8663007518",
        "osm_type": "node",
        "osm_id": "8663007518",
        "name": null,
        "tags": {
          "aerialway": "pylon",
          "winter_sports_id": "987243867",
          "winter_sports_name": "Pal-Arinsal",
          "State": "La Massana",
          "Country": "Andorra",
          "Ski Area": "Pal-Arinsal",
          "region": "europe/andorra"
        },
        "source": "OpenStreetMap",
        "source_confidence": "osm_as_mapped",
        "coordinate_space": "local_east_m, local_north_m",
        "aerialway": "pylon"
      }
    },
    {
      "type": "Feature",
      "geometry": {
        "type": "Point",
        "coordinates": [
          4257.4948309622705,
          1702.4121819511056
        ]
      },
      "properties": {
        "id": "lifts:node:8663007519",
        "osm_type": "node",
        "osm_id": "8663007519",
        "name": null,
        "tags": {
          "aerialway": "pylon",
          "winter_sports_id": "987243867",
          "winter_sports_name": "Pal-Arinsal",
          "State": "La Massana",
          "Country": "Andorra",
          "Ski Area": "Pal-Arinsal",
          "region": "europe/andorra"
        },
        "source": "OpenStreetMap",
        "source_confidence": "osm_as_mapped",
        "coordinate_space": "local_east_m, local_north_m",
        "aerialway": "pylon"
      }
    },
    {
      "type": "Feature",
      "geometry": {
        "type": "Point",
        "coordinates": [
          3861.1562030538335,
          1929.8973387246951
        ]
      },
      "properties": {
        "id": "lifts:node:8663007520",
        "osm_type": "node",
        "osm_id": "8663007520",
        "name": null,
        "tags": {
          "aerialway": "pylon",
          "winter_sports_id": "987243867",
          "winter_sports_name": "Pal-Arinsal",
          "State": "La Massana",
          "Country": "Andorra",
          "Ski Area": "Pal-Arinsal",
          "region": "europe/andorra"
        },
        "source": "OpenStreetMap",
        "source_confidence": "osm_as_mapped",
        "coordinate_space": "local_east_m, local_north_m",
        "aerialway": "pylon"
      }
    },
    {
      "type": "Feature",
      "geometry": {
        "type": "Point",
        "coordinates": [
          3884.117510520213,
          1952.0018791407347
        ]
      },
      "properties": {
        "id": "lifts:node:8663007521",
        "osm_type": "node",
        "osm_id": "8663007521",
        "name": null,
        "tags": {
          "aerialway": "pylon",
          "winter_sports_id": "987243867",
          "winter_sports_name": "Pal-Arinsal",
          "State": "La Massana",
          "Country": "Andorra",
          "Ski Area": "Pal-Arinsal",
          "region": "europe/andorra"
        },
        "source": "OpenStreetMap",
        "source_confidence": "osm_as_mapped",
        "coordinate_space": "local_east_m, local_north_m",
        "aerialway": "pylon"
      }
    },
    {
      "type": "Feature",
      "geometry": {
        "type": "Point",
        "coordinates": [
          3745.8289898160147,
          1818.8629604997113
        ]
      },
      "properties": {
        "id": "lifts:node:8663007522",
        "osm_type": "node",
        "osm_id": "8663007522",
        "name": null,
        "tags": {
          "aerialway": "pylon",
          "winter_sports_id": "987243867",
          "winter_sports_name": "Pal-Arinsal",
          "State": "La Massana",
          "Country": "Andorra",
          "Ski Area": "Pal-Arinsal",
          "region": "europe/andorra"
        },
        "source": "OpenStreetMap",
        "source_confidence": "osm_as_mapped",
        "coordinate_space": "local_east_m, local_north_m",
        "aerialway": "pylon"
      }
    },
    {
      "type": "Feature",
      "geometry": {
        "type": "Point",
        "coordinates": [
          3625.3905972511857,
          1702.9124008892104
        ]
      },
      "properties": {
        "id": "lifts:node:8663007523",
        "osm_type": "node",
        "osm_id": "8663007523",
        "name": null,
        "tags": {
          "aerialway": "pylon",
          "winter_sports_id": "987243867",
          "winter_sports_name": "Pal-Arinsal",
          "State": "La Massana",
          "Country": "Andorra",
          "Ski Area": "Pal-Arinsal",
          "region": "europe/andorra"
        },
        "source": "OpenStreetMap",
        "source_confidence": "osm_as_mapped",
        "coordinate_space": "local_east_m, local_north_m",
        "aerialway": "pylon"
      }
    },
    {
      "type": "Feature",
      "geometry": {
        "type": "Point",
        "coordinates": [
          3510.733087476867,
          1592.5361236520112
        ]
      },
      "properties": {
        "id": "lifts:node:8663007524",
        "osm_type": "node",
        "osm_id": "8663007524",
        "name": null,
        "tags": {
          "aerialway": "pylon",
          "winter_sports_id": "987243867",
          "winter_sports_name": "Pal-Arinsal",
          "State": "La Massana",
          "Country": "Andorra",
          "Ski Area": "Pal-Arinsal",
          "region": "europe/andorra"
        },
        "source": "OpenStreetMap",
        "source_confidence": "osm_as_mapped",
        "coordinate_space": "local_east_m, local_north_m",
        "aerialway": "pylon"
      }
    },
    {
      "type": "Feature",
      "geometry": {
        "type": "Point",
        "coordinates": [
          3425.5482649223995,
          1510.5236581927165
        ]
      },
      "properties": {
        "id": "lifts:node:8663007525",
        "osm_type": "node",
        "osm_id": "8663007525",
        "name": null,
        "tags": {
          "aerialway": "pylon",
          "winter_sports_id": "987243867",
          "winter_sports_name": "Pal-Arinsal",
          "State": "La Massana",
          "Country": "Andorra",
          "Ski Area": "Pal-Arinsal",
          "region": "europe/andorra"
        },
        "source": "OpenStreetMap",
        "source_confidence": "osm_as_mapped",
        "coordinate_space": "local_east_m, local_north_m",
        "aerialway": "pylon"
      }
    },
    {
      "type": "Feature",
      "geometry": {
        "type": "Point",
        "coordinates": [
          3325.815372702549,
          1414.5223009362817
        ]
      },
      "properties": {
        "id": "lifts:node:8663007526",
        "osm_type": "node",
        "osm_id": "8663007526",
        "name": null,
        "tags": {
          "aerialway": "pylon",
          "winter_sports_id": "987243867",
          "winter_sports_name": "Pal-Arinsal",
          "State": "La Massana",
          "Country": "Andorra",
          "Ski Area": "Pal-Arinsal",
          "region": "europe/andorra"
        },
        "source": "OpenStreetMap",
        "source_confidence": "osm_as_mapped",
        "coordinate_space": "local_east_m, local_north_m",
        "aerialway": "pylon"
      }
    },
    {
      "type": "Feature",
      "geometry": {
        "type": "Point",
        "coordinates": [
          3224.792012549762,
          1317.2680916422978
        ]
      },
      "properties": {
        "id": "lifts:node:8663007527",
        "osm_type": "node",
        "osm_id": "8663007527",
        "name": null,
        "tags": {
          "aerialway": "pylon",
          "winter_sports_id": "987243867",
          "winter_sports_name": "Pal-Arinsal",
          "State": "La Massana",
          "Country": "Andorra",
          "Ski Area": "Pal-Arinsal",
          "region": "europe/andorra"
        },
        "source": "OpenStreetMap",
        "source_confidence": "osm_as_mapped",
        "coordinate_space": "local_east_m, local_north_m",
        "aerialway": "pylon"
      }
    },
    {
      "type": "Feature",
      "geometry": {
        "type": "Point",
        "coordinates": [
          3179.2371144554927,
          1273.423089590855
        ]
      },
      "properties": {
        "id": "lifts:node:8663007528",
        "osm_type": "node",
        "osm_id": "8663007528",
        "name": null,
        "tags": {
          "aerialway": "pylon",
          "winter_sports_id": "987243867",
          "winter_sports_name": "Pal-Arinsal",
          "State": "La Massana",
          "Country": "Andorra",
          "Ski Area": "Pal-Arinsal",
          "region": "europe/andorra"
        },
        "source": "OpenStreetMap",
        "source_confidence": "osm_as_mapped",
        "coordinate_space": "local_east_m, local_north_m",
        "aerialway": "pylon"
      }
    },
    {
      "type": "Feature",
      "geometry": {
        "type": "Point",
        "coordinates": [
          2649.404419240309,
          1583.0138911940157
        ]
      },
      "properties": {
        "id": "lifts:node:8663007529",
        "osm_type": "node",
        "osm_id": "8663007529",
        "name": null,
        "tags": {
          "aerialway": "pylon",
          "winter_sports_id": "987243867",
          "winter_sports_name": "Pal-Arinsal",
          "State": "La Massana",
          "Country": "Andorra",
          "Ski Area": "Pal-Arinsal",
          "region": "europe/andorra"
        },
        "source": "OpenStreetMap",
        "source_confidence": "osm_as_mapped",
        "coordinate_space": "local_east_m, local_north_m",
        "aerialway": "pylon"
      }
    },
    {
      "type": "Feature",
      "geometry": {
        "type": "Point",
        "coordinates": [
          2601.167029582022,
          1546.774433227256
        ]
      },
      "properties": {
        "id": "lifts:node:8663007530",
        "osm_type": "node",
        "osm_id": "8663007530",
        "name": null,
        "tags": {
          "aerialway": "pylon",
          "winter_sports_id": "987243867",
          "winter_sports_name": "Pal-Arinsal",
          "State": "La Massana",
          "Country": "Andorra",
          "Ski Area": "Pal-Arinsal",
          "region": "europe/andorra"
        },
        "source": "OpenStreetMap",
        "source_confidence": "osm_as_mapped",
        "coordinate_space": "local_east_m, local_north_m",
        "aerialway": "pylon"
      }
    },
    {
      "type": "Feature",
      "geometry": {
        "type": "Point",
        "coordinates": [
          2518.024740115856,
          1484.3189348159358
        ]
      },
      "properties": {
        "id": "lifts:node:8663007531",
        "osm_type": "node",
        "osm_id": "8663007531",
        "name": null,
        "tags": {
          "aerialway": "pylon",
          "winter_sports_id": "987243867",
          "winter_sports_name": "Pal-Arinsal",
          "State": "La Massana",
          "Country": "Andorra",
          "Ski Area": "Pal-Arinsal",
          "region": "europe/andorra"
        },
        "source": "OpenStreetMap",
        "source_confidence": "osm_as_mapped",
        "coordinate_space": "local_east_m, local_north_m",
        "aerialway": "pylon"
      }
    },
    {
      "type": "Feature",
      "geometry": {
        "type": "Point",
        "coordinates": [
          2407.0381524263066,
          1400.941380545497
        ]
      },
      "properties": {
        "id": "lifts:node:8663007532",
        "osm_type": "node",
        "osm_id": "8663007532",
        "name": null,
        "tags": {
          "aerialway": "pylon",
          "winter_sports_id": "987243867",
          "winter_sports_name": "Pal-Arinsal",
          "State": "La Massana",
          "Country": "Andorra",
          "Ski Area": "Pal-Arinsal",
          "region": "europe/andorra"
        },
        "source": "OpenStreetMap",
        "source_confidence": "osm_as_mapped",
        "coordinate_space": "local_east_m, local_north_m",
        "aerialway": "pylon"
      }
    },
    {
      "type": "Feature",
      "geometry": {
        "type": "Point",
        "coordinates": [
          2309.7166402667644,
          1327.8370461519808
        ]
      },
      "properties": {
        "id": "lifts:node:8663007533",
        "osm_type": "node",
        "osm_id": "8663007533",
        "name": null,
        "tags": {
          "aerialway": "pylon",
          "winter_sports_id": "987243867",
          "winter_sports_name": "Pal-Arinsal",
          "State": "La Massana",
          "Country": "Andorra",
          "Ski Area": "Pal-Arinsal",
          "region": "europe/andorra"
        },
        "source": "OpenStreetMap",
        "source_confidence": "osm_as_mapped",
        "coordinate_space": "local_east_m, local_north_m",
        "aerialway": "pylon"
      }
    },
    {
      "type": "Feature",
      "geometry": {
        "type": "Point",
        "coordinates": [
          2197.6258379866485,
          1243.6495692683384
        ]
      },
      "properties": {
        "id": "lifts:node:8663007534",
        "osm_type": "node",
        "osm_id": "8663007534",
        "name": null,
        "tags": {
          "aerialway": "pylon",
          "winter_sports_id": "987243867",
          "winter_sports_name": "Pal-Arinsal",
          "State": "La Massana",
          "Country": "Andorra",
          "Ski Area": "Pal-Arinsal",
          "region": "europe/andorra"
        },
        "source": "OpenStreetMap",
        "source_confidence": "osm_as_mapped",
        "coordinate_space": "local_east_m, local_north_m",
        "aerialway": "pylon"
      }
    },
    {
      "type": "Feature",
      "geometry": {
        "type": "Point",
        "coordinates": [
          2109.2535991519107,
          1177.2613775767386
        ]
      },
      "properties": {
        "id": "lifts:node:8663007535",
        "osm_type": "node",
        "osm_id": "8663007535",
        "name": null,
        "tags": {
          "aerialway": "pylon",
          "winter_sports_id": "987243867",
          "winter_sports_name": "Pal-Arinsal",
          "State": "La Massana",
          "Country": "Andorra",
          "Ski Area": "Pal-Arinsal",
          "region": "europe/andorra"
        },
        "source": "OpenStreetMap",
        "source_confidence": "osm_as_mapped",
        "coordinate_space": "local_east_m, local_north_m",
        "aerialway": "pylon"
      }
    },
    {
      "type": "Feature",
      "geometry": {
        "type": "Point",
        "coordinates": [
          1995.5668440476293,
          1091.8729668930173
        ]
      },
      "properties": {
        "id": "lifts:node:8663007536",
        "osm_type": "node",
        "osm_id": "8663007536",
        "name": null,
        "tags": {
          "aerialway": "pylon",
          "winter_sports_id": "987243867",
          "winter_sports_name": "Pal-Arinsal",
          "State": "La Massana",
          "Country": "Andorra",
          "Ski Area": "Pal-Arinsal",
          "region": "europe/andorra"
        },
        "source": "OpenStreetMap",
        "source_confidence": "osm_as_mapped",
        "coordinate_space": "local_east_m, local_north_m",
        "aerialway": "pylon"
      }
    },
    {
      "type": "Feature",
      "geometry": {
        "type": "Point",
        "coordinates": [
          1882.260343535163,
          1006.7682059323415
        ]
      },
      "properties": {
        "id": "lifts:node:8663007537",
        "osm_type": "node",
        "osm_id": "8663007537",
        "name": null,
        "tags": {
          "aerialway": "pylon",
          "winter_sports_id": "987243867",
          "winter_sports_name": "Pal-Arinsal",
          "State": "La Massana",
          "Country": "Andorra",
          "Ski Area": "Pal-Arinsal",
          "region": "europe/andorra"
        },
        "source": "OpenStreetMap",
        "source_confidence": "osm_as_mapped",
        "coordinate_space": "local_east_m, local_north_m",
        "aerialway": "pylon"
      }
    },
    {
      "type": "Feature",
      "geometry": {
        "type": "Point",
        "coordinates": [
          1772.8079559967737,
          924.5719849364832
        ]
      },
      "properties": {
        "id": "lifts:node:8663007538",
        "osm_type": "node",
        "osm_id": "8663007538",
        "name": null,
        "tags": {
          "aerialway": "pylon",
          "winter_sports_id": "987243867",
          "winter_sports_name": "Pal-Arinsal",
          "State": "La Massana",
          "Country": "Andorra",
          "Ski Area": "Pal-Arinsal",
          "region": "europe/andorra"
        },
        "source": "OpenStreetMap",
        "source_confidence": "osm_as_mapped",
        "coordinate_space": "local_east_m, local_north_m",
        "aerialway": "pylon"
      }
    },
    {
      "type": "Feature",
      "geometry": {
        "type": "Point",
        "coordinates": [
          1673.7818990462692,
          850.1963446242735
        ]
      },
      "properties": {
        "id": "lifts:node:8663007539",
        "osm_type": "node",
        "osm_id": "8663007539",
        "name": null,
        "tags": {
          "aerialway": "pylon",
          "winter_sports_id": "987243867",
          "winter_sports_name": "Pal-Arinsal",
          "State": "La Massana",
          "Country": "Andorra",
          "Ski Area": "Pal-Arinsal",
          "region": "europe/andorra"
        },
        "source": "OpenStreetMap",
        "source_confidence": "osm_as_mapped",
        "coordinate_space": "local_east_m, local_north_m",
        "aerialway": "pylon"
      }
    },
    {
      "type": "Feature",
      "geometry": {
        "type": "Point",
        "coordinates": [
          1356.8805632290314,
          2770.2245633667335
        ]
      },
      "properties": {
        "id": "lifts:node:8690757489",
        "osm_type": "node",
        "osm_id": "8690757489",
        "name": null,
        "tags": {
          "aerialway": "pylon",
          "winter_sports_id": "987243867",
          "winter_sports_name": "Pal-Arinsal",
          "State": "La Massana",
          "Country": "Andorra",
          "Ski Area": "Pal-Arinsal",
          "region": "europe/andorra"
        },
        "source": "OpenStreetMap",
        "source_confidence": "osm_as_mapped",
        "coordinate_space": "local_east_m, local_north_m",
        "aerialway": "pylon"
      }
    },
    {
      "type": "Feature",
      "geometry": {
        "type": "Point",
        "coordinates": [
          1358.164970689104,
          2702.9421520400792
        ]
      },
      "properties": {
        "id": "lifts:node:8690757490",
        "osm_type": "node",
        "osm_id": "8690757490",
        "name": null,
        "tags": {
          "aerialway": "pylon",
          "winter_sports_id": "987243867",
          "winter_sports_name": "Pal-Arinsal",
          "State": "La Massana",
          "Country": "Andorra",
          "Ski Area": "Pal-Arinsal",
          "region": "europe/andorra"
        },
        "source": "OpenStreetMap",
        "source_confidence": "osm_as_mapped",
        "coordinate_space": "local_east_m, local_north_m",
        "aerialway": "pylon"
      }
    },
    {
      "type": "Feature",
      "geometry": {
        "type": "Point",
        "coordinates": [
          1361.8995925359777,
          2507.1732116118073
        ]
      },
      "properties": {
        "id": "lifts:node:8690757491",
        "osm_type": "node",
        "osm_id": "8690757491",
        "name": null,
        "tags": {
          "aerialway": "pylon",
          "winter_sports_id": "987243867",
          "winter_sports_name": "Pal-Arinsal",
          "State": "La Massana",
          "Country": "Andorra",
          "Ski Area": "Pal-Arinsal",
          "region": "europe/andorra"
        },
        "source": "OpenStreetMap",
        "source_confidence": "osm_as_mapped",
        "coordinate_space": "local_east_m, local_north_m",
        "aerialway": "pylon"
      }
    },
    {
      "type": "Feature",
      "geometry": {
        "type": "Point",
        "coordinates": [
          1364.8528876848868,
          2352.2515997122973
        ]
      },
      "properties": {
        "id": "lifts:node:8690757492",
        "osm_type": "node",
        "osm_id": "8690757492",
        "name": null,
        "tags": {
          "aerialway": "pylon",
          "winter_sports_id": "987243867",
          "winter_sports_name": "Pal-Arinsal",
          "State": "La Massana",
          "Country": "Andorra",
          "Ski Area": "Pal-Arinsal",
          "region": "europe/andorra"
        },
        "source": "OpenStreetMap",
        "source_confidence": "osm_as_mapped",
        "coordinate_space": "local_east_m, local_north_m",
        "aerialway": "pylon"
      }
    },
    {
      "type": "Feature",
      "geometry": {
        "type": "Point",
        "coordinates": [
          1366.585392412322,
          2261.3565760608763
        ]
      },
      "properties": {
        "id": "lifts:node:8690757493",
        "osm_type": "node",
        "osm_id": "8690757493",
        "name": null,
        "tags": {
          "aerialway": "pylon",
          "winter_sports_id": "987243867",
          "winter_sports_name": "Pal-Arinsal",
          "State": "La Massana",
          "Country": "Andorra",
          "Ski Area": "Pal-Arinsal",
          "region": "europe/andorra"
        },
        "source": "OpenStreetMap",
        "source_confidence": "osm_as_mapped",
        "coordinate_space": "local_east_m, local_north_m",
        "aerialway": "pylon"
      }
    },
    {
      "type": "Feature",
      "geometry": {
        "type": "Point",
        "coordinates": [
          1367.2927992602927,
          2224.076344762929
        ]
      },
      "properties": {
        "id": "lifts:node:8690757494",
        "osm_type": "node",
        "osm_id": "8690757494",
        "name": null,
        "tags": {
          "aerialway": "pylon",
          "winter_sports_id": "987243867",
          "winter_sports_name": "Pal-Arinsal",
          "State": "La Massana",
          "Country": "Andorra",
          "Ski Area": "Pal-Arinsal",
          "region": "europe/andorra"
        },
        "source": "OpenStreetMap",
        "source_confidence": "osm_as_mapped",
        "coordinate_space": "local_east_m, local_north_m",
        "aerialway": "pylon"
      }
    },
    {
      "type": "Feature",
      "geometry": {
        "type": "Point",
        "coordinates": [
          1368.0355013571098,
          2185.129273022525
        ]
      },
      "properties": {
        "id": "lifts:node:8690757495",
        "osm_type": "node",
        "osm_id": "8690757495",
        "name": null,
        "tags": {
          "aerialway": "pylon",
          "winter_sports_id": "987243867",
          "winter_sports_name": "Pal-Arinsal",
          "State": "La Massana",
          "Country": "Andorra",
          "Ski Area": "Pal-Arinsal",
          "region": "europe/andorra"
        },
        "source": "OpenStreetMap",
        "source_confidence": "osm_as_mapped",
        "coordinate_space": "local_east_m, local_north_m",
        "aerialway": "pylon"
      }
    },
    {
      "type": "Feature",
      "geometry": {
        "type": "Point",
        "coordinates": [
          1368.7468004939728,
          2148.060027993284
        ]
      },
      "properties": {
        "id": "lifts:node:8690757496",
        "osm_type": "node",
        "osm_id": "8690757496",
        "name": null,
        "tags": {
          "aerialway": "pylon",
          "winter_sports_id": "987243867",
          "winter_sports_name": "Pal-Arinsal",
          "State": "La Massana",
          "Country": "Andorra",
          "Ski Area": "Pal-Arinsal",
          "region": "europe/andorra"
        },
        "source": "OpenStreetMap",
        "source_confidence": "osm_as_mapped",
        "coordinate_space": "local_east_m, local_north_m",
        "aerialway": "pylon"
      }
    },
    {
      "type": "Feature",
      "geometry": {
        "type": "Point",
        "coordinates": [
          1371.3375215496635,
          2011.9287513997406
        ]
      },
      "properties": {
        "id": "lifts:node:8690757497",
        "osm_type": "node",
        "osm_id": "8690757497",
        "name": null,
        "tags": {
          "aerialway": "pylon",
          "winter_sports_id": "987243867",
          "winter_sports_name": "Pal-Arinsal",
          "State": "La Massana",
          "Country": "Andorra",
          "Ski Area": "Pal-Arinsal",
          "region": "europe/andorra"
        },
        "source": "OpenStreetMap",
        "source_confidence": "osm_as_mapped",
        "coordinate_space": "local_east_m, local_north_m",
        "aerialway": "pylon"
      }
    },
    {
      "type": "Feature",
      "geometry": {
        "type": "Point",
        "coordinates": [
          1374.4960825739545,
          1846.5953602744266
        ]
      },
      "properties": {
        "id": "lifts:node:8690757498",
        "osm_type": "node",
        "osm_id": "8690757498",
        "name": null,
        "tags": {
          "aerialway": "pylon",
          "winter_sports_id": "987243867",
          "winter_sports_name": "Pal-Arinsal",
          "State": "La Massana",
          "Country": "Andorra",
          "Ski Area": "Pal-Arinsal",
          "region": "europe/andorra"
        },
        "source": "OpenStreetMap",
        "source_confidence": "osm_as_mapped",
        "coordinate_space": "local_east_m, local_north_m",
        "aerialway": "pylon"
      }
    },
    {
      "type": "Feature",
      "geometry": {
        "type": "Point",
        "coordinates": [
          1375.2019796376117,
          1809.670642171055
        ]
      },
      "properties": {
        "id": "lifts:node:8690757499",
        "osm_type": "node",
        "osm_id": "8690757499",
        "name": null,
        "tags": {
          "aerialway": "pylon",
          "winter_sports_id": "987243867",
          "winter_sports_name": "Pal-Arinsal",
          "State": "La Massana",
          "Country": "Andorra",
          "Ski Area": "Pal-Arinsal",
          "region": "europe/andorra"
        },
        "source": "OpenStreetMap",
        "source_confidence": "osm_as_mapped",
        "coordinate_space": "local_east_m, local_north_m",
        "aerialway": "pylon"
      }
    },
    {
      "type": "Feature",
      "geometry": {
        "type": "Point",
        "coordinates": [
          1375.8755506722373,
          1774.123906773515
        ]
      },
      "properties": {
        "id": "lifts:node:8690757500",
        "osm_type": "node",
        "osm_id": "8690757500",
        "name": null,
        "tags": {
          "aerialway": "pylon",
          "winter_sports_id": "987243867",
          "winter_sports_name": "Pal-Arinsal",
          "State": "La Massana",
          "Country": "Andorra",
          "Ski Area": "Pal-Arinsal",
          "region": "europe/andorra"
        },
        "source": "OpenStreetMap",
        "source_confidence": "osm_as_mapped",
        "coordinate_space": "local_east_m, local_north_m",
        "aerialway": "pylon"
      }
    },
    {
      "type": "Feature",
      "geometry": {
        "type": "Point",
        "coordinates": [
          1290.4509598104632,
          2244.108203274198
        ]
      },
      "properties": {
        "id": "lifts:node:8690757501",
        "osm_type": "node",
        "osm_id": "8690757501",
        "name": null,
        "tags": {
          "aerialway": "pylon",
          "winter_sports_id": "987243867",
          "winter_sports_name": "Pal-Arinsal",
          "State": "La Massana",
          "Country": "Andorra",
          "Ski Area": "Pal-Arinsal",
          "region": "europe/andorra"
        },
        "source": "OpenStreetMap",
        "source_confidence": "osm_as_mapped",
        "coordinate_space": "local_east_m, local_north_m",
        "aerialway": "pylon"
      }
    },
    {
      "type": "Feature",
      "geometry": {
        "type": "Point",
        "coordinates": [
          1256.0638636735966,
          2298.4105188352987
        ]
      },
      "properties": {
        "id": "lifts:node:8690757502",
        "osm_type": "node",
        "osm_id": "8690757502",
        "name": null,
        "tags": {
          "aerialway": "pylon",
          "winter_sports_id": "987243867",
          "winter_sports_name": "Pal-Arinsal",
          "State": "La Massana",
          "Country": "Andorra",
          "Ski Area": "Pal-Arinsal",
          "region": "europe/andorra"
        },
        "source": "OpenStreetMap",
        "source_confidence": "osm_as_mapped",
        "coordinate_space": "local_east_m, local_north_m",
        "aerialway": "pylon"
      }
    },
    {
      "type": "Feature",
      "geometry": {
        "type": "Point",
        "coordinates": [
          1185.55118254415,
          2409.780104128644
        ]
      },
      "properties": {
        "id": "lifts:node:8690757503",
        "osm_type": "node",
        "osm_id": "8690757503",
        "name": null,
        "tags": {
          "aerialway": "pylon",
          "winter_sports_id": "987243867",
          "winter_sports_name": "Pal-Arinsal",
          "State": "La Massana",
          "Country": "Andorra",
          "Ski Area": "Pal-Arinsal",
          "region": "europe/andorra"
        },
        "source": "OpenStreetMap",
        "source_confidence": "osm_as_mapped",
        "coordinate_space": "local_east_m, local_north_m",
        "aerialway": "pylon"
      }
    },
    {
      "type": "Feature",
      "geometry": {
        "type": "Point",
        "coordinates": [
          1123.846643082099,
          2507.2487156763673
        ]
      },
      "properties": {
        "id": "lifts:node:8690757504",
        "osm_type": "node",
        "osm_id": "8690757504",
        "name": null,
        "tags": {
          "aerialway": "pylon",
          "winter_sports_id": "987243867",
          "winter_sports_name": "Pal-Arinsal",
          "State": "La Massana",
          "Country": "Andorra",
          "Ski Area": "Pal-Arinsal",
          "region": "europe/andorra"
        },
        "source": "OpenStreetMap",
        "source_confidence": "osm_as_mapped",
        "coordinate_space": "local_east_m, local_north_m",
        "aerialway": "pylon"
      }
    },
    {
      "type": "Feature",
      "geometry": {
        "type": "Point",
        "coordinates": [
          1051.0469623418176,
          2622.227396846749
        ]
      },
      "properties": {
        "id": "lifts:node:8690757505",
        "osm_type": "node",
        "osm_id": "8690757505",
        "name": null,
        "tags": {
          "aerialway": "pylon",
          "winter_sports_id": "987243867",
          "winter_sports_name": "Pal-Arinsal",
          "State": "La Massana",
          "Country": "Andorra",
          "Ski Area": "Pal-Arinsal",
          "region": "europe/andorra"
        },
        "source": "OpenStreetMap",
        "source_confidence": "osm_as_mapped",
        "coordinate_space": "local_east_m, local_north_m",
        "aerialway": "pylon"
      }
    },
    {
      "type": "Feature",
      "geometry": {
        "type": "Point",
        "coordinates": [
          984.2846733666374,
          2727.6656333608553
        ]
      },
      "properties": {
        "id": "lifts:node:8690757506",
        "osm_type": "node",
        "osm_id": "8690757506",
        "name": null,
        "tags": {
          "aerialway": "pylon",
          "winter_sports_id": "987243867",
          "winter_sports_name": "Pal-Arinsal",
          "State": "La Massana",
          "Country": "Andorra",
          "Ski Area": "Pal-Arinsal",
          "region": "europe/andorra"
        },
        "source": "OpenStreetMap",
        "source_confidence": "osm_as_mapped",
        "coordinate_space": "local_east_m, local_north_m",
        "aerialway": "pylon"
      }
    },
    {
      "type": "Feature",
      "geometry": {
        "type": "Point",
        "coordinates": [
          853.3451718543656,
          2934.49801987689
        ]
      },
      "properties": {
        "id": "lifts:node:8690757507",
        "osm_type": "node",
        "osm_id": "8690757507",
        "name": null,
        "tags": {
          "aerialway": "pylon",
          "winter_sports_id": "987243867",
          "winter_sports_name": "Pal-Arinsal",
          "State": "La Massana",
          "Country": "Andorra",
          "Ski Area": "Pal-Arinsal",
          "region": "europe/andorra"
        },
        "source": "OpenStreetMap",
        "source_confidence": "osm_as_mapped",
        "coordinate_space": "local_east_m, local_north_m",
        "aerialway": "pylon"
      }
    },
    {
      "type": "Feature",
      "geometry": {
        "type": "Point",
        "coordinates": [
          825.3909107938525,
          2978.6542573077604
        ]
      },
      "properties": {
        "id": "lifts:node:8690757508",
        "osm_type": "node",
        "osm_id": "8690757508",
        "name": null,
        "tags": {
          "aerialway": "pylon",
          "winter_sports_id": "987243867",
          "winter_sports_name": "Pal-Arinsal",
          "State": "La Massana",
          "Country": "Andorra",
          "Ski Area": "Pal-Arinsal",
          "region": "europe/andorra"
        },
        "source": "OpenStreetMap",
        "source_confidence": "osm_as_mapped",
        "coordinate_space": "local_east_m, local_north_m",
        "aerialway": "pylon"
      }
    },
    {
      "type": "Feature",
      "geometry": {
        "type": "Point",
        "coordinates": [
          3118.874177947582,
          1191.0785335144028
        ]
      },
      "properties": {
        "id": "lifts:node:11179138117",
        "osm_type": "node",
        "osm_id": "11179138117",
        "name": "Pla de la Cot II",
        "tags": {
          "name": "Pla de la Cot II",
          "aerialway": "station",
          "name:ca": "Pla de la Cot II",
          "winter_sports_id": "987243867",
          "winter_sports_name": "Pal-Arinsal",
          "State": "La Massana",
          "Country": "Andorra",
          "Ski Area": "Pal-Arinsal",
          "region": "europe/andorra"
        },
        "source": "OpenStreetMap",
        "source_confidence": "osm_as_mapped",
        "coordinate_space": "local_east_m, local_north_m",
        "aerialway": "station"
      }
    },
    {
      "type": "Feature",
      "geometry": {
        "type": "Point",
        "coordinates": [
          3163.8942688298994,
          1217.0269273957238
        ]
      },
      "properties": {
        "id": "lifts:node:11179138118",
        "osm_type": "node",
        "osm_id": "11179138118",
        "name": "Pla de la Cot II",
        "tags": {
          "name": "Pla de la Cot II",
          "aerialway": "station",
          "name:ca": "Pla de la Cot II",
          "winter_sports_id": "987243867",
          "winter_sports_name": "Pal-Arinsal",
          "State": "La Massana",
          "Country": "Andorra",
          "Ski Area": "Pal-Arinsal",
          "region": "europe/andorra"
        },
        "source": "OpenStreetMap",
        "source_confidence": "osm_as_mapped",
        "coordinate_space": "local_east_m, local_north_m",
        "aerialway": "station"
      }
    },
    {
      "type": "Feature",
      "geometry": {
        "type": "Point",
        "coordinates": [
          2533.009589050431,
          1286.3271768046543
        ]
      },
      "properties": {
        "id": "lifts:node:11544798834",
        "osm_type": "node",
        "osm_id": "11544798834",
        "name": null,
        "tags": {
          "aerialway": "pylon",
          "winter_sports_id": "987243867",
          "winter_sports_name": "Pal-Arinsal",
          "State": "La Massana",
          "Country": "Andorra",
          "Ski Area": "Pal-Arinsal",
          "region": "europe/andorra"
        },
        "source": "OpenStreetMap",
        "source_confidence": "osm_as_mapped",
        "coordinate_space": "local_east_m, local_north_m",
        "aerialway": "pylon"
      }
    },
    {
      "type": "Feature",
      "geometry": {
        "type": "Point",
        "coordinates": [
          2430.401317407086,
          1227.068381597288
        ]
      },
      "properties": {
        "id": "lifts:node:11544798835",
        "osm_type": "node",
        "osm_id": "11544798835",
        "name": null,
        "tags": {
          "aerialway": "pylon",
          "winter_sports_id": "987243867",
          "winter_sports_name": "Pal-Arinsal",
          "State": "La Massana",
          "Country": "Andorra",
          "Ski Area": "Pal-Arinsal",
          "region": "europe/andorra"
        },
        "source": "OpenStreetMap",
        "source_confidence": "osm_as_mapped",
        "coordinate_space": "local_east_m, local_north_m",
        "aerialway": "pylon"
      }
    },
    {
      "type": "Feature",
      "geometry": {
        "type": "Point",
        "coordinates": [
          2178.733786784229,
          1081.7166459234431
        ]
      },
      "properties": {
        "id": "lifts:node:11544798836",
        "osm_type": "node",
        "osm_id": "11544798836",
        "name": null,
        "tags": {
          "aerialway": "pylon",
          "winter_sports_id": "987243867",
          "winter_sports_name": "Pal-Arinsal",
          "State": "La Massana",
          "Country": "Andorra",
          "Ski Area": "Pal-Arinsal",
          "region": "europe/andorra"
        },
        "source": "OpenStreetMap",
        "source_confidence": "osm_as_mapped",
        "coordinate_space": "local_east_m, local_north_m",
        "aerialway": "pylon"
      }
    },
    {
      "type": "Feature",
      "geometry": {
        "type": "Point",
        "coordinates": [
          2116.164013709058,
          1045.5848243050277
        ]
      },
      "properties": {
        "id": "lifts:node:11544798837",
        "osm_type": "node",
        "osm_id": "11544798837",
        "name": null,
        "tags": {
          "aerialway": "pylon",
          "winter_sports_id": "987243867",
          "winter_sports_name": "Pal-Arinsal",
          "State": "La Massana",
          "Country": "Andorra",
          "Ski Area": "Pal-Arinsal",
          "region": "europe/andorra"
        },
        "source": "OpenStreetMap",
        "source_confidence": "osm_as_mapped",
        "coordinate_space": "local_east_m, local_north_m",
        "aerialway": "pylon"
      }
    },
    {
      "type": "Feature",
      "geometry": {
        "type": "Point",
        "coordinates": [
          2023.6198132612626,
          992.1363028194755
        ]
      },
      "properties": {
        "id": "lifts:node:11544798838",
        "osm_type": "node",
        "osm_id": "11544798838",
        "name": null,
        "tags": {
          "aerialway": "pylon",
          "winter_sports_id": "987243867",
          "winter_sports_name": "Pal-Arinsal",
          "State": "La Massana",
          "Country": "Andorra",
          "Ski Area": "Pal-Arinsal",
          "region": "europe/andorra"
        },
        "source": "OpenStreetMap",
        "source_confidence": "osm_as_mapped",
        "coordinate_space": "local_east_m, local_north_m",
        "aerialway": "pylon"
      }
    },
    {
      "type": "Feature",
      "geometry": {
        "type": "Point",
        "coordinates": [
          1973.7353880738374,
          963.3287277603522
        ]
      },
      "properties": {
        "id": "lifts:node:11544798839",
        "osm_type": "node",
        "osm_id": "11544798839",
        "name": null,
        "tags": {
          "aerialway": "pylon",
          "winter_sports_id": "987243867",
          "winter_sports_name": "Pal-Arinsal",
          "State": "La Massana",
          "Country": "Andorra",
          "Ski Area": "Pal-Arinsal",
          "region": "europe/andorra"
        },
        "source": "OpenStreetMap",
        "source_confidence": "osm_as_mapped",
        "coordinate_space": "local_east_m, local_north_m",
        "aerialway": "pylon"
      }
    },
    {
      "type": "Feature",
      "geometry": {
        "type": "Point",
        "coordinates": [
          1891.3189789148746,
          915.7406076239422
        ]
      },
      "properties": {
        "id": "lifts:node:11544798840",
        "osm_type": "node",
        "osm_id": "11544798840",
        "name": null,
        "tags": {
          "aerialway": "pylon",
          "winter_sports_id": "987243867",
          "winter_sports_name": "Pal-Arinsal",
          "State": "La Massana",
          "Country": "Andorra",
          "Ski Area": "Pal-Arinsal",
          "region": "europe/andorra"
        },
        "source": "OpenStreetMap",
        "source_confidence": "osm_as_mapped",
        "coordinate_space": "local_east_m, local_north_m",
        "aerialway": "pylon"
      }
    },
    {
      "type": "Feature",
      "geometry": {
        "type": "Point",
        "coordinates": [
          1767.3517307762522,
          844.1609168685973
        ]
      },
      "properties": {
        "id": "lifts:node:11544798841",
        "osm_type": "node",
        "osm_id": "11544798841",
        "name": null,
        "tags": {
          "aerialway": "pylon",
          "winter_sports_id": "987243867",
          "winter_sports_name": "Pal-Arinsal",
          "State": "La Massana",
          "Country": "Andorra",
          "Ski Area": "Pal-Arinsal",
          "region": "europe/andorra"
        },
        "source": "OpenStreetMap",
        "source_confidence": "osm_as_mapped",
        "coordinate_space": "local_east_m, local_north_m",
        "aerialway": "pylon"
      }
    },
    {
      "type": "Feature",
      "geometry": {
        "type": "Point",
        "coordinates": [
          1707.002863344096,
          809.3140471437946
        ]
      },
      "properties": {
        "id": "lifts:node:11544798842",
        "osm_type": "node",
        "osm_id": "11544798842",
        "name": null,
        "tags": {
          "aerialway": "pylon",
          "winter_sports_id": "987243867",
          "winter_sports_name": "Pal-Arinsal",
          "State": "La Massana",
          "Country": "Andorra",
          "Ski Area": "Pal-Arinsal",
          "region": "europe/andorra"
        },
        "source": "OpenStreetMap",
        "source_confidence": "osm_as_mapped",
        "coordinate_space": "local_east_m, local_north_m",
        "aerialway": "pylon"
      }
    },
    {
      "type": "Feature",
      "geometry": {
        "type": "Point",
        "coordinates": [
          1659.404224951053,
          839.394669923
        ]
      },
      "properties": {
        "id": "lifts:node:11544798843",
        "osm_type": "node",
        "osm_id": "11544798843",
        "name": null,
        "tags": {
          "aerialway": "pylon",
          "winter_sports_id": "987243867",
          "winter_sports_name": "Pal-Arinsal",
          "State": "La Massana",
          "Country": "Andorra",
          "Ski Area": "Pal-Arinsal",
          "region": "europe/andorra"
        },
        "source": "OpenStreetMap",
        "source_confidence": "osm_as_mapped",
        "coordinate_space": "local_east_m, local_north_m",
        "aerialway": "pylon"
      }
    },
    {
      "type": "Feature",
      "geometry": {
        "type": "Point",
        "coordinates": [
          4498.712034811033,
          1911.5481521617621
        ]
      },
      "properties": {
        "id": "lifts:node:11544800846",
        "osm_type": "node",
        "osm_id": "11544800846",
        "name": "Pedres Blanques II",
        "tags": {
          "name": "Pedres Blanques II",
          "aerialway": "station",
          "winter_sports_id": "987243867",
          "winter_sports_name": "Pal-Arinsal",
          "State": "La Massana",
          "Country": "Andorra",
          "Ski Area": "Pal-Arinsal",
          "region": "europe/andorra"
        },
        "source": "OpenStreetMap",
        "source_confidence": "osm_as_mapped",
        "coordinate_space": "local_east_m, local_north_m",
        "aerialway": "station"
      }
    },
    {
      "type": "Feature",
      "geometry": {
        "type": "Point",
        "coordinates": [
          4438.558630280371,
          1917.6738359332085
        ]
      },
      "properties": {
        "id": "lifts:node:11544800847",
        "osm_type": "node",
        "osm_id": "11544800847",
        "name": "Pedres Blanques II",
        "tags": {
          "name": "Pedres Blanques II",
          "aerialway": "station",
          "winter_sports_id": "987243867",
          "winter_sports_name": "Pal-Arinsal",
          "State": "La Massana",
          "Country": "Andorra",
          "Ski Area": "Pal-Arinsal",
          "region": "europe/andorra"
        },
        "source": "OpenStreetMap",
        "source_confidence": "osm_as_mapped",
        "coordinate_space": "local_east_m, local_north_m",
        "aerialway": "station"
      }
    },
    {
      "type": "Feature",
      "geometry": {
        "type": "Point",
        "coordinates": [
          4491.188747457403,
          2008.9308559233323
        ]
      },
      "properties": {
        "id": "lifts:node:11544800848",
        "osm_type": "node",
        "osm_id": "11544800848",
        "name": "Pedres Blanques I",
        "tags": {
          "name": "Pedres Blanques I",
          "aerialway": "station",
          "winter_sports_id": "987243867",
          "winter_sports_name": "Pal-Arinsal",
          "State": "La Massana",
          "Country": "Andorra",
          "Ski Area": "Pal-Arinsal",
          "region": "europe/andorra"
        },
        "source": "OpenStreetMap",
        "source_confidence": "osm_as_mapped",
        "coordinate_space": "local_east_m, local_north_m",
        "aerialway": "station"
      }
    },
    {
      "type": "Feature",
      "geometry": {
        "type": "Point",
        "coordinates": [
          4526.622106238559,
          2068.670629767701
        ]
      },
      "properties": {
        "id": "lifts:node:11544800849",
        "osm_type": "node",
        "osm_id": "11544800849",
        "name": "Pedres Blanques I",
        "tags": {
          "name": "Pedres Blanques I",
          "aerialway": "station",
          "winter_sports_id": "987243867",
          "winter_sports_name": "Pal-Arinsal",
          "State": "La Massana",
          "Country": "Andorra",
          "Ski Area": "Pal-Arinsal",
          "region": "europe/andorra"
        },
        "source": "OpenStreetMap",
        "source_confidence": "osm_as_mapped",
        "coordinate_space": "local_east_m, local_north_m",
        "aerialway": "station"
      }
    },
    {
      "type": "Feature",
      "geometry": {
        "type": "Point",
        "coordinates": [
          4517.216520907183,
          1769.2944100992754
        ]
      },
      "properties": {
        "id": "lifts:node:11544800850",
        "osm_type": "node",
        "osm_id": "11544800850",
        "name": "el Planell II",
        "tags": {
          "name": "el Planell II",
          "aerialway": "station",
          "winter_sports_id": "987243867",
          "winter_sports_name": "Pal-Arinsal",
          "State": "La Massana",
          "Country": "Andorra",
          "Ski Area": "Pal-Arinsal",
          "region": "europe/andorra"
        },
        "source": "OpenStreetMap",
        "source_confidence": "osm_as_mapped",
        "coordinate_space": "local_east_m, local_north_m",
        "aerialway": "station"
      }
    },
    {
      "type": "Feature",
      "geometry": {
        "type": "Point",
        "coordinates": [
          4473.857425261987,
          1741.0864360872656
        ]
      },
      "properties": {
        "id": "lifts:node:11544800851",
        "osm_type": "node",
        "osm_id": "11544800851",
        "name": "el Planell II",
        "tags": {
          "name": "el Planell II",
          "aerialway": "station",
          "winter_sports_id": "987243867",
          "winter_sports_name": "Pal-Arinsal",
          "State": "La Massana",
          "Country": "Andorra",
          "Ski Area": "Pal-Arinsal",
          "region": "europe/andorra"
        },
        "source": "OpenStreetMap",
        "source_confidence": "osm_as_mapped",
        "coordinate_space": "local_east_m, local_north_m",
        "aerialway": "station"
      }
    },
    {
      "type": "Feature",
      "geometry": {
        "type": "Point",
        "coordinates": [
          975.0524157086038,
          5279.331544713117
        ]
      },
      "properties": {
        "id": "lifts:node:12479038793",
        "osm_type": "node",
        "osm_id": "12479038793",
        "name": null,
        "tags": {
          "aerialway": "pylon",
          "winter_sports_id": "987243867",
          "winter_sports_name": "Pal-Arinsal",
          "State": "La Massana",
          "Country": "Andorra",
          "Ski Area": "Pal-Arinsal",
          "region": "europe/andorra"
        },
        "source": "OpenStreetMap",
        "source_confidence": "osm_as_mapped",
        "coordinate_space": "local_east_m, local_north_m",
        "aerialway": "pylon"
      }
    },
    {
      "type": "Feature",
      "geometry": {
        "type": "Point",
        "coordinates": [
          1074.0510376896127,
          5315.173310351558
        ]
      },
      "properties": {
        "id": "lifts:node:12479038794",
        "osm_type": "node",
        "osm_id": "12479038794",
        "name": null,
        "tags": {
          "aerialway": "pylon",
          "winter_sports_id": "987243867",
          "winter_sports_name": "Pal-Arinsal",
          "State": "La Massana",
          "Country": "Andorra",
          "Ski Area": "Pal-Arinsal",
          "region": "europe/andorra"
        },
        "source": "OpenStreetMap",
        "source_confidence": "osm_as_mapped",
        "coordinate_space": "local_east_m, local_north_m",
        "aerialway": "pylon"
      }
    },
    {
      "type": "Feature",
      "geometry": {
        "type": "Point",
        "coordinates": [
          1196.1923266673693,
          5359.401470798068
        ]
      },
      "properties": {
        "id": "lifts:node:12479038795",
        "osm_type": "node",
        "osm_id": "12479038795",
        "name": null,
        "tags": {
          "aerialway": "pylon",
          "winter_sports_id": "987243867",
          "winter_sports_name": "Pal-Arinsal",
          "State": "La Massana",
          "Country": "Andorra",
          "Ski Area": "Pal-Arinsal",
          "region": "europe/andorra"
        },
        "source": "OpenStreetMap",
        "source_confidence": "osm_as_mapped",
        "coordinate_space": "local_east_m, local_north_m",
        "aerialway": "pylon"
      }
    },
    {
      "type": "Feature",
      "geometry": {
        "type": "Point",
        "coordinates": [
          1321.7206199080101,
          5404.847202890553
        ]
      },
      "properties": {
        "id": "lifts:node:12479038796",
        "osm_type": "node",
        "osm_id": "12479038796",
        "name": null,
        "tags": {
          "aerialway": "pylon",
          "winter_sports_id": "987243867",
          "winter_sports_name": "Pal-Arinsal",
          "State": "La Massana",
          "Country": "Andorra",
          "Ski Area": "Pal-Arinsal",
          "region": "europe/andorra"
        },
        "source": "OpenStreetMap",
        "source_confidence": "osm_as_mapped",
        "coordinate_space": "local_east_m, local_north_m",
        "aerialway": "pylon"
      }
    },
    {
      "type": "Feature",
      "geometry": {
        "type": "Point",
        "coordinates": [
          1490.226944479742,
          5465.861121687107
        ]
      },
      "properties": {
        "id": "lifts:node:12479038797",
        "osm_type": "node",
        "osm_id": "12479038797",
        "name": null,
        "tags": {
          "aerialway": "pylon",
          "winter_sports_id": "987243867",
          "winter_sports_name": "Pal-Arinsal",
          "State": "La Massana",
          "Country": "Andorra",
          "Ski Area": "Pal-Arinsal",
          "region": "europe/andorra"
        },
        "source": "OpenStreetMap",
        "source_confidence": "osm_as_mapped",
        "coordinate_space": "local_east_m, local_north_m",
        "aerialway": "pylon"
      }
    },
    {
      "type": "Feature",
      "geometry": {
        "type": "Point",
        "coordinates": [
          1654.0851755162003,
          5525.1976138316095
        ]
      },
      "properties": {
        "id": "lifts:node:12479038798",
        "osm_type": "node",
        "osm_id": "12479038798",
        "name": null,
        "tags": {
          "aerialway": "pylon",
          "winter_sports_id": "987243867",
          "winter_sports_name": "Pal-Arinsal",
          "State": "La Massana",
          "Country": "Andorra",
          "Ski Area": "Pal-Arinsal",
          "region": "europe/andorra"
        },
        "source": "OpenStreetMap",
        "source_confidence": "osm_as_mapped",
        "coordinate_space": "local_east_m, local_north_m",
        "aerialway": "pylon"
      }
    },
    {
      "type": "Feature",
      "geometry": {
        "type": "Point",
        "coordinates": [
          1822.329148481018,
          5586.124170272611
        ]
      },
      "properties": {
        "id": "lifts:node:12479038799",
        "osm_type": "node",
        "osm_id": "12479038799",
        "name": null,
        "tags": {
          "aerialway": "pylon",
          "winter_sports_id": "987243867",
          "winter_sports_name": "Pal-Arinsal",
          "State": "La Massana",
          "Country": "Andorra",
          "Ski Area": "Pal-Arinsal",
          "region": "europe/andorra"
        },
        "source": "OpenStreetMap",
        "source_confidence": "osm_as_mapped",
        "coordinate_space": "local_east_m, local_north_m",
        "aerialway": "pylon"
      }
    },
    {
      "type": "Feature",
      "geometry": {
        "type": "Point",
        "coordinates": [
          2137.071530153742,
          5700.108814544044
        ]
      },
      "properties": {
        "id": "lifts:node:12479038800",
        "osm_type": "node",
        "osm_id": "12479038800",
        "name": null,
        "tags": {
          "aerialway": "pylon",
          "winter_sports_id": "987243867",
          "winter_sports_name": "Pal-Arinsal",
          "State": "La Massana",
          "Country": "Andorra",
          "Ski Area": "Pal-Arinsal",
          "region": "europe/andorra"
        },
        "source": "OpenStreetMap",
        "source_confidence": "osm_as_mapped",
        "coordinate_space": "local_east_m, local_north_m",
        "aerialway": "pylon"
      }
    },
    {
      "type": "Feature",
      "geometry": {
        "type": "Point",
        "coordinates": [
          1993.6363036265248,
          5648.165300109424
        ]
      },
      "properties": {
        "id": "lifts:node:12479042801",
        "osm_type": "node",
        "osm_id": "12479042801",
        "name": null,
        "tags": {
          "aerialway": "pylon",
          "winter_sports_id": "987243867",
          "winter_sports_name": "Pal-Arinsal",
          "State": "La Massana",
          "Country": "Andorra",
          "Ski Area": "Pal-Arinsal",
          "region": "europe/andorra"
        },
        "source": "OpenStreetMap",
        "source_confidence": "osm_as_mapped",
        "coordinate_space": "local_east_m, local_north_m",
        "aerialway": "pylon"
      }
    },
    {
      "type": "Feature",
      "geometry": {
        "type": "Point",
        "coordinates": [
          2248.0934560157475,
          5738.20322793629
        ]
      },
      "properties": {
        "id": "lifts:node:12479042802",
        "osm_type": "node",
        "osm_id": "12479042802",
        "name": null,
        "tags": {
          "aerialway": "pylon",
          "winter_sports_id": "987243867",
          "winter_sports_name": "Pal-Arinsal",
          "State": "La Massana",
          "Country": "Andorra",
          "Ski Area": "Pal-Arinsal",
          "region": "europe/andorra"
        },
        "source": "OpenStreetMap",
        "source_confidence": "osm_as_mapped",
        "coordinate_space": "local_east_m, local_north_m",
        "aerialway": "pylon"
      }
    },
    {
      "type": "Feature",
      "geometry": {
        "type": "Point",
        "coordinates": [
          2290.4342426477815,
          5751.7972592413425
        ]
      },
      "properties": {
        "id": "lifts:node:12479042807",
        "osm_type": "node",
        "osm_id": "12479042807",
        "name": null,
        "tags": {
          "aerialway": "pylon",
          "winter_sports_id": "987243867",
          "winter_sports_name": "Pal-Arinsal",
          "State": "La Massana",
          "Country": "Andorra",
          "Ski Area": "Pal-Arinsal",
          "region": "europe/andorra"
        },
        "source": "OpenStreetMap",
        "source_confidence": "osm_as_mapped",
        "coordinate_space": "local_east_m, local_north_m",
        "aerialway": "pylon"
      }
    },
    {
      "type": "Feature",
      "geometry": {
        "type": "LineString",
        "coordinates": [
          [
            5163.215590558189,
            2314.6560906246305
          ],
          [
            5024.908479186823,
            2234.8845980940387
          ],
          [
            4821.65121295891,
            2117.6512622199953
          ],
          [
            4647.685007532709,
            2017.330580544658
          ],
          [
            4518.341960370482,
            1942.7446738984436
          ]
        ]
      },
      "properties": {
        "id": "lifts:way:29376254",
        "osm_type": "way",
        "osm_id": "29376254",
        "name": "Telecabina La Massana",
        "tags": {
          "name": "Telecabina La Massana",
          "aerialway": "gondola",
          "z_order": "0",
          "aerialway:duration": "8",
          "aerialway:heating": "no",
          "aerialway:occupancy": "16",
          "name:ca": "Telecabina La Massana",
          "name:en": "Cable Car La Massana",
          "winter_sports_id": "987243867",
          "winter_sports_name": "Pal-Arinsal",
          "State": "La Massana",
          "Country": "Andorra",
          "Ski Area": "Pal-Arinsal",
          "region": "europe/andorra"
        },
        "source": "OpenStreetMap",
        "source_confidence": "osm_as_mapped",
        "coordinate_space": "local_east_m, local_north_m",
        "aerialway": "gondola"
      }
    },
    {
      "type": "Feature",
      "geometry": {
        "type": "LineString",
        "coordinates": [
          [
            3585.3735632518074,
            5912.788794121705
          ],
          [
            3536.335896506498,
            5916.386603615247
          ],
          [
            3423.3760615055216,
            5924.671367040835
          ],
          [
            3304.4148716959753,
            5933.410374408588
          ],
          [
            3273.9631246138015,
            5935.636028703302
          ],
          [
            2993.430508592224,
            5956.23399430234
          ],
          [
            2953.79616873333,
            5959.148884637281
          ]
        ]
      },
      "properties": {
        "id": "lifts:way:29376356",
        "osm_type": "way",
        "osm_id": "29376356",
        "name": "els Orriols",
        "tags": {
          "name": "els Orriols",
          "aerialway": "gondola",
          "z_order": "0",
          "name:ca": "els Orriols",
          "winter_sports_id": "987243867",
          "winter_sports_name": "Pal-Arinsal",
          "State": "La Massana",
          "Country": "Andorra",
          "Ski Area": "Pal-Arinsal",
          "region": "europe/andorra"
        },
        "source": "OpenStreetMap",
        "source_confidence": "osm_as_mapped",
        "coordinate_space": "local_east_m, local_north_m",
        "aerialway": "gondola"
      }
    },
    {
      "type": "Feature",
      "geometry": {
        "type": "LineString",
        "coordinates": [
          [
            3679.8504748278647,
            6373.932203849778
          ],
          [
            3656.90799188253,
            6361.747756538913
          ],
          [
            3591.627689405752,
            6327.086117466912
          ],
          [
            3529.446633365995,
            6294.068872031756
          ],
          [
            3431.042986596003,
            6241.809353848919
          ],
          [
            3340.0400459611556,
            6193.494561214931
          ],
          [
            3277.2844633844797,
            6160.167695884593
          ],
          [
            3206.2725696732523,
            6122.469217138365
          ],
          [
            3090.962339844089,
            6061.2438716245815
          ],
          [
            3006.6024999028305,
            6016.456867220812
          ],
          [
            2967.09556368395,
            5995.487280073576
          ],
          [
            2936.8061069917167,
            5979.40557354223
          ]
        ]
      },
      "properties": {
        "id": "lifts:way:42014211",
        "osm_type": "way",
        "osm_id": "42014211",
        "name": "Arinsal",
        "tags": {
          "name": "Arinsal",
          "aerialway": "chair_lift",
          "z_order": "0",
          "aerialway:occupancy": "6",
          "name:ca": "Arinsal",
          "winter_sports_id": "987243867",
          "winter_sports_name": "Pal-Arinsal",
          "State": "La Massana",
          "Country": "Andorra",
          "Ski Area": "Pal-Arinsal",
          "region": "europe/andorra"
        },
        "source": "OpenStreetMap",
        "source_confidence": "osm_as_mapped",
        "coordinate_space": "local_east_m, local_north_m",
        "aerialway": "chair_lift"
      }
    },
    {
      "type": "Feature",
      "geometry": {
        "type": "LineString",
        "coordinates": [
          [
            4443.453294585517,
            1857.6711878553033
          ],
          [
            4413.518839966622,
            1817.1058027930558
          ],
          [
            4367.639750267263,
            1754.920221154578
          ],
          [
            4353.109862898127,
            1735.2296859603375
          ],
          [
            4328.275987431873,
            1701.582709803246
          ]
        ]
      },
      "properties": {
        "id": "lifts:way:52008425",
        "osm_type": "way",
        "osm_id": "52008425",
        "name": "la Caubella",
        "tags": {
          "name": "la Caubella",
          "aerialway": "chair_lift",
          "z_order": "0",
          "aerialway:occupancy": "2",
          "winter_sports_id": "987243867",
          "winter_sports_name": "Pal-Arinsal",
          "State": "La Massana",
          "Country": "Andorra",
          "Ski Area": "Pal-Arinsal",
          "region": "europe/andorra"
        },
        "source": "OpenStreetMap",
        "source_confidence": "osm_as_mapped",
        "coordinate_space": "local_east_m, local_north_m",
        "aerialway": "chair_lift"
      }
    },
    {
      "type": "Feature",
      "geometry": {
        "type": "LineString",
        "coordinates": [
          [
            4413.357475688157,
            1865.2054220624268
          ],
          [
            4325.284357843746,
            1820.8005085214972
          ],
          [
            4245.068176446017,
            1780.344116709195
          ],
          [
            4183.527491676097,
            1749.3188985846937
          ],
          [
            4078.797326591739,
            1696.5059024160728
          ],
          [
            4004.397876637464,
            1659.002887812443
          ],
          [
            3901.198729131138,
            1606.9759605294093
          ],
          [
            3810.27520317561,
            1561.1287753302604
          ],
          [
            3793.07365728257,
            1552.4617132190615
          ],
          [
            3782.586828239495,
            1547.1733829826117
          ],
          [
            3724.6819476006785,
            1517.1088692126796
          ],
          [
            3661.9919260988827,
            1484.5646985368803
          ],
          [
            3595.669331917248,
            1450.1423593908548
          ],
          [
            3555.566875588149,
            1429.323729697615
          ],
          [
            3287.846275567077,
            1290.3637845953926
          ],
          [
            3201.135746161046,
            1245.3593468517065
          ],
          [
            3158.6590108278906,
            1223.3082345537841
          ]
        ]
      },
      "properties": {
        "id": "lifts:way:52008767",
        "osm_type": "way",
        "osm_id": "52008767",
        "name": "la Serra",
        "tags": {
          "name": "la Serra",
          "aerialway": "chair_lift",
          "z_order": "0",
          "aerialway:occupancy": "2",
          "name:ca": "la Serra",
          "winter_sports_id": "987243867",
          "winter_sports_name": "Pal-Arinsal",
          "State": "La Massana",
          "Country": "Andorra",
          "Ski Area": "Pal-Arinsal",
          "region": "europe/andorra"
        },
        "source": "OpenStreetMap",
        "source_confidence": "osm_as_mapped",
        "coordinate_space": "local_east_m, local_north_m",
        "aerialway": "chair_lift"
      }
    },
    {
      "type": "Feature",
      "geometry": {
        "type": "LineString",
        "coordinates": [
          [
            3980.594392012863,
            1995.4178695231676
          ],
          [
            4013.148821528768,
            1960.9679433917627
          ],
          [
            4078.943982998724,
            1891.345426261425
          ],
          [
            4153.512465796492,
            1812.4473834848031
          ],
          [
            4199.170194209029,
            1764.1351200938225
          ],
          [
            4257.4948309622705,
            1702.4121819511056
          ],
          [
            4273.321922137926,
            1685.6680195285007
          ]
        ]
      },
      "properties": {
        "id": "lifts:way:52009081",
        "osm_type": "way",
        "osm_id": "52009081",
        "name": "la Carbonera",
        "tags": {
          "name": "la Carbonera",
          "aerialway": "chair_lift",
          "z_order": "0",
          "aerialway:occupancy": "4",
          "name:ca": "la Carbonera",
          "winter_sports_id": "987243867",
          "winter_sports_name": "Pal-Arinsal",
          "State": "La Massana",
          "Country": "Andorra",
          "Ski Area": "Pal-Arinsal",
          "region": "europe/andorra"
        },
        "source": "OpenStreetMap",
        "source_confidence": "osm_as_mapped",
        "coordinate_space": "local_east_m, local_north_m",
        "aerialway": "chair_lift"
      }
    },
    {
      "type": "Feature",
      "geometry": {
        "type": "LineString",
        "coordinates": [
          [
            3915.830207194842,
            1982.5362297557294
          ],
          [
            3884.117510520213,
            1952.0018791407347
          ],
          [
            3861.1562030538335,
            1929.8973387246951
          ],
          [
            3745.8289898160147,
            1818.8629604997113
          ],
          [
            3625.3905972511857,
            1702.9124008892104
          ],
          [
            3510.733087476867,
            1592.5361236520112
          ],
          [
            3425.5482649223995,
            1510.5236581927165
          ],
          [
            3325.815372702549,
            1414.5223009362817
          ],
          [
            3224.792012549762,
            1317.2680916422978
          ],
          [
            3179.2371144554927,
            1273.423089590855
          ],
          [
            3129.6266364234616,
            1225.6636577714235
          ]
        ]
      },
      "properties": {
        "id": "lifts:way:52009565",
        "osm_type": "way",
        "osm_id": "52009565",
        "name": "la Serra 2",
        "tags": {
          "name": "la Serra 2",
          "aerialway": "chair_lift",
          "z_order": "0",
          "aerialway:occupancy": "4",
          "name:ca": "la Serra 2",
          "winter_sports_id": "987243867",
          "winter_sports_name": "Pal-Arinsal",
          "State": "La Massana",
          "Country": "Andorra",
          "Ski Area": "Pal-Arinsal",
          "region": "europe/andorra"
        },
        "source": "OpenStreetMap",
        "source_confidence": "osm_as_mapped",
        "coordinate_space": "local_east_m, local_north_m",
        "aerialway": "chair_lift"
      }
    },
    {
      "type": "Feature",
      "geometry": {
        "type": "LineString",
        "coordinates": [
          [
            1356.1892436911585,
            2806.571468268521
          ],
          [
            1356.8805632290314,
            2770.2245633667335
          ],
          [
            1357.4692600626731,
            2739.5001844093204
          ],
          [
            1358.164970689104,
            2702.9421520400792
          ],
          [
            1361.8995925359777,
            2507.1732116118073
          ],
          [
            1364.8528876848868,
            2352.2515997122973
          ],
          [
            1366.585392412322,
            2261.3565760608763
          ],
          [
            1367.2927992602927,
            2224.076344762929
          ],
          [
            1368.0355013571098,
            2185.129273022525
          ],
          [
            1368.7468004939728,
            2148.060027993284
          ],
          [
            1371.3375215496635,
            2011.9287513997406
          ],
          [
            1374.4960825739545,
            1846.5953602744266
          ],
          [
            1375.2019796376117,
            1809.670642171055
          ],
          [
            1375.8755506722373,
            1774.123906773515
          ],
          [
            1376.396127261396,
            1746.8443057034165
          ]
        ]
      },
      "properties": {
        "id": "lifts:way:52010630",
        "osm_type": "way",
        "osm_id": "52010630",
        "name": "la Botella",
        "tags": {
          "name": "la Botella",
          "aerialway": "chair_lift",
          "z_order": "0",
          "aerialway:bubble": "no",
          "aerialway:heating": "yes",
          "aerialway:occupancy": "4",
          "name:ca": "la Botella",
          "oneway": "yes",
          "winter_sports_id": "987243867",
          "winter_sports_name": "Pal-Arinsal",
          "State": "La Massana",
          "Country": "Andorra",
          "Ski Area": "Pal-Arinsal",
          "region": "europe/andorra"
        },
        "source": "OpenStreetMap",
        "source_confidence": "osm_as_mapped",
        "coordinate_space": "local_east_m, local_north_m",
        "aerialway": "chair_lift"
      }
    },
    {
      "type": "Feature",
      "geometry": {
        "type": "LineString",
        "coordinates": [
          [
            797.437016266922,
            3022.8106177179143
          ],
          [
            825.3909107938525,
            2978.6542573077604
          ],
          [
            853.3451718543656,
            2934.49801987689
          ],
          [
            984.2846733666374,
            2727.6656333608553
          ],
          [
            1051.0469623418176,
            2622.227396846749
          ],
          [
            1123.846643082099,
            2507.2487156763673
          ],
          [
            1185.55118254415,
            2409.780104128644
          ],
          [
            1256.0638636735966,
            2298.4105188352987
          ],
          [
            1290.4509598104632,
            2244.108203274198
          ],
          [
            1322.8983258974622,
            2192.862894131802
          ]
        ]
      },
      "properties": {
        "id": "lifts:way:52010729",
        "osm_type": "way",
        "osm_id": "52010729",
        "name": "Set\u00faria",
        "tags": {
          "name": "Set\u00faria",
          "aerialway": "chair_lift",
          "z_order": "0",
          "aerialway:occupancy": "4",
          "name:ca": "Set\u00faria",
          "winter_sports_id": "987243867",
          "winter_sports_name": "Pal-Arinsal",
          "State": "La Massana",
          "Country": "Andorra",
          "Ski Area": "Pal-Arinsal",
          "region": "europe/andorra"
        },
        "source": "OpenStreetMap",
        "source_confidence": "osm_as_mapped",
        "coordinate_space": "local_east_m, local_north_m",
        "aerialway": "chair_lift"
      }
    },
    {
      "type": "Feature",
      "geometry": {
        "type": "LineString",
        "coordinates": [
          [
            2684.907543373818,
            1609.6865936955437
          ],
          [
            2649.404419240309,
            1583.0138911940157
          ],
          [
            2601.167029582022,
            1546.774433227256
          ],
          [
            2518.024740115856,
            1484.3189348159358
          ],
          [
            2407.0381524263066,
            1400.941380545497
          ],
          [
            2309.7166402667644,
            1327.8370461519808
          ],
          [
            2197.6258379866485,
            1243.6495692683384
          ],
          [
            2109.2535991519107,
            1177.2613775767386
          ],
          [
            1995.5668440476293,
            1091.8729668930173
          ],
          [
            1882.260343535163,
            1006.7682059323415
          ],
          [
            1772.8079559967737,
            924.5719849364832
          ],
          [
            1673.7818990462692,
            850.1963446242735
          ],
          [
            1659.404224951053,
            839.394669923
          ],
          [
            1643.4605466661742,
            827.4218892436475
          ]
        ]
      },
      "properties": {
        "id": "lifts:way:52010876",
        "osm_type": "way",
        "osm_id": "52010876",
        "name": "El Cubil",
        "tags": {
          "name": "El Cubil",
          "aerialway": "chair_lift",
          "z_order": "0",
          "aerialway:occupancy": "6",
          "winter_sports_id": "987243867",
          "winter_sports_name": "Pal-Arinsal",
          "State": "La Massana",
          "Country": "Andorra",
          "Ski Area": "Pal-Arinsal",
          "region": "europe/andorra"
        },
        "source": "OpenStreetMap",
        "source_confidence": "osm_as_mapped",
        "coordinate_space": "local_east_m, local_north_m",
        "aerialway": "chair_lift"
      }
    },
    {
      "type": "Feature",
      "geometry": {
        "type": "LineString",
        "coordinates": [
          [
            2932.284704492311,
            5884.5141519205645
          ],
          [
            2860.1396092509967,
            5874.787143503316
          ],
          [
            2763.205868413381,
            5860.854835536331
          ],
          [
            2684.4715523668565,
            5849.53815536201
          ],
          [
            2600.1396020604298,
            5837.423958219588
          ],
          [
            2499.9038313481724,
            5823.021882779896
          ],
          [
            2375.7133319878485,
            5805.167888631113
          ],
          [
            2264.857783646614,
            5789.25116132386
          ],
          [
            2106.6360787111917,
            5766.521338356659
          ],
          [
            1988.8641782036284,
            5749.601661955006
          ],
          [
            1850.3886824827641,
            5729.717489156872
          ],
          [
            1758.3810814960161,
            5716.497978568077
          ],
          [
            1626.695443718403,
            5697.594153137878
          ],
          [
            1527.0148440966732,
            5683.284675432369
          ],
          [
            1381.7943722729688,
            5662.444300496951
          ],
          [
            1288.9369205987314,
            5649.11316825822
          ]
        ]
      },
      "properties": {
        "id": "lifts:way:52038527",
        "osm_type": "way",
        "osm_id": "52038527",
        "name": "les Fonts",
        "tags": {
          "name": "les Fonts",
          "aerialway": "chair_lift",
          "z_order": "0",
          "aerialway:occupancy": "6",
          "name:ca": "les Fonts",
          "winter_sports_id": "987243867",
          "winter_sports_name": "Pal-Arinsal",
          "State": "La Massana",
          "Country": "Andorra",
          "Ski Area": "Pal-Arinsal",
          "region": "europe/andorra"
        },
        "source": "OpenStreetMap",
        "source_confidence": "osm_as_mapped",
        "coordinate_space": "local_east_m, local_north_m",
        "aerialway": "chair_lift"
      }
    },
    {
      "type": "Feature",
      "geometry": {
        "type": "LineString",
        "coordinates": [
          [
            2887.0371998025803,
            6127.085166724399
          ],
          [
            2839.579384658311,
            6101.805660936981
          ],
          [
            2773.9998698317795,
            6066.868055766448
          ],
          [
            2716.054654056381,
            6036.002856872976
          ],
          [
            2620.854269898846,
            5985.296042986214
          ],
          [
            2532.4252452161163,
            5938.188982440159
          ],
          [
            2513.350062675425,
            5928.037530743517
          ]
        ]
      },
      "properties": {
        "id": "lifts:way:52038627",
        "osm_type": "way",
        "osm_id": "52038627",
        "name": "el Cortal",
        "tags": {
          "name": "el Cortal",
          "aerialway": "chair_lift",
          "z_order": "0",
          "aerialway:occupancy": "4",
          "name:ca": "el Cortal",
          "winter_sports_id": "987243867",
          "winter_sports_name": "Pal-Arinsal",
          "State": "La Massana",
          "Country": "Andorra",
          "Ski Area": "Pal-Arinsal",
          "region": "europe/andorra"
        },
        "source": "OpenStreetMap",
        "source_confidence": "osm_as_mapped",
        "coordinate_space": "local_east_m, local_north_m",
        "aerialway": "chair_lift"
      }
    },
    {
      "type": "Feature",
      "geometry": {
        "type": "LineString",
        "coordinates": [
          [
            2777.9937230928917,
            1601.9958120267838
          ],
          [
            3061.4480210297043,
            1256.3384046349674
          ],
          [
            3082.228621129354,
            1230.9936230815947
          ]
        ]
      },
      "properties": {
        "id": "lifts:way:52112646",
        "osm_type": "way",
        "osm_id": "52112646",
        "name": "la Serra",
        "tags": {
          "name": "la Serra",
          "aerialway": "drag_lift",
          "z_order": "0",
          "name:ca": "la Serra",
          "winter_sports_id": "987243867",
          "winter_sports_name": "Pal-Arinsal",
          "State": "La Massana",
          "Country": "Andorra",
          "Ski Area": "Pal-Arinsal",
          "region": "europe/andorra"
        },
        "source": "OpenStreetMap",
        "source_confidence": "osm_as_mapped",
        "coordinate_space": "local_east_m, local_north_m",
        "aerialway": "drag_lift"
      }
    },
    {
      "type": "Feature",
      "geometry": {
        "type": "LineString",
        "coordinates": [
          [
            2608.684056859871,
            1330.0345052341
          ],
          [
            2533.009589050431,
            1286.3271768046543
          ],
          [
            2430.401317407086,
            1227.068381597288
          ],
          [
            2178.733786784229,
            1081.7166459234431
          ],
          [
            2116.164013709058,
            1045.5848243050277
          ],
          [
            2023.6198132612626,
            992.1363028194755
          ],
          [
            1973.7353880738374,
            963.3287277603522
          ],
          [
            1891.3189789148746,
            915.7406076239422
          ],
          [
            1767.3517307762522,
            844.1609168685973
          ],
          [
            1707.002863344096,
            809.3140471437946
          ],
          [
            1668.7986649617087,
            787.2495006592944
          ]
        ]
      },
      "properties": {
        "id": "lifts:way:52114939",
        "osm_type": "way",
        "osm_id": "52114939",
        "name": "el Cubil",
        "tags": {
          "name": "el Cubil",
          "aerialway": "drag_lift",
          "z_order": "0",
          "winter_sports_id": "987243867",
          "winter_sports_name": "Pal-Arinsal",
          "State": "La Massana",
          "Country": "Andorra",
          "Ski Area": "Pal-Arinsal",
          "region": "europe/andorra"
        },
        "source": "OpenStreetMap",
        "source_confidence": "osm_as_mapped",
        "coordinate_space": "local_east_m, local_north_m",
        "aerialway": "drag_lift"
      }
    },
    {
      "type": "Feature",
      "geometry": {
        "type": "LineString",
        "coordinates": [
          [
            1957.3114524931298,
            1200.681529218331
          ],
          [
            1568.3831866810215,
            904.1350599601865
          ]
        ]
      },
      "properties": {
        "id": "lifts:way:52114942",
        "osm_type": "way",
        "osm_id": "52114942",
        "name": "els Coms",
        "tags": {
          "name": "els Coms",
          "aerialway": "drag_lift",
          "z_order": "0",
          "name:ca": "els Coms",
          "winter_sports_id": "987243867",
          "winter_sports_name": "Pal-Arinsal",
          "State": "La Massana",
          "Country": "Andorra",
          "Ski Area": "Pal-Arinsal",
          "region": "europe/andorra"
        },
        "source": "OpenStreetMap",
        "source_confidence": "osm_as_mapped",
        "coordinate_space": "local_east_m, local_north_m",
        "aerialway": "drag_lift"
      }
    },
    {
      "type": "Feature",
      "geometry": {
        "type": "LineString",
        "coordinates": [
          [
            1342.2318774070009,
            2900.866815404035
          ],
          [
            1080.9342728370684,
            3911.6889530634508
          ],
          [
            757.0601452128612,
            5164.842223659158
          ],
          [
            745.2232704876806,
            5210.6250141514465
          ]
        ]
      },
      "properties": {
        "id": "lifts:way:52114952",
        "osm_type": "way",
        "osm_id": "52114952",
        "name": "Arinsal-Pal",
        "tags": {
          "name": "Arinsal-Pal",
          "aerialway": "cable_car",
          "z_order": "0",
          "aerialway:occupancy": "50",
          "name:ca": "Arinsal-Pal",
          "winter_sports_id": "987243867",
          "winter_sports_name": "Pal-Arinsal",
          "State": "La Massana",
          "Country": "Andorra",
          "Ski Area": "Pal-Arinsal",
          "region": "europe/andorra"
        },
        "source": "OpenStreetMap",
        "source_confidence": "osm_as_mapped",
        "coordinate_space": "local_east_m, local_north_m",
        "aerialway": "cable_car"
      }
    },
    {
      "type": "Feature",
      "geometry": {
        "type": "LineString",
        "coordinates": [
          [
            1103.9946236434625,
            5076.623363727704
          ],
          [
            1468.8118424583226,
            4913.2718079108745
          ]
        ]
      },
      "properties": {
        "id": "lifts:way:52121995",
        "osm_type": "way",
        "osm_id": "52121995",
        "name": "la Capa",
        "tags": {
          "name": "la Capa",
          "aerialway": "platter",
          "z_order": "0",
          "name:ca": "la Capa",
          "winter_sports_id": "987243867",
          "winter_sports_name": "Pal-Arinsal",
          "State": "La Massana",
          "Country": "Andorra",
          "Ski Area": "Pal-Arinsal",
          "region": "europe/andorra"
        },
        "source": "OpenStreetMap",
        "source_confidence": "osm_as_mapped",
        "coordinate_space": "local_east_m, local_north_m",
        "aerialway": "platter"
      }
    },
    {
      "type": "Feature",
      "geometry": {
        "type": "LineString",
        "coordinates": [
          [
            2927.1105555498507,
            5868.956473847851
          ],
          [
            2827.2516940934584,
            5833.993180365302
          ],
          [
            2723.392647148343,
            5797.6262767789885
          ],
          [
            2607.1139203442726,
            5756.920344942249
          ],
          [
            2533.3204005283187,
            5731.08660261333
          ],
          [
            2473.630662580894,
            5710.185429699719
          ],
          [
            2344.533202924067,
            5664.995208468288
          ],
          [
            2243.544305565185,
            5629.638471902348
          ],
          [
            2111.9151924916077,
            5583.5653475262225
          ],
          [
            2049.8926635523676,
            5561.854796659201
          ],
          [
            1975.5576679420192,
            5535.836717409082
          ],
          [
            1956.80866138055,
            5529.279785505496
          ]
        ]
      },
      "properties": {
        "id": "lifts:way:52692961",
        "osm_type": "way",
        "osm_id": "52692961",
        "name": "la Tossa",
        "tags": {
          "name": "la Tossa",
          "aerialway": "chair_lift",
          "z_order": "0",
          "aerialway:occupancy": "4",
          "name:ca": "la Tossa",
          "winter_sports_id": "987243867",
          "winter_sports_name": "Pal-Arinsal",
          "State": "La Massana",
          "Country": "Andorra",
          "Ski Area": "Pal-Arinsal",
          "region": "europe/andorra"
        },
        "source": "OpenStreetMap",
        "source_confidence": "osm_as_mapped",
        "coordinate_space": "local_east_m, local_north_m",
        "aerialway": "chair_lift"
      }
    },
    {
      "type": "Feature",
      "geometry": {
        "type": "LineString",
        "coordinates": [
          [
            1728.3058704584837,
            5626.382440948859
          ],
          [
            1271.4306757985032,
            5561.068818490021
          ]
        ]
      },
      "properties": {
        "id": "lifts:way:52692965",
        "osm_type": "way",
        "osm_id": "52692965",
        "name": "els Planels",
        "tags": {
          "name": "els Planels",
          "aerialway": "drag_lift",
          "z_order": "0",
          "winter_sports_id": "987243867",
          "winter_sports_name": "Pal-Arinsal",
          "State": "La Massana",
          "Country": "Andorra",
          "Ski Area": "Pal-Arinsal",
          "region": "europe/andorra"
        },
        "source": "OpenStreetMap",
        "source_confidence": "osm_as_mapped",
        "coordinate_space": "local_east_m, local_north_m",
        "aerialway": "drag_lift"
      }
    },
    {
      "type": "Feature",
      "geometry": {
        "type": "LineString",
        "coordinates": [
          [
            1469.4437262695865,
            1311.624098168686
          ],
          [
            1305.9958430375555,
            1640.8602473167703
          ]
        ]
      },
      "properties": {
        "id": "lifts:way:98007155",
        "osm_type": "way",
        "osm_id": "98007155",
        "name": "La Tossa I",
        "tags": {
          "name": "La Tossa I",
          "aerialway": "drag_lift",
          "z_order": "0",
          "name:ca": "La Tossa I",
          "winter_sports_id": "987243867",
          "winter_sports_name": "Pal-Arinsal",
          "State": "La Massana",
          "Country": "Andorra",
          "Ski Area": "Pal-Arinsal",
          "region": "europe/andorra"
        },
        "source": "OpenStreetMap",
        "source_confidence": "osm_as_mapped",
        "coordinate_space": "local_east_m, local_north_m",
        "aerialway": "drag_lift"
      }
    },
    {
      "type": "Feature",
      "geometry": {
        "type": "LineString",
        "coordinates": [
          [
            4520.294432315626,
            1767.7622660780326
          ],
          [
            4402.715128367825,
            1688.9033929565921
          ]
        ]
      },
      "properties": {
        "id": "lifts:way:98007176",
        "osm_type": "way",
        "osm_id": "98007176",
        "name": "el Planell I",
        "tags": {
          "name": "el Planell I",
          "aerialway": "magic_carpet",
          "z_order": "0",
          "name:ca": "el Planell I",
          "winter_sports_id": "987243867",
          "winter_sports_name": "Pal-Arinsal",
          "State": "La Massana",
          "Country": "Andorra",
          "Ski Area": "Pal-Arinsal",
          "region": "europe/andorra"
        },
        "source": "OpenStreetMap",
        "source_confidence": "osm_as_mapped",
        "coordinate_space": "local_east_m, local_north_m",
        "aerialway": "magic_carpet"
      }
    },
    {
      "type": "Feature",
      "geometry": {
        "type": "LineString",
        "coordinates": [
          [
            4519.853446665278,
            2070.9794016070664
          ],
          [
            4483.527722012717,
            2009.5671719312668
          ]
        ]
      },
      "properties": {
        "id": "lifts:way:261555164",
        "osm_type": "way",
        "osm_id": "261555164",
        "name": "Pedres Blanques II",
        "tags": {
          "name": "Pedres Blanques II",
          "aerialway": "magic_carpet",
          "z_order": "0",
          "name:ca": "Pedres Blanques II",
          "winter_sports_id": "987243867",
          "winter_sports_name": "Pal-Arinsal",
          "State": "La Massana",
          "Country": "Andorra",
          "Ski Area": "Pal-Arinsal",
          "region": "europe/andorra"
        },
        "source": "OpenStreetMap",
        "source_confidence": "osm_as_mapped",
        "coordinate_space": "local_east_m, local_north_m",
        "aerialway": "magic_carpet"
      }
    },
    {
      "type": "Feature",
      "geometry": {
        "type": "LineString",
        "coordinates": [
          [
            3014.279969987285,
            1149.952868361026
          ],
          [
            3111.4312929305015,
            1184.7144469581544
          ]
        ]
      },
      "properties": {
        "id": "lifts:way:261556519",
        "osm_type": "way",
        "osm_id": "261556519",
        "name": "Pla de la Cot I",
        "tags": {
          "name": "Pla de la Cot I",
          "aerialway": "magic_carpet",
          "z_order": "0",
          "aerialway:heating": "no",
          "name:ca": "Pla de la Cot I",
          "winter_sports_id": "987243867",
          "winter_sports_name": "Pal-Arinsal",
          "State": "La Massana",
          "Country": "Andorra",
          "Ski Area": "Pal-Arinsal",
          "region": "europe/andorra"
        },
        "source": "OpenStreetMap",
        "source_confidence": "osm_as_mapped",
        "coordinate_space": "local_east_m, local_north_m",
        "aerialway": "magic_carpet"
      }
    },
    {
      "type": "Feature",
      "geometry": {
        "type": "LineString",
        "coordinates": [
          [
            1475.2282174182474,
            1314.8176428955048
          ],
          [
            1316.5975879949983,
            1641.9884333061054
          ]
        ]
      },
      "properties": {
        "id": "lifts:way:261556791",
        "osm_type": "way",
        "osm_id": "261556791",
        "name": "La Tossa II",
        "tags": {
          "name": "La Tossa II",
          "aerialway": "drag_lift",
          "z_order": "0",
          "name:ca": "La Tossa II",
          "winter_sports_id": "987243867",
          "winter_sports_name": "Pal-Arinsal",
          "State": "La Massana",
          "Country": "Andorra",
          "Ski Area": "Pal-Arinsal",
          "region": "europe/andorra"
        },
        "source": "OpenStreetMap",
        "source_confidence": "osm_as_mapped",
        "coordinate_space": "local_east_m, local_north_m",
        "aerialway": "drag_lift"
      }
    },
    {
      "type": "Feature",
      "geometry": {
        "type": "LineString",
        "coordinates": [
          [
            2887.856616611185,
            6032.93034102302
          ],
          [
            2813.1327060391195,
            6007.177230670117
          ]
        ]
      },
      "properties": {
        "id": "lifts:way:261559361",
        "osm_type": "way",
        "osm_id": "261559361",
        "name": "l'Escola I",
        "tags": {
          "name": "l'Escola I",
          "aerialway": "magic_carpet",
          "z_order": "0",
          "name:ca": "l'Escola I",
          "winter_sports_id": "987243867",
          "winter_sports_name": "Pal-Arinsal",
          "State": "La Massana",
          "Country": "Andorra",
          "Ski Area": "Pal-Arinsal",
          "region": "europe/andorra"
        },
        "source": "OpenStreetMap",
        "source_confidence": "osm_as_mapped",
        "coordinate_space": "local_east_m, local_north_m",
        "aerialway": "magic_carpet"
      }
    },
    {
      "type": "Feature",
      "geometry": {
        "type": "LineString",
        "coordinates": [
          [
            2888.315128574439,
            6030.58938480448
          ],
          [
            2813.767383411003,
            6005.499562534504
          ]
        ]
      },
      "properties": {
        "id": "lifts:way:261559362",
        "osm_type": "way",
        "osm_id": "261559362",
        "name": "l'Escola II",
        "tags": {
          "name": "l'Escola II",
          "aerialway": "magic_carpet",
          "z_order": "0",
          "name:ca": "l'Escola II",
          "winter_sports_id": "987243867",
          "winter_sports_name": "Pal-Arinsal",
          "State": "La Massana",
          "Country": "Andorra",
          "Ski Area": "Pal-Arinsal",
          "region": "europe/andorra"
        },
        "source": "OpenStreetMap",
        "source_confidence": "osm_as_mapped",
        "coordinate_space": "local_east_m, local_north_m",
        "aerialway": "magic_carpet"
      }
    },
    {
      "type": "Feature",
      "geometry": {
        "type": "Polygon",
        "coordinates": [
          [
            [
              1286.6134162328672,
              5646.423090768978
            ],
            [
              1285.566882568237,
              5653.395881814882
            ],
            [
              1303.6215956046944,
              5656.087004684843
            ],
            [
              1304.6681466953596,
              5649.1142167095095
            ],
            [
              1286.6134162328672,
              5646.423090768978
            ]
          ]
        ]
      },
      "properties": {
        "id": "lifts:way:1127880457",
        "osm_type": "way",
        "osm_id": "1127880457",
        "name": null,
        "tags": {
          "aerialway": "station",
          "z_order": "0",
          "public_transport": "station",
          "winter_sports_id": "987243867",
          "winter_sports_name": "Pal-Arinsal",
          "State": "La Massana",
          "Country": "Andorra",
          "Ski Area": "Pal-Arinsal",
          "region": "europe/andorra"
        },
        "source": "OpenStreetMap",
        "source_confidence": "osm_as_mapped",
        "coordinate_space": "local_east_m, local_north_m",
        "aerialway": "station"
      }
    },
    {
      "type": "Feature",
      "geometry": {
        "type": "LineString",
        "coordinates": [
          [
            3118.874177947582,
            1191.0785335144028
          ],
          [
            3163.8942688298994,
            1217.0269273957238
          ]
        ]
      },
      "properties": {
        "id": "lifts:way:1206430892",
        "osm_type": "way",
        "osm_id": "1206430892",
        "name": "Pla de la Cot II",
        "tags": {
          "name": "Pla de la Cot II",
          "aerialway": "magic_carpet",
          "z_order": "0",
          "aerialway:heating": "no",
          "name:ca": "Pla de la Cot II",
          "winter_sports_id": "987243867",
          "winter_sports_name": "Pal-Arinsal",
          "State": "La Massana",
          "Country": "Andorra",
          "Ski Area": "Pal-Arinsal",
          "region": "europe/andorra"
        },
        "source": "OpenStreetMap",
        "source_confidence": "osm_as_mapped",
        "coordinate_space": "local_east_m, local_north_m",
        "aerialway": "magic_carpet"
      }
    },
    {
      "type": "Feature",
      "geometry": {
        "type": "LineString",
        "coordinates": [
          [
            4438.558630280371,
            1917.6738359332085
          ],
          [
            4498.712034811033,
            1911.5481521617621
          ]
        ]
      },
      "properties": {
        "id": "lifts:way:1242378365",
        "osm_type": "way",
        "osm_id": "1242378365",
        "name": null,
        "tags": {
          "aerialway": "magic_carpet",
          "z_order": "0",
          "winter_sports_id": "987243867",
          "winter_sports_name": "Pal-Arinsal",
          "State": "La Massana",
          "Country": "Andorra",
          "Ski Area": "Pal-Arinsal",
          "region": "europe/andorra"
        },
        "source": "OpenStreetMap",
        "source_confidence": "osm_as_mapped",
        "coordinate_space": "local_east_m, local_north_m",
        "aerialway": "magic_carpet"
      }
    },
    {
      "type": "Feature",
      "geometry": {
        "type": "LineString",
        "coordinates": [
          [
            4526.622106238559,
            2068.670629767701
          ],
          [
            4491.188747457403,
            2008.9308559233323
          ]
        ]
      },
      "properties": {
        "id": "lifts:way:1242378366",
        "osm_type": "way",
        "osm_id": "1242378366",
        "name": "Pedres Blanques I",
        "tags": {
          "name": "Pedres Blanques I",
          "aerialway": "magic_carpet",
          "z_order": "0",
          "winter_sports_id": "987243867",
          "winter_sports_name": "Pal-Arinsal",
          "State": "La Massana",
          "Country": "Andorra",
          "Ski Area": "Pal-Arinsal",
          "region": "europe/andorra"
        },
        "source": "OpenStreetMap",
        "source_confidence": "osm_as_mapped",
        "coordinate_space": "local_east_m, local_north_m",
        "aerialway": "magic_carpet"
      }
    },
    {
      "type": "Feature",
      "geometry": {
        "type": "LineString",
        "coordinates": [
          [
            4517.216520907183,
            1769.2944100992754
          ],
          [
            4473.857425261987,
            1741.0864360872656
          ]
        ]
      },
      "properties": {
        "id": "lifts:way:1242378367",
        "osm_type": "way",
        "osm_id": "1242378367",
        "name": "el Planell II",
        "tags": {
          "name": "el Planell II",
          "aerialway": "magic_carpet",
          "z_order": "0",
          "winter_sports_id": "987243867",
          "winter_sports_name": "Pal-Arinsal",
          "State": "La Massana",
          "Country": "Andorra",
          "Ski Area": "Pal-Arinsal",
          "region": "europe/andorra"
        },
        "source": "OpenStreetMap",
        "source_confidence": "osm_as_mapped",
        "coordinate_space": "local_east_m, local_north_m",
        "aerialway": "magic_carpet"
      }
    },
    {
      "type": "Feature",
      "geometry": {
        "type": "LineString",
        "coordinates": [
          [
            2316.3146249894635,
            5759.580820388161
          ],
          [
            2290.4342426477815,
            5751.7972592413425
          ],
          [
            2248.0934560157475,
            5738.20322793629
          ],
          [
            2137.071530153742,
            5700.108814544044
          ],
          [
            1993.6363036265248,
            5648.165300109424
          ],
          [
            1822.329148481018,
            5586.124170272611
          ],
          [
            1654.0851755162003,
            5525.1976138316095
          ],
          [
            1490.226944479742,
            5465.861121687107
          ],
          [
            1321.7206199080101,
            5404.847202890553
          ],
          [
            1196.1923266673693,
            5359.401470798068
          ],
          [
            1074.0510376896127,
            5315.173310351558
          ],
          [
            975.0524157086038,
            5279.331544713117
          ],
          [
            847.8481051038834,
            5231.412232235074
          ]
        ]
      },
      "properties": {
        "id": "lifts:way:1349056256",
        "osm_type": "way",
        "osm_id": "1349056256",
        "name": "Port Negre",
        "tags": {
          "name": "Port Negre",
          "aerialway": "chair_lift",
          "z_order": "0",
          "aerialway:bubble": "no",
          "aerialway:heating": "no",
          "aerialway:occupancy": "4",
          "oneway": "yes",
          "winter_sports_id": "987243867",
          "winter_sports_name": "Pal-Arinsal",
          "State": "La Massana",
          "Country": "Andorra",
          "Ski Area": "Pal-Arinsal",
          "region": "europe/andorra"
        },
        "source": "OpenStreetMap",
        "source_confidence": "osm_as_mapped",
        "coordinate_space": "local_east_m, local_north_m",
        "aerialway": "chair_lift"
      }
    },
    {
      "type": "Feature",
      "geometry": {
        "type": "Polygon",
        "coordinates": [
          [
            [
              2296.1379245134303,
              5755.281623234041
            ],
            [
              2299.042109359638,
              5747.919852421619
            ],
            [
              2322.1008730428875,
              5757.209792328067
            ],
            [
              2319.1738992797327,
              5763.316762669012
            ],
            [
              2296.1379245134303,
              5755.281623234041
            ]
          ]
        ]
      },
      "properties": {
        "id": "lifts:way:1349056257",
        "osm_type": "way",
        "osm_id": "1349056257",
        "name": null,
        "tags": {
          "aerialway": "station",
          "z_order": "0",
          "aerialway:access": "entry",
          "public_transport": "station",
          "winter_sports_id": "987243867",
          "winter_sports_name": "Pal-Arinsal",
          "State": "La Massana",
          "Country": "Andorra",
          "Ski Area": "Pal-Arinsal",
          "region": "europe/andorra"
        },
        "source": "OpenStreetMap",
        "source_confidence": "osm_as_mapped",
        "coordinate_space": "local_east_m, local_north_m",
        "aerialway": "station"
      }
    },
    {
      "type": "Feature",
      "geometry": {
        "type": "Polygon",
        "coordinates": [
          [
            [
              843.3851792187779,
              5232.516091973521
            ],
            [
              845.4454358600196,
              5227.557396152057
            ],
            [
              862.251991654106,
              5233.30283821933
            ],
            [
              859.9439964860794,
              5238.632642035373
            ],
            [
              843.3851792187779,
              5232.516091973521
            ]
          ]
        ]
      },
      "properties": {
        "id": "lifts:way:1349056258",
        "osm_type": "way",
        "osm_id": "1349056258",
        "name": null,
        "tags": {
          "aerialway": "station",
          "z_order": "0",
          "aerialway:access": "exit",
          "public_transport": "station",
          "winter_sports_id": "987243867",
          "winter_sports_name": "Pal-Arinsal",
          "State": "La Massana",
          "Country": "Andorra",
          "Ski Area": "Pal-Arinsal",
          "region": "europe/andorra"
        },
        "source": "OpenStreetMap",
        "source_confidence": "osm_as_mapped",
        "coordinate_space": "local_east_m, local_north_m",
        "aerialway": "station"
      }
    }
  ]
}