{
  "type": "FeatureCollection",
  "coordinate_system": {
    "kind": "local_game_meters",
    "not_wgs84": true,
    "axes": {
      "geojson_x": "local_east_m",
      "geojson_y": "local_north_m"
    },
    "game_axes": {
      "x": "east_m",
      "y": "elevation_m",
      "z": "negative_north_m"
    },
    "local_origin": {
      "easting_m": 371576.7961163228,
      "northing_m": 4708584.305447192,
      "longitude": 1.4365742973203217,
      "latitude": 42.51897460793677
    },
    "projected_crs": "EPSG:32631",
    "note": "This is not RFC 7946 WGS84 GeoJSON. Convert X,Y to game X,Z via game_axes."
  },
  "attribution": "\u00a9 OpenStreetMap contributors (ODbL)",
  "layer": "tree-points",
  "features": [
    {
      "type": "Feature",
      "geometry": {
        "type": "Point",
        "coordinates": [
          4071.3095303487285,
          2331.4603589627873
        ]
      },
      "properties": {
        "elevation_m": 1729.6458740234375,
        "kind": "tree"
      }
    },
    {
      "type": "Feature",
      "geometry": {
        "type": "Point",
        "coordinates": [
          4505.867472167115,
          2344.6940131263145
        ]
      },
      "properties": {
        "elevation_m": 1804.5413818359375,
        "kind": "tree"
      }
    },
    {
      "type": "Feature",
      "geometry": {
        "type": "Point",
        "coordinates": [
          3678.2537659696545,
          2084.396186875223
        ]
      },
      "properties": {
        "elevation_m": 1719.5740966796875,
        "kind": "tree"
      }
    },
    {
      "type": "Feature",
      "geometry": {
        "type": "Point",
        "coordinates": [
          3631.6408458866144,
          2000.8998792023046
        ]
      },
      "properties": {
        "elevation_m": 1754.77197265625,
        "kind": "tree"
      }
    },
    {
      "type": "Feature",
      "geometry": {
        "type": "Point",
        "coordinates": [
          3751.1711047092635,
          2014.5601765677447
        ]
      },
      "properties": {
        "elevation_m": 1741.4918212890625,
        "kind": "tree"
      }
    },
    {
      "type": "Feature",
      "geometry": {
        "type": "Point",
        "coordinates": [
          3774.488450013703,
          2031.6301076913505
        ]
      },
      "properties": {
        "elevation_m": 1744.9759521484375,
        "kind": "tree"
      }
    },
    {
      "type": "Feature",
      "geometry": {
        "type": "Point",
        "coordinates": [
          4557.271704345988,
          2361.6515537336163
        ]
      },
      "properties": {
        "elevation_m": 1816.0689697265625,
        "kind": "tree"
      }
    },
    {
      "type": "Feature",
      "geometry": {
        "type": "Point",
        "coordinates": [
          4434.238198870476,
          2266.7667679960978
        ]
      },
      "properties": {
        "elevation_m": 1806.6942138671875,
        "kind": "tree"
      }
    },
    {
      "type": "Feature",
      "geometry": {
        "type": "Point",
        "coordinates": [
          4441.560589518243,
          2407.518118890212
        ]
      },
      "properties": {
        "elevation_m": 1764.37841796875,
        "kind": "tree"
      }
    },
    {
      "type": "Feature",
      "geometry": {
        "type": "Point",
        "coordinates": [
          3846.0542070054335,
          2173.2459408580535
        ]
      },
      "properties": {
        "elevation_m": 1713.748291015625,
        "kind": "tree"
      }
    },
    {
      "type": "Feature",
      "geometry": {
        "type": "Point",
        "coordinates": [
          4131.735183681597,
          2244.6713662404586
        ]
      },
      "properties": {
        "elevation_m": 1761.4124755859375,
        "kind": "tree"
      }
    },
    {
      "type": "Feature",
      "geometry": {
        "type": "Point",
        "coordinates": [
          4501.212467493753,
          2448.966230695093
        ]
      },
      "properties": {
        "elevation_m": 1785.7982177734375,
        "kind": "tree"
      }
    },
    {
      "type": "Feature",
      "geometry": {
        "type": "Point",
        "coordinates": [
          3968.768229282864,
          2313.9976279586576
        ]
      },
      "properties": {
        "elevation_m": 1692.320556640625,
        "kind": "tree"
      }
    },
    {
      "type": "Feature",
      "geometry": {
        "type": "Point",
        "coordinates": [
          4008.587448693635,
          2101.175530192702
        ]
      },
      "properties": {
        "elevation_m": 1780.8011474609375,
        "kind": "tree"
      }
    },
    {
      "type": "Feature",
      "geometry": {
        "type": "Point",
        "coordinates": [
          4364.10490701024,
          2255.734423576064
        ]
      },
      "properties": {
        "elevation_m": 1795.70361328125,
        "kind": "tree"
      }
    },
    {
      "type": "Feature",
      "geometry": {
        "type": "Point",
        "coordinates": [
          4066.3605285847752,
          2141.630161251687
        ]
      },
      "properties": {
        "elevation_m": 1774.2353515625,
        "kind": "tree"
      }
    },
    {
      "type": "Feature",
      "geometry": {
        "type": "Point",
        "coordinates": [
          4442.470605001824,
          2460.9488570025223
        ]
      },
      "properties": {
        "elevation_m": 1756.2626953125,
        "kind": "tree"
      }
    },
    {
      "type": "Feature",
      "geometry": {
        "type": "Point",
        "coordinates": [
          4364.914803396308,
          2251.433952193677
        ]
      },
      "properties": {
        "elevation_m": 1795.70361328125,
        "kind": "tree"
      }
    },
    {
      "type": "Feature",
      "geometry": {
        "type": "Point",
        "coordinates": [
          3799.792957478425,
          2034.1173374203017
        ]
      },
      "properties": {
        "elevation_m": 1750.0467529296875,
        "kind": "tree"
      }
    },
    {
      "type": "Feature",
      "geometry": {
        "type": "Point",
        "coordinates": [
          3681.838330736485,
          2145.985422780444
        ]
      },
      "properties": {
        "elevation_m": 1697.710205078125,
        "kind": "tree"
      }
    },
    {
      "type": "Feature",
      "geometry": {
        "type": "Point",
        "coordinates": [
          4242.734490502553,
          2304.457923521591
        ]
      },
      "properties": {
        "elevation_m": 1775.611328125,
        "kind": "tree"
      }
    },
    {
      "type": "Feature",
      "geometry": {
        "type": "Point",
        "coordinates": [
          4607.954078673774,
          2481.7506224607678
        ]
      },
      "properties": {
        "elevation_m": 1829.3812255859375,
        "kind": "tree"
      }
    },
    {
      "type": "Feature",
      "geometry": {
        "type": "Point",
        "coordinates": [
          4026.6078528036924,
          2298.3077671680544
        ]
      },
      "properties": {
        "elevation_m": 1727.0233154296875,
        "kind": "tree"
      }
    },
    {
      "type": "Feature",
      "geometry": {
        "type": "Point",
        "coordinates": [
          3131.559887095913,
          6744.127676978742
        ]
      },
      "properties": {
        "elevation_m": 1647.791015625,
        "kind": "tree"
      }
    },
    {
      "type": "Feature",
      "geometry": {
        "type": "Point",
        "coordinates": [
          3288.4360216880673,
          6784.922526755465
        ]
      },
      "properties": {
        "elevation_m": 1627.8748779296875,
        "kind": "tree"
      }
    },
    {
      "type": "Feature",
      "geometry": {
        "type": "Point",
        "coordinates": [
          3315.307666108416,
          6828.554774482443
        ]
      },
      "properties": {
        "elevation_m": 1636.2659912109375,
        "kind": "tree"
      }
    },
    {
      "type": "Feature",
      "geometry": {
        "type": "Point",
        "coordinates": [
          2861.4052154862916,
          6586.285714118638
        ]
      },
      "properties": {
        "elevation_m": 1857.825927734375,
        "kind": "tree"
      }
    },
    {
      "type": "Feature",
      "geometry": {
        "type": "Point",
        "coordinates": [
          3051.4914707819567,
          6327.706607615808
        ]
      },
      "properties": {
        "elevation_m": 1837.076904296875,
        "kind": "tree"
      }
    },
    {
      "type": "Feature",
      "geometry": {
        "type": "Point",
        "coordinates": [
          3045.5691759184197,
          6573.664110224739
        ]
      },
      "properties": {
        "elevation_m": 1779.9859619140625,
        "kind": "tree"
      }
    },
    {
      "type": "Feature",
      "geometry": {
        "type": "Point",
        "coordinates": [
          3107.3041778690986,
          6799.912550321049
        ]
      },
      "properties": {
        "elevation_m": 1661.3370361328125,
        "kind": "tree"
      }
    },
    {
      "type": "Feature",
      "geometry": {
        "type": "Point",
        "coordinates": [
          3209.9651215555573,
          6572.993314322532
        ]
      },
      "properties": {
        "elevation_m": 1666.3719482421875,
        "kind": "tree"
      }
    },
    {
      "type": "Feature",
      "geometry": {
        "type": "Point",
        "coordinates": [
          3143.6509268659565,
          6707.0748399494005
        ]
      },
      "properties": {
        "elevation_m": 1650.0263671875,
        "kind": "tree"
      }
    },
    {
      "type": "Feature",
      "geometry": {
        "type": "Point",
        "coordinates": [
          2652.825610255011,
          6380.369203957057
        ]
      },
      "properties": {
        "elevation_m": 2126.58984375,
        "kind": "tree"
      }
    },
    {
      "type": "Feature",
      "geometry": {
        "type": "Point",
        "coordinates": [
          3402.4383340580553,
          6560.517861140925
        ]
      },
      "properties": {
        "elevation_m": 1600.320556640625,
        "kind": "tree"
      }
    },
    {
      "type": "Feature",
      "geometry": {
        "type": "Point",
        "coordinates": [
          3097.6657408172964,
          6379.507644844334
        ]
      },
      "properties": {
        "elevation_m": 1807.5172119140625,
        "kind": "tree"
      }
    },
    {
      "type": "Feature",
      "geometry": {
        "type": "Point",
        "coordinates": [
          2882.757171029113,
          6450.703223556772
        ]
      },
      "properties": {
        "elevation_m": 1956.4254150390625,
        "kind": "tree"
      }
    },
    {
      "type": "Feature",
      "geometry": {
        "type": "Point",
        "coordinates": [
          2820.5552074134253,
          6543.666354481389
        ]
      },
      "properties": {
        "elevation_m": 1898.5296630859375,
        "kind": "tree"
      }
    },
    {
      "type": "Feature",
      "geometry": {
        "type": "Point",
        "coordinates": [
          2843.312989494712,
          6403.002310303922
        ]
      },
      "properties": {
        "elevation_m": 1985.62451171875,
        "kind": "tree"
      }
    },
    {
      "type": "Feature",
      "geometry": {
        "type": "Point",
        "coordinates": [
          3210.4831330221787,
          6796.796477478082
        ]
      },
      "properties": {
        "elevation_m": 1644.4061279296875,
        "kind": "tree"
      }
    },
    {
      "type": "Feature",
      "geometry": {
        "type": "Point",
        "coordinates": [
          3036.0753987123326,
          6537.081293606246
        ]
      },
      "properties": {
        "elevation_m": 1824.8734130859375,
        "kind": "tree"
      }
    },
    {
      "type": "Feature",
      "geometry": {
        "type": "Point",
        "coordinates": [
          3840.102932051378,
          1940.6675516313842
        ]
      },
      "properties": {
        "elevation_m": 1787.9703369140625,
        "kind": "tree"
      }
    },
    {
      "type": "Feature",
      "geometry": {
        "type": "Point",
        "coordinates": [
          3456.662390072136,
          1925.394144493349
        ]
      },
      "properties": {
        "elevation_m": 1798.054443359375,
        "kind": "tree"
      }
    },
    {
      "type": "Feature",
      "geometry": {
        "type": "Point",
        "coordinates": [
          2427.2533556256094,
          718.1467387941847
        ]
      },
      "properties": {
        "elevation_m": 2057.93017578125,
        "kind": "tree"
      }
    },
    {
      "type": "Feature",
      "geometry": {
        "type": "Point",
        "coordinates": [
          3703.888960631335,
          1352.5020396056889
        ]
      },
      "properties": {
        "elevation_m": 2007.0345458984375,
        "kind": "tree"
      }
    },
    {
      "type": "Feature",
      "geometry": {
        "type": "Point",
        "coordinates": [
          3615.561601534796,
          1151.650195309568
        ]
      },
      "properties": {
        "elevation_m": 1899.1514892578125,
        "kind": "tree"
      }
    },
    {
      "type": "Feature",
      "geometry": {
        "type": "Point",
        "coordinates": [
          3317.633199168725,
          1067.2176854923523
        ]
      },
      "properties": {
        "elevation_m": 1949.43310546875,
        "kind": "tree"
      }
    },
    {
      "type": "Feature",
      "geometry": {
        "type": "Point",
        "coordinates": [
          3927.113252342843,
          1145.9802242665298
        ]
      },
      "properties": {
        "elevation_m": 1844.49609375,
        "kind": "tree"
      }
    },
    {
      "type": "Feature",
      "geometry": {
        "type": "Point",
        "coordinates": [
          3883.027368921924,
          1400.6525706996085
        ]
      },
      "properties": {
        "elevation_m": 1974.31005859375,
        "kind": "tree"
      }
    },
    {
      "type": "Feature",
      "geometry": {
        "type": "Point",
        "coordinates": [
          3820.625937994182,
          1235.4444170279394
        ]
      },
      "properties": {
        "elevation_m": 1921.538818359375,
        "kind": "tree"
      }
    },
    {
      "type": "Feature",
      "geometry": {
        "type": "Point",
        "coordinates": [
          3344.9386940388877,
          915.4931584037543
        ]
      },
      "properties": {
        "elevation_m": 1861.863037109375,
        "kind": "tree"
      }
    },
    {
      "type": "Feature",
      "geometry": {
        "type": "Point",
        "coordinates": [
          3760.7107779481,
          1402.063389399733
        ]
      },
      "properties": {
        "elevation_m": 1993.7723388671875,
        "kind": "tree"
      }
    },
    {
      "type": "Feature",
      "geometry": {
        "type": "Point",
        "coordinates": [
          2264.539296014353,
          798.7844866483758
        ]
      },
      "properties": {
        "elevation_m": 2140.614013671875,
        "kind": "tree"
      }
    },
    {
      "type": "Feature",
      "geometry": {
        "type": "Point",
        "coordinates": [
          3273.4391813075395,
          919.0364738245123
        ]
      },
      "properties": {
        "elevation_m": 1899.0125732421875,
        "kind": "tree"
      }
    },
    {
      "type": "Feature",
      "geometry": {
        "type": "Point",
        "coordinates": [
          3499.6431357045576,
          1125.783654603425
        ]
      },
      "properties": {
        "elevation_m": 1918.2694091796875,
        "kind": "tree"
      }
    },
    {
      "type": "Feature",
      "geometry": {
        "type": "Point",
        "coordinates": [
          3050.0801912820284,
          840.0948189688166
        ]
      },
      "properties": {
        "elevation_m": 1959.39599609375,
        "kind": "tree"
      }
    },
    {
      "type": "Feature",
      "geometry": {
        "type": "Point",
        "coordinates": [
          3750.1040503256586,
          1108.151947708836
        ]
      },
      "properties": {
        "elevation_m": 1870.7352294921875,
        "kind": "tree"
      }
    },
    {
      "type": "Feature",
      "geometry": {
        "type": "Point",
        "coordinates": [
          3275.3330694922997,
          858.0476840493911
        ]
      },
      "properties": {
        "elevation_m": 1859.21484375,
        "kind": "tree"
      }
    },
    {
      "type": "Feature",
      "geometry": {
        "type": "Point",
        "coordinates": [
          3698.9549905550825,
          1098.6935531262493
        ]
      },
      "properties": {
        "elevation_m": 1876.8870849609375,
        "kind": "tree"
      }
    },
    {
      "type": "Feature",
      "geometry": {
        "type": "Point",
        "coordinates": [
          2809.0027335176223,
          963.8728011889539
        ]
      },
      "properties": {
        "elevation_m": 2116.120849609375,
        "kind": "tree"
      }
    },
    {
      "type": "Feature",
      "geometry": {
        "type": "Point",
        "coordinates": [
          2899.4202603048598,
          954.4747038081337
        ]
      },
      "properties": {
        "elevation_m": 2084.455322265625,
        "kind": "tree"
      }
    },
    {
      "type": "Feature",
      "geometry": {
        "type": "Point",
        "coordinates": [
          3917.705282223709,
          1223.88143936414
        ]
      },
      "properties": {
        "elevation_m": 1885.3359375,
        "kind": "tree"
      }
    },
    {
      "type": "Feature",
      "geometry": {
        "type": "Point",
        "coordinates": [
          3014.2702878057235,
          977.2128513978083
        ]
      },
      "properties": {
        "elevation_m": 2023.7674560546875,
        "kind": "tree"
      }
    },
    {
      "type": "Feature",
      "geometry": {
        "type": "Point",
        "coordinates": [
          3404.279122397391,
          1232.0021183726305
        ]
      },
      "properties": {
        "elevation_m": 2001.96435546875,
        "kind": "tree"
      }
    },
    {
      "type": "Feature",
      "geometry": {
        "type": "Point",
        "coordinates": [
          2535.2803454825,
          552.3961335704075
        ]
      },
      "properties": {
        "elevation_m": 1967.2984619140625,
        "kind": "tree"
      }
    },
    {
      "type": "Feature",
      "geometry": {
        "type": "Point",
        "coordinates": [
          3328.3493422020247,
          935.0088440746437
        ]
      },
      "properties": {
        "elevation_m": 1882.813232421875,
        "kind": "tree"
      }
    },
    {
      "type": "Feature",
      "geometry": {
        "type": "Point",
        "coordinates": [
          3179.443993310869,
          1101.7401437887947
        ]
      },
      "properties": {
        "elevation_m": 2017.9110107421875,
        "kind": "tree"
      }
    },
    {
      "type": "Feature",
      "geometry": {
        "type": "Point",
        "coordinates": [
          3464.8883675431657,
          1323.5316621818024
        ]
      },
      "properties": {
        "elevation_m": 2027.95166015625,
        "kind": "tree"
      }
    },
    {
      "type": "Feature",
      "geometry": {
        "type": "Point",
        "coordinates": [
          2832.1545926434933,
          878.1998233660547
        ]
      },
      "properties": {
        "elevation_m": 2084.013671875,
        "kind": "tree"
      }
    },
    {
      "type": "Feature",
      "geometry": {
        "type": "Point",
        "coordinates": [
          2970.059429524459,
          866.4577839305932
        ]
      },
      "properties": {
        "elevation_m": 1996.9791259765625,
        "kind": "tree"
      }
    },
    {
      "type": "Feature",
      "geometry": {
        "type": "Point",
        "coordinates": [
          3299.549700228667,
          981.4731230138703
        ]
      },
      "properties": {
        "elevation_m": 1919.6337890625,
        "kind": "tree"
      }
    },
    {
      "type": "Feature",
      "geometry": {
        "type": "Point",
        "coordinates": [
          2932.4697848246233,
          718.367585534587
        ]
      },
      "properties": {
        "elevation_m": 1974.273193359375,
        "kind": "tree"
      }
    },
    {
      "type": "Feature",
      "geometry": {
        "type": "Point",
        "coordinates": [
          2257.037949920881,
          793.6234416877724
        ]
      },
      "properties": {
        "elevation_m": 2140.614013671875,
        "kind": "tree"
      }
    },
    {
      "type": "Feature",
      "geometry": {
        "type": "Point",
        "coordinates": [
          2714.8121321549147,
          707.1122291345989
        ]
      },
      "properties": {
        "elevation_m": 1990.098876953125,
        "kind": "tree"
      }
    },
    {
      "type": "Feature",
      "geometry": {
        "type": "Point",
        "coordinates": [
          3100.3160645250773,
          919.3790306295366
        ]
      },
      "properties": {
        "elevation_m": 1954.9423828125,
        "kind": "tree"
      }
    },
    {
      "type": "Feature",
      "geometry": {
        "type": "Point",
        "coordinates": [
          3324.8814235296823,
          980.2483273463439
        ]
      },
      "properties": {
        "elevation_m": 1909.8402099609375,
        "kind": "tree"
      }
    },
    {
      "type": "Feature",
      "geometry": {
        "type": "Point",
        "coordinates": [
          3996.633463342054,
          1283.0852097668444
        ]
      },
      "properties": {
        "elevation_m": 1866.1624755859375,
        "kind": "tree"
      }
    },
    {
      "type": "Feature",
      "geometry": {
        "type": "Point",
        "coordinates": [
          3697.2801416159955,
          1283.9525596394371
        ]
      },
      "properties": {
        "elevation_m": 1994.7991943359375,
        "kind": "tree"
      }
    },
    {
      "type": "Feature",
      "geometry": {
        "type": "Point",
        "coordinates": [
          2838.5775528048516,
          701.8553490238465
        ]
      },
      "properties": {
        "elevation_m": 1981.29248046875,
        "kind": "tree"
      }
    },
    {
      "type": "Feature",
      "geometry": {
        "type": "Point",
        "coordinates": [
          2362.2730580089583,
          852.1928219940571
        ]
      },
      "properties": {
        "elevation_m": 2138.5791015625,
        "kind": "tree"
      }
    },
    {
      "type": "Feature",
      "geometry": {
        "type": "Point",
        "coordinates": [
          2601.1631537099906,
          752.3174183539968
        ]
      },
      "properties": {
        "elevation_m": 2038.2342529296875,
        "kind": "tree"
      }
    },
    {
      "type": "Feature",
      "geometry": {
        "type": "Point",
        "coordinates": [
          2757.0352540133904,
          891.6269734272405
        ]
      },
      "properties": {
        "elevation_m": 2104.045166015625,
        "kind": "tree"
      }
    },
    {
      "type": "Feature",
      "geometry": {
        "type": "Point",
        "coordinates": [
          3902.9329039656604,
          1421.8554212026586
        ]
      },
      "properties": {
        "elevation_m": 1972.137451171875,
        "kind": "tree"
      }
    },
    {
      "type": "Feature",
      "geometry": {
        "type": "Point",
        "coordinates": [
          4014.40666478369,
          1326.2521858325463
        ]
      },
      "properties": {
        "elevation_m": 1880.033447265625,
        "kind": "tree"
      }
    },
    {
      "type": "Feature",
      "geometry": {
        "type": "Point",
        "coordinates": [
          3641.411040278622,
          1103.615065107946
        ]
      },
      "properties": {
        "elevation_m": 1877.19580078125,
        "kind": "tree"
      }
    },
    {
      "type": "Feature",
      "geometry": {
        "type": "Point",
        "coordinates": [
          3206.871297244603,
          1007.2527023688933
        ]
      },
      "properties": {
        "elevation_m": 1959.7376708984375,
        "kind": "tree"
      }
    },
    {
      "type": "Feature",
      "geometry": {
        "type": "Point",
        "coordinates": [
          2562.5282362383114,
          587.8928017099635
        ]
      },
      "properties": {
        "elevation_m": 1962.5892333984375,
        "kind": "tree"
      }
    },
    {
      "type": "Feature",
      "geometry": {
        "type": "Point",
        "coordinates": [
          3666.314195334012,
          1074.2001134299035
        ]
      },
      "properties": {
        "elevation_m": 1864.205322265625,
        "kind": "tree"
      }
    },
    {
      "type": "Feature",
      "geometry": {
        "type": "Point",
        "coordinates": [
          3875.9039155131004,
          1310.0306916971444
        ]
      },
      "properties": {
        "elevation_m": 1955.777587890625,
        "kind": "tree"
      }
    },
    {
      "type": "Feature",
      "geometry": {
        "type": "Point",
        "coordinates": [
          3104.9647956818644,
          859.3076653002381
        ]
      },
      "properties": {
        "elevation_m": 1949.9296875,
        "kind": "tree"
      }
    },
    {
      "type": "Feature",
      "geometry": {
        "type": "Point",
        "coordinates": [
          3510.7645850804693,
          1074.2855296707444
        ]
      },
      "properties": {
        "elevation_m": 1882.1800537109375,
        "kind": "tree"
      }
    },
    {
      "type": "Feature",
      "geometry": {
        "type": "Point",
        "coordinates": [
          3211.871536370222,
          1000.3645481105698
        ]
      },
      "properties": {
        "elevation_m": 1945.69384765625,
        "kind": "tree"
      }
    },
    {
      "type": "Feature",
      "geometry": {
        "type": "Point",
        "coordinates": [
          2548.3371796107926,
          612.1750128567851
        ]
      },
      "properties": {
        "elevation_m": 1974.7354736328125,
        "kind": "tree"
      }
    },
    {
      "type": "Feature",
      "geometry": {
        "type": "Point",
        "coordinates": [
          3496.3177712010356,
          982.3842354289933
        ]
      },
      "properties": {
        "elevation_m": 1839.357421875,
        "kind": "tree"
      }
    },
    {
      "type": "Feature",
      "geometry": {
        "type": "Point",
        "coordinates": [
          3666.040046299804,
          1334.8951172706552
        ]
      },
      "properties": {
        "elevation_m": 2017.1173095703125,
        "kind": "tree"
      }
    },
    {
      "type": "Feature",
      "geometry": {
        "type": "Point",
        "coordinates": [
          3553.845344836036,
          1229.386475026496
        ]
      },
      "properties": {
        "elevation_m": 1971.1279296875,
        "kind": "tree"
      }
    },
    {
      "type": "Feature",
      "geometry": {
        "type": "Point",
        "coordinates": [
          3130.2324428888014,
          843.43225398216
        ]
      },
      "properties": {
        "elevation_m": 1930.6038818359375,
        "kind": "tree"
      }
    },
    {
      "type": "Feature",
      "geometry": {
        "type": "Point",
        "coordinates": [
          3667.209138620251,
          1180.490613192359
        ]
      },
      "properties": {
        "elevation_m": 1911.0443115234375,
        "kind": "tree"
      }
    },
    {
      "type": "Feature",
      "geometry": {
        "type": "Point",
        "coordinates": [
          3510.919419870238,
          1144.2479742569096
        ]
      },
      "properties": {
        "elevation_m": 1918.2694091796875,
        "kind": "tree"
      }
    },
    {
      "type": "Feature",
      "geometry": {
        "type": "Point",
        "coordinates": [
          2454.7837737801983,
          898.2737126516881
        ]
      },
      "properties": {
        "elevation_m": 2133.962158203125,
        "kind": "tree"
      }
    },
    {
      "type": "Feature",
      "geometry": {
        "type": "Point",
        "coordinates": [
          2133.7937044011383,
          568.0049509417056
        ]
      },
      "properties": {
        "elevation_m": 2130.18115234375,
        "kind": "tree"
      }
    },
    {
      "type": "Feature",
      "geometry": {
        "type": "Point",
        "coordinates": [
          2120.8889581059793,
          568.5593194930232
        ]
      },
      "properties": {
        "elevation_m": 2141.02587890625,
        "kind": "tree"
      }
    },
    {
      "type": "Feature",
      "geometry": {
        "type": "Point",
        "coordinates": [
          712.5594110948484,
          2598.595356928213
        ]
      },
      "properties": {
        "elevation_m": 2005.587158203125,
        "kind": "tree"
      }
    },
    {
      "type": "Feature",
      "geometry": {
        "type": "Point",
        "coordinates": [
          516.5617492315649,
          2665.725471553173
        ]
      },
      "properties": {
        "elevation_m": 1887.02587890625,
        "kind": "tree"
      }
    },
    {
      "type": "Feature",
      "geometry": {
        "type": "Point",
        "coordinates": [
          597.866186996886,
          2638.3544658374426
        ]
      },
      "properties": {
        "elevation_m": 1936.5589599609375,
        "kind": "tree"
      }
    },
    {
      "type": "Feature",
      "geometry": {
        "type": "Point",
        "coordinates": [
          1046.8946847491638,
          2382.0834599073437
        ]
      },
      "properties": {
        "elevation_m": 2131.671630859375,
        "kind": "tree"
      }
    },
    {
      "type": "Feature",
      "geometry": {
        "type": "Point",
        "coordinates": [
          1318.29579079942,
          2157.9270877271556
        ]
      },
      "properties": {
        "elevation_m": 2261.466552734375,
        "kind": "tree"
      }
    },
    {
      "type": "Feature",
      "geometry": {
        "type": "Point",
        "coordinates": [
          604.9060752907444,
          2708.797058497875
        ]
      },
      "properties": {
        "elevation_m": 1914.0391845703125,
        "kind": "tree"
      }
    },
    {
      "type": "Feature",
      "geometry": {
        "type": "Point",
        "coordinates": [
          619.8735558553258,
          2815.448613494108
        ]
      },
      "properties": {
        "elevation_m": 1885.2789306640625,
        "kind": "tree"
      }
    },
    {
      "type": "Feature",
      "geometry": {
        "type": "Point",
        "coordinates": [
          1090.4342543142157,
          2311.1939477216074
        ]
      },
      "properties": {
        "elevation_m": 2144.024169921875,
        "kind": "tree"
      }
    },
    {
      "type": "Feature",
      "geometry": {
        "type": "Point",
        "coordinates": [
          3152.667822436266,
          5638.8459297353675
        ]
      },
      "properties": {
        "elevation_m": 1768.3895263671875,
        "kind": "tree"
      }
    },
    {
      "type": "Feature",
      "geometry": {
        "type": "Point",
        "coordinates": [
          3004.0633020919236,
          5599.584882673434
        ]
      },
      "properties": {
        "elevation_m": 1828.403076171875,
        "kind": "tree"
      }
    },
    {
      "type": "Feature",
      "geometry": {
        "type": "Point",
        "coordinates": [
          3140.300197473648,
          5892.096284599563
        ]
      },
      "properties": {
        "elevation_m": 1875.7052001953125,
        "kind": "tree"
      }
    },
    {
      "type": "Feature",
      "geometry": {
        "type": "Point",
        "coordinates": [
          3472.9024967943146,
          6268.947431208702
        ]
      },
      "properties": {
        "elevation_m": 1659.2840576171875,
        "kind": "tree"
      }
    },
    {
      "type": "Feature",
      "geometry": {
        "type": "Point",
        "coordinates": [
          3354.174723594041,
          5904.298986076422
        ]
      },
      "properties": {
        "elevation_m": 1789.2633056640625,
        "kind": "tree"
      }
    },
    {
      "type": "Feature",
      "geometry": {
        "type": "Point",
        "coordinates": [
          3092.0003930836983,
          5928.437373322491
        ]
      },
      "properties": {
        "elevation_m": 1877.55859375,
        "kind": "tree"
      }
    },
    {
      "type": "Feature",
      "geometry": {
        "type": "Point",
        "coordinates": [
          3320.662598337276,
          5948.9469731548315
        ]
      },
      "properties": {
        "elevation_m": 1828.0074462890625,
        "kind": "tree"
      }
    },
    {
      "type": "Feature",
      "geometry": {
        "type": "Point",
        "coordinates": [
          3223.100782863612,
          6247.808728830387
        ]
      },
      "properties": {
        "elevation_m": 1797.6248779296875,
        "kind": "tree"
      }
    },
    {
      "type": "Feature",
      "geometry": {
        "type": "Point",
        "coordinates": [
          3171.8957286086106,
          5726.763430630404
        ]
      },
      "properties": {
        "elevation_m": 1789.90625,
        "kind": "tree"
      }
    },
    {
      "type": "Feature",
      "geometry": {
        "type": "Point",
        "coordinates": [
          3199.689478577864,
          5840.197034342947
        ]
      },
      "properties": {
        "elevation_m": 1849.147216796875,
        "kind": "tree"
      }
    },
    {
      "type": "Feature",
      "geometry": {
        "type": "Point",
        "coordinates": [
          3372.723710270428,
          6051.507726245733
        ]
      },
      "properties": {
        "elevation_m": 1789.1834716796875,
        "kind": "tree"
      }
    },
    {
      "type": "Feature",
      "geometry": {
        "type": "Point",
        "coordinates": [
          3333.0724088532793,
          6087.572608990673
        ]
      },
      "properties": {
        "elevation_m": 1784.10009765625,
        "kind": "tree"
      }
    },
    {
      "type": "Feature",
      "geometry": {
        "type": "Point",
        "coordinates": [
          3651.8224615476465,
          6164.3767046847115
        ]
      },
      "properties": {
        "elevation_m": 1604.581298828125,
        "kind": "tree"
      }
    },
    {
      "type": "Feature",
      "geometry": {
        "type": "Point",
        "coordinates": [
          3649.337756099714,
          6125.976268505348
        ]
      },
      "properties": {
        "elevation_m": 1602.065673828125,
        "kind": "tree"
      }
    },
    {
      "type": "Feature",
      "geometry": {
        "type": "Point",
        "coordinates": [
          3394.078423792558,
          5831.54644674282
        ]
      },
      "properties": {
        "elevation_m": 1745.8822021484375,
        "kind": "tree"
      }
    },
    {
      "type": "Feature",
      "geometry": {
        "type": "Point",
        "coordinates": [
          3225.725539283419,
          5943.594843848934
        ]
      },
      "properties": {
        "elevation_m": 1860.317138671875,
        "kind": "tree"
      }
    },
    {
      "type": "Feature",
      "geometry": {
        "type": "Point",
        "coordinates": [
          3334.308228342831,
          6344.191989525176
        ]
      },
      "properties": {
        "elevation_m": 1714.0738525390625,
        "kind": "tree"
      }
    },
    {
      "type": "Feature",
      "geometry": {
        "type": "Point",
        "coordinates": [
          3177.3484442144145,
          6170.353242244804
        ]
      },
      "properties": {
        "elevation_m": 1823.5185546875,
        "kind": "tree"
      }
    },
    {
      "type": "Feature",
      "geometry": {
        "type": "Point",
        "coordinates": [
          3273.019547288766,
          6134.270262073286
        ]
      },
      "properties": {
        "elevation_m": 1795.513427734375,
        "kind": "tree"
      }
    },
    {
      "type": "Feature",
      "geometry": {
        "type": "Point",
        "coordinates": [
          3282.3925101996538,
          6069.491446910162
        ]
      },
      "properties": {
        "elevation_m": 1802.429931640625,
        "kind": "tree"
      }
    },
    {
      "type": "Feature",
      "geometry": {
        "type": "Point",
        "coordinates": [
          3481.7068526660632,
          6272.623118107732
        ]
      },
      "properties": {
        "elevation_m": 1659.2840576171875,
        "kind": "tree"
      }
    },
    {
      "type": "Feature",
      "geometry": {
        "type": "Point",
        "coordinates": [
          3301.8789747760165,
          5863.1593308123365
        ]
      },
      "properties": {
        "elevation_m": 1817.5888671875,
        "kind": "tree"
      }
    },
    {
      "type": "Feature",
      "geometry": {
        "type": "Point",
        "coordinates": [
          3376.1617304339143,
          6225.6964901873025
        ]
      },
      "properties": {
        "elevation_m": 1699.6387939453125,
        "kind": "tree"
      }
    },
    {
      "type": "Feature",
      "geometry": {
        "type": "Point",
        "coordinates": [
          3391.6119581884905,
          6165.285249455656
        ]
      },
      "properties": {
        "elevation_m": 1725.925537109375,
        "kind": "tree"
      }
    },
    {
      "type": "Feature",
      "geometry": {
        "type": "Point",
        "coordinates": [
          3314.9581650614564,
          6426.056537386155
        ]
      },
      "properties": {
        "elevation_m": 1680.9727783203125,
        "kind": "tree"
      }
    },
    {
      "type": "Feature",
      "geometry": {
        "type": "Point",
        "coordinates": [
          3349.907499415931,
          6027.56085906969
        ]
      },
      "properties": {
        "elevation_m": 1804.59912109375,
        "kind": "tree"
      }
    },
    {
      "type": "Feature",
      "geometry": {
        "type": "Point",
        "coordinates": [
          3224.0941059042507,
          6265.536293808343
        ]
      },
      "properties": {
        "elevation_m": 1797.6248779296875,
        "kind": "tree"
      }
    },
    {
      "type": "Feature",
      "geometry": {
        "type": "Point",
        "coordinates": [
          3217.553187541088,
          5928.665492430948
        ]
      },
      "properties": {
        "elevation_m": 1860.317138671875,
        "kind": "tree"
      }
    },
    {
      "type": "Feature",
      "geometry": {
        "type": "Point",
        "coordinates": [
          3301.6489016118007,
          6308.282205290229
        ]
      },
      "properties": {
        "elevation_m": 1744.9490966796875,
        "kind": "tree"
      }
    },
    {
      "type": "Feature",
      "geometry": {
        "type": "Point",
        "coordinates": [
          1157.9099867723696,
          3218.0397212001644
        ]
      },
      "properties": {
        "elevation_m": 1998.7850341796875,
        "kind": "tree"
      }
    },
    {
      "type": "Feature",
      "geometry": {
        "type": "Point",
        "coordinates": [
          1375.4479449091928,
          3476.145450933095
        ]
      },
      "properties": {
        "elevation_m": 2070.12060546875,
        "kind": "tree"
      }
    },
    {
      "type": "Feature",
      "geometry": {
        "type": "Point",
        "coordinates": [
          1195.179345788943,
          3295.247614449032
        ]
      },
      "properties": {
        "elevation_m": 2000.3955078125,
        "kind": "tree"
      }
    },
    {
      "type": "Feature",
      "geometry": {
        "type": "Point",
        "coordinates": [
          1396.740420106054,
          3677.4527979219115
        ]
      },
      "properties": {
        "elevation_m": 2090.16796875,
        "kind": "tree"
      }
    },
    {
      "type": "Feature",
      "geometry": {
        "type": "Point",
        "coordinates": [
          1368.1673302903469,
          3436.4410371439335
        ]
      },
      "properties": {
        "elevation_m": 2072.341064453125,
        "kind": "tree"
      }
    },
    {
      "type": "Feature",
      "geometry": {
        "type": "Point",
        "coordinates": [
          1388.5593220196392,
          3712.381950182861
        ]
      },
      "properties": {
        "elevation_m": 2090.086669921875,
        "kind": "tree"
      }
    },
    {
      "type": "Feature",
      "geometry": {
        "type": "Point",
        "coordinates": [
          1806.248243094741,
          2419.780935970714
        ]
      },
      "properties": {
        "elevation_m": 2011.8018798828125,
        "kind": "tree"
      }
    },
    {
      "type": "Feature",
      "geometry": {
        "type": "Point",
        "coordinates": [
          1553.7201733752122,
          3143.22293953064
        ]
      },
      "properties": {
        "elevation_m": 2015.79833984375,
        "kind": "tree"
      }
    },
    {
      "type": "Feature",
      "geometry": {
        "type": "Point",
        "coordinates": [
          1085.058133520627,
          2941.5998471417115
        ]
      },
      "properties": {
        "elevation_m": 1971.3992919921875,
        "kind": "tree"
      }
    },
    {
      "type": "Feature",
      "geometry": {
        "type": "Point",
        "coordinates": [
          1264.1400107609625,
          3256.407462742116
        ]
      },
      "properties": {
        "elevation_m": 2030.3936767578125,
        "kind": "tree"
      }
    },
    {
      "type": "Feature",
      "geometry": {
        "type": "Point",
        "coordinates": [
          1452.8325028892846,
          3265.71734141453
        ]
      },
      "properties": {
        "elevation_m": 2100.28564453125,
        "kind": "tree"
      }
    },
    {
      "type": "Feature",
      "geometry": {
        "type": "Point",
        "coordinates": [
          1496.8056911846566,
          3358.637501368019
        ]
      },
      "properties": {
        "elevation_m": 2118.905029296875,
        "kind": "tree"
      }
    },
    {
      "type": "Feature",
      "geometry": {
        "type": "Point",
        "coordinates": [
          1139.7109923470816,
          3269.626811953809
        ]
      },
      "properties": {
        "elevation_m": 1978.891357421875,
        "kind": "tree"
      }
    },
    {
      "type": "Feature",
      "geometry": {
        "type": "Point",
        "coordinates": [
          912.8254505693957,
          3423.8550761319225
        ]
      },
      "properties": {
        "elevation_m": 1988.27783203125,
        "kind": "tree"
      }
    },
    {
      "type": "Feature",
      "geometry": {
        "type": "Point",
        "coordinates": [
          1222.8551293398182,
          3212.183770319829
        ]
      },
      "properties": {
        "elevation_m": 2020.7366943359375,
        "kind": "tree"
      }
    },
    {
      "type": "Feature",
      "geometry": {
        "type": "Point",
        "coordinates": [
          1522.1729534883357,
          3284.2113961928226
        ]
      },
      "properties": {
        "elevation_m": 2076.921142578125,
        "kind": "tree"
      }
    },
    {
      "type": "Feature",
      "geometry": {
        "type": "Point",
        "coordinates": [
          1341.1715032898119,
          3235.0977738074134
        ]
      },
      "properties": {
        "elevation_m": 2076.000244140625,
        "kind": "tree"
      }
    },
    {
      "type": "Feature",
      "geometry": {
        "type": "Point",
        "coordinates": [
          1316.9167733089757,
          3157.3558224535745
        ]
      },
      "properties": {
        "elevation_m": 2058.228759765625,
        "kind": "tree"
      }
    },
    {
      "type": "Feature",
      "geometry": {
        "type": "Point",
        "coordinates": [
          1246.8180957828024,
          2931.5744445629657
        ]
      },
      "properties": {
        "elevation_m": 2039.62646484375,
        "kind": "tree"
      }
    },
    {
      "type": "Feature",
      "geometry": {
        "type": "Point",
        "coordinates": [
          1398.3655956572334,
          3226.47788950007
        ]
      },
      "properties": {
        "elevation_m": 2096.075439453125,
        "kind": "tree"
      }
    },
    {
      "type": "Feature",
      "geometry": {
        "type": "Point",
        "coordinates": [
          1677.099377552252,
          2808.950870930661
        ]
      },
      "properties": {
        "elevation_m": 1978.1593017578125,
        "kind": "tree"
      }
    },
    {
      "type": "Feature",
      "geometry": {
        "type": "Point",
        "coordinates": [
          1775.1743442735283,
          2561.2947082493665
        ]
      },
      "properties": {
        "elevation_m": 2003.326171875,
        "kind": "tree"
      }
    },
    {
      "type": "Feature",
      "geometry": {
        "type": "Point",
        "coordinates": [
          942.3581705875503,
          3639.5837586600237
        ]
      },
      "properties": {
        "elevation_m": 2086.6328125,
        "kind": "tree"
      }
    },
    {
      "type": "Feature",
      "geometry": {
        "type": "Point",
        "coordinates": [
          1763.4763322599365,
          2485.1811379833302
        ]
      },
      "properties": {
        "elevation_m": 2019.2362060546875,
        "kind": "tree"
      }
    },
    {
      "type": "Feature",
      "geometry": {
        "type": "Point",
        "coordinates": [
          955.1109162476325,
          3587.4660884581554
        ]
      },
      "properties": {
        "elevation_m": 2062.828125,
        "kind": "tree"
      }
    },
    {
      "type": "Feature",
      "geometry": {
        "type": "Point",
        "coordinates": [
          1500.5228879892397,
          2915.3789734463294
        ]
      },
      "properties": {
        "elevation_m": 2040.388427734375,
        "kind": "tree"
      }
    },
    {
      "type": "Feature",
      "geometry": {
        "type": "Point",
        "coordinates": [
          1062.163001699418,
          3226.631473192412
        ]
      },
      "properties": {
        "elevation_m": 1952.06591796875,
        "kind": "tree"
      }
    },
    {
      "type": "Feature",
      "geometry": {
        "type": "Point",
        "coordinates": [
          1333.6430853898523,
          3752.891412615491
        ]
      },
      "properties": {
        "elevation_m": 2092.976318359375,
        "kind": "tree"
      }
    },
    {
      "type": "Feature",
      "geometry": {
        "type": "Point",
        "coordinates": [
          1216.2056203394777,
          3065.579267115959
        ]
      },
      "properties": {
        "elevation_m": 2028.6181640625,
        "kind": "tree"
      }
    },
    {
      "type": "Feature",
      "geometry": {
        "type": "Point",
        "coordinates": [
          1010.7864011443718,
          3443.8851023768134
        ]
      },
      "properties": {
        "elevation_m": 1971.9796142578125,
        "kind": "tree"
      }
    },
    {
      "type": "Feature",
      "geometry": {
        "type": "Point",
        "coordinates": [
          1341.2699944137614,
          3608.3627431491705
        ]
      },
      "properties": {
        "elevation_m": 2044.747314453125,
        "kind": "tree"
      }
    },
    {
      "type": "Feature",
      "geometry": {
        "type": "Point",
        "coordinates": [
          1497.3419495310025,
          3494.9596910490723
        ]
      },
      "properties": {
        "elevation_m": 2112.737060546875,
        "kind": "tree"
      }
    },
    {
      "type": "Feature",
      "geometry": {
        "type": "Point",
        "coordinates": [
          989.7213678545828,
          3682.7596459047736
        ]
      },
      "properties": {
        "elevation_m": 2094.776123046875,
        "kind": "tree"
      }
    },
    {
      "type": "Feature",
      "geometry": {
        "type": "Point",
        "coordinates": [
          1245.1204174369461,
          3067.3237022526937
        ]
      },
      "properties": {
        "elevation_m": 2043.8887939453125,
        "kind": "tree"
      }
    },
    {
      "type": "Feature",
      "geometry": {
        "type": "Point",
        "coordinates": [
          1130.045052602423,
          3574.563948143955
        ]
      },
      "properties": {
        "elevation_m": 2002.8760986328125,
        "kind": "tree"
      }
    },
    {
      "type": "Feature",
      "geometry": {
        "type": "Point",
        "coordinates": [
          1164.1376664751797,
          3518.7788935477674
        ]
      },
      "properties": {
        "elevation_m": 1971.9056396484375,
        "kind": "tree"
      }
    },
    {
      "type": "Feature",
      "geometry": {
        "type": "Point",
        "coordinates": [
          865.9120684456627,
          3427.29274328512
        ]
      },
      "properties": {
        "elevation_m": 1995.0264892578125,
        "kind": "tree"
      }
    },
    {
      "type": "Feature",
      "geometry": {
        "type": "Point",
        "coordinates": [
          1521.2160646036368,
          3360.802196515033
        ]
      },
      "properties": {
        "elevation_m": 2113.1533203125,
        "kind": "tree"
      }
    },
    {
      "type": "Feature",
      "geometry": {
        "type": "Point",
        "coordinates": [
          1416.094715275251,
          3248.715742241812
        ]
      },
      "properties": {
        "elevation_m": 2096.075439453125,
        "kind": "tree"
      }
    },
    {
      "type": "Feature",
      "geometry": {
        "type": "Point",
        "coordinates": [
          1227.4962122609452,
          3671.9966448909654
        ]
      },
      "properties": {
        "elevation_m": 2048.160888671875,
        "kind": "tree"
      }
    },
    {
      "type": "Feature",
      "geometry": {
        "type": "Point",
        "coordinates": [
          1069.455557382834,
          3466.874485360843
        ]
      },
      "properties": {
        "elevation_m": 1971.51171875,
        "kind": "tree"
      }
    },
    {
      "type": "Feature",
      "geometry": {
        "type": "Point",
        "coordinates": [
          1607.6955634196122,
          3122.4385258693355
        ]
      },
      "properties": {
        "elevation_m": 1976.7252197265625,
        "kind": "tree"
      }
    },
    {
      "type": "Feature",
      "geometry": {
        "type": "Point",
        "coordinates": [
          1390.238047983491,
          3649.606013642784
        ]
      },
      "properties": {
        "elevation_m": 2070.15185546875,
        "kind": "tree"
      }
    },
    {
      "type": "Feature",
      "geometry": {
        "type": "Point",
        "coordinates": [
          1377.7300059067884,
          3354.0575666139143
        ]
      },
      "properties": {
        "elevation_m": 2074.41796875,
        "kind": "tree"
      }
    },
    {
      "type": "Feature",
      "geometry": {
        "type": "Point",
        "coordinates": [
          1545.0351121152285,
          2967.8582643543336
        ]
      },
      "properties": {
        "elevation_m": 2006.0513916015625,
        "kind": "tree"
      }
    },
    {
      "type": "Feature",
      "geometry": {
        "type": "Point",
        "coordinates": [
          1598.028643298531,
          3110.746342144411
        ]
      },
      "properties": {
        "elevation_m": 1992.1484375,
        "kind": "tree"
      }
    },
    {
      "type": "Feature",
      "geometry": {
        "type": "Point",
        "coordinates": [
          2842.9433410079105,
          1942.0929901004256
        ]
      },
      "properties": {
        "elevation_m": 1791.5699462890625,
        "kind": "tree"
      }
    },
    {
      "type": "Feature",
      "geometry": {
        "type": "Point",
        "coordinates": [
          2473.2075909121277,
          1744.607970929392
        ]
      },
      "properties": {
        "elevation_m": 1874.11767578125,
        "kind": "tree"
      }
    },
    {
      "type": "Feature",
      "geometry": {
        "type": "Point",
        "coordinates": [
          2414.2866618313446,
          1876.6115694499947
        ]
      },
      "properties": {
        "elevation_m": 1918.2044677734375,
        "kind": "tree"
      }
    },
    {
      "type": "Feature",
      "geometry": {
        "type": "Point",
        "coordinates": [
          2532.687155927045,
          1633.188998883699
        ]
      },
      "properties": {
        "elevation_m": 1880.700439453125,
        "kind": "tree"
      }
    },
    {
      "type": "Feature",
      "geometry": {
        "type": "Point",
        "coordinates": [
          2438.357216530774,
          1733.203248983271
        ]
      },
      "properties": {
        "elevation_m": 1885.0889892578125,
        "kind": "tree"
      }
    },
    {
      "type": "Feature",
      "geometry": {
        "type": "Point",
        "coordinates": [
          2399.2994087324873,
          1751.1835818029554
        ]
      },
      "properties": {
        "elevation_m": 1895.709716796875,
        "kind": "tree"
      }
    },
    {
      "type": "Feature",
      "geometry": {
        "type": "Point",
        "coordinates": [
          2367.632279892108,
          1750.3947420871243
        ]
      },
      "properties": {
        "elevation_m": 1913.248291015625,
        "kind": "tree"
      }
    },
    {
      "type": "Feature",
      "geometry": {
        "type": "Point",
        "coordinates": [
          2705.8329219975117,
          1733.7793470921306
        ]
      },
      "properties": {
        "elevation_m": 1857.6949462890625,
        "kind": "tree"
      }
    },
    {
      "type": "Feature",
      "geometry": {
        "type": "Point",
        "coordinates": [
          2851.3832235219343,
          1860.1678967899784
        ]
      },
      "properties": {
        "elevation_m": 1819.02294921875,
        "kind": "tree"
      }
    },
    {
      "type": "Feature",
      "geometry": {
        "type": "Point",
        "coordinates": [
          2687.2937520521286,
          1927.457976080982
        ]
      },
      "properties": {
        "elevation_m": 1777.806396484375,
        "kind": "tree"
      }
    },
    {
      "type": "Feature",
      "geometry": {
        "type": "Point",
        "coordinates": [
          2799.9565135209345,
          1821.4394726610606
        ]
      },
      "properties": {
        "elevation_m": 1831.3558349609375,
        "kind": "tree"
      }
    },
    {
      "type": "Feature",
      "geometry": {
        "type": "Point",
        "coordinates": [
          2949.0614824253344,
          1983.1920130041362
        ]
      },
      "properties": {
        "elevation_m": 1813.6685791015625,
        "kind": "tree"
      }
    },
    {
      "type": "Feature",
      "geometry": {
        "type": "Point",
        "coordinates": [
          2404.3015852790177,
          1754.0769719134769
        ]
      },
      "properties": {
        "elevation_m": 1895.709716796875,
        "kind": "tree"
      }
    },
    {
      "type": "Feature",
      "geometry": {
        "type": "Point",
        "coordinates": [
          2470.9338942572726,
          1835.5570226349364
        ]
      },
      "properties": {
        "elevation_m": 1881.342529296875,
        "kind": "tree"
      }
    },
    {
      "type": "Feature",
      "geometry": {
        "type": "Point",
        "coordinates": [
          2523.6580676189965,
          1919.278029678383
        ]
      },
      "properties": {
        "elevation_m": 1854.829833984375,
        "kind": "tree"
      }
    },
    {
      "type": "Feature",
      "geometry": {
        "type": "Point",
        "coordinates": [
          3516.708230771253,
          2035.1089511746509
        ]
      },
      "properties": {
        "elevation_m": 1765.1014404296875,
        "kind": "tree"
      }
    },
    {
      "type": "Feature",
      "geometry": {
        "type": "Point",
        "coordinates": [
          3451.974576875225,
          2064.0692036637097
        ]
      },
      "properties": {
        "elevation_m": 1762.9541015625,
        "kind": "tree"
      }
    },
    {
      "type": "Feature",
      "geometry": {
        "type": "Point",
        "coordinates": [
          3000.7150694355096,
          1283.540988061049
        ]
      },
      "properties": {
        "elevation_m": 2058.56640625,
        "kind": "tree"
      }
    },
    {
      "type": "Feature",
      "geometry": {
        "type": "Point",
        "coordinates": [
          2779.3312342807903,
          1284.2748935061136
        ]
      },
      "properties": {
        "elevation_m": 2016.5263671875,
        "kind": "tree"
      }
    },
    {
      "type": "Feature",
      "geometry": {
        "type": "Point",
        "coordinates": [
          2835.3641033654703,
          1377.6075804209424
        ]
      },
      "properties": {
        "elevation_m": 1988.9007568359375,
        "kind": "tree"
      }
    },
    {
      "type": "Feature",
      "geometry": {
        "type": "Point",
        "coordinates": [
          2870.44524084215,
          1475.889959452391
        ]
      },
      "properties": {
        "elevation_m": 1956.92138671875,
        "kind": "tree"
      }
    },
    {
      "type": "Feature",
      "geometry": {
        "type": "Point",
        "coordinates": [
          3281.297549707832,
          1869.5194321944457
        ]
      },
      "properties": {
        "elevation_m": 1850.462158203125,
        "kind": "tree"
      }
    },
    {
      "type": "Feature",
      "geometry": {
        "type": "Point",
        "coordinates": [
          3202.885428238946,
          1566.5571714959244
        ]
      },
      "properties": {
        "elevation_m": 1970.69921875,
        "kind": "tree"
      }
    },
    {
      "type": "Feature",
      "geometry": {
        "type": "Point",
        "coordinates": [
          3086.0684698029213,
          1796.3369062195377
        ]
      },
      "properties": {
        "elevation_m": 1908.6920166015625,
        "kind": "tree"
      }
    },
    {
      "type": "Feature",
      "geometry": {
        "type": "Point",
        "coordinates": [
          3147.213308240445,
          1438.278324427567
        ]
      },
      "properties": {
        "elevation_m": 2008.83251953125,
        "kind": "tree"
      }
    },
    {
      "type": "Feature",
      "geometry": {
        "type": "Point",
        "coordinates": [
          3198.948036484378,
          1575.93899074525
        ]
      },
      "properties": {
        "elevation_m": 1960.4664306640625,
        "kind": "tree"
      }
    },
    {
      "type": "Feature",
      "geometry": {
        "type": "Point",
        "coordinates": [
          3289.307216782079,
          1878.9695517136756
        ]
      },
      "properties": {
        "elevation_m": 1844.9696044921875,
        "kind": "tree"
      }
    },
    {
      "type": "Feature",
      "geometry": {
        "type": "Point",
        "coordinates": [
          3375.115033294537,
          1640.014050346885
        ]
      },
      "properties": {
        "elevation_m": 1919.7276611328125,
        "kind": "tree"
      }
    },
    {
      "type": "Feature",
      "geometry": {
        "type": "Point",
        "coordinates": [
          3185.059397020116,
          1353.0407008393647
        ]
      },
      "properties": {
        "elevation_m": 2043.1693115234375,
        "kind": "tree"
      }
    },
    {
      "type": "Feature",
      "geometry": {
        "type": "Point",
        "coordinates": [
          2945.775350593055,
          1662.95971050164
        ]
      },
      "properties": {
        "elevation_m": 1903.5894775390625,
        "kind": "tree"
      }
    },
    {
      "type": "Feature",
      "geometry": {
        "type": "Point",
        "coordinates": [
          3215.4067440419103,
          1849.313252128814
        ]
      },
      "properties": {
        "elevation_m": 1870.2952880859375,
        "kind": "tree"
      }
    },
    {
      "type": "Feature",
      "geometry": {
        "type": "Point",
        "coordinates": [
          3164.490185299131,
          1345.224255217976
        ]
      },
      "properties": {
        "elevation_m": 2044.3272705078125,
        "kind": "tree"
      }
    },
    {
      "type": "Feature",
      "geometry": {
        "type": "Point",
        "coordinates": [
          3189.5455529896544,
          1865.644780546264
        ]
      },
      "properties": {
        "elevation_m": 1876.753662109375,
        "kind": "tree"
      }
    },
    {
      "type": "Feature",
      "geometry": {
        "type": "Point",
        "coordinates": [
          3184.1807457915775,
          1339.5410527068423
        ]
      },
      "properties": {
        "elevation_m": 2043.1693115234375,
        "kind": "tree"
      }
    },
    {
      "type": "Feature",
      "geometry": {
        "type": "Point",
        "coordinates": [
          3191.560985595175,
          1789.424060166473
        ]
      },
      "properties": {
        "elevation_m": 1889.98583984375,
        "kind": "tree"
      }
    },
    {
      "type": "Feature",
      "geometry": {
        "type": "Point",
        "coordinates": [
          2947.25560306874,
          1760.8624937439022
        ]
      },
      "properties": {
        "elevation_m": 1872.775634765625,
        "kind": "tree"
      }
    },
    {
      "type": "Feature",
      "geometry": {
        "type": "Point",
        "coordinates": [
          3094.615803956044,
          1718.3815869875457
        ]
      },
      "properties": {
        "elevation_m": 1919.3741455078125,
        "kind": "tree"
      }
    },
    {
      "type": "Feature",
      "geometry": {
        "type": "Point",
        "coordinates": [
          3286.1840489030624,
          1416.8127208793996
        ]
      },
      "properties": {
        "elevation_m": 2019.564453125,
        "kind": "tree"
      }
    },
    {
      "type": "Feature",
      "geometry": {
        "type": "Point",
        "coordinates": [
          2942.832437304291,
          1763.7638202952076
        ]
      },
      "properties": {
        "elevation_m": 1872.775634765625,
        "kind": "tree"
      }
    },
    {
      "type": "Feature",
      "geometry": {
        "type": "Point",
        "coordinates": [
          3019.5912575224716,
          1790.4238328335389
        ]
      },
      "properties": {
        "elevation_m": 1894.3341064453125,
        "kind": "tree"
      }
    },
    {
      "type": "Feature",
      "geometry": {
        "type": "Point",
        "coordinates": [
          3366.3334730114366,
          1583.1845881147215
        ]
      },
      "properties": {
        "elevation_m": 1947.502685546875,
        "kind": "tree"
      }
    },
    {
      "type": "Feature",
      "geometry": {
        "type": "Point",
        "coordinates": [
          3027.951743703992,
          1493.0446103524046
        ]
      },
      "properties": {
        "elevation_m": 1973.2340087890625,
        "kind": "tree"
      }
    },
    {
      "type": "Feature",
      "geometry": {
        "type": "Point",
        "coordinates": [
          3104.0735027016867,
          1395.2589774994865
        ]
      },
      "properties": {
        "elevation_m": 2016.0689697265625,
        "kind": "tree"
      }
    },
    {
      "type": "Feature",
      "geometry": {
        "type": "Point",
        "coordinates": [
          3009.3067023890567,
          1441.6609486894167
        ]
      },
      "properties": {
        "elevation_m": 1988.42333984375,
        "kind": "tree"
      }
    },
    {
      "type": "Feature",
      "geometry": {
        "type": "Point",
        "coordinates": [
          2638.9943207332185,
          1223.1773921987024
        ]
      },
      "properties": {
        "elevation_m": 2039.091552734375,
        "kind": "tree"
      }
    },
    {
      "type": "Feature",
      "geometry": {
        "type": "Point",
        "coordinates": [
          2699.0613252851867,
          1145.0232889984072
        ]
      },
      "properties": {
        "elevation_m": 2063.982666015625,
        "kind": "tree"
      }
    },
    {
      "type": "Feature",
      "geometry": {
        "type": "Point",
        "coordinates": [
          2686.0592082985168,
          1340.2308156629404
        ]
      },
      "properties": {
        "elevation_m": 1994.97509765625,
        "kind": "tree"
      }
    },
    {
      "type": "Feature",
      "geometry": {
        "type": "Point",
        "coordinates": [
          2699.2603854243002,
          1389.2687021609268
        ]
      },
      "properties": {
        "elevation_m": 1983.5469970703125,
        "kind": "tree"
      }
    },
    {
      "type": "Feature",
      "geometry": {
        "type": "Point",
        "coordinates": [
          2733.6769863818636,
          1470.0499190254259
        ]
      },
      "properties": {
        "elevation_m": 1950.6214599609375,
        "kind": "tree"
      }
    },
    {
      "type": "Feature",
      "geometry": {
        "type": "Point",
        "coordinates": [
          2731.555443505508,
          1439.0511765886922
        ]
      },
      "properties": {
        "elevation_m": 1961.49951171875,
        "kind": "tree"
      }
    },
    {
      "type": "Feature",
      "geometry": {
        "type": "Point",
        "coordinates": [
          2734.853021819854,
          1265.568514451621
        ]
      },
      "properties": {
        "elevation_m": 2024.8201904296875,
        "kind": "tree"
      }
    },
    {
      "type": "Feature",
      "geometry": {
        "type": "Point",
        "coordinates": [
          2769.8648595389345,
          1241.9311671629002
        ]
      },
      "properties": {
        "elevation_m": 2035.919189453125,
        "kind": "tree"
      }
    },
    {
      "type": "Feature",
      "geometry": {
        "type": "Point",
        "coordinates": [
          4734.970011636075,
          2129.8656972589188
        ]
      },
      "properties": {
        "elevation_m": 1905.9600830078125,
        "kind": "tree"
      }
    },
    {
      "type": "Feature",
      "geometry": {
        "type": "Point",
        "coordinates": [
          4700.974463866801,
          2064.0331090420673
        ]
      },
      "properties": {
        "elevation_m": 1914.1842041015625,
        "kind": "tree"
      }
    },
    {
      "type": "Feature",
      "geometry": {
        "type": "Point",
        "coordinates": [
          2557.5679493224366,
          1426.2785210660836
        ]
      },
      "properties": {
        "elevation_m": 1975.199951171875,
        "kind": "tree"
      }
    },
    {
      "type": "Feature",
      "geometry": {
        "type": "Point",
        "coordinates": [
          2491.4582189412563,
          1421.711841835021
        ]
      },
      "properties": {
        "elevation_m": 1976.2344970703125,
        "kind": "tree"
      }
    },
    {
      "type": "Feature",
      "geometry": {
        "type": "Point",
        "coordinates": [
          2462.5499278967077,
          1409.945873551887
        ]
      },
      "properties": {
        "elevation_m": 1987.884521484375,
        "kind": "tree"
      }
    },
    {
      "type": "Feature",
      "geometry": {
        "type": "Point",
        "coordinates": [
          2443.179737772552,
          1387.7803031673843
        ]
      },
      "properties": {
        "elevation_m": 2002.0396728515625,
        "kind": "tree"
      }
    },
    {
      "type": "Feature",
      "geometry": {
        "type": "Point",
        "coordinates": [
          2576.84948333313,
          1240.4629376850125
        ]
      },
      "properties": {
        "elevation_m": 2039.6551513671875,
        "kind": "tree"
      }
    },
    {
      "type": "Feature",
      "geometry": {
        "type": "Point",
        "coordinates": [
          2550.8519982995786,
          1190.4689529990278
        ]
      },
      "properties": {
        "elevation_m": 2053.862548828125,
        "kind": "tree"
      }
    },
    {
      "type": "Feature",
      "geometry": {
        "type": "Point",
        "coordinates": [
          3927.2400267193784,
          1626.9243643441928
        ]
      },
      "properties": {
        "elevation_m": 1925.1427001953125,
        "kind": "tree"
      }
    },
    {
      "type": "Feature",
      "geometry": {
        "type": "Point",
        "coordinates": [
          3959.767025113791,
          1700.8021943898848
        ]
      },
      "properties": {
        "elevation_m": 1898.5408935546875,
        "kind": "tree"
      }
    },
    {
      "type": "Feature",
      "geometry": {
        "type": "Point",
        "coordinates": [
          2440.4558096481314,
          1250.1550783130187
        ]
      },
      "properties": {
        "elevation_m": 2039.0272216796875,
        "kind": "tree"
      }
    },
    {
      "type": "Feature",
      "geometry": {
        "type": "Point",
        "coordinates": [
          2362.6792483868085,
          1208.1686258475956
        ]
      },
      "properties": {
        "elevation_m": 2069.96484375,
        "kind": "tree"
      }
    },
    {
      "type": "Feature",
      "geometry": {
        "type": "Point",
        "coordinates": [
          4270.285696259838,
          1619.0003620514105
        ]
      },
      "properties": {
        "elevation_m": 1924.85888671875,
        "kind": "tree"
      }
    },
    {
      "type": "Feature",
      "geometry": {
        "type": "Point",
        "coordinates": [
          4320.292747882631,
          1236.827076695321
        ]
      },
      "properties": {
        "elevation_m": 1729.2830810546875,
        "kind": "tree"
      }
    },
    {
      "type": "Feature",
      "geometry": {
        "type": "Point",
        "coordinates": [
          4620.993293216065,
          1755.5227066039179
        ]
      },
      "properties": {
        "elevation_m": 1865.6639404296875,
        "kind": "tree"
      }
    },
    {
      "type": "Feature",
      "geometry": {
        "type": "Point",
        "coordinates": [
          4566.831802034227,
          1624.1943187051324
        ]
      },
      "properties": {
        "elevation_m": 1868.350830078125,
        "kind": "tree"
      }
    },
    {
      "type": "Feature",
      "geometry": {
        "type": "Point",
        "coordinates": [
          4753.511454725334,
          1631.881749613994
        ]
      },
      "properties": {
        "elevation_m": 1772.580810546875,
        "kind": "tree"
      }
    },
    {
      "type": "Feature",
      "geometry": {
        "type": "Point",
        "coordinates": [
          4950.574885024472,
          1743.0849460541244
        ]
      },
      "properties": {
        "elevation_m": 1733.0482177734375,
        "kind": "tree"
      }
    },
    {
      "type": "Feature",
      "geometry": {
        "type": "Point",
        "coordinates": [
          4394.287865197191,
          1365.0398195772925
        ]
      },
      "properties": {
        "elevation_m": 1758.938232421875,
        "kind": "tree"
      }
    },
    {
      "type": "Feature",
      "geometry": {
        "type": "Point",
        "coordinates": [
          4903.168695883332,
          2081.5443402021315
        ]
      },
      "properties": {
        "elevation_m": 1862.6614990234375,
        "kind": "tree"
      }
    },
    {
      "type": "Feature",
      "geometry": {
        "type": "Point",
        "coordinates": [
          4731.338567679329,
          1510.6376939131392
        ]
      },
      "properties": {
        "elevation_m": 1755.8060302734375,
        "kind": "tree"
      }
    },
    {
      "type": "Feature",
      "geometry": {
        "type": "Point",
        "coordinates": [
          5152.195644899378,
          1922.6303587123566
        ]
      },
      "properties": {
        "elevation_m": 1740.8760986328125,
        "kind": "tree"
      }
    },
    {
      "type": "Feature",
      "geometry": {
        "type": "Point",
        "coordinates": [
          4827.436392844694,
          2092.1761256036943
        ]
      },
      "properties": {
        "elevation_m": 1881.8031005859375,
        "kind": "tree"
      }
    },
    {
      "type": "Feature",
      "geometry": {
        "type": "Point",
        "coordinates": [
          5115.340083393795,
          2013.012636264721
        ]
      },
      "properties": {
        "elevation_m": 1790.0894775390625,
        "kind": "tree"
      }
    },
    {
      "type": "Feature",
      "geometry": {
        "type": "Point",
        "coordinates": [
          4458.394626401375,
          1343.0606087829992
        ]
      },
      "properties": {
        "elevation_m": 1738.35986328125,
        "kind": "tree"
      }
    },
    {
      "type": "Feature",
      "geometry": {
        "type": "Point",
        "coordinates": [
          4641.692812133552,
          1411.7175557506364
        ]
      },
      "properties": {
        "elevation_m": 1727.9244384765625,
        "kind": "tree"
      }
    },
    {
      "type": "Feature",
      "geometry": {
        "type": "Point",
        "coordinates": [
          4069.3672254848725,
          1411.633932488087
        ]
      },
      "properties": {
        "elevation_m": 1902.0882568359375,
        "kind": "tree"
      }
    },
    {
      "type": "Feature",
      "geometry": {
        "type": "Point",
        "coordinates": [
          4141.504699981921,
          1187.5071154339064
        ]
      },
      "properties": {
        "elevation_m": 1764.7869873046875,
        "kind": "tree"
      }
    },
    {
      "type": "Feature",
      "geometry": {
        "type": "Point",
        "coordinates": [
          4456.7885661103155,
          1486.0132883655965
        ]
      },
      "properties": {
        "elevation_m": 1832.747314453125,
        "kind": "tree"
      }
    },
    {
      "type": "Feature",
      "geometry": {
        "type": "Point",
        "coordinates": [
          4863.016072116633,
          2101.4092355432963
        ]
      },
      "properties": {
        "elevation_m": 1871.4718017578125,
        "kind": "tree"
      }
    },
    {
      "type": "Feature",
      "geometry": {
        "type": "Point",
        "coordinates": [
          4912.8936806650645,
          2027.1064757434806
        ]
      },
      "properties": {
        "elevation_m": 1867.728271484375,
        "kind": "tree"
      }
    },
    {
      "type": "Feature",
      "geometry": {
        "type": "Point",
        "coordinates": [
          4798.911949264407,
          1782.6048194071082
        ]
      },
      "properties": {
        "elevation_m": 1795.2557373046875,
        "kind": "tree"
      }
    },
    {
      "type": "Feature",
      "geometry": {
        "type": "Point",
        "coordinates": [
          4191.506443632252,
          1273.9983998762157
        ]
      },
      "properties": {
        "elevation_m": 1792.696533203125,
        "kind": "tree"
      }
    },
    {
      "type": "Feature",
      "geometry": {
        "type": "Point",
        "coordinates": [
          4913.122968777333,
          1631.5639760433096
        ]
      },
      "properties": {
        "elevation_m": 1683.322998046875,
        "kind": "tree"
      }
    },
    {
      "type": "Feature",
      "geometry": {
        "type": "Point",
        "coordinates": [
          4160.0943506794365,
          1604.6676271531887
        ]
      },
      "properties": {
        "elevation_m": 1940.76123046875,
        "kind": "tree"
      }
    },
    {
      "type": "Feature",
      "geometry": {
        "type": "Point",
        "coordinates": [
          4593.322176560868,
          1385.0213047603766
        ]
      },
      "properties": {
        "elevation_m": 1725.7391357421875,
        "kind": "tree"
      }
    },
    {
      "type": "Feature",
      "geometry": {
        "type": "Point",
        "coordinates": [
          5007.182823901958,
          2166.0816608805717
        ]
      },
      "properties": {
        "elevation_m": 1823.0108642578125,
        "kind": "tree"
      }
    },
    {
      "type": "Feature",
      "geometry": {
        "type": "Point",
        "coordinates": [
          4821.818934813689,
          1938.7866444700487
        ]
      },
      "properties": {
        "elevation_m": 1872.486572265625,
        "kind": "tree"
      }
    },
    {
      "type": "Feature",
      "geometry": {
        "type": "Point",
        "coordinates": [
          5056.61255924903,
          1859.486726800992
        ]
      },
      "properties": {
        "elevation_m": 1778.8134765625,
        "kind": "tree"
      }
    },
    {
      "type": "Feature",
      "geometry": {
        "type": "Point",
        "coordinates": [
          5090.114377929721,
          1830.2794079335708
        ]
      },
      "properties": {
        "elevation_m": 1758.3890380859375,
        "kind": "tree"
      }
    },
    {
      "type": "Feature",
      "geometry": {
        "type": "Point",
        "coordinates": [
          4725.998146214352,
          1734.9067182049484
        ]
      },
      "properties": {
        "elevation_m": 1818.07470703125,
        "kind": "tree"
      }
    },
    {
      "type": "Feature",
      "geometry": {
        "type": "Point",
        "coordinates": [
          4798.906796286104,
          1767.1099114170759
        ]
      },
      "properties": {
        "elevation_m": 1781.8267822265625,
        "kind": "tree"
      }
    },
    {
      "type": "Feature",
      "geometry": {
        "type": "Point",
        "coordinates": [
          4192.801763024176,
          1361.0634703806738
        ]
      },
      "properties": {
        "elevation_m": 1825.5101318359375,
        "kind": "tree"
      }
    },
    {
      "type": "Feature",
      "geometry": {
        "type": "Point",
        "coordinates": [
          5127.973540149968,
          2017.7144841661097
        ]
      },
      "properties": {
        "elevation_m": 1778.2049560546875,
        "kind": "tree"
      }
    },
    {
      "type": "Feature",
      "geometry": {
        "type": "Point",
        "coordinates": [
          4200.104062482864,
          1221.7192836911822
        ]
      },
      "properties": {
        "elevation_m": 1764.2596435546875,
        "kind": "tree"
      }
    },
    {
      "type": "Feature",
      "geometry": {
        "type": "Point",
        "coordinates": [
          4996.943917911076,
          1900.7841654173412
        ]
      },
      "properties": {
        "elevation_m": 1825.2442626953125,
        "kind": "tree"
      }
    },
    {
      "type": "Feature",
      "geometry": {
        "type": "Point",
        "coordinates": [
          4216.237198992285,
          1517.055616140461
        ]
      },
      "properties": {
        "elevation_m": 1892.26416015625,
        "kind": "tree"
      }
    },
    {
      "type": "Feature",
      "geometry": {
        "type": "Point",
        "coordinates": [
          4730.470662442593,
          1853.3512069827275
        ]
      },
      "properties": {
        "elevation_m": 1857.5294189453125,
        "kind": "tree"
      }
    },
    {
      "type": "Feature",
      "geometry": {
        "type": "Point",
        "coordinates": [
          4750.173652364824,
          1488.1426587428086
        ]
      },
      "properties": {
        "elevation_m": 1730.462890625,
        "kind": "tree"
      }
    },
    {
      "type": "Feature",
      "geometry": {
        "type": "Point",
        "coordinates": [
          5087.465946145199,
          1933.995144895799
        ]
      },
      "properties": {
        "elevation_m": 1795.1085205078125,
        "kind": "tree"
      }
    },
    {
      "type": "Feature",
      "geometry": {
        "type": "Point",
        "coordinates": [
          4180.358471339705,
          1392.6676195051994
        ]
      },
      "properties": {
        "elevation_m": 1856.43896484375,
        "kind": "tree"
      }
    },
    {
      "type": "Feature",
      "geometry": {
        "type": "Point",
        "coordinates": [
          4270.733125703647,
          1222.2290209334767
        ]
      },
      "properties": {
        "elevation_m": 1739.369873046875,
        "kind": "tree"
      }
    },
    {
      "type": "Feature",
      "geometry": {
        "type": "Point",
        "coordinates": [
          4789.177679300535,
          1560.9525163298376
        ]
      },
      "properties": {
        "elevation_m": 1721.57470703125,
        "kind": "tree"
      }
    },
    {
      "type": "Feature",
      "geometry": {
        "type": "Point",
        "coordinates": [
          4658.982308010631,
          1727.6828514288604
        ]
      },
      "properties": {
        "elevation_m": 1846.0771484375,
        "kind": "tree"
      }
    },
    {
      "type": "Feature",
      "geometry": {
        "type": "Point",
        "coordinates": [
          4709.111272702184,
          1614.4527658464099
        ]
      },
      "properties": {
        "elevation_m": 1781.0830078125,
        "kind": "tree"
      }
    },
    {
      "type": "Feature",
      "geometry": {
        "type": "Point",
        "coordinates": [
          4695.873542594843,
          1526.4194200054142
        ]
      },
      "properties": {
        "elevation_m": 1769.9061279296875,
        "kind": "tree"
      }
    },
    {
      "type": "Feature",
      "geometry": {
        "type": "Point",
        "coordinates": [
          4154.101898908327,
          1755.346866278875
        ]
      },
      "properties": {
        "elevation_m": 1901.000244140625,
        "kind": "tree"
      }
    },
    {
      "type": "Feature",
      "geometry": {
        "type": "Point",
        "coordinates": [
          3983.425184856741,
          1932.4766336371226
        ]
      },
      "properties": {
        "elevation_m": 1813.090087890625,
        "kind": "tree"
      }
    },
    {
      "type": "Feature",
      "geometry": {
        "type": "Point",
        "coordinates": [
          4349.526863921079,
          1817.4203864172423
        ]
      },
      "properties": {
        "elevation_m": 1901.35107421875,
        "kind": "tree"
      }
    },
    {
      "type": "Feature",
      "geometry": {
        "type": "Point",
        "coordinates": [
          4415.013237087578,
          1841.7294652766477
        ]
      },
      "properties": {
        "elevation_m": 1901.2249755859375,
        "kind": "tree"
      }
    },
    {
      "type": "Feature",
      "geometry": {
        "type": "Point",
        "coordinates": [
          4692.528102272599,
          2023.4912918873724
        ]
      },
      "properties": {
        "elevation_m": 1917.0076904296875,
        "kind": "tree"
      }
    },
    {
      "type": "Feature",
      "geometry": {
        "type": "Point",
        "coordinates": [
          4664.328146981131,
          1997.5601103066317
        ]
      },
      "properties": {
        "elevation_m": 1920.072509765625,
        "kind": "tree"
      }
    },
    {
      "type": "Feature",
      "geometry": {
        "type": "Point",
        "coordinates": [
          4606.73173027847,
          1887.3056231323744
        ]
      },
      "properties": {
        "elevation_m": 1910.7342529296875,
        "kind": "tree"
      }
    },
    {
      "type": "Feature",
      "geometry": {
        "type": "Point",
        "coordinates": [
          4577.532105271399,
          1915.3488747237477
        ]
      },
      "properties": {
        "elevation_m": 1913.9237060546875,
        "kind": "tree"
      }
    },
    {
      "type": "Feature",
      "geometry": {
        "type": "Point",
        "coordinates": [
          3772.91112552774,
          1793.8858589537067
        ]
      },
      "properties": {
        "elevation_m": 1844.575439453125,
        "kind": "tree"
      }
    },
    {
      "type": "Feature",
      "geometry": {
        "type": "Point",
        "coordinates": [
          3809.390971059266,
          1835.2434149190144
        ]
      },
      "properties": {
        "elevation_m": 1823.2611083984375,
        "kind": "tree"
      }
    },
    {
      "type": "Feature",
      "geometry": {
        "type": "Point",
        "coordinates": [
          2471.0978202398633,
          1184.9757318176808
        ]
      },
      "properties": {
        "elevation_m": 2055.2294921875,
        "kind": "tree"
      }
    },
    {
      "type": "Feature",
      "geometry": {
        "type": "Point",
        "coordinates": [
          2460.496937742689,
          1167.1723844041824
        ]
      },
      "properties": {
        "elevation_m": 2068.244140625,
        "kind": "tree"
      }
    },
    {
      "type": "Feature",
      "geometry": {
        "type": "Point",
        "coordinates": [
          3316.5846644459507,
          1342.0929196435065
        ]
      },
      "properties": {
        "elevation_m": 2038.984130859375,
        "kind": "tree"
      }
    },
    {
      "type": "Feature",
      "geometry": {
        "type": "Point",
        "coordinates": [
          3391.1787124587536,
          1363.753310752152
        ]
      },
      "properties": {
        "elevation_m": 2017.5152587890625,
        "kind": "tree"
      }
    },
    {
      "type": "Feature",
      "geometry": {
        "type": "Point",
        "coordinates": [
          2789.399446702861,
          1109.2595267514557
        ]
      },
      "properties": {
        "elevation_m": 2078.7265625,
        "kind": "tree"
      }
    },
    {
      "type": "Feature",
      "geometry": {
        "type": "Point",
        "coordinates": [
          2773.2802957632543,
          1129.5907854761358
        ]
      },
      "properties": {
        "elevation_m": 2065.801025390625,
        "kind": "tree"
      }
    },
    {
      "type": "Feature",
      "geometry": {
        "type": "Point",
        "coordinates": [
          4357.407294009157,
          1843.1094743168326
        ]
      },
      "properties": {
        "elevation_m": 1900.6522216796875,
        "kind": "tree"
      }
    },
    {
      "type": "Feature",
      "geometry": {
        "type": "Point",
        "coordinates": [
          4285.180292972806,
          1864.3026057228155
        ]
      },
      "properties": {
        "elevation_m": 1888.5576171875,
        "kind": "tree"
      }
    },
    {
      "type": "Feature",
      "geometry": {
        "type": "Point",
        "coordinates": [
          4129.1903543117805,
          1678.0864977773604
        ]
      },
      "properties": {
        "elevation_m": 1935.0662841796875,
        "kind": "tree"
      }
    },
    {
      "type": "Feature",
      "geometry": {
        "type": "Point",
        "coordinates": [
          3861.5991859146047,
          1539.0646185639598
        ]
      },
      "properties": {
        "elevation_m": 1953.421875,
        "kind": "tree"
      }
    },
    {
      "type": "Feature",
      "geometry": {
        "type": "Point",
        "coordinates": [
          3777.5577265280745,
          1495.7113157603017
        ]
      },
      "properties": {
        "elevation_m": 1964.637939453125,
        "kind": "tree"
      }
    },
    {
      "type": "Feature",
      "geometry": {
        "type": "Point",
        "coordinates": [
          3856.3507357331405,
          1544.741659680888
        ]
      },
      "properties": {
        "elevation_m": 1945.5848388671875,
        "kind": "tree"
      }
    },
    {
      "type": "Feature",
      "geometry": {
        "type": "Point",
        "coordinates": [
          2430.5526899181878,
          1270.421032082293
        ]
      },
      "properties": {
        "elevation_m": 2039.0272216796875,
        "kind": "tree"
      }
    },
    {
      "type": "Feature",
      "geometry": {
        "type": "Point",
        "coordinates": [
          2416.951184509531,
          1267.832216706219
        ]
      },
      "properties": {
        "elevation_m": 2040.9525146484375,
        "kind": "tree"
      }
    },
    {
      "type": "Feature",
      "geometry": {
        "type": "Point",
        "coordinates": [
          4732.421437290686,
          2507.7597094137545
        ]
      },
      "properties": {
        "elevation_m": 1870.990234375,
        "kind": "tree"
      }
    },
    {
      "type": "Feature",
      "geometry": {
        "type": "Point",
        "coordinates": [
          4301.2945039394735,
          1964.4350369927763
        ]
      },
      "properties": {
        "elevation_m": 1864.254638671875,
        "kind": "tree"
      }
    },
    {
      "type": "Feature",
      "geometry": {
        "type": "Point",
        "coordinates": [
          4188.46916538224,
          2020.108174530235
        ]
      },
      "properties": {
        "elevation_m": 1826.7822265625,
        "kind": "tree"
      }
    },
    {
      "type": "Feature",
      "geometry": {
        "type": "Point",
        "coordinates": [
          4615.865940715741,
          2299.4530694290556
        ]
      },
      "properties": {
        "elevation_m": 1860.7734375,
        "kind": "tree"
      }
    },
    {
      "type": "Feature",
      "geometry": {
        "type": "Point",
        "coordinates": [
          4519.469493303775,
          2100.1262116358967
        ]
      },
      "properties": {
        "elevation_m": 1889.0870361328125,
        "kind": "tree"
      }
    },
    {
      "type": "Feature",
      "geometry": {
        "type": "Point",
        "coordinates": [
          4234.995261024963,
          1986.936134743879
        ]
      },
      "properties": {
        "elevation_m": 1845.593017578125,
        "kind": "tree"
      }
    },
    {
      "type": "Feature",
      "geometry": {
        "type": "Point",
        "coordinates": [
          4699.809307527627,
          2301.748168691022
        ]
      },
      "properties": {
        "elevation_m": 1883.3792724609375,
        "kind": "tree"
      }
    },
    {
      "type": "Feature",
      "geometry": {
        "type": "Point",
        "coordinates": [
          4521.6896369187725,
          2219.3223139260913
        ]
      },
      "properties": {
        "elevation_m": 1855.316162109375,
        "kind": "tree"
      }
    },
    {
      "type": "Feature",
      "geometry": {
        "type": "Point",
        "coordinates": [
          4732.36676481672,
          2352.110029488123
        ]
      },
      "properties": {
        "elevation_m": 1878.84765625,
        "kind": "tree"
      }
    },
    {
      "type": "Feature",
      "geometry": {
        "type": "Point",
        "coordinates": [
          4800.115916557169,
          2090.022360216072
        ]
      },
      "properties": {
        "elevation_m": 1892.2674560546875,
        "kind": "tree"
      }
    },
    {
      "type": "Feature",
      "geometry": {
        "type": "Point",
        "coordinates": [
          4791.231697431627,
          2088.772686132794
        ]
      },
      "properties": {
        "elevation_m": 1899.0638427734375,
        "kind": "tree"
      }
    },
    {
      "type": "Feature",
      "geometry": {
        "type": "Point",
        "coordinates": [
          2527.814706312045,
          1302.3459210693375
        ]
      },
      "properties": {
        "elevation_m": 2019.8388671875,
        "kind": "tree"
      }
    },
    {
      "type": "Feature",
      "geometry": {
        "type": "Point",
        "coordinates": [
          2573.1085151340585,
          1321.8943893047817
        ]
      },
      "properties": {
        "elevation_m": 2010.0611572265625,
        "kind": "tree"
      }
    },
    {
      "type": "Feature",
      "geometry": {
        "type": "Point",
        "coordinates": [
          3490.5399922226534,
          1421.8946992960518
        ]
      },
      "properties": {
        "elevation_m": 1993.3809814453125,
        "kind": "tree"
      }
    },
    {
      "type": "Feature",
      "geometry": {
        "type": "Point",
        "coordinates": [
          3471.979334473832,
          1420.30714841483
        ]
      },
      "properties": {
        "elevation_m": 2006.728759765625,
        "kind": "tree"
      }
    },
    {
      "type": "Feature",
      "geometry": {
        "type": "Point",
        "coordinates": [
          4906.437675814452,
          2336.143009296459
        ]
      },
      "properties": {
        "elevation_m": 1827.0501708984375,
        "kind": "tree"
      }
    },
    {
      "type": "Feature",
      "geometry": {
        "type": "Point",
        "coordinates": [
          4893.758179094569,
          2503.6496993722203
        ]
      },
      "properties": {
        "elevation_m": 1782.5794677734375,
        "kind": "tree"
      }
    },
    {
      "type": "Feature",
      "geometry": {
        "type": "Point",
        "coordinates": [
          4805.44949943942,
          2323.8138451286436
        ]
      },
      "properties": {
        "elevation_m": 1864.780517578125,
        "kind": "tree"
      }
    },
    {
      "type": "Feature",
      "geometry": {
        "type": "Point",
        "coordinates": [
          4938.311440416629,
          2212.013149109932
        ]
      },
      "properties": {
        "elevation_m": 1841.5223388671875,
        "kind": "tree"
      }
    },
    {
      "type": "Feature",
      "geometry": {
        "type": "Point",
        "coordinates": [
          4821.726792597428,
          2387.081259803387
        ]
      },
      "properties": {
        "elevation_m": 1857.27978515625,
        "kind": "tree"
      }
    },
    {
      "type": "Feature",
      "geometry": {
        "type": "Point",
        "coordinates": [
          4776.1450663276855,
          2440.221029300207
        ]
      },
      "properties": {
        "elevation_m": 1860.5694580078125,
        "kind": "tree"
      }
    },
    {
      "type": "Feature",
      "geometry": {
        "type": "Point",
        "coordinates": [
          4789.402265009421,
          2404.8917152983267
        ]
      },
      "properties": {
        "elevation_m": 1862.426513671875,
        "kind": "tree"
      }
    },
    {
      "type": "Feature",
      "geometry": {
        "type": "Point",
        "coordinates": [
          4836.55207436942,
          2542.3305417580555
        ]
      },
      "properties": {
        "elevation_m": 1828.736083984375,
        "kind": "tree"
      }
    },
    {
      "type": "Feature",
      "geometry": {
        "type": "Point",
        "coordinates": [
          4907.62503558836,
          2353.7001349639536
        ]
      },
      "properties": {
        "elevation_m": 1817.9090576171875,
        "kind": "tree"
      }
    },
    {
      "type": "Feature",
      "geometry": {
        "type": "Point",
        "coordinates": [
          3534.0658007341844,
          1673.8428701365738
        ]
      },
      "properties": {
        "elevation_m": 1901.3583984375,
        "kind": "tree"
      }
    },
    {
      "type": "Feature",
      "geometry": {
        "type": "Point",
        "coordinates": [
          3613.262421909294,
          1717.221886466816
        ]
      },
      "properties": {
        "elevation_m": 1872.4473876953125,
        "kind": "tree"
      }
    },
    {
      "type": "Feature",
      "geometry": {
        "type": "Point",
        "coordinates": [
          2642.0925497245776,
          1521.5780002697684
        ]
      },
      "properties": {
        "elevation_m": 1934.16455078125,
        "kind": "tree"
      }
    },
    {
      "type": "Feature",
      "geometry": {
        "type": "Point",
        "coordinates": [
          2682.5627689665216,
          1451.664903999203
        ]
      },
      "properties": {
        "elevation_m": 1958.332275390625,
        "kind": "tree"
      }
    },
    {
      "type": "Feature",
      "geometry": {
        "type": "Point",
        "coordinates": [
          3566.626251878587,
          1622.283665042789
        ]
      },
      "properties": {
        "elevation_m": 1919.5638427734375,
        "kind": "tree"
      }
    },
    {
      "type": "Feature",
      "geometry": {
        "type": "Point",
        "coordinates": [
          3690.3824649084027,
          1599.0853322413948
        ]
      },
      "properties": {
        "elevation_m": 1917.0128173828125,
        "kind": "tree"
      }
    },
    {
      "type": "Feature",
      "geometry": {
        "type": "Point",
        "coordinates": [
          3571.7643457210975,
          1584.5832922696657
        ]
      },
      "properties": {
        "elevation_m": 1929.5206298828125,
        "kind": "tree"
      }
    },
    {
      "type": "Feature",
      "geometry": {
        "type": "Point",
        "coordinates": [
          3722.140697825865,
          1606.9293042924112
        ]
      },
      "properties": {
        "elevation_m": 1917.5687255859375,
        "kind": "tree"
      }
    },
    {
      "type": "Feature",
      "geometry": {
        "type": "Point",
        "coordinates": [
          3649.3395181363644,
          1775.7295445572292
        ]
      },
      "properties": {
        "elevation_m": 1858.883056640625,
        "kind": "tree"
      }
    },
    {
      "type": "Feature",
      "geometry": {
        "type": "Point",
        "coordinates": [
          3569.143697621399,
          1763.8791296961645
        ]
      },
      "properties": {
        "elevation_m": 1858.7431640625,
        "kind": "tree"
      }
    },
    {
      "type": "Feature",
      "geometry": {
        "type": "Point",
        "coordinates": [
          2574.648869679932,
          1537.65218463625
        ]
      },
      "properties": {
        "elevation_m": 1936.40576171875,
        "kind": "tree"
      }
    },
    {
      "type": "Feature",
      "geometry": {
        "type": "Point",
        "coordinates": [
          2502.4210841145527,
          1533.370128531629
        ]
      },
      "properties": {
        "elevation_m": 1932.2301025390625,
        "kind": "tree"
      }
    },
    {
      "type": "Feature",
      "geometry": {
        "type": "Point",
        "coordinates": [
          2562.4408123824387,
          1579.7251732973239
        ]
      },
      "properties": {
        "elevation_m": 1904.6585693359375,
        "kind": "tree"
      }
    },
    {
      "type": "Feature",
      "geometry": {
        "type": "Point",
        "coordinates": [
          2572.3789939501694,
          1576.27317043581
        ]
      },
      "properties": {
        "elevation_m": 1904.6585693359375,
        "kind": "tree"
      }
    },
    {
      "type": "Feature",
      "geometry": {
        "type": "Point",
        "coordinates": [
          2278.304182688589,
          1232.9091579101575
        ]
      },
      "properties": {
        "elevation_m": 2070.430419921875,
        "kind": "tree"
      }
    },
    {
      "type": "Feature",
      "geometry": {
        "type": "Point",
        "coordinates": [
          2182.4310542105413,
          1185.0033250168253
        ]
      },
      "properties": {
        "elevation_m": 2105.692138671875,
        "kind": "tree"
      }
    },
    {
      "type": "Feature",
      "geometry": {
        "type": "Point",
        "coordinates": [
          1834.7217556954395,
          1571.820609792024
        ]
      },
      "properties": {
        "elevation_m": 2153.57421875,
        "kind": "tree"
      }
    },
    {
      "type": "Feature",
      "geometry": {
        "type": "Point",
        "coordinates": [
          1819.4623478463616,
          1395.10593292248
        ]
      },
      "properties": {
        "elevation_m": 2189.2265625,
        "kind": "tree"
      }
    },
    {
      "type": "Feature",
      "geometry": {
        "type": "Point",
        "coordinates": [
          1729.903637791618,
          1586.6523488902922
        ]
      },
      "properties": {
        "elevation_m": 2171.196533203125,
        "kind": "tree"
      }
    },
    {
      "type": "Feature",
      "geometry": {
        "type": "Point",
        "coordinates": [
          2190.510179725694,
          1542.5063726379597
        ]
      },
      "properties": {
        "elevation_m": 2022.183837890625,
        "kind": "tree"
      }
    },
    {
      "type": "Feature",
      "geometry": {
        "type": "Point",
        "coordinates": [
          2152.682554931832,
          1382.4853422483452
        ]
      },
      "properties": {
        "elevation_m": 2069.369873046875,
        "kind": "tree"
      }
    },
    {
      "type": "Feature",
      "geometry": {
        "type": "Point",
        "coordinates": [
          1951.2693453603706,
          1383.09763931237
        ]
      },
      "properties": {
        "elevation_m": 2162.088134765625,
        "kind": "tree"
      }
    },
    {
      "type": "Feature",
      "geometry": {
        "type": "Point",
        "coordinates": [
          2027.7358895917823,
          1516.146511431843
        ]
      },
      "properties": {
        "elevation_m": 2089.236083984375,
        "kind": "tree"
      }
    },
    {
      "type": "Feature",
      "geometry": {
        "type": "Point",
        "coordinates": [
          2086.7390027681677,
          1611.3863430949782
        ]
      },
      "properties": {
        "elevation_m": 2046.798095703125,
        "kind": "tree"
      }
    },
    {
      "type": "Feature",
      "geometry": {
        "type": "Point",
        "coordinates": [
          1898.8275426847795,
          1533.6854667176701
        ]
      },
      "properties": {
        "elevation_m": 2131.054931640625,
        "kind": "tree"
      }
    },
    {
      "type": "Feature",
      "geometry": {
        "type": "Point",
        "coordinates": [
          1875.4262554695326,
          1403.1693062270954
        ]
      },
      "properties": {
        "elevation_m": 2169.0927734375,
        "kind": "tree"
      }
    },
    {
      "type": "Feature",
      "geometry": {
        "type": "Point",
        "coordinates": [
          2022.6442173815938,
          1521.160868556791
        ]
      },
      "properties": {
        "elevation_m": 2089.236083984375,
        "kind": "tree"
      }
    },
    {
      "type": "Feature",
      "geometry": {
        "type": "Point",
        "coordinates": [
          1647.7454349293157,
          1574.95546345717
        ]
      },
      "properties": {
        "elevation_m": 2181.25244140625,
        "kind": "tree"
      }
    },
    {
      "type": "Feature",
      "geometry": {
        "type": "Point",
        "coordinates": [
          1865.506601744159,
          1551.8909913098328
        ]
      },
      "properties": {
        "elevation_m": 2134.990478515625,
        "kind": "tree"
      }
    },
    {
      "type": "Feature",
      "geometry": {
        "type": "Point",
        "coordinates": [
          1796.1353881322507,
          1495.21499857239
        ]
      },
      "properties": {
        "elevation_m": 2181.305908203125,
        "kind": "tree"
      }
    },
    {
      "type": "Feature",
      "geometry": {
        "type": "Point",
        "coordinates": [
          2120.6687745061527,
          1397.802390678326
        ]
      },
      "properties": {
        "elevation_m": 2079.579345703125,
        "kind": "tree"
      }
    },
    {
      "type": "Feature",
      "geometry": {
        "type": "Point",
        "coordinates": [
          1656.2172020000803,
          1433.6877591951502
        ]
      },
      "properties": {
        "elevation_m": 2244.982177734375,
        "kind": "tree"
      }
    },
    {
      "type": "Feature",
      "geometry": {
        "type": "Point",
        "coordinates": [
          2344.166020547301,
          1458.5619754981271
        ]
      },
      "properties": {
        "elevation_m": 1980.51611328125,
        "kind": "tree"
      }
    },
    {
      "type": "Feature",
      "geometry": {
        "type": "Point",
        "coordinates": [
          1790.9848109500113,
          1365.786754081825
        ]
      },
      "properties": {
        "elevation_m": 2207.146484375,
        "kind": "tree"
      }
    },
    {
      "type": "Feature",
      "geometry": {
        "type": "Point",
        "coordinates": [
          2219.8245300008575,
          1417.901175681618
        ]
      },
      "properties": {
        "elevation_m": 2041.0064697265625,
        "kind": "tree"
      }
    },
    {
      "type": "Feature",
      "geometry": {
        "type": "Point",
        "coordinates": [
          2105.9883858828744,
          1313.645852988117
        ]
      },
      "properties": {
        "elevation_m": 2093.628173828125,
        "kind": "tree"
      }
    },
    {
      "type": "Feature",
      "geometry": {
        "type": "Point",
        "coordinates": [
          1619.387465758944,
          1556.8591963123822
        ]
      },
      "properties": {
        "elevation_m": 2201.378173828125,
        "kind": "tree"
      }
    },
    {
      "type": "Feature",
      "geometry": {
        "type": "Point",
        "coordinates": [
          2201.8369336760848,
          1760.794392211781
        ]
      },
      "properties": {
        "elevation_m": 1983.6478271484375,
        "kind": "tree"
      }
    },
    {
      "type": "Feature",
      "geometry": {
        "type": "Point",
        "coordinates": [
          2098.7058973775615,
          1487.3197510035798
        ]
      },
      "properties": {
        "elevation_m": 2083.406982421875,
        "kind": "tree"
      }
    },
    {
      "type": "Feature",
      "geometry": {
        "type": "Point",
        "coordinates": [
          2364.164037452897,
          1642.4061558357669
        ]
      },
      "properties": {
        "elevation_m": 1933.904541015625,
        "kind": "tree"
      }
    },
    {
      "type": "Feature",
      "geometry": {
        "type": "Point",
        "coordinates": [
          2350.9659316492753,
          1670.764303872735
        ]
      },
      "properties": {
        "elevation_m": 1924.64501953125,
        "kind": "tree"
      }
    },
    {
      "type": "Feature",
      "geometry": {
        "type": "Point",
        "coordinates": [
          841.0401461863742,
          2827.9741935904176
        ]
      },
      "properties": {
        "elevation_m": 1941.853515625,
        "kind": "tree"
      }
    },
    {
      "type": "Feature",
      "geometry": {
        "type": "Point",
        "coordinates": [
          875.8842245567374,
          2721.531475843534
        ]
      },
      "properties": {
        "elevation_m": 1987.290771484375,
        "kind": "tree"
      }
    },
    {
      "type": "Feature",
      "geometry": {
        "type": "Point",
        "coordinates": [
          784.1273855000117,
          2804.212057071001
        ]
      },
      "properties": {
        "elevation_m": 1928.051025390625,
        "kind": "tree"
      }
    },
    {
      "type": "Feature",
      "geometry": {
        "type": "Point",
        "coordinates": [
          1374.6093905828154,
          2647.312692885058
        ]
      },
      "properties": {
        "elevation_m": 2105.55419921875,
        "kind": "tree"
      }
    },
    {
      "type": "Feature",
      "geometry": {
        "type": "Point",
        "coordinates": [
          1412.8717439276388,
          2636.0742755513497
        ]
      },
      "properties": {
        "elevation_m": 2108.792724609375,
        "kind": "tree"
      }
    },
    {
      "type": "Feature",
      "geometry": {
        "type": "Point",
        "coordinates": [
          1168.2684041192574,
          2442.049676982214
        ]
      },
      "properties": {
        "elevation_m": 2140.515625,
        "kind": "tree"
      }
    },
    {
      "type": "Feature",
      "geometry": {
        "type": "Point",
        "coordinates": [
          1258.0575454500492,
          2467.6589262915904
        ]
      },
      "properties": {
        "elevation_m": 2144.79541015625,
        "kind": "tree"
      }
    },
    {
      "type": "Feature",
      "geometry": {
        "type": "Point",
        "coordinates": [
          1186.2856288230364,
          2535.3033323994423
        ]
      },
      "properties": {
        "elevation_m": 2111.279052734375,
        "kind": "tree"
      }
    },
    {
      "type": "Feature",
      "geometry": {
        "type": "Point",
        "coordinates": [
          1149.1151375560885,
          2485.114910979014
        ]
      },
      "properties": {
        "elevation_m": 2121.69140625,
        "kind": "tree"
      }
    },
    {
      "type": "Feature",
      "geometry": {
        "type": "Point",
        "coordinates": [
          1077.7167833319527,
          4172.522934373474
        ]
      },
      "properties": {
        "elevation_m": 2205.8349609375,
        "kind": "tree"
      }
    },
    {
      "type": "Feature",
      "geometry": {
        "type": "Point",
        "coordinates": [
          855.4523771758827,
          3872.301938738808
        ]
      },
      "properties": {
        "elevation_m": 2114.177001953125,
        "kind": "tree"
      }
    },
    {
      "type": "Feature",
      "geometry": {
        "type": "Point",
        "coordinates": [
          782.5324309311475,
          3880.309131506234
        ]
      },
      "properties": {
        "elevation_m": 2075.98193359375,
        "kind": "tree"
      }
    },
    {
      "type": "Feature",
      "geometry": {
        "type": "Point",
        "coordinates": [
          795.5154333700665,
          4125.645878350022
        ]
      },
      "properties": {
        "elevation_m": 2038.3104248046875,
        "kind": "tree"
      }
    },
    {
      "type": "Feature",
      "geometry": {
        "type": "Point",
        "coordinates": [
          1049.5121625712072,
          4076.0953360779313
        ]
      },
      "properties": {
        "elevation_m": 2196.362060546875,
        "kind": "tree"
      }
    },
    {
      "type": "Feature",
      "geometry": {
        "type": "Point",
        "coordinates": [
          798.7456525199134,
          3994.191032395412
        ]
      },
      "properties": {
        "elevation_m": 2060.1513671875,
        "kind": "tree"
      }
    },
    {
      "type": "Feature",
      "geometry": {
        "type": "Point",
        "coordinates": [
          985.7604147276818,
          4122.428846640085
        ]
      },
      "properties": {
        "elevation_m": 2150.929931640625,
        "kind": "tree"
      }
    },
    {
      "type": "Feature",
      "geometry": {
        "type": "Point",
        "coordinates": [
          786.384980145373,
          3632.977029497517
        ]
      },
      "properties": {
        "elevation_m": 2056.916259765625,
        "kind": "tree"
      }
    },
    {
      "type": "Feature",
      "geometry": {
        "type": "Point",
        "coordinates": [
          763.8007265251974,
          3728.994244415245
        ]
      },
      "properties": {
        "elevation_m": 2062.99951171875,
        "kind": "tree"
      }
    },
    {
      "type": "Feature",
      "geometry": {
        "type": "Point",
        "coordinates": [
          638.1566044463389,
          3336.0494512169785
        ]
      },
      "properties": {
        "elevation_m": 1955.1688232421875,
        "kind": "tree"
      }
    },
    {
      "type": "Feature",
      "geometry": {
        "type": "Point",
        "coordinates": [
          632.7456493741362,
          3334.561655880407
        ]
      },
      "properties": {
        "elevation_m": 1955.1688232421875,
        "kind": "tree"
      }
    },
    {
      "type": "Feature",
      "geometry": {
        "type": "Point",
        "coordinates": [
          1509.2765369652657,
          2480.877732154674
        ]
      },
      "properties": {
        "elevation_m": 2140.389404296875,
        "kind": "tree"
      }
    },
    {
      "type": "Feature",
      "geometry": {
        "type": "Point",
        "coordinates": [
          1639.7330742301067,
          2368.3221238553297
        ]
      },
      "properties": {
        "elevation_m": 2091.092041015625,
        "kind": "tree"
      }
    },
    {
      "type": "Feature",
      "geometry": {
        "type": "Point",
        "coordinates": [
          1608.9445544641721,
          2268.7994574261124
        ]
      },
      "properties": {
        "elevation_m": 2122.099853515625,
        "kind": "tree"
      }
    },
    {
      "type": "Feature",
      "geometry": {
        "type": "Point",
        "coordinates": [
          1536.3039979108435,
          1894.499780588266
        ]
      },
      "properties": {
        "elevation_m": 2201.39013671875,
        "kind": "tree"
      }
    },
    {
      "type": "Feature",
      "geometry": {
        "type": "Point",
        "coordinates": [
          1485.8681648000615,
          1987.4926833511822
        ]
      },
      "properties": {
        "elevation_m": 2198.0498046875,
        "kind": "tree"
      }
    },
    {
      "type": "Feature",
      "geometry": {
        "type": "Point",
        "coordinates": [
          1645.6313543197082,
          2239.0480152047294
        ]
      },
      "properties": {
        "elevation_m": 2101.402587890625,
        "kind": "tree"
      }
    },
    {
      "type": "Feature",
      "geometry": {
        "type": "Point",
        "coordinates": [
          1700.1982486625595,
          2028.6041669981325
        ]
      },
      "properties": {
        "elevation_m": 2083.192138671875,
        "kind": "tree"
      }
    },
    {
      "type": "Feature",
      "geometry": {
        "type": "Point",
        "coordinates": [
          1462.6074291089951,
          1526.8448190715417
        ]
      },
      "properties": {
        "elevation_m": 2267.91259765625,
        "kind": "tree"
      }
    },
    {
      "type": "Feature",
      "geometry": {
        "type": "Point",
        "coordinates": [
          1681.063917161042,
          2262.14636157286
        ]
      },
      "properties": {
        "elevation_m": 2083.165283203125,
        "kind": "tree"
      }
    },
    {
      "type": "Feature",
      "geometry": {
        "type": "Point",
        "coordinates": [
          1493.5445751240272,
          2616.534767295705
        ]
      },
      "properties": {
        "elevation_m": 2113.175537109375,
        "kind": "tree"
      }
    },
    {
      "type": "Feature",
      "geometry": {
        "type": "Point",
        "coordinates": [
          1572.4893683035352,
          2208.350984999821
        ]
      },
      "properties": {
        "elevation_m": 2135.042236328125,
        "kind": "tree"
      }
    },
    {
      "type": "Feature",
      "geometry": {
        "type": "Point",
        "coordinates": [
          1437.4007064893503,
          2147.8470726940595
        ]
      },
      "properties": {
        "elevation_m": 2232.95458984375,
        "kind": "tree"
      }
    },
    {
      "type": "Feature",
      "geometry": {
        "type": "Point",
        "coordinates": [
          1440.4521799045278,
          2165.015172756752
        ]
      },
      "properties": {
        "elevation_m": 2232.92822265625,
        "kind": "tree"
      }
    },
    {
      "type": "Feature",
      "geometry": {
        "type": "Point",
        "coordinates": [
          1533.8178095853414,
          2177.0849045338714
        ]
      },
      "properties": {
        "elevation_m": 2174.46875,
        "kind": "tree"
      }
    },
    {
      "type": "Feature",
      "geometry": {
        "type": "Point",
        "coordinates": [
          1474.863513042158,
          2240.7726915742296
        ]
      },
      "properties": {
        "elevation_m": 2215.73828125,
        "kind": "tree"
      }
    },
    {
      "type": "Feature",
      "geometry": {
        "type": "Point",
        "coordinates": [
          1724.7230933542503,
          2186.294264304778
        ]
      },
      "properties": {
        "elevation_m": 2050.802978515625,
        "kind": "tree"
      }
    },
    {
      "type": "Feature",
      "geometry": {
        "type": "Point",
        "coordinates": [
          1484.1277625757857,
          2572.098085564579
        ]
      },
      "properties": {
        "elevation_m": 2124.525146484375,
        "kind": "tree"
      }
    },
    {
      "type": "Feature",
      "geometry": {
        "type": "Point",
        "coordinates": [
          1443.8989440917817,
          1696.5444164705839
        ]
      },
      "properties": {
        "elevation_m": 2276.810546875,
        "kind": "tree"
      }
    },
    {
      "type": "Feature",
      "geometry": {
        "type": "Point",
        "coordinates": [
          1484.1214291767262,
          2499.4708475245784
        ]
      },
      "properties": {
        "elevation_m": 2134.94189453125,
        "kind": "tree"
      }
    },
    {
      "type": "Feature",
      "geometry": {
        "type": "Point",
        "coordinates": [
          1717.4537280035859,
          2065.897217666824
        ]
      },
      "properties": {
        "elevation_m": 2062.645751953125,
        "kind": "tree"
      }
    },
    {
      "type": "Feature",
      "geometry": {
        "type": "Point",
        "coordinates": [
          1538.5752692290966,
          1673.384311786972
        ]
      },
      "properties": {
        "elevation_m": 2216.826171875,
        "kind": "tree"
      }
    },
    {
      "type": "Feature",
      "geometry": {
        "type": "Point",
        "coordinates": [
          1506.6039167379784,
          2521.119520209296
        ]
      },
      "properties": {
        "elevation_m": 2129.582763671875,
        "kind": "tree"
      }
    },
    {
      "type": "Feature",
      "geometry": {
        "type": "Point",
        "coordinates": [
          1562.3757612966879,
          2028.1734640091395
        ]
      },
      "properties": {
        "elevation_m": 2155.5830078125,
        "kind": "tree"
      }
    },
    {
      "type": "Feature",
      "geometry": {
        "type": "Point",
        "coordinates": [
          1714.4589327050323,
          2308.806910503344
        ]
      },
      "properties": {
        "elevation_m": 2070.7861328125,
        "kind": "tree"
      }
    },
    {
      "type": "Feature",
      "geometry": {
        "type": "Point",
        "coordinates": [
          1562.5403074222563,
          1709.8460235003126
        ]
      },
      "properties": {
        "elevation_m": 2197.1123046875,
        "kind": "tree"
      }
    },
    {
      "type": "Feature",
      "geometry": {
        "type": "Point",
        "coordinates": [
          1645.7053704222553,
          1760.9278579315956
        ]
      },
      "properties": {
        "elevation_m": 2150.56787109375,
        "kind": "tree"
      }
    },
    {
      "type": "Feature",
      "geometry": {
        "type": "Point",
        "coordinates": [
          1453.5754721905614,
          2171.566556719275
        ]
      },
      "properties": {
        "elevation_m": 2212.024658203125,
        "kind": "tree"
      }
    },
    {
      "type": "Feature",
      "geometry": {
        "type": "Point",
        "coordinates": [
          2615.5586036287546,
          5605.524542766277
        ]
      },
      "properties": {
        "elevation_m": 2027.24951171875,
        "kind": "tree"
      }
    },
    {
      "type": "Feature",
      "geometry": {
        "type": "Point",
        "coordinates": [
          2702.6730870444408,
          5624.739939058345
        ]
      },
      "properties": {
        "elevation_m": 1987.7918701171875,
        "kind": "tree"
      }
    },
    {
      "type": "Feature",
      "geometry": {
        "type": "Point",
        "coordinates": [
          2696.7502122234055,
          5715.274592340695
        ]
      },
      "properties": {
        "elevation_m": 2030.48193359375,
        "kind": "tree"
      }
    },
    {
      "type": "Feature",
      "geometry": {
        "type": "Point",
        "coordinates": [
          2550.148484046708,
          5442.9906511996
        ]
      },
      "properties": {
        "elevation_m": 2007.44970703125,
        "kind": "tree"
      }
    },
    {
      "type": "Feature",
      "geometry": {
        "type": "Point",
        "coordinates": [
          2569.8260807588213,
          5573.026602647948
        ]
      },
      "properties": {
        "elevation_m": 2065.636962890625,
        "kind": "tree"
      }
    },
    {
      "type": "Feature",
      "geometry": {
        "type": "Point",
        "coordinates": [
          2835.216175035809,
          5485.908207799032
        ]
      },
      "properties": {
        "elevation_m": 1884.0316162109375,
        "kind": "tree"
      }
    },
    {
      "type": "Feature",
      "geometry": {
        "type": "Point",
        "coordinates": [
          2484.137735830062,
          5463.684363203788
        ]
      },
      "properties": {
        "elevation_m": 2065.508544921875,
        "kind": "tree"
      }
    },
    {
      "type": "Feature",
      "geometry": {
        "type": "Point",
        "coordinates": [
          2854.323579564961,
          5670.945371709786
        ]
      },
      "properties": {
        "elevation_m": 1937.1904296875,
        "kind": "tree"
      }
    },
    {
      "type": "Feature",
      "geometry": {
        "type": "Point",
        "coordinates": [
          2533.6471146083973,
          5601.4215133856715
        ]
      },
      "properties": {
        "elevation_m": 2092.792724609375,
        "kind": "tree"
      }
    },
    {
      "type": "Feature",
      "geometry": {
        "type": "Point",
        "coordinates": [
          2440.3224751814714,
          5671.972637177318
        ]
      },
      "properties": {
        "elevation_m": 2117.787841796875,
        "kind": "tree"
      }
    },
    {
      "type": "Feature",
      "geometry": {
        "type": "Point",
        "coordinates": [
          2759.426543019037,
          5802.130450432693
        ]
      },
      "properties": {
        "elevation_m": 1989.751220703125,
        "kind": "tree"
      }
    },
    {
      "type": "Feature",
      "geometry": {
        "type": "Point",
        "coordinates": [
          2366.441937486265,
          5536.461835459381
        ]
      },
      "properties": {
        "elevation_m": 2157.231689453125,
        "kind": "tree"
      }
    },
    {
      "type": "Feature",
      "geometry": {
        "type": "Point",
        "coordinates": [
          2504.6463196155855,
          5349.628451980882
        ]
      },
      "properties": {
        "elevation_m": 1987.71875,
        "kind": "tree"
      }
    },
    {
      "type": "Feature",
      "geometry": {
        "type": "Point",
        "coordinates": [
          2803.2681636568755,
          5668.920587537132
        ]
      },
      "properties": {
        "elevation_m": 1961.9854736328125,
        "kind": "tree"
      }
    },
    {
      "type": "Feature",
      "geometry": {
        "type": "Point",
        "coordinates": [
          2713.958252044754,
          5717.8482004093
        ]
      },
      "properties": {
        "elevation_m": 2030.48193359375,
        "kind": "tree"
      }
    },
    {
      "type": "Feature",
      "geometry": {
        "type": "Point",
        "coordinates": [
          2447.79688824534,
          5437.6883406411935
        ]
      },
      "properties": {
        "elevation_m": 2065.64404296875,
        "kind": "tree"
      }
    },
    {
      "type": "Feature",
      "geometry": {
        "type": "Point",
        "coordinates": [
          713.5412395513764,
          4239.626029836288
        ]
      },
      "properties": {
        "elevation_m": 2052.90087890625,
        "kind": "tree"
      }
    },
    {
      "type": "Feature",
      "geometry": {
        "type": "Point",
        "coordinates": [
          862.6158439429219,
          4229.784612430275
        ]
      },
      "properties": {
        "elevation_m": 2097.82958984375,
        "kind": "tree"
      }
    },
    {
      "type": "Feature",
      "geometry": {
        "type": "Point",
        "coordinates": [
          736.9764110886122,
          4385.381842473073
        ]
      },
      "properties": {
        "elevation_m": 2093.804931640625,
        "kind": "tree"
      }
    },
    {
      "type": "Feature",
      "geometry": {
        "type": "Point",
        "coordinates": [
          754.3249653265577,
          4207.19357747715
        ]
      },
      "properties": {
        "elevation_m": 2052.234130859375,
        "kind": "tree"
      }
    },
    {
      "type": "Feature",
      "geometry": {
        "type": "Point",
        "coordinates": [
          966.4960508360764,
          1525.7244549081174
        ]
      },
      "properties": {
        "elevation_m": 2141.923828125,
        "kind": "tree"
      }
    },
    {
      "type": "Feature",
      "geometry": {
        "type": "Point",
        "coordinates": [
          1188.7328345306541,
          1892.1151481324318
        ]
      },
      "properties": {
        "elevation_m": 2262.57568359375,
        "kind": "tree"
      }
    },
    {
      "type": "Feature",
      "geometry": {
        "type": "Point",
        "coordinates": [
          1153.967333276868,
          1151.1116201267932
        ]
      },
      "properties": {
        "elevation_m": 2145.279052734375,
        "kind": "tree"
      }
    },
    {
      "type": "Feature",
      "geometry": {
        "type": "Point",
        "coordinates": [
          1117.8672438028761,
          1921.0934430133893
        ]
      },
      "properties": {
        "elevation_m": 2214.893798828125,
        "kind": "tree"
      }
    },
    {
      "type": "Feature",
      "geometry": {
        "type": "Point",
        "coordinates": [
          1040.6186047615638,
          1764.195326493621
        ]
      },
      "properties": {
        "elevation_m": 2205.460693359375,
        "kind": "tree"
      }
    },
    {
      "type": "Feature",
      "geometry": {
        "type": "Point",
        "coordinates": [
          1402.0035335156354,
          898.755318976072
        ]
      },
      "properties": {
        "elevation_m": 2303.615478515625,
        "kind": "tree"
      }
    },
    {
      "type": "Feature",
      "geometry": {
        "type": "Point",
        "coordinates": [
          1332.8312119944833,
          626.5697419634985
        ]
      },
      "properties": {
        "elevation_m": 2237.482421875,
        "kind": "tree"
      }
    },
    {
      "type": "Feature",
      "geometry": {
        "type": "Point",
        "coordinates": [
          1103.412841460998,
          1844.6492220282903
        ]
      },
      "properties": {
        "elevation_m": 2222.02734375,
        "kind": "tree"
      }
    },
    {
      "type": "Feature",
      "geometry": {
        "type": "Point",
        "coordinates": [
          865.5230937849011,
          2201.007309313576
        ]
      },
      "properties": {
        "elevation_m": 2016.03662109375,
        "kind": "tree"
      }
    },
    {
      "type": "Feature",
      "geometry": {
        "type": "Point",
        "coordinates": [
          1269.8046090828577,
          1811.0857641236153
        ]
      },
      "properties": {
        "elevation_m": 2295.4052734375,
        "kind": "tree"
      }
    },
    {
      "type": "Feature",
      "geometry": {
        "type": "Point",
        "coordinates": [
          1254.341520678181,
          1868.1685068752788
        ]
      },
      "properties": {
        "elevation_m": 2279.776123046875,
        "kind": "tree"
      }
    },
    {
      "type": "Feature",
      "geometry": {
        "type": "Point",
        "coordinates": [
          1190.656820105679,
          2071.6978568643144
        ]
      },
      "properties": {
        "elevation_m": 2205.559326171875,
        "kind": "tree"
      }
    },
    {
      "type": "Feature",
      "geometry": {
        "type": "Point",
        "coordinates": [
          1129.233261346657,
          1233.1052380197148
        ]
      },
      "properties": {
        "elevation_m": 2176.447265625,
        "kind": "tree"
      }
    },
    {
      "type": "Feature",
      "geometry": {
        "type": "Point",
        "coordinates": [
          967.3459076079555,
          2077.237562999858
        ]
      },
      "properties": {
        "elevation_m": 2081.51806640625,
        "kind": "tree"
      }
    },
    {
      "type": "Feature",
      "geometry": {
        "type": "Point",
        "coordinates": [
          780.0804524360428,
          2393.669430710027
        ]
      },
      "properties": {
        "elevation_m": 1998.17333984375,
        "kind": "tree"
      }
    },
    {
      "type": "Feature",
      "geometry": {
        "type": "Point",
        "coordinates": [
          1196.8465676591081,
          1746.8077572026823
        ]
      },
      "properties": {
        "elevation_m": 2280.005859375,
        "kind": "tree"
      }
    },
    {
      "type": "Feature",
      "geometry": {
        "type": "Point",
        "coordinates": [
          992.0449337718082,
          1620.2743653443101
        ]
      },
      "properties": {
        "elevation_m": 2172.878173828125,
        "kind": "tree"
      }
    },
    {
      "type": "Feature",
      "geometry": {
        "type": "Point",
        "coordinates": [
          1244.7697189627513,
          973.2729142400992
        ]
      },
      "properties": {
        "elevation_m": 2224.043212890625,
        "kind": "tree"
      }
    },
    {
      "type": "Feature",
      "geometry": {
        "type": "Point",
        "coordinates": [
          933.445684092354,
          2252.546287507019
        ]
      },
      "properties": {
        "elevation_m": 2047.3221435546875,
        "kind": "tree"
      }
    },
    {
      "type": "Feature",
      "geometry": {
        "type": "Point",
        "coordinates": [
          1216.7094399856255,
          1134.4294662109196
        ]
      },
      "properties": {
        "elevation_m": 2193.591064453125,
        "kind": "tree"
      }
    },
    {
      "type": "Feature",
      "geometry": {
        "type": "Point",
        "coordinates": [
          1141.718729313192,
          1049.9875284344387
        ]
      },
      "properties": {
        "elevation_m": 2153.542724609375,
        "kind": "tree"
      }
    },
    {
      "type": "Feature",
      "geometry": {
        "type": "Point",
        "coordinates": [
          1296.2216677925312,
          1023.5448618142801
        ]
      },
      "properties": {
        "elevation_m": 2218.3994140625,
        "kind": "tree"
      }
    },
    {
      "type": "Feature",
      "geometry": {
        "type": "Point",
        "coordinates": [
          1169.4425479592394,
          1603.6297217870358
        ]
      },
      "properties": {
        "elevation_m": 2273.4892578125,
        "kind": "tree"
      }
    },
    {
      "type": "Feature",
      "geometry": {
        "type": "Point",
        "coordinates": [
          1131.3265910483497,
          2052.5280746854423
        ]
      },
      "properties": {
        "elevation_m": 2173.794189453125,
        "kind": "tree"
      }
    },
    {
      "type": "Feature",
      "geometry": {
        "type": "Point",
        "coordinates": [
          1346.7777257483322,
          703.8452379718494
        ]
      },
      "properties": {
        "elevation_m": 2274.568115234375,
        "kind": "tree"
      }
    },
    {
      "type": "Feature",
      "geometry": {
        "type": "Point",
        "coordinates": [
          1014.9472210462554,
          2003.1821626754731
        ]
      },
      "properties": {
        "elevation_m": 2145.954833984375,
        "kind": "tree"
      }
    },
    {
      "type": "Feature",
      "geometry": {
        "type": "Point",
        "coordinates": [
          1278.4514768145268,
          2077.346114646538
        ]
      },
      "properties": {
        "elevation_m": 2250.143798828125,
        "kind": "tree"
      }
    },
    {
      "type": "Feature",
      "geometry": {
        "type": "Point",
        "coordinates": [
          979.1080048127325,
          1516.3919908719017
        ]
      },
      "properties": {
        "elevation_m": 2161.94140625,
        "kind": "tree"
      }
    },
    {
      "type": "Feature",
      "geometry": {
        "type": "Point",
        "coordinates": [
          955.835413030242,
          2223.7343481444814
        ]
      },
      "properties": {
        "elevation_m": 2059.427734375,
        "kind": "tree"
      }
    },
    {
      "type": "Feature",
      "geometry": {
        "type": "Point",
        "coordinates": [
          1208.3428653884039,
          953.390696255663
        ]
      },
      "properties": {
        "elevation_m": 2200.294189453125,
        "kind": "tree"
      }
    },
    {
      "type": "Feature",
      "geometry": {
        "type": "Point",
        "coordinates": [
          1374.180930178286,
          833.5771004513482
        ]
      },
      "properties": {
        "elevation_m": 2309.321533203125,
        "kind": "tree"
      }
    },
    {
      "type": "Feature",
      "geometry": {
        "type": "Point",
        "coordinates": [
          1038.4222104936357,
          2302.7582351102023
        ]
      },
      "properties": {
        "elevation_m": 2121.990966796875,
        "kind": "tree"
      }
    },
    {
      "type": "Feature",
      "geometry": {
        "type": "Point",
        "coordinates": [
          1384.069594118011,
          1121.0432957895578
        ]
      },
      "properties": {
        "elevation_m": 2265.263916015625,
        "kind": "tree"
      }
    },
    {
      "type": "Feature",
      "geometry": {
        "type": "Point",
        "coordinates": [
          1309.8923774259952,
          627.1325128003763
        ]
      },
      "properties": {
        "elevation_m": 2233.228271484375,
        "kind": "tree"
      }
    },
    {
      "type": "Feature",
      "geometry": {
        "type": "Point",
        "coordinates": [
          1217.8133802801997,
          1146.3942700362284
        ]
      },
      "properties": {
        "elevation_m": 2193.591064453125,
        "kind": "tree"
      }
    },
    {
      "type": "Feature",
      "geometry": {
        "type": "Point",
        "coordinates": [
          1003.0042603669222,
          2072.4842097246665
        ]
      },
      "properties": {
        "elevation_m": 2092.11083984375,
        "kind": "tree"
      }
    },
    {
      "type": "Feature",
      "geometry": {
        "type": "Point",
        "coordinates": [
          1287.2025993871716,
          1217.4481628709245
        ]
      },
      "properties": {
        "elevation_m": 2242.7470703125,
        "kind": "tree"
      }
    },
    {
      "type": "Feature",
      "geometry": {
        "type": "Point",
        "coordinates": [
          1074.083199844105,
          1403.58927957281
        ]
      },
      "properties": {
        "elevation_m": 2202.44482421875,
        "kind": "tree"
      }
    },
    {
      "type": "Feature",
      "geometry": {
        "type": "Point",
        "coordinates": [
          1212.264455762761,
          2154.668643578083
        ]
      },
      "properties": {
        "elevation_m": 2203.22314453125,
        "kind": "tree"
      }
    },
    {
      "type": "Feature",
      "geometry": {
        "type": "Point",
        "coordinates": [
          899.54278932576,
          2299.3494422926897
        ]
      },
      "properties": {
        "elevation_m": 2033.429931640625,
        "kind": "tree"
      }
    },
    {
      "type": "Feature",
      "geometry": {
        "type": "Point",
        "coordinates": [
          1240.362713066082,
          1140.2728322287396
        ]
      },
      "properties": {
        "elevation_m": 2193.591064453125,
        "kind": "tree"
      }
    },
    {
      "type": "Feature",
      "geometry": {
        "type": "Point",
        "coordinates": [
          841.0334486982551,
          2456.816307317921
        ]
      },
      "properties": {
        "elevation_m": 2059.589599609375,
        "kind": "tree"
      }
    },
    {
      "type": "Feature",
      "geometry": {
        "type": "Point",
        "coordinates": [
          1074.9367836867632,
          1980.0363588741945
        ]
      },
      "properties": {
        "elevation_m": 2185.91845703125,
        "kind": "tree"
      }
    },
    {
      "type": "Feature",
      "geometry": {
        "type": "Point",
        "coordinates": [
          1051.5035919370894,
          1762.9213689332694
        ]
      },
      "properties": {
        "elevation_m": 2205.460693359375,
        "kind": "tree"
      }
    },
    {
      "type": "Feature",
      "geometry": {
        "type": "Point",
        "coordinates": [
          619.4196819405028,
          2344.9866046227066
        ]
      },
      "properties": {
        "elevation_m": 1894.569580078125,
        "kind": "tree"
      }
    },
    {
      "type": "Feature",
      "geometry": {
        "type": "Point",
        "coordinates": [
          610.2712381636921,
          2393.9679335776477
        ]
      },
      "properties": {
        "elevation_m": 1898.3397216796875,
        "kind": "tree"
      }
    },
    {
      "type": "Feature",
      "geometry": {
        "type": "Point",
        "coordinates": [
          625.565912895515,
          2307.4141863098757
        ]
      },
      "properties": {
        "elevation_m": 1897.026611328125,
        "kind": "tree"
      }
    },
    {
      "type": "Feature",
      "geometry": {
        "type": "Point",
        "coordinates": [
          531.9638002994479,
          2478.8234028071092
        ]
      },
      "properties": {
        "elevation_m": 1855.7392578125,
        "kind": "tree"
      }
    },
    {
      "type": "Feature",
      "geometry": {
        "type": "Point",
        "coordinates": [
          667.3543215759096,
          2409.7969252286107
        ]
      },
      "properties": {
        "elevation_m": 1938.371826171875,
        "kind": "tree"
      }
    },
    {
      "type": "Feature",
      "geometry": {
        "type": "Point",
        "coordinates": [
          699.2853406611382,
          2252.9008734144236
        ]
      },
      "properties": {
        "elevation_m": 1921.771484375,
        "kind": "tree"
      }
    },
    {
      "type": "Feature",
      "geometry": {
        "type": "Point",
        "coordinates": [
          648.861116237229,
          2318.0981484174563
        ]
      },
      "properties": {
        "elevation_m": 1903.520751953125,
        "kind": "tree"
      }
    },
    {
      "type": "Feature",
      "geometry": {
        "type": "Point",
        "coordinates": [
          564.3845194142662,
          2501.2813426519997
        ]
      },
      "properties": {
        "elevation_m": 1895.536865234375,
        "kind": "tree"
      }
    },
    {
      "type": "Feature",
      "geometry": {
        "type": "Point",
        "coordinates": [
          1640.4920922528254,
          481.5826757150774
        ]
      },
      "properties": {
        "elevation_m": 2198.497802734375,
        "kind": "tree"
      }
    },
    {
      "type": "Feature",
      "geometry": {
        "type": "Point",
        "coordinates": [
          1702.1099912369962,
          515.0867631007113
        ]
      },
      "properties": {
        "elevation_m": 2217.166748046875,
        "kind": "tree"
      }
    },
    {
      "type": "Feature",
      "geometry": {
        "type": "Point",
        "coordinates": [
          1482.9349367231218,
          655.0836576599484
        ]
      },
      "properties": {
        "elevation_m": 2274.48974609375,
        "kind": "tree"
      }
    },
    {
      "type": "Feature",
      "geometry": {
        "type": "Point",
        "coordinates": [
          2035.2169634264633,
          614.1156633225759
        ]
      },
      "properties": {
        "elevation_m": 2174.761474609375,
        "kind": "tree"
      }
    },
    {
      "type": "Feature",
      "geometry": {
        "type": "Point",
        "coordinates": [
          1543.6102127046734,
          602.9150255329724
        ]
      },
      "properties": {
        "elevation_m": 2243.26416015625,
        "kind": "tree"
      }
    },
    {
      "type": "Feature",
      "geometry": {
        "type": "Point",
        "coordinates": [
          1569.719866154295,
          567.9066176383443
        ]
      },
      "properties": {
        "elevation_m": 2229.913818359375,
        "kind": "tree"
      }
    },
    {
      "type": "Feature",
      "geometry": {
        "type": "Point",
        "coordinates": [
          2019.2922818744044,
          775.9459591577429
        ]
      },
      "properties": {
        "elevation_m": 2191.900634765625,
        "kind": "tree"
      }
    },
    {
      "type": "Feature",
      "geometry": {
        "type": "Point",
        "coordinates": [
          2154.344063748109,
          593.0169694605643
        ]
      },
      "properties": {
        "elevation_m": 2123.713134765625,
        "kind": "tree"
      }
    },
    {
      "type": "Feature",
      "geometry": {
        "type": "Point",
        "coordinates": [
          2031.047126571139,
          854.5310013224957
        ]
      },
      "properties": {
        "elevation_m": 2221.57421875,
        "kind": "tree"
      }
    },
    {
      "type": "Feature",
      "geometry": {
        "type": "Point",
        "coordinates": [
          1864.6725595764951,
          580.6565828459359
        ]
      },
      "properties": {
        "elevation_m": 2262.6103515625,
        "kind": "tree"
      }
    },
    {
      "type": "Feature",
      "geometry": {
        "type": "Point",
        "coordinates": [
          1420.5388101778863,
          717.255757256476
        ]
      },
      "properties": {
        "elevation_m": 2298.236328125,
        "kind": "tree"
      }
    },
    {
      "type": "Feature",
      "geometry": {
        "type": "Point",
        "coordinates": [
          1685.5522512442992,
          568.8732884856406
        ]
      },
      "properties": {
        "elevation_m": 2245.99169921875,
        "kind": "tree"
      }
    },
    {
      "type": "Feature",
      "geometry": {
        "type": "Point",
        "coordinates": [
          1840.18362652233,
          743.0236814923023
        ]
      },
      "properties": {
        "elevation_m": 2277.335693359375,
        "kind": "tree"
      }
    },
    {
      "type": "Feature",
      "geometry": {
        "type": "Point",
        "coordinates": [
          1725.9837879010033,
          587.1863068111269
        ]
      },
      "properties": {
        "elevation_m": 2252.367431640625,
        "kind": "tree"
      }
    },
    {
      "type": "Feature",
      "geometry": {
        "type": "Point",
        "coordinates": [
          2209.9848210512832,
          571.2619080857176
        ]
      },
      "properties": {
        "elevation_m": 2105.290283203125,
        "kind": "tree"
      }
    },
    {
      "type": "Feature",
      "geometry": {
        "type": "Point",
        "coordinates": [
          1628.385888823505,
          697.2176664376702
        ]
      },
      "properties": {
        "elevation_m": 2305.502685546875,
        "kind": "tree"
      }
    },
    {
      "type": "Feature",
      "geometry": {
        "type": "Point",
        "coordinates": [
          2004.6990839902485,
          655.8078469282245
        ]
      },
      "properties": {
        "elevation_m": 2177.41748046875,
        "kind": "tree"
      }
    },
    {
      "type": "Feature",
      "geometry": {
        "type": "Point",
        "coordinates": [
          2177.410438709095,
          649.05064873173
        ]
      },
      "properties": {
        "elevation_m": 2111.3359375,
        "kind": "tree"
      }
    },
    {
      "type": "Feature",
      "geometry": {
        "type": "Point",
        "coordinates": [
          2270.5341267282247,
          581.0478490682365
        ]
      },
      "properties": {
        "elevation_m": 2087.462646484375,
        "kind": "tree"
      }
    },
    {
      "type": "Feature",
      "geometry": {
        "type": "Point",
        "coordinates": [
          2021.2411359103298,
          648.4183180820229
        ]
      },
      "properties": {
        "elevation_m": 2170.055419921875,
        "kind": "tree"
      }
    },
    {
      "type": "Feature",
      "geometry": {
        "type": "Point",
        "coordinates": [
          404.41633074219266,
          2709.863317207446
        ]
      },
      "properties": {
        "elevation_m": 1850.0133056640625,
        "kind": "tree"
      }
    },
    {
      "type": "Feature",
      "geometry": {
        "type": "Point",
        "coordinates": [
          400.36839395751105,
          2716.9038536923354
        ]
      },
      "properties": {
        "elevation_m": 1850.0133056640625,
        "kind": "tree"
      }
    },
    {
      "type": "Feature",
      "geometry": {
        "type": "Point",
        "coordinates": [
          436.17452714131906,
          2829.144542683739
        ]
      },
      "properties": {
        "elevation_m": 1864.38525390625,
        "kind": "tree"
      }
    },
    {
      "type": "Feature",
      "geometry": {
        "type": "Point",
        "coordinates": [
          416.9058577713163,
          2775.646746149856
        ]
      },
      "properties": {
        "elevation_m": 1868.0595703125,
        "kind": "tree"
      }
    },
    {
      "type": "Feature",
      "geometry": {
        "type": "Point",
        "coordinates": [
          185.4976101018052,
          5403.836775569421
        ]
      },
      "properties": {
        "elevation_m": 2295.049072265625,
        "kind": "tree"
      }
    },
    {
      "type": "Feature",
      "geometry": {
        "type": "Point",
        "coordinates": [
          1435.4244419938022,
          5141.732272295694
        ]
      },
      "properties": {
        "elevation_m": 2406.794189453125,
        "kind": "tree"
      }
    },
    {
      "type": "Feature",
      "geometry": {
        "type": "Point",
        "coordinates": [
          6211.853523449835,
          300.25694067010795
        ]
      },
      "properties": {
        "elevation_m": 1748.081787109375,
        "kind": "tree"
      }
    },
    {
      "type": "Feature",
      "geometry": {
        "type": "Point",
        "coordinates": [
          4464.648867459906,
          4316.050169718962
        ]
      },
      "properties": {
        "elevation_m": 1585.349365234375,
        "kind": "tree"
      }
    },
    {
      "type": "Feature",
      "geometry": {
        "type": "Point",
        "coordinates": [
          4685.394252768199,
          1107.3410666447687
        ]
      },
      "properties": {
        "elevation_m": 1568.3990478515625,
        "kind": "tree"
      }
    },
    {
      "type": "Feature",
      "geometry": {
        "type": "Point",
        "coordinates": [
          5576.535607664303,
          5321.227930930673
        ]
      },
      "properties": {
        "elevation_m": 1850.2586669921875,
        "kind": "tree"
      }
    },
    {
      "type": "Feature",
      "geometry": {
        "type": "Point",
        "coordinates": [
          6522.598404021034,
          4139.852564482417
        ]
      },
      "properties": {
        "elevation_m": 1567.2357177734375,
        "kind": "tree"
      }
    },
    {
      "type": "Feature",
      "geometry": {
        "type": "Point",
        "coordinates": [
          5767.414039323324,
          815.5847027801276
        ]
      },
      "properties": {
        "elevation_m": 1502.110595703125,
        "kind": "tree"
      }
    },
    {
      "type": "Feature",
      "geometry": {
        "type": "Point",
        "coordinates": [
          5530.910199423571,
          4500.999827642994
        ]
      },
      "properties": {
        "elevation_m": 1312.97021484375,
        "kind": "tree"
      }
    },
    {
      "type": "Feature",
      "geometry": {
        "type": "Point",
        "coordinates": [
          1432.0840204819626,
          2735.644927358649
        ]
      },
      "properties": {
        "elevation_m": 2087.88818359375,
        "kind": "tree"
      }
    },
    {
      "type": "Feature",
      "geometry": {
        "type": "Point",
        "coordinates": [
          6375.097966826214,
          3972.437545145159
        ]
      },
      "properties": {
        "elevation_m": 1568.2557373046875,
        "kind": "tree"
      }
    },
    {
      "type": "Feature",
      "geometry": {
        "type": "Point",
        "coordinates": [
          1444.6985788483646,
          1498.9244360348473
        ]
      },
      "properties": {
        "elevation_m": 2289.361083984375,
        "kind": "tree"
      }
    },
    {
      "type": "Feature",
      "geometry": {
        "type": "Point",
        "coordinates": [
          5024.412477867374,
          212.44920940083804
        ]
      },
      "properties": {
        "elevation_m": 1832.4937744140625,
        "kind": "tree"
      }
    },
    {
      "type": "Feature",
      "geometry": {
        "type": "Point",
        "coordinates": [
          6617.659925429044,
          6767.574264017503
        ]
      },
      "properties": {
        "elevation_m": 1425.6455078125,
        "kind": "tree"
      }
    },
    {
      "type": "Feature",
      "geometry": {
        "type": "Point",
        "coordinates": [
          4189.0433996718975,
          628.3218753029619
        ]
      },
      "properties": {
        "elevation_m": 1634.72705078125,
        "kind": "tree"
      }
    },
    {
      "type": "Feature",
      "geometry": {
        "type": "Point",
        "coordinates": [
          4595.573638522665,
          204.52589844998943
        ]
      },
      "properties": {
        "elevation_m": 1830.86328125,
        "kind": "tree"
      }
    },
    {
      "type": "Feature",
      "geometry": {
        "type": "Point",
        "coordinates": [
          5896.10523854965,
          1449.3216635564654
        ]
      },
      "properties": {
        "elevation_m": 1421.3133544921875,
        "kind": "tree"
      }
    },
    {
      "type": "Feature",
      "geometry": {
        "type": "Point",
        "coordinates": [
          106.13763420229743,
          2390.95558483982
        ]
      },
      "properties": {
        "elevation_m": 1979.6373291015625,
        "kind": "tree"
      }
    },
    {
      "type": "Feature",
      "geometry": {
        "type": "Point",
        "coordinates": [
          6443.432880319672,
          4316.566330477725
        ]
      },
      "properties": {
        "elevation_m": 1690.694091796875,
        "kind": "tree"
      }
    },
    {
      "type": "Feature",
      "geometry": {
        "type": "Point",
        "coordinates": [
          5973.8550749056685,
          6202.510729581983
        ]
      },
      "properties": {
        "elevation_m": 1796.9256591796875,
        "kind": "tree"
      }
    },
    {
      "type": "Feature",
      "geometry": {
        "type": "Point",
        "coordinates": [
          6149.74062115787,
          6530.942423338509
        ]
      },
      "properties": {
        "elevation_m": 1688.2801513671875,
        "kind": "tree"
      }
    },
    {
      "type": "Feature",
      "geometry": {
        "type": "Point",
        "coordinates": [
          4274.364678810801,
          5097.396557733293
        ]
      },
      "properties": {
        "elevation_m": 1517.748046875,
        "kind": "tree"
      }
    },
    {
      "type": "Feature",
      "geometry": {
        "type": "Point",
        "coordinates": [
          952.2674949290338,
          5300.270922977392
        ]
      },
      "properties": {
        "elevation_m": 2429.130615234375,
        "kind": "tree"
      }
    },
    {
      "type": "Feature",
      "geometry": {
        "type": "Point",
        "coordinates": [
          1874.2679243348555,
          2968.8216574933845
        ]
      },
      "properties": {
        "elevation_m": 1821.60888671875,
        "kind": "tree"
      }
    },
    {
      "type": "Feature",
      "geometry": {
        "type": "Point",
        "coordinates": [
          2285.8666313610297,
          3868.853657374516
        ]
      },
      "properties": {
        "elevation_m": 1872.3753662109375,
        "kind": "tree"
      }
    },
    {
      "type": "Feature",
      "geometry": {
        "type": "Point",
        "coordinates": [
          3210.4766601894,
          2981.911273219178
        ]
      },
      "properties": {
        "elevation_m": 1586.8798828125,
        "kind": "tree"
      }
    },
    {
      "type": "Feature",
      "geometry": {
        "type": "Point",
        "coordinates": [
          1264.3928842978555,
          5834.661780566759
        ]
      },
      "properties": {
        "elevation_m": 2421.35009765625,
        "kind": "tree"
      }
    },
    {
      "type": "Feature",
      "geometry": {
        "type": "Point",
        "coordinates": [
          3055.338997968778,
          3499.3692854432998
        ]
      },
      "properties": {
        "elevation_m": 1852.3621826171875,
        "kind": "tree"
      }
    },
    {
      "type": "Feature",
      "geometry": {
        "type": "Point",
        "coordinates": [
          4027.823688441226,
          3322.9658950539915
        ]
      },
      "properties": {
        "elevation_m": 1551.04443359375,
        "kind": "tree"
      }
    },
    {
      "type": "Feature",
      "geometry": {
        "type": "Point",
        "coordinates": [
          1669.278453335629,
          7090.188975605884
        ]
      },
      "properties": {
        "elevation_m": 2120.045166015625,
        "kind": "tree"
      }
    },
    {
      "type": "Feature",
      "geometry": {
        "type": "Point",
        "coordinates": [
          1152.046369630322,
          4716.20305116948
        ]
      },
      "properties": {
        "elevation_m": 2325.968505859375,
        "kind": "tree"
      }
    },
    {
      "type": "Feature",
      "geometry": {
        "type": "Point",
        "coordinates": [
          5172.72026602806,
          5344.5204866544545
        ]
      },
      "properties": {
        "elevation_m": 1703.3831787109375,
        "kind": "tree"
      }
    },
    {
      "type": "Feature",
      "geometry": {
        "type": "Point",
        "coordinates": [
          6716.145173599923,
          4569.183617942657
        ]
      },
      "properties": {
        "elevation_m": 1771.532470703125,
        "kind": "tree"
      }
    },
    {
      "type": "Feature",
      "geometry": {
        "type": "Point",
        "coordinates": [
          3527.792257391079,
          5321.372655667191
        ]
      },
      "properties": {
        "elevation_m": 1798.4593505859375,
        "kind": "tree"
      }
    },
    {
      "type": "Feature",
      "geometry": {
        "type": "Point",
        "coordinates": [
          4687.449207573808,
          2756.434438445143
        ]
      },
      "properties": {
        "elevation_m": 1772.7806396484375,
        "kind": "tree"
      }
    },
    {
      "type": "Feature",
      "geometry": {
        "type": "Point",
        "coordinates": [
          6541.003241054916,
          1826.4996052741603
        ]
      },
      "properties": {
        "elevation_m": 1365.4969482421875,
        "kind": "tree"
      }
    },
    {
      "type": "Feature",
      "geometry": {
        "type": "Point",
        "coordinates": [
          2213.6283550470844,
          1262.2673778872493
        ]
      },
      "properties": {
        "elevation_m": 2072.548583984375,
        "kind": "tree"
      }
    },
    {
      "type": "Feature",
      "geometry": {
        "type": "Point",
        "coordinates": [
          1540.5458462455388,
          4283.265005930958
        ]
      },
      "properties": {
        "elevation_m": 2176.56298828125,
        "kind": "tree"
      }
    },
    {
      "type": "Feature",
      "geometry": {
        "type": "Point",
        "coordinates": [
          620.1432230355877,
          6393.0982263294245
        ]
      },
      "properties": {
        "elevation_m": 2360.046142578125,
        "kind": "tree"
      }
    },
    {
      "type": "Feature",
      "geometry": {
        "type": "Point",
        "coordinates": [
          5910.7608465052335,
          3016.1879072336715
        ]
      },
      "properties": {
        "elevation_m": 1342.7869873046875,
        "kind": "tree"
      }
    },
    {
      "type": "Feature",
      "geometry": {
        "type": "Point",
        "coordinates": [
          2176.624888569668,
          3351.2075263988017
        ]
      },
      "properties": {
        "elevation_m": 1761.07275390625,
        "kind": "tree"
      }
    },
    {
      "type": "Feature",
      "geometry": {
        "type": "Point",
        "coordinates": [
          6635.94395673495,
          2399.7284268017916
        ]
      },
      "properties": {
        "elevation_m": 1263.7783203125,
        "kind": "tree"
      }
    },
    {
      "type": "Feature",
      "geometry": {
        "type": "Point",
        "coordinates": [
          1102.9355505918302,
          1291.1828102518716
        ]
      },
      "properties": {
        "elevation_m": 2184.04296875,
        "kind": "tree"
      }
    },
    {
      "type": "Feature",
      "geometry": {
        "type": "Point",
        "coordinates": [
          4953.3324220842815,
          7162.85637526626
        ]
      },
      "properties": {
        "elevation_m": 2274.23193359375,
        "kind": "tree"
      }
    },
    {
      "type": "Feature",
      "geometry": {
        "type": "Point",
        "coordinates": [
          4154.730573773599,
          382.75944618545543
        ]
      },
      "properties": {
        "elevation_m": 1723.94140625,
        "kind": "tree"
      }
    },
    {
      "type": "Feature",
      "geometry": {
        "type": "Point",
        "coordinates": [
          496.19252091275274,
          4015.519763730651
        ]
      },
      "properties": {
        "elevation_m": 1960.2685546875,
        "kind": "tree"
      }
    },
    {
      "type": "Feature",
      "geometry": {
        "type": "Point",
        "coordinates": [
          6626.6202883362175,
          5013.81520745732
        ]
      },
      "properties": {
        "elevation_m": 1585.1632080078125,
        "kind": "tree"
      }
    },
    {
      "type": "Feature",
      "geometry": {
        "type": "Point",
        "coordinates": [
          4698.557716831238,
          5879.131374467421
        ]
      },
      "properties": {
        "elevation_m": 1622.564697265625,
        "kind": "tree"
      }
    },
    {
      "type": "Feature",
      "geometry": {
        "type": "Point",
        "coordinates": [
          1234.6343241670606,
          6321.428665566213
        ]
      },
      "properties": {
        "elevation_m": 2331.93798828125,
        "kind": "tree"
      }
    },
    {
      "type": "Feature",
      "geometry": {
        "type": "Point",
        "coordinates": [
          774.1117136919902,
          610.7562164051931
        ]
      },
      "properties": {
        "elevation_m": 2028.05810546875,
        "kind": "tree"
      }
    },
    {
      "type": "Feature",
      "geometry": {
        "type": "Point",
        "coordinates": [
          763.9596488168481,
          5058.71302682535
        ]
      },
      "properties": {
        "elevation_m": 2407.27392578125,
        "kind": "tree"
      }
    },
    {
      "type": "Feature",
      "geometry": {
        "type": "Point",
        "coordinates": [
          4044.0108735570493,
          6211.047150872957
        ]
      },
      "properties": {
        "elevation_m": 1557.5765380859375,
        "kind": "tree"
      }
    },
    {
      "type": "Feature",
      "geometry": {
        "type": "Point",
        "coordinates": [
          6511.003090478871,
          5925.027146401464
        ]
      },
      "properties": {
        "elevation_m": 1510.4346923828125,
        "kind": "tree"
      }
    },
    {
      "type": "Feature",
      "geometry": {
        "type": "Point",
        "coordinates": [
          5096.726148851985,
          7043.676174475294
        ]
      },
      "properties": {
        "elevation_m": 2276.96142578125,
        "kind": "tree"
      }
    },
    {
      "type": "Feature",
      "geometry": {
        "type": "Point",
        "coordinates": [
          455.1664229040329,
          1805.7770593632035
        ]
      },
      "properties": {
        "elevation_m": 1895.3143310546875,
        "kind": "tree"
      }
    },
    {
      "type": "Feature",
      "geometry": {
        "type": "Point",
        "coordinates": [
          5777.377057397526,
          4868.211592889456
        ]
      },
      "properties": {
        "elevation_m": 1651.6617431640625,
        "kind": "tree"
      }
    },
    {
      "type": "Feature",
      "geometry": {
        "type": "Point",
        "coordinates": [
          4819.262703485505,
          2535.901468856391
        ]
      },
      "properties": {
        "elevation_m": 1842.7342529296875,
        "kind": "tree"
      }
    },
    {
      "type": "Feature",
      "geometry": {
        "type": "Point",
        "coordinates": [
          2379.128665462734,
          4543.707520641085
        ]
      },
      "properties": {
        "elevation_m": 2150.930419921875,
        "kind": "tree"
      }
    },
    {
      "type": "Feature",
      "geometry": {
        "type": "Point",
        "coordinates": [
          1320.9645564805203,
          2276.102371526304
        ]
      },
      "properties": {
        "elevation_m": 2231.2021484375,
        "kind": "tree"
      }
    },
    {
      "type": "Feature",
      "geometry": {
        "type": "Point",
        "coordinates": [
          2130.7166408621674,
          7000.542812615027
        ]
      },
      "properties": {
        "elevation_m": 1923.0223388671875,
        "kind": "tree"
      }
    },
    {
      "type": "Feature",
      "geometry": {
        "type": "Point",
        "coordinates": [
          4763.086510781154,
          2808.431054165559
        ]
      },
      "properties": {
        "elevation_m": 1781.3321533203125,
        "kind": "tree"
      }
    },
    {
      "type": "Feature",
      "geometry": {
        "type": "Point",
        "coordinates": [
          6423.643207238289,
          1571.3123942273585
        ]
      },
      "properties": {
        "elevation_m": 1377.1827392578125,
        "kind": "tree"
      }
    },
    {
      "type": "Feature",
      "geometry": {
        "type": "Point",
        "coordinates": [
          5376.798663600934,
          3107.3283107541733
        ]
      },
      "properties": {
        "elevation_m": 1636.9949951171875,
        "kind": "tree"
      }
    },
    {
      "type": "Feature",
      "geometry": {
        "type": "Point",
        "coordinates": [
          5024.327660137782,
          1134.604072986278
        ]
      },
      "properties": {
        "elevation_m": 1486.5703125,
        "kind": "tree"
      }
    },
    {
      "type": "Feature",
      "geometry": {
        "type": "Point",
        "coordinates": [
          275.50713029204627,
          149.00952042647893
        ]
      },
      "properties": {
        "elevation_m": 1682.6693115234375,
        "kind": "tree"
      }
    },
    {
      "type": "Feature",
      "geometry": {
        "type": "Point",
        "coordinates": [
          170.52448080497703,
          6762.471399535163
        ]
      },
      "properties": {
        "elevation_m": 2357.063720703125,
        "kind": "tree"
      }
    },
    {
      "type": "Feature",
      "geometry": {
        "type": "Point",
        "coordinates": [
          2262.8578510698567,
          3768.3840544343643
        ]
      },
      "properties": {
        "elevation_m": 1819.8193359375,
        "kind": "tree"
      }
    },
    {
      "type": "Feature",
      "geometry": {
        "type": "Point",
        "coordinates": [
          2141.674354785674,
          7063.0062484336
        ]
      },
      "properties": {
        "elevation_m": 1946.789794921875,
        "kind": "tree"
      }
    },
    {
      "type": "Feature",
      "geometry": {
        "type": "Point",
        "coordinates": [
          1007.5513714136316,
          3816.500736992365
        ]
      },
      "properties": {
        "elevation_m": 2152.427978515625,
        "kind": "tree"
      }
    },
    {
      "type": "Feature",
      "geometry": {
        "type": "Point",
        "coordinates": [
          1429.2307275517312,
          5309.596568705295
        ]
      },
      "properties": {
        "elevation_m": 2317.744140625,
        "kind": "tree"
      }
    },
    {
      "type": "Feature",
      "geometry": {
        "type": "Point",
        "coordinates": [
          2448.7704539219185,
          3639.0067027973373
        ]
      },
      "properties": {
        "elevation_m": 1745.289306640625,
        "kind": "tree"
      }
    },
    {
      "type": "Feature",
      "geometry": {
        "type": "Point",
        "coordinates": [
          3542.3687178616256,
          2896.443557068522
        ]
      },
      "properties": {
        "elevation_m": 1603.152099609375,
        "kind": "tree"
      }
    },
    {
      "type": "Feature",
      "geometry": {
        "type": "Point",
        "coordinates": [
          5129.26260475366,
          1052.894316344722
        ]
      },
      "properties": {
        "elevation_m": 1441.759521484375,
        "kind": "tree"
      }
    },
    {
      "type": "Feature",
      "geometry": {
        "type": "Point",
        "coordinates": [
          4516.511430686489,
          212.3792522724233
        ]
      },
      "properties": {
        "elevation_m": 1808.70458984375,
        "kind": "tree"
      }
    },
    {
      "type": "Feature",
      "geometry": {
        "type": "Point",
        "coordinates": [
          3743.642648602991,
          6432.43087026723
        ]
      },
      "properties": {
        "elevation_m": 1546.56201171875,
        "kind": "tree"
      }
    },
    {
      "type": "Feature",
      "geometry": {
        "type": "Point",
        "coordinates": [
          5288.847480879712,
          4484.146351021511
        ]
      },
      "properties": {
        "elevation_m": 1409.1986083984375,
        "kind": "tree"
      }
    },
    {
      "type": "Feature",
      "geometry": {
        "type": "Point",
        "coordinates": [
          4395.977661974722,
          2434.5809342740263
        ]
      },
      "properties": {
        "elevation_m": 1729.1734619140625,
        "kind": "tree"
      }
    },
    {
      "type": "Feature",
      "geometry": {
        "type": "Point",
        "coordinates": [
          5308.8609046511565,
          4414.188639043984
        ]
      },
      "properties": {
        "elevation_m": 1423.409912109375,
        "kind": "tree"
      }
    },
    {
      "type": "Feature",
      "geometry": {
        "type": "Point",
        "coordinates": [
          909.1024577440035,
          3719.051262265583
        ]
      },
      "properties": {
        "elevation_m": 2123.485107421875,
        "kind": "tree"
      }
    },
    {
      "type": "Feature",
      "geometry": {
        "type": "Point",
        "coordinates": [
          1516.7395162491803,
          1127.3574259174634
        ]
      },
      "properties": {
        "elevation_m": 2304.443359375,
        "kind": "tree"
      }
    },
    {
      "type": "Feature",
      "geometry": {
        "type": "Point",
        "coordinates": [
          2140.8311529480197,
          291.8810923431355
        ]
      },
      "properties": {
        "elevation_m": 2151.31884765625,
        "kind": "tree"
      }
    },
    {
      "type": "Feature",
      "geometry": {
        "type": "Point",
        "coordinates": [
          5661.048937211568,
          4873.743450141785
        ]
      },
      "properties": {
        "elevation_m": 1573.687744140625,
        "kind": "tree"
      }
    },
    {
      "type": "Feature",
      "geometry": {
        "type": "Point",
        "coordinates": [
          596.946437916401,
          5453.360763220293
        ]
      },
      "properties": {
        "elevation_m": 2481.30419921875,
        "kind": "tree"
      }
    },
    {
      "type": "Feature",
      "geometry": {
        "type": "Point",
        "coordinates": [
          4672.571156204904,
          6230.496593314362
        ]
      },
      "properties": {
        "elevation_m": 1882.0064697265625,
        "kind": "tree"
      }
    },
    {
      "type": "Feature",
      "geometry": {
        "type": "Point",
        "coordinates": [
          2249.207044748418,
          2837.3349135388144
        ]
      },
      "properties": {
        "elevation_m": 1793.9163818359375,
        "kind": "tree"
      }
    },
    {
      "type": "Feature",
      "geometry": {
        "type": "Point",
        "coordinates": [
          4930.991795556637,
          2675.1896927132702
        ]
      },
      "properties": {
        "elevation_m": 1777.3443603515625,
        "kind": "tree"
      }
    },
    {
      "type": "Feature",
      "geometry": {
        "type": "Point",
        "coordinates": [
          1346.2274542276627,
          854.8529876617765
        ]
      },
      "properties": {
        "elevation_m": 2294.35595703125,
        "kind": "tree"
      }
    },
    {
      "type": "Feature",
      "geometry": {
        "type": "Point",
        "coordinates": [
          4315.878435172706,
          4230.710529439392
        ]
      },
      "properties": {
        "elevation_m": 1615.498779296875,
        "kind": "tree"
      }
    },
    {
      "type": "Feature",
      "geometry": {
        "type": "Point",
        "coordinates": [
          5951.257378467149,
          1895.3330415172159
        ]
      },
      "properties": {
        "elevation_m": 1527.3839111328125,
        "kind": "tree"
      }
    },
    {
      "type": "Feature",
      "geometry": {
        "type": "Point",
        "coordinates": [
          130.3821878404941,
          2419.9176521578706
        ]
      },
      "properties": {
        "elevation_m": 1980.90283203125,
        "kind": "tree"
      }
    },
    {
      "type": "Feature",
      "geometry": {
        "type": "Point",
        "coordinates": [
          1051.5649680369522,
          1109.7710555553606
        ]
      },
      "properties": {
        "elevation_m": 2103.324951171875,
        "kind": "tree"
      }
    },
    {
      "type": "Feature",
      "geometry": {
        "type": "Point",
        "coordinates": [
          172.29198860068936,
          2313.4216061610905
        ]
      },
      "properties": {
        "elevation_m": 1943.22509765625,
        "kind": "tree"
      }
    },
    {
      "type": "Feature",
      "geometry": {
        "type": "Point",
        "coordinates": [
          5768.176676533927,
          3403.9092079300563
        ]
      },
      "properties": {
        "elevation_m": 1414.52392578125,
        "kind": "tree"
      }
    },
    {
      "type": "Feature",
      "geometry": {
        "type": "Point",
        "coordinates": [
          1930.6139078268875,
          711.6760402594036
        ]
      },
      "properties": {
        "elevation_m": 2215.9609375,
        "kind": "tree"
      }
    },
    {
      "type": "Feature",
      "geometry": {
        "type": "Point",
        "coordinates": [
          4024.2642944696545,
          5120.800071390337
        ]
      },
      "properties": {
        "elevation_m": 1745.7833251953125,
        "kind": "tree"
      }
    },
    {
      "type": "Feature",
      "geometry": {
        "type": "Point",
        "coordinates": [
          5103.81064690671,
          4466.115076627935
        ]
      },
      "properties": {
        "elevation_m": 1414.523193359375,
        "kind": "tree"
      }
    },
    {
      "type": "Feature",
      "geometry": {
        "type": "Point",
        "coordinates": [
          2401.4104233427347,
          6143.929266487466
        ]
      },
      "properties": {
        "elevation_m": 2180.00390625,
        "kind": "tree"
      }
    },
    {
      "type": "Feature",
      "geometry": {
        "type": "Point",
        "coordinates": [
          5309.478369792479,
          2465.885641805372
        ]
      },
      "properties": {
        "elevation_m": 1633.6756591796875,
        "kind": "tree"
      }
    },
    {
      "type": "Feature",
      "geometry": {
        "type": "Point",
        "coordinates": [
          6504.753465363566,
          6379.9677220516805
        ]
      },
      "properties": {
        "elevation_m": 1435.108642578125,
        "kind": "tree"
      }
    },
    {
      "type": "Feature",
      "geometry": {
        "type": "Point",
        "coordinates": [
          3064.2609726528462,
          4819.366226885225
        ]
      },
      "properties": {
        "elevation_m": 1935.8720703125,
        "kind": "tree"
      }
    },
    {
      "type": "Feature",
      "geometry": {
        "type": "Point",
        "coordinates": [
          1164.3715875557969,
          879.0328728334337
        ]
      },
      "properties": {
        "elevation_m": 2226.184814453125,
        "kind": "tree"
      }
    },
    {
      "type": "Feature",
      "geometry": {
        "type": "Point",
        "coordinates": [
          4617.970690184629,
          3218.8428118615952
        ]
      },
      "properties": {
        "elevation_m": 1609.005126953125,
        "kind": "tree"
      }
    },
    {
      "type": "Feature",
      "geometry": {
        "type": "Point",
        "coordinates": [
          5139.963682403368,
          7030.128636183097
        ]
      },
      "properties": {
        "elevation_m": 2251.336181640625,
        "kind": "tree"
      }
    },
    {
      "type": "Feature",
      "geometry": {
        "type": "Point",
        "coordinates": [
          3772.0609611385394,
          2614.993471095901
        ]
      },
      "properties": {
        "elevation_m": 1547.1168212890625,
        "kind": "tree"
      }
    },
    {
      "type": "Feature",
      "geometry": {
        "type": "Point",
        "coordinates": [
          3328.1813506408625,
          2477.2725806791113
        ]
      },
      "properties": {
        "elevation_m": 1663.29736328125,
        "kind": "tree"
      }
    },
    {
      "type": "Feature",
      "geometry": {
        "type": "Point",
        "coordinates": [
          1241.2899805214133,
          6448.869807353558
        ]
      },
      "properties": {
        "elevation_m": 2289.926025390625,
        "kind": "tree"
      }
    },
    {
      "type": "Feature",
      "geometry": {
        "type": "Point",
        "coordinates": [
          1953.156564137955,
          4351.314063773909
        ]
      },
      "properties": {
        "elevation_m": 2175.233642578125,
        "kind": "tree"
      }
    },
    {
      "type": "Feature",
      "geometry": {
        "type": "Point",
        "coordinates": [
          1858.5810174414025,
          3541.2469547128226
        ]
      },
      "properties": {
        "elevation_m": 1938.773193359375,
        "kind": "tree"
      }
    },
    {
      "type": "Feature",
      "geometry": {
        "type": "Point",
        "coordinates": [
          889.1908105183456,
          6184.0921093832885
        ]
      },
      "properties": {
        "elevation_m": 2386.607666015625,
        "kind": "tree"
      }
    },
    {
      "type": "Feature",
      "geometry": {
        "type": "Point",
        "coordinates": [
          6562.249867718003,
          3008.8464341941517
        ]
      },
      "properties": {
        "elevation_m": 1254.1373291015625,
        "kind": "tree"
      }
    },
    {
      "type": "Feature",
      "geometry": {
        "type": "Point",
        "coordinates": [
          2195.9274731166124,
          5302.435871221532
        ]
      },
      "properties": {
        "elevation_m": 2116.964111328125,
        "kind": "tree"
      }
    },
    {
      "type": "Feature",
      "geometry": {
        "type": "Point",
        "coordinates": [
          3374.69080093594,
          3356.0643589900674
        ]
      },
      "properties": {
        "elevation_m": 1730.859130859375,
        "kind": "tree"
      }
    },
    {
      "type": "Feature",
      "geometry": {
        "type": "Point",
        "coordinates": [
          4025.957384226577,
          5852.661138821871
        ]
      },
      "properties": {
        "elevation_m": 1474.44140625,
        "kind": "tree"
      }
    },
    {
      "type": "Feature",
      "geometry": {
        "type": "Point",
        "coordinates": [
          1363.8881935771808,
          647.7632380077996
        ]
      },
      "properties": {
        "elevation_m": 2242.294189453125,
        "kind": "tree"
      }
    },
    {
      "type": "Feature",
      "geometry": {
        "type": "Point",
        "coordinates": [
          3320.827704696239,
          1433.6420156692286
        ]
      },
      "properties": {
        "elevation_m": 2006.8095703125,
        "kind": "tree"
      }
    },
    {
      "type": "Feature",
      "geometry": {
        "type": "Point",
        "coordinates": [
          549.9782479063598,
          6143.393004417596
        ]
      },
      "properties": {
        "elevation_m": 2455.259033203125,
        "kind": "tree"
      }
    },
    {
      "type": "Feature",
      "geometry": {
        "type": "Point",
        "coordinates": [
          5833.568809339669,
          6665.579797765856
        ]
      },
      "properties": {
        "elevation_m": 1873.7032470703125,
        "kind": "tree"
      }
    },
    {
      "type": "Feature",
      "geometry": {
        "type": "Point",
        "coordinates": [
          768.6795895436201,
          6864.282997425166
        ]
      },
      "properties": {
        "elevation_m": 2244.93017578125,
        "kind": "tree"
      }
    },
    {
      "type": "Feature",
      "geometry": {
        "type": "Point",
        "coordinates": [
          2270.4115115158697,
          1167.5229706451796
        ]
      },
      "properties": {
        "elevation_m": 2091.06982421875,
        "kind": "tree"
      }
    },
    {
      "type": "Feature",
      "geometry": {
        "type": "Point",
        "coordinates": [
          6195.867277168548,
          3251.249357681495
        ]
      },
      "properties": {
        "elevation_m": 1251.4261474609375,
        "kind": "tree"
      }
    },
    {
      "type": "Feature",
      "geometry": {
        "type": "Point",
        "coordinates": [
          3122.708513911279,
          1274.8306939235288
        ]
      },
      "properties": {
        "elevation_m": 2068.658203125,
        "kind": "tree"
      }
    },
    {
      "type": "Feature",
      "geometry": {
        "type": "Point",
        "coordinates": [
          695.2436575913434,
          618.4011310426322
        ]
      },
      "properties": {
        "elevation_m": 1992.747802734375,
        "kind": "tree"
      }
    },
    {
      "type": "Feature",
      "geometry": {
        "type": "Point",
        "coordinates": [
          4191.693275239157,
          6036.637242365148
        ]
      },
      "properties": {
        "elevation_m": 1624.5238037109375,
        "kind": "tree"
      }
    },
    {
      "type": "Feature",
      "geometry": {
        "type": "Point",
        "coordinates": [
          2117.3329055202084,
          930.5669501221155
        ]
      },
      "properties": {
        "elevation_m": 2206.999755859375,
        "kind": "tree"
      }
    },
    {
      "type": "Feature",
      "geometry": {
        "type": "Point",
        "coordinates": [
          5379.206923123589,
          1802.3726367972354
        ]
      },
      "properties": {
        "elevation_m": 1641.88671875,
        "kind": "tree"
      }
    },
    {
      "type": "Feature",
      "geometry": {
        "type": "Point",
        "coordinates": [
          4423.720032606742,
          108.99104086583877
        ]
      },
      "properties": {
        "elevation_m": 1878.462646484375,
        "kind": "tree"
      }
    },
    {
      "type": "Feature",
      "geometry": {
        "type": "Point",
        "coordinates": [
          5720.325147398388,
          1685.2165408027051
        ]
      },
      "properties": {
        "elevation_m": 1555.718017578125,
        "kind": "tree"
      }
    },
    {
      "type": "Feature",
      "geometry": {
        "type": "Point",
        "coordinates": [
          989.3026962725871,
          5675.995328598171
        ]
      },
      "properties": {
        "elevation_m": 2421.560791015625,
        "kind": "tree"
      }
    },
    {
      "type": "Feature",
      "geometry": {
        "type": "Point",
        "coordinates": [
          1521.1514218973923,
          3981.946674543542
        ]
      },
      "properties": {
        "elevation_m": 2118.97509765625,
        "kind": "tree"
      }
    },
    {
      "type": "Feature",
      "geometry": {
        "type": "Point",
        "coordinates": [
          3982.6311738931126,
          4272.33015642129
        ]
      },
      "properties": {
        "elevation_m": 1787.816162109375,
        "kind": "tree"
      }
    },
    {
      "type": "Feature",
      "geometry": {
        "type": "Point",
        "coordinates": [
          872.3294928029511,
          1792.9957002909694
        ]
      },
      "properties": {
        "elevation_m": 2101.82177734375,
        "kind": "tree"
      }
    },
    {
      "type": "Feature",
      "geometry": {
        "type": "Point",
        "coordinates": [
          5592.605133736653,
          6677.307296182949
        ]
      },
      "properties": {
        "elevation_m": 1975.951416015625,
        "kind": "tree"
      }
    },
    {
      "type": "Feature",
      "geometry": {
        "type": "Point",
        "coordinates": [
          216.3828119299925,
          6486.385826420354
        ]
      },
      "properties": {
        "elevation_m": 2387.068115234375,
        "kind": "tree"
      }
    },
    {
      "type": "Feature",
      "geometry": {
        "type": "Point",
        "coordinates": [
          1351.4466243983015,
          6707.980485365903
        ]
      },
      "properties": {
        "elevation_m": 2157.03857421875,
        "kind": "tree"
      }
    },
    {
      "type": "Feature",
      "geometry": {
        "type": "Point",
        "coordinates": [
          4357.1851424751185,
          5263.68871785347
        ]
      },
      "properties": {
        "elevation_m": 1427.1593017578125,
        "kind": "tree"
      }
    },
    {
      "type": "Feature",
      "geometry": {
        "type": "Point",
        "coordinates": [
          5796.5663900154195,
          5797.437420003093
        ]
      },
      "properties": {
        "elevation_m": 1878.367919921875,
        "kind": "tree"
      }
    },
    {
      "type": "Feature",
      "geometry": {
        "type": "Point",
        "coordinates": [
          5083.45283826009,
          4716.450957240679
        ]
      },
      "properties": {
        "elevation_m": 1368.4222412109375,
        "kind": "tree"
      }
    },
    {
      "type": "Feature",
      "geometry": {
        "type": "Point",
        "coordinates": [
          561.991443742435,
          1229.9818788336017
        ]
      },
      "properties": {
        "elevation_m": 1943.7265625,
        "kind": "tree"
      }
    },
    {
      "type": "Feature",
      "geometry": {
        "type": "Point",
        "coordinates": [
          916.4214532424805,
          208.64995485083813
        ]
      },
      "properties": {
        "elevation_m": 2004.826904296875,
        "kind": "tree"
      }
    },
    {
      "type": "Feature",
      "geometry": {
        "type": "Point",
        "coordinates": [
          1210.4336598654295,
          7160.445581296956
        ]
      },
      "properties": {
        "elevation_m": 2297.88232421875,
        "kind": "tree"
      }
    },
    {
      "type": "Feature",
      "geometry": {
        "type": "Point",
        "coordinates": [
          5714.250004809591,
          2634.3098560552976
        ]
      },
      "properties": {
        "elevation_m": 1485.39404296875,
        "kind": "tree"
      }
    },
    {
      "type": "Feature",
      "geometry": {
        "type": "Point",
        "coordinates": [
          1645.2860210195267,
          811.8916312381168
        ]
      },
      "properties": {
        "elevation_m": 2341.1572265625,
        "kind": "tree"
      }
    },
    {
      "type": "Feature",
      "geometry": {
        "type": "Point",
        "coordinates": [
          4886.5264272704635,
          5677.836983902439
        ]
      },
      "properties": {
        "elevation_m": 1676.0587158203125,
        "kind": "tree"
      }
    },
    {
      "type": "Feature",
      "geometry": {
        "type": "Point",
        "coordinates": [
          3789.2887229917137,
          2593.4313248361896
        ]
      },
      "properties": {
        "elevation_m": 1560.11376953125,
        "kind": "tree"
      }
    },
    {
      "type": "Feature",
      "geometry": {
        "type": "Point",
        "coordinates": [
          5394.413234001759,
          4085.843315776321
        ]
      },
      "properties": {
        "elevation_m": 1450.7811279296875,
        "kind": "tree"
      }
    },
    {
      "type": "Feature",
      "geometry": {
        "type": "Point",
        "coordinates": [
          3411.5718944103196,
          4811.197916468053
        ]
      },
      "properties": {
        "elevation_m": 1980.7572021484375,
        "kind": "tree"
      }
    },
    {
      "type": "Feature",
      "geometry": {
        "type": "Point",
        "coordinates": [
          1762.5986112903868,
          986.0485244969391
        ]
      },
      "properties": {
        "elevation_m": 2285.11279296875,
        "kind": "tree"
      }
    },
    {
      "type": "Feature",
      "geometry": {
        "type": "Point",
        "coordinates": [
          2647.1010809549675,
          630.1343504150843
        ]
      },
      "properties": {
        "elevation_m": 1970.6243896484375,
        "kind": "tree"
      }
    },
    {
      "type": "Feature",
      "geometry": {
        "type": "Point",
        "coordinates": [
          455.59331854432924,
          1240.726584492052
        ]
      },
      "properties": {
        "elevation_m": 1906.2606201171875,
        "kind": "tree"
      }
    },
    {
      "type": "Feature",
      "geometry": {
        "type": "Point",
        "coordinates": [
          3319.664857461757,
          4324.112679809613
        ]
      },
      "properties": {
        "elevation_m": 1889.59033203125,
        "kind": "tree"
      }
    },
    {
      "type": "Feature",
      "geometry": {
        "type": "Point",
        "coordinates": [
          4999.2013398357785,
          3558.8512242168426
        ]
      },
      "properties": {
        "elevation_m": 1520.73095703125,
        "kind": "tree"
      }
    },
    {
      "type": "Feature",
      "geometry": {
        "type": "Point",
        "coordinates": [
          1016.4363765176724,
          3771.6939018975877
        ]
      },
      "properties": {
        "elevation_m": 2137.074951171875,
        "kind": "tree"
      }
    },
    {
      "type": "Feature",
      "geometry": {
        "type": "Point",
        "coordinates": [
          3828.605226112362,
          5966.09276336419
        ]
      },
      "properties": {
        "elevation_m": 1493.33056640625,
        "kind": "tree"
      }
    },
    {
      "type": "Feature",
      "geometry": {
        "type": "Point",
        "coordinates": [
          4165.853596861872,
          197.54654109858916
        ]
      },
      "properties": {
        "elevation_m": 1807.0364990234375,
        "kind": "tree"
      }
    },
    {
      "type": "Feature",
      "geometry": {
        "type": "Point",
        "coordinates": [
          2286.792500409738,
          6352.456397953941
        ]
      },
      "properties": {
        "elevation_m": 2355.6494140625,
        "kind": "tree"
      }
    },
    {
      "type": "Feature",
      "geometry": {
        "type": "Point",
        "coordinates": [
          241.73719084374466,
          1218.6847698524045
        ]
      },
      "properties": {
        "elevation_m": 1798.706787109375,
        "kind": "tree"
      }
    },
    {
      "type": "Feature",
      "geometry": {
        "type": "Point",
        "coordinates": [
          3346.621242887547,
          2326.1700944696277
        ]
      },
      "properties": {
        "elevation_m": 1735.0054931640625,
        "kind": "tree"
      }
    },
    {
      "type": "Feature",
      "geometry": {
        "type": "Point",
        "coordinates": [
          2121.654228769894,
          7046.18874583226
        ]
      },
      "properties": {
        "elevation_m": 1960.4169921875,
        "kind": "tree"
      }
    },
    {
      "type": "Feature",
      "geometry": {
        "type": "Point",
        "coordinates": [
          3568.4277734960297,
          2018.6876496631712
        ]
      },
      "properties": {
        "elevation_m": 1748.122314453125,
        "kind": "tree"
      }
    },
    {
      "type": "Feature",
      "geometry": {
        "type": "Point",
        "coordinates": [
          1718.4736812411775,
          1695.3100728989573
        ]
      },
      "properties": {
        "elevation_m": 2110.437744140625,
        "kind": "tree"
      }
    },
    {
      "type": "Feature",
      "geometry": {
        "type": "Point",
        "coordinates": [
          5809.594822393917,
          320.47301515938705
        ]
      },
      "properties": {
        "elevation_m": 1749.8780517578125,
        "kind": "tree"
      }
    },
    {
      "type": "Feature",
      "geometry": {
        "type": "Point",
        "coordinates": [
          694.0495775440072,
          5611.115606196162
        ]
      },
      "properties": {
        "elevation_m": 2493.14990234375,
        "kind": "tree"
      }
    },
    {
      "type": "Feature",
      "geometry": {
        "type": "Point",
        "coordinates": [
          3399.8221141559725,
          5221.948375542881
        ]
      },
      "properties": {
        "elevation_m": 1788.723388671875,
        "kind": "tree"
      }
    },
    {
      "type": "Feature",
      "geometry": {
        "type": "Point",
        "coordinates": [
          6347.044305807845,
          7063.5571483571675
        ]
      },
      "properties": {
        "elevation_m": 1585.40380859375,
        "kind": "tree"
      }
    },
    {
      "type": "Feature",
      "geometry": {
        "type": "Point",
        "coordinates": [
          5729.466037425566,
          154.7743154991127
        ]
      },
      "properties": {
        "elevation_m": 1861.170654296875,
        "kind": "tree"
      }
    },
    {
      "type": "Feature",
      "geometry": {
        "type": "Point",
        "coordinates": [
          2208.0448327608847,
          3162.0171311700124
        ]
      },
      "properties": {
        "elevation_m": 1770.0413818359375,
        "kind": "tree"
      }
    },
    {
      "type": "Feature",
      "geometry": {
        "type": "Point",
        "coordinates": [
          5652.295696405191,
          3702.2460742345916
        ]
      },
      "properties": {
        "elevation_m": 1316.50537109375,
        "kind": "tree"
      }
    },
    {
      "type": "Feature",
      "geometry": {
        "type": "Point",
        "coordinates": [
          5294.8219574351415,
          5804.211243619842
        ]
      },
      "properties": {
        "elevation_m": 1907.25341796875,
        "kind": "tree"
      }
    },
    {
      "type": "Feature",
      "geometry": {
        "type": "Point",
        "coordinates": [
          6167.734753076014,
          290.70006686793545
        ]
      },
      "properties": {
        "elevation_m": 1773.405029296875,
        "kind": "tree"
      }
    },
    {
      "type": "Feature",
      "geometry": {
        "type": "Point",
        "coordinates": [
          763.109398817541,
          1454.156801151413
        ]
      },
      "properties": {
        "elevation_m": 2017.83203125,
        "kind": "tree"
      }
    },
    {
      "type": "Feature",
      "geometry": {
        "type": "Point",
        "coordinates": [
          4866.981749501291,
          108.56389623433377
        ]
      },
      "properties": {
        "elevation_m": 1905.576416015625,
        "kind": "tree"
      }
    },
    {
      "type": "Feature",
      "geometry": {
        "type": "Point",
        "coordinates": [
          5297.167851665083,
          2578.663406478382
        ]
      },
      "properties": {
        "elevation_m": 1574.2864990234375,
        "kind": "tree"
      }
    },
    {
      "type": "Feature",
      "geometry": {
        "type": "Point",
        "coordinates": [
          4265.994041512492,
          2448.8038608607617
        ]
      },
      "properties": {
        "elevation_m": 1703.8446044921875,
        "kind": "tree"
      }
    },
    {
      "type": "Feature",
      "geometry": {
        "type": "Point",
        "coordinates": [
          5837.490270072581,
          3445.9554636921775
        ]
      },
      "properties": {
        "elevation_m": 1345.990966796875,
        "kind": "tree"
      }
    },
    {
      "type": "Feature",
      "geometry": {
        "type": "Point",
        "coordinates": [
          1767.6813834474135,
          5319.3785006289045
        ]
      },
      "properties": {
        "elevation_m": 2290.178466796875,
        "kind": "tree"
      }
    },
    {
      "type": "Feature",
      "geometry": {
        "type": "Point",
        "coordinates": [
          3527.4031192852667,
          714.7573169125656
        ]
      },
      "properties": {
        "elevation_m": 1744.2821044921875,
        "kind": "tree"
      }
    },
    {
      "type": "Feature",
      "geometry": {
        "type": "Point",
        "coordinates": [
          5656.116216783265,
          5694.019217596341
        ]
      },
      "properties": {
        "elevation_m": 1937.015869140625,
        "kind": "tree"
      }
    },
    {
      "type": "Feature",
      "geometry": {
        "type": "Point",
        "coordinates": [
          350.1852093493373,
          6393.736499423631
        ]
      },
      "properties": {
        "elevation_m": 2385.12109375,
        "kind": "tree"
      }
    },
    {
      "type": "Feature",
      "geometry": {
        "type": "Point",
        "coordinates": [
          5459.014099311625,
          4657.342820595364
        ]
      },
      "properties": {
        "elevation_m": 1353.868408203125,
        "kind": "tree"
      }
    },
    {
      "type": "Feature",
      "geometry": {
        "type": "Point",
        "coordinates": [
          3535.716038150693,
          395.3989104476462
        ]
      },
      "properties": {
        "elevation_m": 1756.338134765625,
        "kind": "tree"
      }
    },
    {
      "type": "Feature",
      "geometry": {
        "type": "Point",
        "coordinates": [
          2918.3565643296592,
          466.765319407419
        ]
      },
      "properties": {
        "elevation_m": 1846.84521484375,
        "kind": "tree"
      }
    },
    {
      "type": "Feature",
      "geometry": {
        "type": "Point",
        "coordinates": [
          5706.66163124671,
          925.6861290368752
        ]
      },
      "properties": {
        "elevation_m": 1445.162841796875,
        "kind": "tree"
      }
    },
    {
      "type": "Feature",
      "geometry": {
        "type": "Point",
        "coordinates": [
          1576.9481892411675,
          5782.8634645621005
        ]
      },
      "properties": {
        "elevation_m": 2294.612060546875,
        "kind": "tree"
      }
    },
    {
      "type": "Feature",
      "geometry": {
        "type": "Point",
        "coordinates": [
          5867.723460056423,
          856.4767652865708
        ]
      },
      "properties": {
        "elevation_m": 1461.68701171875,
        "kind": "tree"
      }
    },
    {
      "type": "Feature",
      "geometry": {
        "type": "Point",
        "coordinates": [
          6046.895252923401,
          2678.0022024287186
        ]
      },
      "properties": {
        "elevation_m": 1333.1712646484375,
        "kind": "tree"
      }
    },
    {
      "type": "Feature",
      "geometry": {
        "type": "Point",
        "coordinates": [
          2406.1690761755017,
          2369.6824445793245
        ]
      },
      "properties": {
        "elevation_m": 1778.4354248046875,
        "kind": "tree"
      }
    },
    {
      "type": "Feature",
      "geometry": {
        "type": "Point",
        "coordinates": [
          5273.541509340093,
          356.9044527861208
        ]
      },
      "properties": {
        "elevation_m": 1741.056396484375,
        "kind": "tree"
      }
    },
    {
      "type": "Feature",
      "geometry": {
        "type": "Point",
        "coordinates": [
          4554.997245185416,
          3513.802593533244
        ]
      },
      "properties": {
        "elevation_m": 1503.1536865234375,
        "kind": "tree"
      }
    },
    {
      "type": "Feature",
      "geometry": {
        "type": "Point",
        "coordinates": [
          888.4631725739337,
          2451.175988531556
        ]
      },
      "properties": {
        "elevation_m": 2072.77001953125,
        "kind": "tree"
      }
    },
    {
      "type": "Feature",
      "geometry": {
        "type": "Point",
        "coordinates": [
          2529.1902963847087,
          6276.926257280933
        ]
      },
      "properties": {
        "elevation_m": 2193.690185546875,
        "kind": "tree"
      }
    },
    {
      "type": "Feature",
      "geometry": {
        "type": "Point",
        "coordinates": [
          893.8371561581298,
          1593.9466989881153
        ]
      },
      "properties": {
        "elevation_m": 2110.493896484375,
        "kind": "tree"
      }
    },
    {
      "type": "Feature",
      "geometry": {
        "type": "Point",
        "coordinates": [
          4196.379867111533,
          5742.267505162219
        ]
      },
      "properties": {
        "elevation_m": 1454.2335205078125,
        "kind": "tree"
      }
    },
    {
      "type": "Feature",
      "geometry": {
        "type": "Point",
        "coordinates": [
          3213.206837352678,
          5197.738245694004
        ]
      },
      "properties": {
        "elevation_m": 1778.97705078125,
        "kind": "tree"
      }
    },
    {
      "type": "Feature",
      "geometry": {
        "type": "Point",
        "coordinates": [
          313.90918157625356,
          1649.6900043366809
        ]
      },
      "properties": {
        "elevation_m": 1819.087158203125,
        "kind": "tree"
      }
    },
    {
      "type": "Feature",
      "geometry": {
        "type": "Point",
        "coordinates": [
          5325.508328908714,
          1920.3115498914078
        ]
      },
      "properties": {
        "elevation_m": 1705.66357421875,
        "kind": "tree"
      }
    },
    {
      "type": "Feature",
      "geometry": {
        "type": "Point",
        "coordinates": [
          5904.196003945534,
          4647.654454912243
        ]
      },
      "properties": {
        "elevation_m": 1541.2354736328125,
        "kind": "tree"
      }
    },
    {
      "type": "Feature",
      "geometry": {
        "type": "Point",
        "coordinates": [
          3483.212167004152,
          4283.713268260752
        ]
      },
      "properties": {
        "elevation_m": 1804.020751953125,
        "kind": "tree"
      }
    },
    {
      "type": "Feature",
      "geometry": {
        "type": "Point",
        "coordinates": [
          1799.9753186075754,
          4761.707039562337
        ]
      },
      "properties": {
        "elevation_m": 2409.63037109375,
        "kind": "tree"
      }
    },
    {
      "type": "Feature",
      "geometry": {
        "type": "Point",
        "coordinates": [
          6074.318446559111,
          5709.32507779602
        ]
      },
      "properties": {
        "elevation_m": 1814.362548828125,
        "kind": "tree"
      }
    },
    {
      "type": "Feature",
      "geometry": {
        "type": "Point",
        "coordinates": [
          5675.707582379236,
          2626.131147199059
        ]
      },
      "properties": {
        "elevation_m": 1493.2049560546875,
        "kind": "tree"
      }
    }
  ]
}