ALL SKI AREAS WITH U.S.-BASED MULTIMOUNTAIN PASS MEMBERSHIP,,,,,,,,,,,,,,,,,,,,,,,,,,,,,,,,,,,,,,,U.S. SKI AREAS WITH U.S.-BASED MULTIMOUNTAIN PASS MEMBERSHIP,,,,,,,,,,,,,,,,,,,,,,,,,,,,,,,,,,,,,,NEW ENGLAND SKI AREAS WITH U.S.-BASED MULTIMOUNTAIN PASS MEMBERSHIP,,,,,,,,,,,,,,,,,,,,,,,,,,,,,,,,,,,,,,MIDWEST SKI AREAS WITH U.S.-BASED MULTIMOUNTAIN PASS MEMBERSHIP,,,,,,,,,,,,,,,,,,,,,,,,,,,,,,,,,,,,,,JAPAN SKI AREAS WITH U.S.-BASED MULTIMOUNTAIN PASS MEMBERSHIP,,,,,,,,,,,,,,,,,,,,,,,,,,,,,,,,,,,,,,CANADA SKI AREAS WITH U.S.-BASED MULTIMOUNTAIN PASS MEMBERSHIP,,,,,,,,,,,,,,,,,,,,,,,,,,,,,,,,,,,,,,EUROPE SKI AREAS WITH U.S.-BASED MULTIMOUNTAIN PASS MEMBERSHIP,,,,,,,,,,,,,,,,,,,,,,,,,,,,,,,,,,,,,,"Public, Chairlift-Served U.S.
Ski Areas Without National Pass
Affiliation",,,,,,,,,,,,,,,,,,,,,,,,,,,,,,,,,,,,
REGIONAL BREAKDOWN,,CORE STATS,,,,,LIFT FLEET,,,,,,,,,,,,,,,,,,,,,PASS ACCESS,,,,,,,,,Public w/Aerial Lifts: 291,,REGIONAL BREAKDOWN,,CORE STATS,,,,,LIFT FLEET,,,,,,,,,,,,,,,,,,,,,PASS ACCESS,,,,,,,,,,REGIONAL BREAKDOWN,,CORE STATS,,,,,LIFT FLEET,,,,,,,,,,,,,,,,,,,,,PASS ACCESS,,,,,,,,,,REGIONAL BREAKDOWN,,CORE STATS,,,,,LIFT FLEET,,,,,,,,,,,,,,,,,,,,,PASS ACCESS,,,,,,,,,,PREFECTURES WITH 2+ MEMBER SKI AREAS,,CORE STATS,,,,,LIFT FLEET,,,,,,,,,,,,,,,,,,,,,PASS ACCESS,,,,,,,,,,REGIONAL BREAKDOWN,,CORE STATS,,,,,LIFT FLEET,,,,,,,,,,,,,,,,,,,,,PASS ACCESS,,,,,,,,,,Spain: 1,Czech Republic: 1,CORE STATS,,,,,LIFT FLEET,,,,,,,,,,,,,,,,,,,,,PASS ACCESS,,,,,,,,,,REGIONAL BREAKDOWN,,CORE STATS,,,,,LIFT FLEET,,,,,,,,,,,,,,,,,,,,,,,,,,,,,
U.S.: 267,New Zealand: 3,Total Ski Areas: 451,,,Vail Resorts: 42,Epic: 71,Number of ski areas with this type of lift,,,,,,,,,,,,,,,,,,,,,"U=Unlimited | B=Blackouts apply | 2/5/7/10=2/5/7/10 days | 
S=shared days | M=Midweek access | C=Must use days consecutively",,,,,,,,,Public - Surface Lifts Only: 13,,West: 112,,Total Ski Areas: 271,,,Vail Resorts: 41,Epic: 37,Number of ski areas with this type of lift,,,,,,,,,,,,,,,,,,,,,"U=Unlimited | B=Blackouts apply | 2/5/7/10=2/5/7/10 days | 
S=shared days | M=Midweek access | C=Must use days consecutively",,,,,,,,,,Connecticut: 3,,Total Ski Areas: 50,,,Vail Resorts: 41,Epic: 7,Number of ski areas with this type of lift,,,,,,,,,,,,,,,,,,,,,"U=Unlimited | B=Blackouts apply | 2/5/7/10=2/5/7/10 days | 
S=shared days | M=Midweek access | C=Must use days consecutively",,,,,,,,,,Michigan: 16,Indiana: 1,Total Ski Areas: 58,,,Vail Resorts: 10,Epic: 10,Number of ski areas with this type of lift,,,,,,,,,,,,,,,,,,,,,"U=Unlimited | B=Blackouts apply | 2/5/7/10=2/5/7/10 days | 
S=shared days | M=Midweek access | C=Must use days consecutively",,,,,,,,,,Akita: 2,Hokkaido: 9,Total Ski Areas: 53,,,Hoshino Resorts: 2,Epic: 11,Number of ski areas with this type of lift,,,,,,,,,,,,,,,,,,,,,"U=Unlimited | B=Blackouts apply | 2/5/7/10=2/5/7/10 days | 
S=shared days | M=Midweek access | C=Must use days consecutively",,,,,,,,,,West: 29,East: 26,Total Ski Areas: 55,,,Resorts of the Canadian Rockies: 6,Epic: 7,Number of ski areas with this type of lift,,,,,,,,,,,,,,,,,,,,,"U=Unlimited | B=Blackouts apply | 2/5/7/10=2/5/7/10 days | 
S=shared days | M=Midweek access | C=Must use days consecutively",,,,,,,,,,Austria: 20,Norway: 2,Total Ski Areas: 61,,,,Epic: 13,Number of ski areas with this type of lift,,,,,,,,,,,,,,,,,,,,,"U=Unlimited | B=Blackouts apply | 2/5/7/10=2/5/7/10 days | 
S=shared days | M=Midweek access | C=Must use days consecutively",,,,,,,,,,West: 40,,Total Ski Areas: 117,,,Mountain Capital Partners: 11,Epic: 0,Number of ski areas with this type of lift,,,,,,,,,,,,,,,,,,,,,,,,,,,,,
Canada: 55,Australia: 5,,,,Alterra: 20,Ikon: 103,29,5,105,11,6,19,102,21,204,229,222,6,261,10,8,107,35,49,119,325,,PASS MEMBERSHIP TOTALS,,,,,,,,,Private w/Aerial Lifts: 3,,East: 101,,,,,Alterra: 20,Ikon: 61,10,0,31,5,3,4,53,6,101,148,175,2,167,0,1,40,7,25,90,221,,PASS MEMBERSHIP TOTALS,,,,,,,,,,Rhode Island: 0,,,,,Alterra: 20,Ikon: 10,1,0,4,0,0,2,9,1,23,27,34,0,33,0,0,11,4,4,11,45,,PASS MEMBERSHIP TOTALS,,,,,,,,,,Minnesota: 13,Ohio: 4,,,,Boyne Resorts: 2,Ikon: 11,0,0,1,0,0,1,5,0,6,30,31,0,33,0,0,7,1,0,40,42,,PASS MEMBERSHIP TOTALS,,,,,,,,,,Gifu: 5,iwate: 5,,,,Prince Snow Resorts: 2,Ikon: 10,3,2,23,0,0,0,1,2,34,12,8,2,51,10,6,0,0,0,1,20,,PASS MEMBERSHIP TOTALS,,,,,,,,,,British Columbia: 22,Quebec: 17,,,,,Ikon: 13,1,0,12,2,1,1,7,1,26,41,18,0,18,0,0,21,0,9,4,35,,PASS MEMBERSHIP TOTALS,,,,,,,,,,France: 7,Scotland: 2,Total Countries: 15,,,,Ikon: 9,15,3,34,4,2,12,34,8,33,20,14,2,19,0,1,39,25,16,24,38,,PASS MEMBERSHIP TOTALS,,,,,,,,,,East: 43,,,,,Powdr: 3,Ikon: 0,0,0,3,0,0,0,8,0,25,48,60,0,79,0,1,12,0,9,63,75,,,,,,,,,,
Europe: 61,Chile: 3,Average of listed areas:,,,Boyne Resorts: 11,Indy: 250,Total lifts of this type across the portfolio,,,,,,,,,,,,,,,,,,,,,,,,,,,,,,Private - Surface Lifts Only: 1,,Midwest: 58,,Average of listed areas:,,,Boyne Resorts: 11,Indy: 150,Total lifts of this type across the portfolio,,,,,,,,,,,,,,,,,,,,,,,,,,,,,,,Massachusetts: 6,,Average of listed areas:,,,Boyne Resorts: 11,Indy: 30,Total lifts of this type across the portfolio,,,,,,,,,,,,,,,,,,,,,,,,,,,,,,,Wisconsin: 13,Missouri: 2,Average of listed areas:,,,Midwest Family Ski Resorts: 4,Indy: 37,Total lifts of this type across the portfolio,,,,,,,,,,,,,,,,,,,,,,,,,,,,,,,Gunma: 3,Nagano: 17,Average of listed areas:,,,Nippon Cable: 1,Indy: 32,Total lifts of this type across the portfolio,,,,,,,,,,,,,,,,,,,,,,,,,,,,,,,Alberta: 7,Ontario: 5,Average of listed areas:,,,,Indy: 32,Total lifts of this type across the portfolio,,,,,,,,,,,,,,,,,,,,,,,,,,,,,,,Italy: 4,Sweden: 3,Average of listed areas:,,,,Indy: 39,Total lifts of this type across the portfolio,,,,,,,,,,,,,,,,,,,,,,,,,,,,,,,Midwest: 34,,Average of listed areas:,,,Wisconsin Resorts: 0,Indy: 0,Total lifts of this type across the portfolio,,,,,,,,,,,,,,,,,,,,,,,,,,,,,
Austria: 20,Japan: 53,"1,795","1,390",218,Independent: 250,MC: 32,46,8,303,11,7,38,353,24,596,531,453,6,680,16,12,244,199,246,208,772,5994,71,52,104,84,53,249,33,,,,,,,"1,258",696,218,Independent: 250,MC: 17,10,0,46,5,3,5,104,6,318,311,376,2,354,0,1,47,7,35,147,479,2256,37,36,61,42,40,149,17,,,,Vermont: 14,,"1,365",325,146,Independent: 250,MC: 2,1,0,6,0,0,2,15,1,48,63,68,0,56,0,0,13,4,4,13,94,388,7,7,10,7,7,30,2,,,,Illinois: 2,North Dakota: 4,370,150,81,Independent: 39,,0,0,1,0,0,1,6,0,9,72,59,0,80,0,0,9,1,0,85,63,386,10,10,11,6,6,36,0,,,,Akita: 2,Niigata: 8,"1,973",399,421,Independent: 37,MC: 1,4,2,36,0,0,0,2,2,99,19,15,2,243,16,10,0,0,0,1,34,485,11,11,8,8,1,30,1,,,,,Newfoundland/Labrado: 2,"1,819","1,136",203,,MC: 8,1,0,17,2,1,1,15,1,68,76,26,0,29,0,0,25,0,12,4,68,346,5,1,13,12,12,28,8,49,,,Switzerland: 12,Turkey: 3,"3,956","14,963",208,,MC: 2,31,6,195,4,3,30,221,11,88,91,26,2,45,0,1,130,179,198,55,151,2708,12,3,8,8,0,30,3,,,,,,837,453,161,Independent: 250,MC: 0,0,0,3,0,0,0,9,0,57,95,118,0,142,0,1,15,0,9,115,143,707,,,,,,,,,
Switzerland: 12,,,,,,Snow: 14,,,,,,,,,,,,,,,,,,,,,,,,,,,,,,,,,,,,,,,Snow: 13,,,,,,,,,,,,,,,,,,,,,,,,,,,,,,,,New Hampshire: 17,,,,,,Snow: 4,,,,,,,,,,,,,,,,,,,,,,,,,,,,,,,,Iowa: 1,South Dakota: 2,,,,,,,,,,,,,,,,,,,,,,,,,,,,,,,,,,,,,,,,,,,Snow: 0,,,,,,,,,,,,,,,,,,,,,,,,,,,,,,,,,Nova Scotia: 2,,,,,Snow: 1,,,,,,,,,,,,,,,,,,,,,,,,,,,,,,,,Finland: 3,Germany: 1,,,,,Snow: 0,,,,,,,,,,,,,,,,,,,,,,,,,,,,,,,,,,,,,,Snow: 0,,,,,,,,,,,,,,,,,,,,,,,,,,,,,,
France: 7,,,,,,Power: 15,,,,,,,,,,,,,,,,,,,,,,,,,,,,,,,,,,,,,,,,,,,,,,,,,,,,,,,,,,,,,,,,,,,,,,,Maine: 10,,,,,,,,,,,,,,,,,,,,,,,,,,,,,,,,,,,,,,,,,,,,,,,,,,,,,,,,,,,,,,,,,,,,,,,,,,,,,,,,,,,,,,,,,,,,,,,,,,,,,,,,,,,,,,,,,,,,,,,,,,,,,,,,,,,,,,,,,,,,,,,,,,,,,,,,Norway: 2,Slovenia: 1,,,,,,,,,,,,,,,,,,,,,,,,,,,,,,,,,,,,,,,,,,,,,,,,,,,,,,,,,,,,,,,,,,,,,,,,,
Province,Ski Area,"Lift-
Served 
Vertical 
(Feet)","Lift-
Served 
Skiable 
Acres","Avg. 
Annual 
Snowfall 
(inches)",Owner,"National 
Pass",Tram,Funitel,Gondola,Pulse Gondola,Cabriolet,8-pack,6-pack,Chondola,Detach Quad,Fixed Quad,Triple,Detach Triple,Double,Detach Double,Single,T-Bar,J-Bar,Poma/platter,Ropetow,Carpet,Total Lifts,Epic,Epic Local,Ikon,Ikon Base,Ikon Session,Indy,Mountain Collective,"Years
Joined
Passes",REGION,Operating Class,,Province,Ski Area,"Lift-Served Vertical Drop 
(Feet)",Lift-Served Skiable Acres,Avg. Annual Snowfall (inches),Owner,"National 
Pass",Tram,Funitel,Gondola,Pulse Gondola,Cabriolet,8-pack,6-pack,Chondola,Detach Quad,Fixed Quad,Triple,Detach Triple,Double,Detach Double,Single,T-Bar,J-Bar,Poma/platter,Ropetow,Carpet,Total Lifts,Epic,Epic Local,Ikon,Ikon Base,Ikon Session,Indy,Mountain Collective,"Years
Joined
Passes",REGION,,Province,Ski Area,"Lift-Served Vertical Drop 
(Feet)",Lift-Served Skiable Acres,Avg. Annual Snowfall (inches),Owner,"National 
Pass",Tram,Funitel,Gondola,Pulse Gondola,Cabriolet,8-pack,6-pack,Chondola,Detach Quad,Fixed Quad,Triple,Detach Triple,Double,Detach Double,Single,T-Bar,J-Bar,Poma/platter,Ropetow,Carpet,Total Lifts,Epic,Epic Local,Ikon,Ikon Base,Ikon Session,Indy,Mountain Collective,"Years
Joined
Passes",REGION,,Province,Ski Area,"Lift-Served Vertical Drop 
(Feet)",Lift-Served Skiable Acres,Avg. Annual Snowfall (inches),Owner,"National 
Pass",Tram,Funitel,Gondola,Pulse Gondola,Cabriolet,8-pack,6-pack,Chondola,Detach Quad,Fixed Quad,Triple,Detach Triple,Double,Detach Double,Single,T-Bar,J-Bar,Poma/platter,Ropetow,Carpet,Total Lifts,Epic,Epic Local,Ikon,Ikon Base,Ikon Session,Indy,Mountain Collective,"Years
Joined
Passes",REGION,,Prefecture,Ski Area,"Lift-Served Vertical Drop 
(Feet)",Lift-Served Skiable Acres,Avg. Annual Snowfall (inches),Owner,"National 
Pass",,,,,,,,,,,,,,,,,,,,,Total Lifts,,,,,,,,"Years
Joined
Passes",,,Province,Ski Area,"Lift-Served Vertical Drop 
(Feet)",Lift-Served Skiable Acres,Avg. Annual Snowfall (inches),Owner,"National 
Pass",,,,,,,,,,,,,,,,,,,,,Total Lifts,,,,,,,,"Years
Joined
Passes",,,Country,Ski Area,"Lift-Served Vertical Drop 
(Feet)",Lift-Served Skiable Acres,Avg. Annual Snowfall (inches),Owner,"National 
Pass",,,,,,,,,,,,,,,,,,,,,Total Lifts,,,,,,,,"Years
Joined
Passes",,,Province,Ski Area,"Lift-Served Vertical Drop 
(Feet)",Lift-Served Skiable Acres,Avg. Annual Snowfall (inches),Owner,"National 
Pass",Tram,Funitel,Gondola,Pulse Gondola,Cabriolet,8-pack,6-pack,Chondola,Detach Quad,Fixed Quad,Triple,Detach Triple,Double,Detach Double,Single,T-Bar,J-Bar,Poma/platter,Ropetow,Carpet,Total Lifts,Epic,Epic Local,Ikon,Ikon Base,Ikon Session,Indy,Mountain Collective,"Years
Joined
Passes",REGION
Australia,Falls Creek,919 ,"1,112",157,Vail Resorts,Epic,,,,,,,,,2,5,1,,,,,,,3,,4,15,"U, 27",,,,,,,2018,Australia,,,U.S. - Alaska,Alyeska,"2,487 ","1,610",669,Independent,Ikon,1,,,,,,,,2,2,,,,,,,,,,2,7,,,7,5,"1-4, B, S",,,2023,U.S. - West,,U.S. - Connecticut,Mohawk Mountain,640 ,112,92,Independent,Indy,,,,,,,,,,,5,,,,,,,,,4,9,,,,,,2B,,2019,U.S. - East,,U.S. - Illinois,Chestnut,475 ,220,34,Independent,Indy,,,,,,,,,,2,4,,,,,,,,1,2,9,,,,,,2,,2022,U.S. - Midwest,,Japan (Akita),Ani Ski Resort (Mt. Moriyoshi),"2,175 ",,400,Independent,Indy,,,1,,,,,,,,,,2,,,,,,,,3,,,,,,2,,2023,Japan (Akita),,Canada - Alberta,Banff Sunshine,"3,514 ","3,358",360,Independent,"Ikon, MC",,,1,,,,1,,6,2,,,,,,,,,,2,12,,,7S,5SB,"1-4, B, S",,2,"2014, 2018",Canada - West,,Europe - Andorra,Grandvalira Resorts,"3,312 ","7,599",,Independent,Ikon,,,,,,,,,,,,,,,,,,,,,123,,,7,5,,,,2022,Europe - Andorra,,U.S. - Alaska,Hillberg,263 ,,,Independent,,,,,,,,,,,,,,1,,,,,,2,,3,,,,,,,,,U.S. - West
,Hotham,"1,296 ",605,118,Vail Resorts,Epic,,,,,,,,,,8,1,,,,,2,,,,3,14,"U, 27",,,,,,,2015,Australia,,,,Arctic Valley,"1,373 ",320,250,Independent,Indy,,,,,,,,,,,,,2,,,1,,,1,,4,,,,,,2,,2022,U.S. - West,,U.S. - Connecticut,Mount Southington,354 ,51,40,Independent,Snow Pass,,,,,,,,,,,3,,1,,,,,,,3,7,,,,,,,,"2023, 2026",U.S. - East,,U.S. - Illinois,Snowstar,262 ,28,39,Independent,Indy,,,,,,,,,,2,,,2,,,,,,,1,5,,,,,,2,,2023,U.S. - Midwest,,,Tazawako,"1,995 ",247,,Independent,Indy,,,,,,,,,2,,,,4,,,,,,,,6,,,,,,2,,2021,Japan (Akita),,Canada - Alberta,Castle Mountain,"2,854 ","3,592",335,Independent,Indy,,,,,,,,,1,,2,,2,,,1,,,,1,7,,,,,,2,,2019,Canada - West,,Europe - Austria,Heiligenblut am Großglockner,"5,253 ",,,,Indy,,,3,1,,,,,1,,,,,,,3,,2,1,1,12,,,,,,2,,2026,Europe - Austria,,U.S. - Arizona,Sunrise Park,"1,549 ","1,200",225,Independent,,,,,,,,,,1,2,2,,1,,,,,,1,1,8,,,,,,,,2019,U.S. - West
,Mt. Buller,"1,312 ",741,126,Independent,"Ikon, MC",,,,,,,2,1,,7,2,,1,,,3,,,1,2,19,,,"7, 26, 27","5, 26, 27",,,"2, 26","2018, 2019",Australia,,,,Eaglecrest,"1,401 ",640,350,Independent,Indy,,,,,,,,,,,,,4,,,,,,,,4,,,,,,2,,"2019, 2022",U.S. - West,,U.S. - Connecticut,Powder Ridge,550 ,80,38,Independent,Indy,,,,,,,,,,,1,,2,,,,,,,2,5,,,,,,2B,,2026,U.S. - East,,U.S. - Indiana,Paoli Peaks,300 ,65,18,Vail Resorts,Epic,,,,,,,,,,1,3,,1,,,,,,,2,7,U,U,,,,,,2019,U.S. - Midwest,,Japan (Aomori),Aomori Spring,"1,788 ",,320,Independent,Indy,,,1,,,,,,2,,,,2,,,,,,,,5,,,,,,2,,2022,Japan (Aomori),,Canada - Alberta,Lake Louise,"3,250 ","4,200",179,Independent,"Ikon, MC",,,1,,,,2,,4,2,1,,,,,,,,,3,13,,,7S,5SB,"1-4, B, S",,2,"2014, 2018",Canada - West,,,Hintertux,"5,742 ",,354,Independent,Epic,,,6,,,,3,,1,,1,,1,,,7,,,,1,20,5CS,,,,,,,2025,Europe - Austria,,U.S. - California,Alta Sierra,600 ,80,80,Independent,,,,,,,,,,,,,,2,,,,,,1,,3,,,,,,,,,U.S. - West
,Perisher,"1,407 ","3,076",190,Vail Resorts,Epic,,,,,,1,1,,2,6,1,,3,,,20,2,,2,7,45,"U, 27",,,,,,,2015,Australia,,,,Hilltop,294 ,35,76,Independent,Indy,,,,,,,,,,,1,,,,,,,1,,1,3,,,,,,2,,2025,U.S. - West,,U.S. - Maine,Big Moose,583 ,,136,Independent,Indy,,,,,,,,,,,1,,,,,,,,,1,2,,,,,,2,,2024,U.S. - East,,U.S. - Iowa,Sundown,475 ,85,50,Independent,Indy,,,,,,,,,,1,1,,2,,,,,,,2,6,,,,,,2B,,2021,U.S. - Midwest,,Japan (Fukushima),Nekoma Mountain,"2,093 ",467,315,Hoshino Resorts,Ikon,,,1,,,,,,2,,,,11,1,,,,,,1,16,,,7,5,,,,2025,Japan (Fukushima),,Canada - Alberta,Marmot Basin,"3,000 ","1,720",173,Independent,MC,,,,,,,,,3,2,1,,,,,,,,,,6,,,,,,,2,2022,Canada - West,,,Hochzeiger Bergbahnen Pitztal AG,"3,445 ",,276,,Indy,,,1,,,1,2,,,,,,1,,,1,,3,,7,16,,,,,,2B,,2025,Europe - Austria,,,Badger Pass,800 ,90,300,Independent,,,,,,,,,,,,1,,3,,,,,,,,4,,,,,,,,,U.S. - West
,Thredbo,"2,205 ","1,186",78,Independent,Ikon,,,1,,,,,1,2,1,,,1,,,5,,,,3,14,,,"7, 26, 27","5, B, 26, 27",,,,2018,Australia,,,,Moose Mountain,"1,300 ",750,100,Independent,Indy,,,,,,,,,,,,,,,,,,,1,,1,,,,,,2,,2023,U.S. - West,,U.S. - Maine,Bigrock,920 ,90,94,Independent,Indy,,,,,,,,,,1,1,,,,,,,,,1,3,,,,,,2,,2022,U.S. - East,,U.S. - Michigan,Big Powderhorn (UP),622 ,253,204,Independent,Indy,,,,,,,,,,,,,9,,,,,,1,,10,,,,,,2,,2019,U.S. - Midwest,,Japan (Gifu),Dynaland Ski Resort,"1,693 ",198,,Independent,Indy,,,,,,,,,3,,,,2,,,,,,,1,6,,,,,,2,,2024,Japan (Gifu),,Canada - Alberta,Mt. Norquay,"1,648 ",190,120,Independent,Ikon,,,,,,,,,1,2,,,1,,,,,,,2,6,,,7S,5SB,"1-4, B, S",,,2018,Canada - West,,,Innsbruck Ski & City Network,"5,282 ","11,614",248,Independent,Indy,,,,,,,,,,,,,,,,,,,,,111,,,,,,2,,2024,Europe - Austria,,,Boreal,501 ,380,389,Powdr,,,,,,,,,,1,2,3,,,,,,,,,2,8,,,,,,,,,U.S. - West
Canada - Alberta,Banff Sunshine,"3,514 ","3,358",360,Independent,"Ikon, MC",,,1,,,,1,,6,2,,,,,,,,,,2,12,,,7S,5SB,"1-4, B, S",,2,"2014, 2018",Canada - West,,,,Mount Eyak,800 ,100,350,Independent,Indy,,,,,,,,,,,,,,,1,,,,1,,2,,,,,,2,,2024,U.S. - West,,U.S. - Maine,Black Mountain of Maine,"1,150 ",300,120,Independent,Indy,,,,,,,,,,,1,,1,,,1,,,1,,4,,,,,,2,,2022,U.S. - East,,U.S. - Michigan,Boyne Mountain,420 ,435,140,Boyne Resorts,Ikon,,,,,,1,1,,,4,1,,2,,,,,,,1,10,,,7,5B,"1-4, B, S",,,2018,U.S. - Midwest,,,Hirugano Kogen Ski Resort,492 ,75,165,Independent,Indy,,,,,,,,,1,,,,2,,,,,,,,3,,,,,,2,,2024,Japan (Gifu),,Canada - Alberta,Nakiska,"2,411 ","1,021",100,Resorts of the Canadian Rockies,Epic,,,,,,,,,3,,,,1,,,,,1,,,5,7S,,,,,,,2017,Canada - West,,,Ischgl,"4,925 ","1,273",244,Independent,Ikon,,,,,,,,,,,,,,,,,,,,,,,,7,5,,,,2025,Europe - Austria,,,Homewood,"1,650 ","1,260",450,JMA Ventures,,,,1,,,,,,1,,2,,,,,,,1,,2,7,,,,,,,,,U.S. - West
,Castle Mountain,"2,854 ","3,592",335,Independent,Indy,,,,,,,,,1,,2,,2,,,1,,,,1,7,,,,,,2,,2019,Canada - West,,,,Skeetawk,254 ,30,,Independent,Indy,,,,,,,,,,,1,,,,,,,,,1,2,,,,,,2,,2026,U.S. - West,,U.S. - Maine,Camden Snow Bowl,850 ,105,50,Independent,Indy,,,,,,,,,,,1,,1,,,,,,,1,3,,,,,,2,,2024,U.S. - East,,U.S. - Michigan,Caberfae Peaks,485 ,200,120,Independent,Ikon,,,,,,,,,,1,3,,,,,,,,,1,5,,,2B,,,,,2026,U.S. - Midwest,,,Takasu Snow Park,"1,969 ",247,,Independent,Indy,,,1,,,,,,3,,,,,,,,,,,1,5,,,,,,2,,2024,Japan (Gifu),,Canada - Alberta,Pass Powderkeg,810 ,150,75,Independent,Indy,,,,,,,,,,,,,,,,2,,,,,2,,,,,,2,,2023,Canada - West,,,Kaunertaler Glacier,"3,159 ",,394,Independent,Indy,1,,2,,,,,,2,,,,,,,3,,,,1,9,,,,,,2,,2024,Europe - Austria,,,Mt. Baldy,"2,100 ",800,170,Independent,,,,,,,,,,,,,,4,,,,,,,,4,,,,,,,,,U.S. - West
,Lake Louise,"3,250 ","4,200",179,Independent,"Ikon, MC",,,1,,,,2,,4,2,1,,,,,,,,,3,13,,,7S,5SB,"1-4, B, S",,2,"2014, 2018",Canada - West,,,,Ski Land,"1,014 ",100,200,Independent,Indy,,,,,,,,,,,,,1,,,,,,,1,2,,,,,,2,,2026,U.S. - West,,U.S. - Maine,Lost Valley,240 ,45,99,Independent,Indy,,,,,,,,,,,,,3,,,,,,,1,4,,,,,,2,,2024,U.S. - East,,U.S. - Michigan,Crystal Mountain MI,375 ,103,132,Independent,Indy,,,,,,,,,1,3,2,,,,,,,,,2,8,,,,,,2B,,2020,U.S. - Midwest,,,Washigatake,"1,444 ",136,,Independent,Indy,,,,,,,,,3,,,,2,,,,,,,1,6,,,,,,2,,2024,Japan (Gifu),,Canada - British Columbia,Apex Mountain,"1,979 ","1,112",224,Independent,Indy,,,,,,,,,1,,1,,,,,1,,,,,3,,,,,,2,,2019,Canada - West,,,Kitzbühel,"3,950 ","1,421",,Independent,Ikon,,,,,,,,,,,,,,,,,,,,,57,,,7,5,,,,2021,Europe - Austria,,,Soda Springs,550 ,200,400,Powdr,,,,,,,,,,,,1,,1,,,,,,,2,4,,,,,,,,,U.S. - West
,Marmot Basin,"3,000 ","1,720",173,Independent,MC,,,,,,,,,3,2,1,,,,,,,,,,6,,,,,,,2,2022,Canada - West,,,U.S. - Arizona,Arizona Snowbowl,"2,300 ",777,242,Mountain Capital Partners,Power,,,,,,,1,1,,3,1,,,,,,,,,2,8,,,,,,,,,U.S. - West,,U.S. - Maine,Mount Abram,"1,050 ",170,115,Independent,Indy,,,,,,,,,,,,,2,,,1,,,,1,4,,,,,,2,,2024,U.S. - East,,U.S. - Michigan,Marquette Mountain (UP),540 ,330,210,Independent,Indy,,,,,,,,,,,2,,1,,,,,,1,,4,,,,,,2,,2022,U.S. - Midwest,,,White Pia Takasu,"1,509 ",146,,Independent,Indy,,,,,,,,,2,,,,2,,,,,,,1,5,,,,,,2,,2024,Japan (Gifu),,Canada - British Columbia,Baldy Mountain Resort,"1,302 ",600,275,Independent,Indy,,,,,,,,,,1,,,1,,,1,,,,,3,,,,,,2,,2023,Canada - West,,,Kitzsteinhorn,"7,412 ",,295,Independent,Epic,1,1,5,,,,3,1,1,,,,1,,,4,5,,,,23,5S,,,,,,,2025,Europe - Austria,,,Tahoe Donner,500 ,120,400,Independent,,,,,,,,,,,1,1,,,,,,,,,3,5,,,,,,,,,U.S. - West
,Mt. Norquay,"1,648 ",190,120,Independent,Ikon,,,,,,,,,1,2,,,1,,,,,,,2,6,,,7S,5SB,"1-4, B, S",,,2018,Canada - West,,,U.S. - California,Bear Mountain (Big Bear),"1,665 ",198,114,Alterra ,Ikon,,,,,,,1,,2,,2,,2,,,,,,,4,11,,,U,U,"1-4, B, S",,,2018,U.S. - West,,U.S. - Maine,Pleasant Mountain,"1,300 ",249,110,Boyne Resorts,Snow Pass,,,,,,,,,1,1,2,,,,,,,,,2,6,,,,,,,,2026,U.S. - East,,U.S. - Michigan,Mont Ripley (UP),470 ,115,275,Independent,Indy,,,,,,,,,,,,,2,,,1,,,1,,4,,,,,,Discount,,2023,U.S. - Midwest,,Japan (Gunma),Hodaigi,"1,870 ",,170,Independent,Indy,,,,,,,,,2,,,,5,,,,,,,1,8,,,,,,2,,2025,Japan (Gunma),,Canada - British Columbia,Big White,"2,657 ","2,765",294,Independent,Indy,,,1,,,,1,,4,2,,,3,,,1,,,,,12,,,,,,2B,,2023,Canada - West,,,Mayrhofen,"6,080 ",,315,Independent,Epic,2,,6,,,3,11,1,3,,,,,,,5,6,,7,16,60,5CS,,,,,,,2025,Europe - Austria,,U.S. - Colorado,Silverton (unguided),"1,762 ","1,819",294,Independent,,,,,,,,,,,,,,1,,,,,,,,1,,,,,,,,,U.S. - West
,Nakiska,"2,411 ","1,021",100,Resorts of the Canadian Rockies,Epic,,,,,,,,,3,,,,1,,,,,1,,,5,7S,,,,,,,2017,Canada - West,,,,Bear Valley,"1,900 ","1,680",352,California Mountain Resort Company,Indy,,,,,,,1,,1,1,2,,2,,,,,,,2,9,,,,,,2B,,2024,U.S. - West,,U.S. - Maine,Saddleback,"1,850 ",600,225,Independent,Indy,,,,,,,,,1,3,,,,,,,1,,,1,6,,,,,,2,,2021,U.S. - East,,U.S. - Michigan,Mount Brighton,230 ,130,60,Vail Resorts,Epic,,,,,,,,,,2,3,,,,,,,,5,2,12,U,U,,,,,,2013,U.S. - Midwest,,,Mt. T,"2,467 ",234,650,Hoshino Resorts,Ikon,,1,,,,,,,,,,,4,,,,,,,,5,,,7,5,,,,2025,Japan (Gunma),,Canada - British Columbia,Cypress,"2,010 ",600,425,Boyne Resorts,Ikon,,,,,,,,,2,3,,,1,,,,,,,1,7,,,7,5B,"1-4, B, S",,,2018,Canada - West,,,Obertauern,"2,241 ",,315,,Indy,,,1,,,1,6,2,5,3,,,2,,,2,3,,,1,26,,,,,,2,,2026,Europe - Austria,,,Ski Cooper,"1,200 ",480,260,Independent,,,,,,,,,,,,1,,1,,,1,,1,,1,5,,,,,,,,2023,U.S. - West
,Pass Powderkeg,810 ,150,75,Independent,Indy,,,,,,,,,,,,,,,,2,,,,,2,,,,,,2,,2023,Canada - West,,,,China Peak,"1,679 ","1,200",300,California Mountain Resort Company,Indy,,,,,,,,,,2,4,,,,,1,,,,4,11,,,,,,2,,2020,U.S. - West,,U.S. - Maine,Sugarloaf,"2,748 ","1,360",200,Boyne Resorts,"Ikon, MC",,,,,,,,,3,3,1,,5,,,2,,,,1,15,,,7,5B,"1-4, B, S",,2,"2018, 2020",U.S. - East,,U.S. - Michigan,Mount Holiday,200 ,45,120,Independent,Indy,,,,,,,,,,,,,2,,,,,,,,2,,,,,,2,,2024,U.S. - Midwest,,,Palcall Tsumagoi,"2,395 ",,,Independent,Indy,,,1,,,,,,1,,,,1,1,,,,,,1,5,,,,,,2,,2024,Japan (Gunma),,Canada - British Columbia,Fairmont Hot Springs,"1,000 ",88,100,Independent,Indy,,,,,,,,,,,1,,,,,,,1,,,2,,,,,,2,,2023,Canada - West,,,Petzen ,"4,101 ",,,,Indy,,,1,,,,,,,1,,,,,,1,,2,1,2,8,,,,,,2,,2026,Europe - Austria,,,Wolf Creek,"1,604 ","1,600",430,Independent,,,,,,,,,,3,2,2,,1,,,,,1,,2,11,,,,,,,,,U.S. - West
Canada - British Columbia,Apex Mountain,"1,979 ","1,112",224,Independent,Indy,,,,,,,,,1,,1,,,,,1,,,,,3,,,,,,2,,2019,Canada - West,Public w/Aerial Lifts,,,Dodge Ridge,"1,600 ",862,300,California Mountain Resort Company,Indy,,,,,,,,,,1,3,,3,,,1,,,1,2,11,,,,,,2B,,2022,U.S. - West,,U.S. - Maine,Sunday River,"2,350 ","1,184",167,Boyne Resorts,"Ikon, MC",,,,,,1,1,1,2,5,5,,1,,,1,,,,3,20,,,7,5B,"1-4, B, S",,2,"2018, 2024",U.S. - East,,U.S. - Michigan,Norway Mountain (UP),500 ,160,33,Independent,Indy,,,,,,,,,,,1,,2,,,,,,3,,6,,,,,,2,,2024,U.S. - Midwest,,Japan (Hokkaido),Canmore Ski Village,807 ,,180,Independent,Indy,,,,,,,,,1,,,,1,,,,,,,,2,,,,,,2,,2025,Japan (Hokkaido),,Canada - British Columbia,Fernie,"3,550 ","2,500",360,Resorts of the Canadian Rockies,Epic,,,,,,,,,2,2,3,,,,,1,,1,,1,10,7S,,,,,,,2017,Canada - West,,,Pitztaler Gletscherbahn,"5,774 ",,394,,Indy,1,,2,,,,1,,,,,,,,,1,1,,,1,7,,,,,,2B,,2025,Europe - Austria,,U.S. - Connecticut,Ski Sundown,625 ,65,45,Independent,,,,,,,,,,,1,2,,,,,,,,,2,5,,,,,,,,,U.S. - East
,Baldy Mountain Resort,"1,302 ",600,275,Independent,Indy,,,,,,,,,,1,,,1,,,1,,,,,3,,,,,,2,,2023,Canada - West,Public w/Aerial Lifts,,,Donner Ski Ranch,800 ,500,389,Independent,Indy,,,,,,,,,,,1,,5,,,,,,,2,8,,,,,,2,,,U.S. - West,,U.S. - Massachusetts,Berkshire East,"1,180 ",180,110,Bear Den Partners,Indy,,,,,,,,,1,2,,,1,,,,,,,2,6,,,,,,2,,2019,U.S. - East,,U.S. - Michigan,Nub’s Nob,425 ,248,125,Independent,Indy,,,,,,,,,,4,3,,1,,,,,,1,1,10,,,,,,2B,,2022,U.S. - Midwest,,,Furano,"2,753 ",479,354,Prince Snow Resorts,Ikon,1,,1,,,,,,2,,,,5,,,,,,,2,11,,,7,5,,,,2025,Japan (Hokkaido),,Canada - British Columbia,Grouse Mountain,"3,202 ",212,220,Northland Properties Corporation,Ikon,1,,1,,,,,,2,2,,,,,,,,,1,1,8,,,2B,,,,,2025,Canada - West,,,Rauriser-Hochalmbahnen,"4,019 ",,177,Independent,Indy,,,3,,,,,,,,,,1,,,3,,1,2,,10,,,,,,2,,2025,Europe - Austria,,U.S. - Idaho,Bogus Basin,"1,800 ","2,600",248,Independent,,,,,,,,,,4,2,,,1,,,,,,,3,10,,,,,,,,2022,U.S. - West
,Big White,"2,657 ","2,765",294,Independent,Indy,,,1,,,,1,,4,2,,,3,,,1,,,,,12,,,,,,2B,,2023,Canada - West,Public w/Aerial Lifts,,,Heavenly,"3,475 ","4,800",251,Vail Resorts,Epic,1,,1,,,,2,,8,1,5,,2,,,,,,2,4,26,U,UB,,,,,,2008,U.S. - West,,U.S. - Massachusetts,Blue Hills,309 ,60,,Independent,Snow Pass,,,,,,,,,,,,,1,,,,,,2,3,6,,,,,,,,2026,U.S. - East,,U.S. - Michigan,Pine Mountain (UP),364 ,220,30,Independent,Indy,,,,,,,,,,,1,,2,,,,,,3,,6,,,,,,2,,2019,U.S. - Midwest,,,Kamui Ski Links,"1,972 ",247,315,Independent,Indy,,,1,,,,,,,,,,5,,,,,,,,6,,,,,,2,,2023,Japan (Hokkaido),,Canada - British Columbia,Hudson Bay Mountain,"1,798 ",700,160,Independent,Indy,,,,,,,,,,,1,,,,,2,,,,,3,,,,,,2,,2023,Canada - West,,,Saalbach,"4,282 ",,236,Independent,Epic,,,29,,,6,12,,2,2,,,,,,3,12,,2,1,69,5S,,,,,,,2025,Europe - Austria,,,Lookout Pass,"1,650 ","1,023",415,Independent,,,,,,,,,,,2,2,,1,,,,,,,,5,,,,,,,,,U.S. - West
,Cypress,"2,010 ",600,425,Boyne Resorts,Ikon,,,,,,,,,2,3,,,1,,,,,,,1,7,,,7,5B,"1-4, B, S",,,2018,Canada - West,Public w/Aerial Lifts,,,June Mountain,"2,545 ","1,500",276,Alterra ,Ikon,,,,,,,,,2,,,,4,,,,,,,1,7,,,U,UB,"1-4, B, S",,,2018,U.S. - West,,U.S. - Massachusetts,Bousquet,750 ,200,83,Independent,Indy,,,,,,,,,,,1,,1,,,,,,,1,3,,,,,,2,,2024,U.S. - East,,U.S. - Michigan,Shanty Creek - Schuss,500 ,81,160,Independent,Indy,,,,,,,,,,5,,,2,,,,,,1,1,9,,,,,,2B,,2019,U.S. - Midwest,,,Kiroro,"2,001 ",297,709,Independent,Indy,,,1,,,,,1,4,,,,3,1,,,,,,,10,,,,,,2,,2023,Japan (Hokkaido),,Canada - British Columbia,Kicking Horse,"4,314 ","3,400",288,Resorts of the Canadian Rockies,Epic,,,1,,,,,,,2,,,1,,,,,,,,4,7S,,,,,,,2017,Canada - West,,,Silvretta Montafon,"5,675 ",,180,Independent,Epic,2,,8,,,3,5,,,3,,1,6,,,2,2,,1,2,35,5C,,,,,,,2025,Europe - Austria,,U.S. - Illinois,Villa Olivia,180 ,15,25,Independent,,,,,,,,,,,1,,,,,,,,,6,,7,,,,,,,,,U.S. - Midwest
,Fairmont Hot Springs,"1,000 ",88,100,Independent,Indy,,,,,,,,,,,1,,,,,,,1,,,2,,,,,,2,,2023,Canada - West,Public w/Aerial Lifts,,,Kirkwood,"2,000 ","2,300",354,Vail Resorts,Epic,,,,,,,,,2,1,6,,1,,,1,,,,2,13,U,UB,,,,,,2012,U.S. - West,,U.S. - Massachusetts,Butternut,"1,000 ",110,110,Murdock Family,"Snow Pass, Ikon",,,,,,,,,,5,,,,,,,,,,4,9,,,2B,,,,,"2024, 2025, 2026",U.S. - East,,U.S. - Michigan,Snowriver: Black River (UP),490 ,170,204,Midwest Family Ski Resorts,Ikon,,,,,,,,,,,,,4,,,,,,1,,5,,,"7, S","5, B, S","1-4, B, S",,,2026,U.S. - Midwest,,,Nayoro Piyashiri,"1,575 ",,,Independent,Indy,,,,,,,,,,,,,4,,,,,,,,4,,,,,,2,,2024,Japan (Hokkaido),,Canada - British Columbia,Kimberley,"2,465 ","1,800",156,Resorts of the Canadian Rockies,Epic,,,,,,,,,1,,1,,1,,,1,,,,,4,7S,,,,,,,2017,Canada - West,,,Ski Arlberg,"4,944 ",,355,Independent,Epic,5,,12,,,1,17,1,9,4,,,11,,,6,15,,3,1,85,3CLo,,,,,,,2016,Europe - Austria,,U.S. - Indiana,Perfect North,400 ,100,10,Perfect Family,,,,,,,,,,,3,2,,,,,,,,2,5,12,,,,,,,,,U.S. - Midwest
,Fernie,"3,550 ","2,500",360,Resorts of the Canadian Rockies,Epic,,,,,,,,,2,2,3,,,,,1,,1,,1,10,7S,,,,,,,2017,Canada - West,Public w/Aerial Lifts,,,Mammoth,"3,100 ","3,500",357,Alterra ,Ikon,,,2,,,,4,,8,1,6,,3,,,,,1,,2,27,,,U,UB,"1-4, B, S",,,2018,U.S. - West,,U.S. - Massachusetts,Catamount,"1,000 ",133,108,Bear Den Partners,Indy,,,,,,,,,,2,3,,,,,,,,,3,8,,,,,,2,,2019,U.S. - East,,U.S. - Michigan,Snowriver: Jackson Creek (UP),538 ,230,204,Midwest Family Ski Resorts,Ikon,,,,,,,1,,,,,,2,,,1,,,1,1,6,,,"7, S","5, B, S","1-4, B, S",,,2026,U.S. - Midwest,,,Niseko United,"3,084 ","2,150",669,Independent,"Ikon, MC",,,6,,,,2,1,5,1,,,12,,3,,,,,7,37,,,7,5B,"1-4, B, S",,2,2018,Japan (Hokkaido),,Canada - British Columbia,Manning Park,"1,434 ",140,300,Independent,Indy,,,,,,,,,,1,,,1,,,1,,,,,3,,,,,,2B,,2021,Canada - West,,,Ski Welt,"4,098 ",,157,Independent,Indy,,,16,,,6,11,1,2,10,1,,2,,,4,,9,8,11,81,,,,,,2,,2023,Europe - Austria,,U.S. - Iowa,Crescent Hill at Hitchcock,300 ,50,30,Independent,,,,,,,,,,,1,,,1,,,,,,,,2,,,,,,,,,U.S. - Midwest
,Grouse Mountain,"3,202 ",212,220,Northland Properties Corporation,Ikon,1,,1,,,,,,2,2,,,,,,,,,1,1,8,,,2B,,,,,2025,Canada - West,Public w/Aerial Lifts,,,Mountain  High: West,"1,000 ",145,117,California Mountain Resort Company,Indy,,,,,,,,,1,,3,,2,,,,,,,2,8,,,,,,2SB,,2022,U.S. - West,,U.S. - Massachusetts,Jiminy Peak,"1,150 ",167.4,100,Fairbank Group,Ikon,,,,,,,1,,,2,3,,1,,,,,,,2,9,,,2B,,,,,2025,U.S. - East,,U.S. - Michigan,The Highlands ,513 ,435,140,Boyne Resorts,Ikon,,,,,,,1,,1,3,1,,,,,,,,1,2,9,,,7,5B,"1-4, B, S",,,2018,U.S. - Midwest,,,Pippu,984 ,,,Independent,Indy,,,,,,,,,,,,,5,,1,,,,1,,7,,,,,,2,,2023,Japan (Hokkaido),,Canada - British Columbia,Mount Washington Alpine,"1,657 ","1,700",457,Pacific Group Resorts,Indy,,,,,,,1,,1,2,1,,,,,,,,,,5,,,,,,2,,2024,Canada - West,,,Sölden,"6,529 ",,230,Independent,Epic,,,7,,,3,4,,4,1,,,1,,,6,1,,,2,30,5,,,,,,,2025,Europe - Austria,,,Seven Oaks,240 ,35,40,Independent,,,,,,,,,,,,2,,,,,,,,3,,5,,,,,,,,2024,U.S. - Midwest
,Hudson Bay Mountain,"1,798 ",700,160,Independent,Indy,,,,,,,,,,,1,,,,,2,,,,,3,,,,,,2,,2023,Canada - West,Public w/Aerial Lifts,,,Mountain High: East,"1,600 ",145,117,California Mountain Resort Company,Indy,,,,,,,,,1,1,,,2,,,,,,,1,5,,,,,,2SB,,2022,U.S. - West,,U.S. - New Hampshire,Attitash,"1,750 ",311,120,Vail Resorts,Epic,,,,,,,,,3,2,2,,,,,,,,,1,8,U,U,,,,,,2019,U.S. - East,,U.S. - Michigan,Treetops,223 ,80,140,Independent,Indy,,,,,,,,,,,3,,,,,,,,,2,5,,,,,,2B,,2022,U.S. - Midwest,,,Rusutsu,"1,949 ","2,026",,Kamori Kankō ,Epic,,,4,,,,,,7,,,,6,1,,,,,,4,22,5C,5C,,,,,,2018,Japan (Hokkaido),,Canada - British Columbia,Murray Ridge,"1,674 ",,,,Indy,,,,,,,,,,,,,,,,1,,,1,,2,,,,,,2,,2026,Canada - West,,,St. Johann (in Tirol/Oberndorf-Harschbichl),"3,100 ",,,,Indy,,,5,,,,1,,1,,,,,,,,,2,,,9,,,,,,2,,2026,Europe - Austria,,U.S. - Maine,Hermon Mountain,276 ,60,90,Independent,,,,,,,,,,,,,,1,,,1,,,,,2,,,,,,,,,U.S. - East
,Kicking Horse,"4,314 ","3,400",288,Resorts of the Canadian Rockies,Epic,,,1,,,,,,,2,,,1,,,,,,,,4,7S,,,,,,,2017,Canada - West,Public w/Aerial Lifts,,,Mt. Shasta,"2,036 ",635,157,Independent,Indy,,,,,,,,,,1,3,,,,,,,,,2,6,,,,,,2B,,2019,U.S. - West,,U.S. - New Hampshire,Black Mountain,"1,100 ",140,125,Independent,Indy,,,,,,,,,,,1,,1,,,,1,1,1,,5,,,,,,2,,2019,U.S. - East,,U.S. - Minnesota,Afton Alps,350 ,300,60,Vail Resorts,Epic,,,,,,,,,,1,2,,12,,,,,,2,2,19,U,U,,,,,,2013,U.S. - Midwest,,,Yubari (Mount Racey),"1,325 ",,315,Independent,Indy,,,1,,,,,,2,,,,,2,,,,,,,5,,,,,,2,,2023,Japan (Hokkaido),,Canada - British Columbia,Panorama,"4,265 ","2,975",204,Independent,"Ikon, MC",,,,1,,,,,2,2,1,,1,,,,,1,,2,10,,,7,5B,"1-4, B, S",,2,"2020, 2022",Canada - West,,,Steinplatte Tyrol,"3,674 ",,,,Indy,,,2,,,2,4,,2,1,,,,,,3,,,,,14,,,,,,2,,2025,Europe - Austria,,U.S. - Massachusetts,Nashoba Valley,240 ,59,50,Independent,,,,,,,,,,,,3,,1,,,,,,3,4,11,,,,,,,,,U.S. - East
,Kimberley,"2,465 ","1,800",156,Resorts of the Canadian Rockies,Epic,,,,,,,,,1,,1,,1,,,1,,,,,4,7S,,,,,,,2017,Canada - West,Public w/Aerial Lifts,,,Northstar,"2,280 ","3,170",350,Vail Resorts,Epic,,,1,1,,,1,1,6,1,2,,,,,,,1,1,5,20,U,UB,,,,,,2010,U.S. - West,,U.S. - New Hampshire,Cannon,"2,180 ",287,160,Independent,Indy,,,,,,,,,1,2,3,,1,,,1,,,1,,9,,,,,,2,,2020,U.S. - East,,U.S. - Minnesota,Andes Tower Hills,290 ,70,50,Independent,Indy,,,,,,,,,,1,2,,,,,,,,1,2,6,,,,,,2,,2023,U.S. - Midwest,,Japan (Iwate),Amihari,"2,329 ",143,,Independent,Indy,,,,,,,,,,,,,4,,,,,,,,4,,,,,,2,,2024,Japan (Iwate),,Canada - British Columbia,Phoenix Mountain,653 ,91,45,Independent,Indy,,,,,,,,,,,,,,,,1,,,,,1,,,,,,2,,2023,Canada - West,,Europe - Finland,Levi,"1,099 ",370,50,,Indy,1,,1,,,,6,,,,,,,,,10,,5,,3,26,,,,,,2B,,2025,Europe - Finland,,,Otis Ridge,400 ,70,70,Murdock Family,,,,,,,,,,,,,,1,,,1,,,1,2,5,,,,,,,,,U.S. - East
,Manning Park,"1,434 ",140,300,Independent,Indy,,,,,,,,,,1,,,1,,,1,,,,,3,,,,,,2B,,2021,Canada - West,Public w/Aerial Lifts,,,Palisades Tahoe: Alpine Meadows,"1,802 ","2,400",364,Alterra ,Ikon,,,,,,,1,,3,,2,,5,,,,,,,2,13,,,U,UB,"1-4, B, S",,,2018,U.S. - West,,U.S. - New Hampshire,Cranmore,"1,200 ",170,120,Fairbank Group,Ikon,,,,,,,,,1,1,2,,1,,,,,,,2,7,,,2B,,,,,2025,U.S. - East,,U.S. - Minnesota,Buck Hill,306 ,45,60,Independent,Ikon,,,,,,,,,,2,1,,,,,,,,4,2,9,,,2B,,,,,2025,U.S. - Midwest,,,Appi Kogen Resort,"2,244 ",848,315,,Ikon,,,1,,,,,,3,,,,4,,,,,,,,8,,,7,5,,,,2025,Japan (Iwate),,Canada - British Columbia,Red Mountain,"2,919 ","3,850",300,Independent,Ikon,,,,,,,,,,2,3,,1,,,1,,,,1,8,,,7,5B,"1-4, B, S",,,2020,Canada - West,,,Pyhä Ski Resort,974 ,,,,Indy,,,,,,,1,,1,,1,,,,,3,,2,,1,9,,,,,,2,,2026,Europe - Finland,,,Ski Bradford,220 ,48,,Independent,,,,,,,,,,,,3,,,,,1,,,3,3,10,,,,,,,,,U.S. - East
,Mount Washington Alpine,"1,657 ","1,700",457,Pacific Group Resorts,Indy,,,,,,,1,,1,2,1,,,,,,,,,,5,,,,,,2,,2024,Canada - West,Public w/Aerial Lifts,,,Palisades Tahoe: Olympic ,"2,850 ","3,600",364,Alterra ,Ikon,1,,2,,,,7,,2,1,8,,3,,,,,,,7,31,,,U,UB,"1-4, B, S",,,2018,U.S. - West,,U.S. - New Hampshire,Crotched,"1,016 ",100,65,Vail Resorts,Epic,,,,,,,,,1,1,1,,1,,,,,,,1,5,U,U,,,,,,2019,U.S. - East,,U.S. - Minnesota,Coffee Mill,426 ,40,48,Independent,Indy,,,,,,,,,,,,,2,,,,,,1,,3,,,,,,2,,2026,U.S. - Midwest,,,Geto Kogen,"1,411 ",,591,,Indy,,,2,,,,,,1,,,,2,,,,,,,,5,,,,,,2,,2021,Japan (Iwate),,Canada - British Columbia,Revelstoke,"5,620 ","3,121",540,Northland Properties Corporation,"Ikon, MC",,,1,,,,,,2,1,,,,,,,,,,1,5,,,7,5B,"1-4, B, S",,2,"2013, 2018",Canada - West,,,Ruka,659 ,,,,Indy,,,,1,,1,2,,1,,1,,,,,7,,2,1,6,22,,,,,,2,,2026,Europe - Finland,,,Ski Ward,210 ,45,80,Independent,,,,,,,,,,,,1,,,,,1,,,1,1,4,,,,,,,,,U.S. - East
,Murray Ridge,"1,674 ",,,,Indy,,,,,,,,,,,,,,,,1,,,1,,2,,,,,,2,,2026,Canada - West,Public - Surface Lifts Only,,,Sierra-at-Tahoe,"2,212 ","2,000",401,Independent,Ikon,,,,,,,,,3,,1,,5,,,,,,,5,14,,,7,5B,"1-4, B, S",,,2024,U.S. - West,,U.S. - New Hampshire,Dartmouth Skiway,968 ,104,100,Independent,Indy,,,,,,,,,,1,,,1,,,,,,,2,4,,,,,,2,,2023,U.S. - East,,U.S. - Minnesota,Detroit Mountain,210 ,45,21,Independent,Indy,,,,,,,,,,,2,,,,,,,,2,2,6,,,,,,2,,2019,U.S. - Midwest,,,Okunakayama Kogen,"1,207 ",,,Independent,Indy,,,,,,,,,,,,,5,,,,,,,,5,,,,,,2,,2021,Japan (Iwate),,Canada - British Columbia,Sasquatch,"1,073 ",205,184,Independent,Indy,,,,,,,,,,1,1,,1,,,,,,,,3,,,,,,2,,2020,Canada - West,,Europe - France,Chamonix Mont-Blanc Valley,"8,996 ","29,405",264,Compagnie des Alps,"Ikon, MC",4,,7,1,,,5,,3,11,3,,,,,,,28,3,4,73,,,7,5,,,2,2022,Europe - France,,,Wachusett,"1,000 ",110,100,Independent,,,,,,,,1,,2,,1,,,,,,,,,3,7,,,,,,,,,U.S. - East
,Panorama,"4,265 ","2,975",204,Independent,"Ikon, MC",,,,1,,,,,2,2,1,,1,,,,,1,,2,10,,,7,5B,"1-4, B, S",,2,"2020, 2022",Canada - West,Public w/Aerial Lifts,,,Snow Summit (Big Bear),"1,200 ",240,114,Alterra ,Ikon,,,,,,,,,2,2,2,,4,,,,,,,5,15,,,U,U,"1-4, B, S",,,2018,U.S. - West,,U.S. - New Hampshire,King Pine,350 ,45,82,Independent,Indy,,,,,,,,,,,3,,,,,,,,,2,5,,,,,,2,,2026,U.S. - East,,U.S. - Minnesota,Elm Creek,56 ,,,Three Rivers Park District,Indy,,,,,,,,,,,,,,,,,,,3,3,6,,,,,,2,,2026,U.S. - Midwest,,,Shimokura-Panorama (Hachimantai Resort),"1,805 ",,320,Nippon Cable,Indy,,,,,,,,,1,,1,,5,,,,,,,,7,,,,,,2,,2021,Japan (Iwate),,Canada - British Columbia,Shames Mountain,"1,601 ",252,480,Independent,Indy,,,,,,,,,,,,,1,,,1,,,,,2,,,,,,2,,2023,Canada - West,,,Les 3 Vallées,"6,988 ","29,950",,Compagnie des Alps,Epic,4,4,30,1,2,1,39,,3,,2,,,,,,35,,3,24,149,7C,,,,,,,2016,Europe - France,,U.S. - Michigan,Alpine Valley MI,300 ,100,8,Wisconsin Resorts,,,,,,,,,,,1,3,,1,,,,,,2,2,9,,,,,,,,,U.S. - Midwest
,Phoenix Mountain,653 ,91,45,Independent,Indy,,,,,,,,,,,,,,,,1,,,,,1,,,,,,2,,2023,Canada - West,Public - Surface Lifts Only,,,Snow Valley,"1,041 ",240,150,Alterra ,Ikon,,,,,,,1,,,,4,,4,,,,,,,2,11,,,U,U,"1-4, B, S",,,2023,U.S. - West,,U.S. - New Hampshire,Loon,"2,190 ",403,160,Boyne Resorts,Ikon,,,1,,,1,,,3,2,,,3,,,,,,,3,13,,,"7, R","5, R, B","1-4, B, S",,,2018,U.S. - East,,U.S. - Minnesota,Giants Ridge,500 ,202,62,Independent,Ikon,,,,,,,,,1,1,1,,2,,,,,,,2,7,,,2B,,,,,2026,U.S. - Midwest,,Japan (Miyagi),Onikoube,"2,346 ",150,80,Independent,Indy,,,,,,,,,,,,,6,,,,,,,,6,,,,,,2,,2026,Japan (Miyagi),,Canada - British Columbia,Silver Star,"2,494 ","3,304",276,Pacific Group Resorts,Ikon,,,1,,,,1,,2,2,,,,,,1,,,,3,10,,,7,"5, B","1-4, B, S",,,"2025, 2026",Canada - West,,,Les 7 Laux,"3,445 ",,,,Indy,,,,,,,3,1,2,3,,,,,,3,10,,,2,24,,,,,,2,,2026,Europe - France,,,Bittersweet,350 ,100,90,Wisconsin Resorts,,,,,,,,,,2,,3,,1,,,,,,2,3,11,,,,,,,,,U.S. - Midwest
,Red Mountain,"2,919 ","3,850",300,Independent,Ikon,,,,,,,,,,2,3,,1,,,1,,,,1,8,,,7,5B,"1-4, B, S",,,2020,Canada - West,Public w/Aerial Lifts,,,Sugar Bowl,"1,500 ","1,650",429,Independent,MC,,,1,,,,,,5,3,1,,,,,,,1,,1,12,,,,,,,2,2022,U.S. - West,,U.S. - New Hampshire,McIntyre,170 ,26,50,Independent,Indy,,,,,,,,,,,,,2,,,,,,,2,4,,,,,,2,,2025,U.S. - East,,U.S. - Minnesota,Hyland Hills,175 ,35,60,Three Rivers Park District,Indy,,,,,,,,,,3,,,,,,,,,4,2,9,,,,,,2B,,2025,U.S. - Midwest,,Japan (Nagano),Able Hakuba Goryu Snow Resort,"3,038 ",297,472,Independent,Epic,,,1,,,,,,3,1,,,7,1,,,,,,,13,5CS,5CS,,,,,,2017,Japan (Nagano),,Canada - British Columbia,Sun Peaks,"2,894 ","4,270",237,Nippon Cable,"Ikon, MC",,,,,,,,,4,4,,,,,,,,2,,4,14,,,7,5B,"1-4, B, S",,2,"2020, 2022",Canada - West,,,Les Contamines Montjoie (inc. Hauteluce for lifts),"4,341 ",,,,Indy,,,4,,,,3,,3,2,,,,,,,,12,,,24,,,YES,YES,,2,YES,2026,Europe - France,,,Cannonsburg,250 ,100,100,Independent,,,,,,,,,,,1,1,,1,,,,,,4,1,8,,,,,,,,,U.S. - Midwest
,Revelstoke,"5,620 ","3,121",540,Northland Properties Corporation,"Ikon, MC",,,1,,,,,,2,1,,,,,,,,,,1,5,,,7,5B,"1-4, B, S",,2,"2013, 2018",Canada - West,Public w/Aerial Lifts,,U.S. - Colorado,Arapahoe Basin,"1,698 ","1,428",350,Alterra ,Ikon,,,,,,,1,,1,3,,,1,,,,,,1,2,9,,,U,U,"1-4, B, S",,,2019,U.S. - West,,U.S. - New Hampshire,Mount Sunapee,"1,510 ",233,130,Vail Resorts,Epic,,,,,,,,,2,1,2,,,,,,,,,3,8,U,U,,,,,,2018,U.S. - East,,U.S. - Minnesota,Lutsen Mountains,825 ,"1,000",120,Midwest Family Ski Resorts,Ikon,,,1,,,,2,,,,,,3,,,,,,,1,7,,,7,"5, B","1-4, B, S",,,2026,U.S. - Midwest,,,Hakuba 47 Winter Sports Park,"2,605 ",79,472,Independent,Epic,,,1,,,,,,1,,,,4,,,,,,,1,7,5CS,5CS,,,,,,2017,Japan (Nagano),,Canada - British Columbia,Whistler Blackcomb,"5,280 ","8,171",404,Vail Resorts,Epic,,,5,1,,1,4,,8,,3,,,,,2,,,,7,31,U,10SB,,,,,,2016,Canada - West,,,Megève,"2,956 ",,126,Compagnie des Alps,"Ikon, MC",2,,10,,,,12,,6,12,2,,2,,,,,49,5,8,108,,,7,5,,,2,"2024, 2025",Europe - France,,,Homestead,225 ,16,,Independent,,,,,,,,,,,,2,,1,,,,,,1,1,5,,,,,,,,,U.S. - Midwest
,Sasquatch,"1,073 ",205,184,Independent,Indy,,,,,,,,,,1,1,,1,,,,,,,,3,,,,,,2,,2020,Canada - West,Public w/Aerial Lifts,,,Aspen Highlands,"3,635 ","1,010",260,Aspen Skiing Company,"Ikon, MC",,,,,,,,,3,,2,,1,,,,,,,,6,,,7S,,,,2S,"2012, 2018",U.S. - West,,U.S. - New Hampshire,Pats Peak,770 ,115,100,Independent,Indy,,,,,,,,,,1,3,,2,,,,1,,2,2,11,,,,,,2B,,2019,U.S. - East,,U.S. - Minnesota,Mount Kato,240 ,55,50,Independent,Indy,,,,,,,,,,5,,,3,,,,,,,1,9,,,,,,2,,2022,U.S. - Midwest,,,Hakuba Cortina Snow Resort,"1,739 ",124,512,Independent,Epic,,,,,,,,,2,,,,4,,,,,,,,6,5CS,5CS,,,,,,2017,Japan (Nagano),,Canada - Newfoundland & Labrador,Marble Mountain,"1,758 ",230,168,Independent,Indy,,,,,,,,,1,2,,,,,,,,,,2,5,,,,,,2B,,2025,Canada - East,,,Orcières Merlette 1850,"2,871 ",,,,Indy,,,,,,,2,3,,2,,,1,,,,,13,1,4,26,,,,,,2,,2026,Europe - France,,,Mount Bohemia (UP),898 ,585,273,Independent,,,,,,,,,,,,1,,1,,,,,,,,2,,,,,,,,,U.S. - Midwest
,Shames Mountain,"1,601 ",252,480,Independent,Indy,,,,,,,,,,,,,1,,,1,,,,,2,,,,,,2,,2023,Canada - West,Public w/Aerial Lifts,,,Aspen Mountain,"3,317 ",826,248,Aspen Skiing Company,"Ikon, MC",,,1,,,,,,3,,,1,1,,,,,,,,6,,,7S,,,,2S,"2012, 2018",U.S. - West,,U.S. - New Hampshire,Ragged,"1,250 ",250,100,Independent,Indy,,,,,,,1,,1,,1,,,,,,,,,,3,,,,,,2B,,2024,U.S. - East,,U.S. - Minnesota,Powder Ridge,290 ,60,60,Independent,Indy,,,,,,,,,,2,,,1,,,,1,,3,,7,,,,,,2,,2019,U.S. - Midwest,,,Hakuba Happo-One Snow Resort,"3,514 ",544,461,Nippon Ski Resort Development,Epic,,,1,,,,,,5,,3,,11,,,,,,,1,21,5CS,5CS,,,,,,2017,Japan (Nagano),,Canada - Newfoundland & Labrador,Smokey Mountain Ski Club,820 ,80,118,Independent,Indy,,,,,,,,,,1,,,,,,,,2,,1,4,,,,,,2,,2025,Canada - East,,,Valmorel (Le Grand Domaine),"4,147 ",,,,Indy,,,3,,1,,7,,1,5,,,1,,,,25,,1,2,46,,,,,,2,,2026,Europe - France,,,Mount Holly,350 ,100,42,Wisconsin Resorts,,,,,,,,,,2,2,2,,1,,,,,,4,2,13,,,,,,,,,U.S. - Midwest
,Silver Star,"2,494 ","3,304",276,Pacific Group Resorts,Ikon,,,1,,,,1,,2,2,,,,,,1,,,,3,10,,,7,"5, B","1-4, B, S",,,"2025, 2026",Canada - West,Public w/Aerial Lifts,,,Beaver Creek,"3,340 ","2,082",323,Vail Resorts,Epic,,,2,,,,,1,12,1,1,,1,,,,,,,7,25,U,10SB,,,,,,2008,U.S. - West,,U.S. - New Hampshire,Tenney,"1,400 ",130,140,Independent,Indy,,,,,,,,,,,1,,1,,,,,1,,2,5,,,,,,2B,,2025,U.S. - East,,U.S. - Minnesota,Spirit Mountain,592 ,175,90,City of Duluth,Indy,,,,,,,,,1,2,,,,,,,,,1,2,6,,,,,,2,,2019,U.S. - Midwest,,,Hakuba Iwatake Snow Field,"1,768 ",309,433,Nippon Ski Resort Development,Epic,,,1,,,,,,1,,1,,7,1,1,,,,,,12,5CS,5CS,,,,,,2017,Japan (Nagano),,Canada - Nova Scotia,Cape Smokey,"1,000 ",150,236,Cape Smokey Holding,Indy,,,1,,,,,,,,,,,,,,,1,,,2,,,,,,2,,2024,Canada - East,,Europe - Germany,Oberstdorf-Kleinwalsertal,"4,632 ","19,136",120,,Indy,,,,,,,,,,,,,,,,,,,,,48,,,,,,2,,2025,Europe - Germany,,,Mount Zion (UP),300 ,20,200,Independent,,,,,,,,,,,,,,1,,,,,,3,,4,,,,,,,,,U.S. - Midwest
,Sun Peaks,"2,894 ","4,270",237,Nippon Cable,"Ikon, MC",,,,,,,,,4,4,,,,,,,,2,,4,14,,,7,5B,"1-4, B, S",,2,"2020, 2022",Canada - West,Public w/Aerial Lifts,,,Breckenridge,"3,240 ","2,908",355,Vail Resorts,Epic,,,1,,,,5,,8,1,1,,4,,,1,,3,,11,35,U,U,,,,,,2008,U.S. - West,,U.S. - New Hampshire,Veterans Memorial,236 ,50,,Independent,Indy,,,,,,,,,,,,,,,,1,,,1,1,3,,,,,,2,,2026,U.S. - East,,U.S. - Minnesota,Wild Mountain,300 ,100,50,Independent,Ikon,,,,,,,,,,4,,,,,,,,,4,1,9,,,2B,,,,,2025,U.S. - Midwest,,,Hakuba Norikura Onsen Snow Resort,"2,618 ",124,433,Independent,Epic,,,,,,,,,,,,,6,3,,,,,,,9,5CS,5CS,,,,,,2017,Japan (Nagano),,Canada - Nova Scotia,Ski Martock,532 ,60,100,Cape Smokey Holding,Snow Pass,,,,,,,,,,1,,,,,,1,,,,1,3,,,,,,,,2026,Canada - East,,Europe - Italy,Dolomiti Superski,"5,954 ","29,652",,Independent,Ikon,,,,,,,,,,,,,,,,,,,,,450,,,7,5,,,,2021,Europe - Italy,,,Otsego,400 ,160,155,Independent,,,,,,,,,,,1,1,,3,,,,,,,,5,,,,,,,,,U.S. - Midwest
,Whistler Blackcomb,"5,280 ","8,171",404,Vail Resorts,Epic,,,5,1,,1,4,,8,,3,,,,,2,,,,7,31,U,10SB,,,,,,2016,Canada - West,Public w/Aerial Lifts,,,Buttermilk,"2,030 ",435,200,Aspen Skiing Company,"Ikon, MC",,,,,,,,,3,,,,1,,,,,,1,1,6,,,7S,,,,2S,"2012, 2018",U.S. - West,,U.S. - New Hampshire,Waterville Valley,"2,020 ",265,148,Independent,Indy,,,,,,,1,,1,,2,,2,,,2,,,,2,10,,,,,,2,,2021,U.S. - East,,U.S. - Missouri,Hidden Valley,320 ,65,19,Vail Resorts,Epic,,,,,,,,,,2,2,,1,,,,,,1,1,7,U,U,,,,,,2019,U.S. - Midwest,,,Jiigatake Snow Resort,853 ,74,,Independent,Epic,,,,,,,,,,,,,4,,,,,,,1,5,5CS,5CS,,,,,,2017,Japan (Nagano),,Canada - Ontario,Blue Mountain,730 ,365,154,Alterra ,Ikon,,,,,,,5,,,1,1,,,,,,,,,4,11,,,U,U,"1-4, B, S",,,2018,Canada - East,,,Pila,"3,097 ",865,97,Independent,Indy,1,,5,,,,1,,2,1,2,,2,,,,,,,4,18,,,,,,2,,2025,Europe - Italy,,,Pine Knob,300 ,80,60,Wisconsin Resorts,,,,,,,,,,,,5,,,,,,,,5,3,13,,,,,,,,,U.S. - Midwest
Canada - Newfoundland & Labrador,Marble Mountain,"1,758 ",230,168,Independent,Indy,,,,,,,,,1,2,,,,,,,,,,2,5,,,,,,2B,,2025,Canada - East,,,,Copper Mountain,"2,729 ","2,538",278,Powdr,Ikon,,,,,,,3,1,3,,5,,4,,,1,,2,1,5,25,,,U,U,"1-4, B, S",,,2018,U.S. - West,,U.S. - New Hampshire,Whaleback Mountain,700 ,85,110,Independent,Indy,,,,,,,,,,,,,1,,,1,,,1,1,4,,,,,,2,,2023,U.S. - East,,U.S. - Missouri,Snow Creek,300 ,25,20,Vail Resorts,Epic,,,,,,,,,,,2,,1,,,,,,1,1,5,U,U,,,,,,2019,U.S. - Midwest,,,Kashimayari Ski Resort Family Park,"2,362 ",193,374,Nippon Ski Resort Development,Epic,,,,,,,,,,3,,,5,,,,,,,,8,5CS,5CS,,,,,,2017,Japan (Nagano),,Canada - Ontario,Calabogie Peaks,780 ,80,37,Independent,Indy,,,,,,,,,,2,,,,,,,,,,1,3,,,,,,2,,2022,Canada - East,,,Skirama Dolomiti,"5,689 ",,110,Independent,Epic,,,,,,,,,,,,,,,,,,,,,150,7C,,,,,,,2016,Europe - Italy,,,Porcupine Mountains (UP),630 ,200,200,Independent,,,,,,,,,,,,1,,,,,,,,2,,3,,,,,,,,,U.S. - Midwest
,Smokey Mountain Ski Club,820 ,80,118,Independent,Indy,,,,,,,,,,1,,,,,,,,2,,1,4,,,,,,2,,2025,Canada - East,,,,Crested Butte,"2,502 ","1,547",236,Vail Resorts,Epic,,,,,,,,,4,3,3,,,,,2,,,,3,15,U,U,,,,,,2018,U.S. - West,,U.S. - New Hampshire,Wildcat,"2,112 ",225,200,Vail Resorts,Epic,,,,,,,,,1,,3,,,,,,,,,1,5,U,U,,,,,,2019,U.S. - East,,U.S. - North Dakota,Bottineau Winter Park,200 ,17,70,Independent,Indy,,,,,,,,,,,1,,,,,1,,,2,2,6,,,,,,2,,2023,U.S. - Midwest,,,Kurohime Kogen Snow Park,"1,411 ",,251,Independent,Indy,,,,,,,,,,1,,,5,,,,,,,2,8,,,,,,2,,2025,Japan (Nagano),,Canada - Ontario,Hockley Valley,374 ,30,100,Independent,Indy,,,,,,,,,,2,,,,,,,,,1,1,4,,,,,,2,,2025,Canada - East,,,Valle d'Aosta,,,,Independent,Ikon,,,,,,,,,,,,,,,,,,,,,147,,,7,5,,,,2025,Europe - Italy,,,Ski Brule (UP),421 ,150,150,Independent,,,,,,,,,,,,,,5,,,2,,,5,,12,,,,,,,,,U.S. - Midwest
Canada - Nova Scotia,Cape Smokey,"1,000 ",150,236,Cape Smokey Holding,Indy,,,1,,,,,,,,,,,,,,,1,,,2,,,,,,2,,2024,Canada - East,,,,Cuchara,266 ,43,200,Independent,Indy,,,,,,,,,,,,,1,,,,,,,,1,,,,,,2,,2025,U.S. - West,,U.S. - Vermont,Bolton Valley,"1,704 ",300,312,Independent,Indy,,,,,,,,,,2,,,3,,,,,,1,,6,,,,,,2,,2019,U.S. - East,,U.S. - North Dakota,Frost Fire,338 ,30,35,Independent,Indy,,,,,,,,,,1,,,,,,,,,,1,2,,,,,,2,,2026,U.S. - Midwest,,,Madarao Kogen ,"1,444 ",,512,Tokyo Land Company,Ikon,,,,,,,,,2,,3,,5,,1,,,,,1,12,,,7,5,,,,2026,Japan (Nagano),,Canada - Ontario,Loch Lomond,751 ,70,80,Independent,Indy,,,,,,,,,,1,,,2,,,,,,,,3,,,,,,2,,2022,Canada - East,,Europe - Norway,Norejfell,"3,314 ",,71,,Indy,,,,,,,1,,1,,,,1,,,5,4,,1,2,15,,,,,,2,,2025,Europe - Norway,,,Snow Snake,210 ,40,60,Independent,,,,,,,,,,,,1,,,,,,,,2,1,4,,,,,,,,,U.S. - Midwest
,Ski Martock,532 ,60,100,Cape Smokey Holding,Snow Pass,,,,,,,,,,1,,,,,,1,,,,1,3,,,,,,,,2026,Canada - East,,,,Echo Mountain,600 ,60,150,Independent,Indy,,,,,,,,,,,1,,,,,,,,,1,2,,,,,,2,,2022,U.S. - West,,U.S. - Vermont,Burke,"2,057 ",270,217,Bear Den Partners,Indy,,,,,,,,,2,,,,,,,1,1,,,1,5,,,,,,2,,2025,U.S. - East,,U.S. - North Dakota,Huff Hills,382 ,70,55,Independent,Indy,,,,,,,,,,,,,2,,,,,,2,,4,,,,,,2,,2023,U.S. - Midwest,,,Shiga Kogen (18 Combined Ski Areas),"3,205 ","1,500",487,Independent,Ikon,,,5,,,,,,11,1,3,,19,,2,,,,,,41,,,7,5,,,,2025,Japan (Nagano),,Canada - Ontario,Mt. Baldy ON,476 ,200,47,Independent,Indy,,,,,,,,,,1,,,,,,1,,,1,,3,,,,,,2,,2023,Canada - East,,,Stranda Ski Resort (Strandafjellet?),"2,625 ",,,,Indy,,,,,,,,1,1,,,,,,,2,2,,,1,7,,,,,,2,,2026,Europe - Norway,,,Swiss Valley,225 ,60,39,Perfect Family,,,,,,,,,,,2,1,,,,,,,,1,2,6,,,,,,,,2019,U.S. - Midwest
Canada - Ontario,Blue Mountain,730 ,365,154,Alterra ,Ikon,,,,,,,5,,,1,1,,,,,,,,,4,11,,,U,U,"1-4, B, S",,,2018,Canada - East,Public w/Aerial Lifts,,,Eldora,"1,400 ",680,225,Independent,Ikon,,,,,,,1,,,2,1,,3,,,,,1,1,1,10,,,U,U,"1-4, B, S",,,2018,U.S. - West,,U.S. - Vermont,Jay Peak,"2,112 ",485,349,Pacific Group Resorts,Indy,1,,,,,,,,1,3,1,,1,,,,,,,2,9,,,,,,2,,2020,U.S. - East,,U.S. - North Dakota,Thrill Hills,259 ,30,35,Independent,Indy,,,,,,,,,,,,,1,,,,,,1,,2,,,,,,2,,2026,U.S. - Midwest,,,Snow Resort the Cupid of Romance,"2,612 ",,,,Indy,,,,,,,,,,1,1,,3,,,,,,,3,8,,,,,,2,,2026,Japan (Nagano),,Canada - Quebec,Bromont,"1,152 ",450,210­,Independent,MC,,,,,,,,1,2,4,,,1,,,,,,,3,11,,,,,,,2,2024,Canada - East,,Europe - Scotland,Glencoe,"2,388 ",494,35,Independent,Indy,,,,,,,,,,,,,,,,,,,,,8,,,,,,2,,2024,Europe - Scotland,,,Timber Ridge,250 ,50,80,Independent,,,,,,,,,,,1,1,,2,,,,,,4,1,9,,,,,,,,,U.S. - Midwest
,Calabogie Peaks,780 ,80,37,Independent,Indy,,,,,,,,,,2,,,,,,,,,,1,3,,,,,,2,,2022,Canada - East,,,,Granby Ranch,"1,000 ",406,200,Independent,Indy,,,,,,,,,1,1,1,,1,,,,,,,2,6,,,,,,2B,,2022,U.S. - West,,U.S. - Vermont,Killington,"2,977 ","1,509",230,Phill Gross,Ikon,,,2,,,,2,,4,6,1,,1,,,,,1,,3,20,,,7S,5SB,"1-4, B, S",,,2018,U.S. - East,,U.S. - Ohio,Alpine Valley OH,240 ,72,120,Vail Resorts,Epic,,,,,,,,,,1,1,,1,,,,,,1,1,5,U,U,,,,,,2019,U.S. - Midwest,,,Tangram Ski Circus (Tangram Madarao),"1,706 ",124,,Independent,Indy,,,,,,,,,,2,,,3,,,,,,,2,7,,,,,,2,,2024,Japan (Nagano),,Canada - Quebec,Camp Fortune,627 ,93,71,Sudermann Brothers,Indy,,,,,,,,,,4,1,,,,,1,,,,2,8,,,,,,2,,2024,Canada - East,,,Glenshee,"1,271 ",,25,,Indy,,,,,,,,,,,1,,2,,,3,15,,,,21,,,,,,2,,2025,Europe - Scotland,,U.S. - Minnesota,Buena Vista,173 ,30,78,Independent,,,,,,,,,,,,2,,2,,,,,,1,,5,,,,,,,,,U.S. - Midwest
,Hockley Valley,374 ,30,100,Independent,Indy,,,,,,,,,,2,,,,,,,,,1,1,4,,,,,,2,,2025,Canada - East,Public w/Aerial Lifts,,,Hoedown Hill,130 ,12,24,Independent,Indy,,,,,,,,,,,,,,,,,,,,4,4,,,,,,2,,2024,U.S. - West,,U.S. - Vermont,Magic Mountain,"1,500 ",405,130,Independent,Indy,,,,,,,,,,1,,,2,,,,,,1,1,5,,,,,,2,,2019,U.S. - East,,U.S. - Ohio,Boston Mills,230 ,40,54,Vail Resorts,Epic,,,,,,,,,,1,4,,1,,,,,,,1,7,U,U,,,,,,2019,U.S. - Midwest,,,Togakushi,"1,804 ",146,299,Independent,Indy,,,,,,,,,2,,,,2,3,,,,,,,7,,,,,,2,,2023,Japan (Nagano),,Canada - Quebec,Centre Vorlage,426 ,80,120,Independent,Indy,,,,,,,,,,,,,3,,,,,,,1,4,,,,,,2,,2025,Canada - East,,Europe - Slovenia,Krvavec,"1,710 ",,240,,Indy,,,1,,,,2,,,1,,,3,,1,,3,,,2,13,,,,,,2B,,2025,Europe - Slovenia,,,Chester Bowl,164 ,6,100,City of Duluth,,,,,,,,,,,,,,1,,,,,,,,1,,,,,,,,,U.S. - Midwest
,Loch Lomond,751 ,70,80,Independent,Indy,,,,,,,,,,1,,,2,,,,,,,,3,,,,,,2,,2022,Canada - East,,,,Howelsen Hill,440 ,50,170,Independent,Indy,,,,,,,,,,,1,,,,,,,1,,2,4,,,,,,2,,2023,U.S. - West,,U.S. - Vermont,Middlebury Snowbowl,920 ,200,200,Independent,Indy,,,,,,,,,,1,2,,,,,,,,,1,4,,,,,,2,,2024,U.S. - East,,U.S. - Ohio,Brandywine,262 ,40,54,Vail Resorts,Epic,,,,,,,,,,3,2,,,,,,,,2,1,8,U,U,,,,,,2019,U.S. - Midwest,,,Togari Onsen Ski Area,"1,522 ",,,,Indy,,,,,,,,,3,,,,1,,,,,,,,4,,,,,,2,,2026,Japan (Nagano),,Canada - Quebec,Le Massif du Charlevoix,"2,527 ",406,254,Independent,"Ikon, MC",,,1,,,,,,3,,,,,,,,,2,,3,9,,,7,5B,"1-4, B, S",,2,"2022, 2025",Canada - East,,Europe - Spain,Baqueria Beret,"3,642 ","5,616",50,Independent,Indy,,,1,,,,5,,7,,4,,2,,,2,6,,1,7,35,,,,,,2,,2024,Europe - Spain,,,Mount Itasca,180 ,,,Independent,,,,,,,,,,,,,,1,,,,,1,,,2,,,,,,,,,U.S. - Midwest
,Mt. Baldy ON,476 ,200,47,Independent,Indy,,,,,,,,,,1,,,,,,1,,,1,,3,,,,,,2,,2023,Canada - East,,,,Kendall Mountain,283 ,16,200,Independent,Indy,,,,,,,,,,,,,1,,,,,,,,1,,,,,,2,,2026,U.S. - West,,U.S. - Vermont,Mount Snow,"1,700 ",601,150,Vail Resorts,Epic,,,,,,,2,,4,,5,,2,,,,,,1,5,19,U,U,,,,,,2019,U.S. - East,,U.S. - Ohio,Mad River,300 ,144,36,Vail Resorts,Epic,,,,,,,,,,1,2,,2,,,,,,3,1,9,U,U,,,,,,2019,U.S. - Midwest,,,Tsugaike Mountain Resort,"2,966 ",484,512,Nippon Ski Resort Development,Epic,1,,1,,,,,,9,,,1,5,2,,,,,,1,20,5CS,5CS,,,,,,2017,Japan (Nagano),,Canada - Quebec,Massif du Sud,"1,686 ",331,144,Independent,Indy,,,,,,,,,,1,,,,,,,,1,,,2,,,,,,2,,2024,Canada - East,,Europe - Sweden,Björkliden,"1,640 ",,,,Indy,,,,,,,,,,,,,,,,3,2,,,,5,,,,,,2S,,2025,Europe - Sweden,,,Mount Ski Gull,230 ,55,50,Independent,,,,,,,,,,,,1,,,,,,,,1,1,3,,,,,,,,,U.S. - Midwest
Canada - Quebec,Bromont,"1,152 ",450,210­,Independent,MC,,,,,,,,1,2,4,,,1,,,,,,,3,11,,,,,,,2,2024,Canada - East,Public w/Aerial Lifts,,,Keystone,"2,920 ","3,149",235,Vail Resorts,Epic,,,2,,,,4,,3,1,1,,2,,,,,,,7,20,U,U,,,,,,2008,U.S. - West,,U.S. - Vermont,Okemo,"2,200 ",667,120,Vail Resorts,Epic,,,,,,,2,,4,5,2,,,,,,,1,,6,20,U,U,,,,,,2018,U.S. - East,,U.S. - South Dakota,Great Bear,182 ,21,41,Independent,Indy,,,,,,,,,,1,,,,,,,,,1,1,3,,,,,,2,,2023,U.S. - Midwest,,,White Resort Hakuba Sanosaka (Sun Alpina Sanosaka),"1,509 ",99,394,Independent,Epic,,,,,,,,,2,,1,,2,,,,,,,,5,5CS,5CS,,,,,,2024,Japan (Nagano),,Canada - Quebec,Mont Edouard,"1,477 ",200,217,Quebec Mountain Ski Company,Indy,,,,,,,,,,2,,,,,,,,,,1,3,,,,,,2,,2025,Canada - East,,,Riksgränsen ,"1,276 ",,,,Indy,,,,,,,,,,,1,1,,,,1,3,,,,6,,,,,,2S,,2025,Europe - Sweden,,,Steeplechase,240 ,45,,Independent,,,,,,,,,,,,2,,2,,,,,,,,4,,,,,,,,,U.S. - Midwest
,Camp Fortune,627 ,93,71,Sudermann Brothers,Indy,,,,,,,,,,4,1,,,,,1,,,,2,8,,,,,,2,,2024,Canada - East,Public w/Aerial Lifts,,,Loveland Basin,"1,890 ","1,800",337,Independent,"Indy, Power",,,,,,,,,1,2,4,,,,,,,,,,7,,,,,,2S,,2024,U.S. - West,,U.S. - Vermont,Pico,"1,967 ",468,230,Phill Gross,Ikon,,,,,,,,,2,,2,,,,,,,,1,2,7,,,7S,5SB,"1-4, B, S",,,2018,U.S. - East,,U.S. - South Dakota,Terry Peak,"1,200 ",450,150,Independent,Indy,,,,,,,,,3,,1,,,,,,,,,1,5,,,,,,2B,,2019,U.S. - Midwest,,Japan (Niigata),Arai Snow Resort,"3,120 ",520,826,Independent,Ikon,,,1,,,,,,2,,,,2,,,,,,,,5,,,7,5,,,,2022,Japan (Niigata),,Canada - Quebec,Mont Habitant,601 ,55,130,,Indy,,,,,,,,,,2,,,,,,,,,,1,3,,,,,,2,,2025,Canada - East,,,Stöten i Sälen,"1,286 ",,,,Indy,,,,,,,2,,,,,,,,,6,13,,,3,24,,,,,,2,,2026,Europe - Sweden,,,Welch Village,360 ,140,45,Independent,,,,,,,,,,,7,1,,,,,,,,1,2,11,,,,,,,,,U.S. - Midwest
,Centre Vorlage,426 ,80,120,Independent,Indy,,,,,,,,,,,,,3,,,,,,,1,4,,,,,,2,,2025,Canada - East,Public w/Aerial Lifts,,,Loveland Valley,810 ,,,Independent,"Indy, Power",,,,,,,,,,2,,,,,,,,,,2,4,,,,,,2S,,2024,U.S. - West,,U.S. - Vermont,Saskadena Six,650 ,100,90,Independent,Indy,,,,,,,,,,1,,,1,,,,,,,1,3,,,,,,2,,2019,U.S. - East,,U.S. - Wisconsin,Bruce Mound,375 ,40,12,Independent,Indy,,,,,,,,,,,1,,,,,2,,,3,,6,,,,,,2,,2024,U.S. - Midwest,,,Cupid Valley Ski Resort,"1,739 ",77,,Independent,Indy,,,,,,,,,,2,,,1,,,,,,,,3,,,,,,2,,2024,Japan (Niigata),,Canada - Quebec,Mont Kanasuta,482 ,45,120,,Indy,,,,,,,,,,1,,,,,,1,,,,1,3,,,,,,2,,2026,Canada - East,,Europe - Switzerland,Andermatt-Sedrun,"3,625 ",,263,Vail Resorts,Epic,,,2,,,,7,,1,,,,,,,1,,,,4,16,U,5S,,,,,,2022,Europe - Switzerland,,U.S. - Montana,Bear Paw,900 ,80,140,Independent,,,,,,,,,,,,,,1,,,,,,1,,2,,,,,,,,,U.S. - West
,Le Massif du Charlevoix,"2,527 ",406,254,Independent,"Ikon, MC",,,1,,,,,,3,,,,,,,,,2,,3,9,,,7,5B,"1-4, B, S",,2,"2022, 2025",Canada - East,Public w/Aerial Lifts,,,Monarch,"1,097 ","1,017",308,Independent,"Snow Pass, Power",,,,,,,,,,1,1,,4,,,,,,,2,8,,,,,,,,2026,U.S. - West,,U.S. - Vermont,Smugglers' Notch,"2,610 ","1,060",322,Bear Den Partners,Indy,,,,,,,,,,,,,6,,,1,,,,2,9,,,,,,2,,2026,U.S. - East,,U.S. - Wisconsin,Camp 10,230 ,120,60,Independent,Indy,,,,,,,,,,,,,1,,,2,,,1,,4,,,,,,,,2026,U.S. - Midwest,,,Kandatsu Snow Resort,"1,772 ",,433,,Indy,,,,,,,,,,3,,,3,,,,,,,,6,,,,,,2,,2026,Japan (Niigata),,Canada - Quebec,Mont Rigaud,407 ,159,59,Independent,Indy,,,,,,,,,,2,,,,,,,,,,2,4,,,,,,2,,2024,Canada - East,,,Crans-Montana,"4,698 ",,117,Vail Resorts,Epic,,1,3,,,,3,,3,,,,,,,1,8,,,4,24,U,5,,,,,,2024,Europe - Switzerland,,,Blacktail,"1,440 ","1,000",250,Larry Scrivanich,,,,,,,,,,,,1,,2,,,,,,,1,4,,,,,,,,,U.S. - West
,Massif du Sud,"1,686 ",331,144,Independent,Indy,,,,,,,,,,1,,,,,,,,1,,,2,,,,,,2,,2024,Canada - East,Public w/Aerial Lifts,,,Powderhorn,"1,650 ","1,600",225,Pacific Group Resorts,Indy,,,,,,,,,2,,,,1,,,,,,,2,5,,,,,,2,,2024,U.S. - West,,U.S. - Vermont,Stowe,"2,360 ",485,314,Vail Resorts,Epic,,,2,,,,1,,3,1,1,,2,,,,,,,2,12,U,UB,,,,,,2017,U.S. - East,,U.S. - Wisconsin,Christie Mountain,350 ,100,33,Independent,Indy,,,,,,,,,,,,,1,,,1,,,3,,5,,,,,,2,,2024,U.S. - Midwest,,,Maiko Snow Resort,"2,165 ",,350,Independent,Indy,,,1,,,,,,4,,,1,4,,2,,,,,,12,,,,,,2,,2024,Japan (Niigata),,Canada - Quebec,Mont Sutton,"1,496 ",230,140,Independent,Indy,,,,,,,,,1,2,,,6,,,,,,,1,10,,,,,,2B,,2025,Canada - East,,,Disentis,"5,269 ",,263,Independent,Epic,2,,,,,,,,2,,1,,,,,3,2,,1,1,12,U,5S,,,,,,2023,Europe - Switzerland,,,Bridger Bowl,"2,600 ","2,000",303,Independent,,,,,,,,,,,1,6,,1,,,,,1,,2,11,,,,,,,,,U.S. - West
,Mont Edouard,"1,477 ",200,217,Quebec Mountain Ski Company,Indy,,,,,,,,,,2,,,,,,,,,,1,3,,,,,,2,,2025,Canada - East,Public w/Aerial Lifts,,,Purgatory,"2,072 ","1,635",261,Mountain Capital Partners,Power,,,,,,,1,,2,,4,,3,,,,,,,2,12,,,,,,,,,U.S. - West,,U.S. - Vermont,Stratton,"2,003 ",670,180,Alterra ,Ikon,,,1,,,,4,,1,2,1,,1,,,,,,,4,14,,,U,UB,"1-4, B, S",,,2018,U.S. - East,,U.S. - Wisconsin,Devil’s Head,500 ,300,70,Independent,Ikon,,,,,,,,,,6,,,,,,,,,2,,8,,,"2, B",,,,,2026,U.S. - Midwest,,,Muica Snow Resort,"1,312 ",244,394,Independent,Indy,,,,,,,,,,1,,,3,,,,,,,1,5,,,,,,2,,2024,Japan (Niigata),,Canada - Quebec,Mont Tremblant,"2,116 ",755,192,Alterra ,Ikon,,,2,,1,,,,6,2,1,,,,,,,,,2,14,,,U,U,"1-4, B, S",,,2018,Canada - East,,,Engstligenalp (-Adelboden),"1,253 ",,,,Indy,2,,,,,,,,,,,,,,,3,,1,2,,8,,,,,,2,,2026,Europe - Switzerland,,,Discovery,"1,670 ","2,200",215,Independent,,,,,,,,,,,,5,,2,,,,,,,1,8,,,,,,,,,U.S. - West
,Mont Habitant,601 ,55,130,,Indy,,,,,,,,,,2,,,,,,,,,,1,3,,,,,,2,,2025,Canada - East,Public w/Aerial Lifts,,,Snowmass,"4,400 ","3,342",301,Aspen Skiing Company,"Ikon, MC",,,1,1,,,3,,6,2,,,1,,,1,,3,,2,20,,,7S,"5, B",,,2S,"2012, 2018",U.S. - West,,U.S. - Vermont,Sugarbush,"2,600 ",581,267,Alterra ,Ikon,,,,,,,,,5,6,1,,1,,,1,,,,3,17,,,U,UB,"1-4, B, S",,,2018,U.S. - East,,U.S. - Wisconsin,Granite Peak,658 ,400,60,Midwest Family Ski Resorts,Ikon,,,,,,,1,,2,,2,,,,,,,,,2,7,,,7,"5, B","1-4, B, S",,,2026,U.S. - Midwest,,,Myoko Suginohara Ski Resort,"3,688 ",222,512,Prince Snow Resorts,Ikon,,,1,,,,,,,2,,,2,,,,,,,,5,,,7,5,,,,2025,Japan (Niigata),,Canada - Quebec,Mont-Sainte Anne,"2,050 ",547,209,Resorts of the Canadian Rockies,Epic,,,1,,,,,,3,1,,,,,,2,,,,2,9,7S,,,,,,,2017,Canada - East,,,Hohsaas - Saas-Grund,"5,384 ",,,,Indy,,,2,,,,,,,,,,,,,1,1,,1,2,7,,,,,,2,,2026,Europe - Switzerland,,,Great Divide,"1,500 ","1,600",180,Independent,,,,,,,,,,,,,,5,,,,,,1,,6,,,,,,,,,U.S. - West
,Mont Kanasuta,482 ,45,120,,Indy,,,,,,,,,,1,,,,,,1,,,,1,3,,,,,,2,,2026,Canada - East,Public w/Aerial Lifts,,,Steamboat,"3,668 ","3,741",370,Alterra ,Ikon,,,2,1,,,1,,8,,4,,2,,,,,,1,6,25,,,U,5B,"1-4, B, S",,,2018,U.S. - West,,,,,,,,,,,,,,,,,,,,,,,,,,,,,,,,,,,,,,,,U.S. - Wisconsin,Mount La Crosse,516 ,100,41,Independent,Indy,,,,,,,,,,,,,3,,,,,,,1,4,,,,,,2,,2025,U.S. - Midwest,,,Ninox Snow Park,708 ,49,,Independent,Indy,,,,,,,,,,1,,,1,,,,,,,,2,,,,,,2,,2024,Japan (Niigata),,Canada - Quebec,Owl's Head,"1,608 ",130,175,,Indy,,,,,,,,,2,2,,,1,,,,,,,1,6,,,,,,2,,2025,Canada - East,,,Leukerbad Torrent Ski Resort (& Gemmi for Magic only?),"3,934 ","8,000",,,Indy,1,,2,,,,1,,,,,,,,,2,1,,2,4,13,,,,,,2,,2025,Europe - Switzerland,,,Teton Pass,"1,000 ",407,250,Independent,,,,,,,,,,,,,,1,,,,,1,,1,3,,,,,,,,,U.S. - West
,Mont Rigaud,407 ,159,59,Independent,Indy,,,,,,,,,,2,,,,,,,,,,2,4,,,,,,2,,2024,Canada - East,Public w/Aerial Lifts,,,Sunlight,"1,753 ",730,227,Independent,Indy,,,,,,,,,,1,2,,,,,,,,,7,10,,,,,,2,,2022,U.S. - West,,,,,,,,,,,,,,,,,,,,,,,,,,,,,,,,,,,,,,,,U.S. - Wisconsin,Nutt Hill,120 ,7,,Independent,Indy,,,,,,,,,,,,,,,,,,,,1,1,,,,,,2,,2026,U.S. - Midwest,,,Yuzawa Nakazato,801 ,326,531,Independent,Indy,,,,,,,,,1,,,,5,,,,,,,1,7,,,,,,2,,2024,Japan (Niigata),,Canada - Quebec,Ski Saint-Bruno,440 ,35,,,Indy,,,,,,,,,,2,2,,,,,,,,,5,9,,,,,,2,,2026,Canada - East,,,Pizol,"5,712 ",,,,Indy,,,2,,,,1,,3,,,,,,,2,2,,1,,11,,,,,,2,,2026,Europe - Switzerland,,,Turner,"2,110 ","1,000",250,Independent,,,,,,,,,,,,,,1,,,,,,,,1,,,,,,,,,U.S. - West
,Mont Sutton,"1,496 ",230,140,Independent,Indy,,,,,,,,,1,2,,,6,,,,,,,1,10,,,,,,2B,,2025,Canada - East,Public w/Aerial Lifts,,,Telluride,"3,790 ","2,000",280,Independent,Epic,,,2,,,,,1,7,1,1,,2,,,,,2,,3,19,7,,,,,,,2018,U.S. - West,,,,,,,,,,,,,,,,,,,,,,,,,,,,,,,,,,,,,,,,U.S. - Wisconsin,Paul Bunyan,115 ,30,65,Independent,Indy,,,,,,,,,,,,,,,,1,,,4,1,6,,,,,,2,,2026,U.S. - Midwest,,Japan (Yamagata),Zao Onsen,"2,890 ",754,632,Independent,Ikon,2,1,1,,,,,,4,,2,,25,,,,,,,,35,,,7,5,,,,2025,Japan (Yamagata),,Canada - Quebec,Stoneham,"1,132 ",336,169,Resorts of the Canadian Rockies,Epic,,,,,,,,,1,3,,,,,,,,,,2,6,7S,,,,,,,2017,Canada - East,,,St. Moritz,"4,941 ","86,487",369,Independent,Ikon,,,,,,,,,,,,,,,,,,,,,58,,,7,5,,,,2024,Europe - Switzerland,,,Whitefish,"2,353 ","3,000",303,Independent,,,,,,,,1,,3,2,6,,,,,2,,,,2,16,,,,,,,,,U.S. - West
,Mont Tremblant,"2,116 ",755,192,Alterra ,Ikon,,,2,,1,,,,6,2,1,,,,,,,,,2,14,,,U,U,"1-4, B, S",,,2018,Canada - East,Public w/Aerial Lifts,,,Vail Mountain    ,"3,450 ","5,317",354,Vail Resorts,Epic,,,2,,,,4,,14,1,2,,,,,1,,3,,5,32,U,10SB,,,,,,2008,U.S. - West,,,,,,,,,,,,,,,,,,,,,,,,,,,,,,,,,,,,,,,,U.S. - Wisconsin,Sunburst,197 ,30,11,Independent,Indy,,,,,,,,,,,,,3,,,,,,4,2,9,,,,,,2,,2025,U.S. - Midwest,,,,,,,,,,,,,,,,,,,,,,,,,,,,,,,,,,,,,,,,Canada - Quebec,Val D'Irene,899 ,72,92,Independent,Indy,,,,,,,,,,1,,,,,,1,,,,1,3,,,,,,2,,2025,Canada - East,,,Tschiertschen,"3,383 ",,,,Indy,,,,,,,,,1,1,,,,,,2,,,,,4,,,,,,2,,2026,Europe - Switzerland,,U.S. - Nevada,Diamond Peak,"1,478 ",655,250,Independent,,,,,,,,,,1,2,,,3,,,,,,,1,7,,,,,,,,,U.S. - West
,Mont-Sainte Anne,"2,050 ",547,209,Resorts of the Canadian Rockies,Epic,,,1,,,,,,3,1,,,,,,2,,,,2,9,7S,,,,,,,2017,Canada - East,Public w/Aerial Lifts,,,Winter Park,"3,060 ","3,081",344.6,Alterra ,Ikon,,,1,,1,,4,,5,,3,,6,,,,,1,,3,24,,,U,U,"1-4, B, S",,,2018,U.S. - West,,,,,,,,,,,,,,,,,,,,,,,,,,,,,,,,,,,,,,,,U.S. - Wisconsin,Trollhaugen,272 ,86,50,Independent,Indy,,,,,,,,,,4,,,,,,,,,5,,9,,,,,,2,,2019,U.S. - Midwest,,,,,,,,,,,,,,,,,,,,,,,,,,,,,,,,,,,,,,,,Canada - Quebec,Vallee Bleue,367 ,50,155,Independent,Indy,,,,,,,,,,1,1,,,,,,,,,1,3,,,,,,2,,2025,Canada - East,,,Verbier 4 Vallées,"6,033 ",,240,Independent,Epic,,,,,,,,,,,,,,,,,,,,,80,5C,5C,,,,,,2016,Europe - Switzerland,,,Mt. Rose,"1,623 ","1,200",313,Independent,,,,,,,,2,,1,2,1,,,,,,,,,3,9,,,,,,,,,U.S. - West
,Owl's Head,"1,608 ",130,175,,Indy,,,,,,,,,2,2,,,1,,,,,,,1,6,,,,,,2,,2025,Canada - East,Public w/Aerial Lifts,,U.S. - Connecticut,Mohawk Mountain,640 ,112,92,Independent,Indy,,,,,,,,,,,5,,,,,,,,,4,9,,,,,,2B,,2019,U.S. - East,,,,,,,,,,,,,,,,,,,,,,,,,,,,,,,,,,,,,,,,U.S. - Wisconsin,Tyrol Basin,300 ,40,51,Independent,Indy,,,,,,,,,,,3,,,,,,,,2,2,7,,,,,,2,,2019,U.S. - Midwest,,,,,,,,,,,,,,,,,,,,,,,,,,,,,,,,,,,,,,,,,,,,,,,,,,,,,,,,,,,,,,,,,,,,,,,,,,,,,,,Zermatt Matterhorn,"7,425 ","3,500",138,Independent,Ikon,,,,,,,,,,,,,,,,,,,,,,,,7,5,,,,2019,Europe - Switzerland,,U.S. - New Hampshire,Bretton Woods,"1,500 ",470,200,Omni Hotels,,,,1,,,,,,4,1,,,,,,1,,,,2,9,,,,,,,,,U.S. - East
,Ski Saint-Bruno,440 ,35,,,Indy,,,,,,,,,,2,2,,,,,,,,,5,9,,,,,,2,,2026,Canada - East,Public w/Aerial Lifts,,,Mount Southington,354 ,51,40,Independent,Snow Pass,,,,,,,,,,,3,,1,,,,,,,3,7,,,,,,,,"2023, 2026",U.S. - East,,,,,,,,,,,,,,,,,,,,,,,,,,,,,,,,,,,,,,,,U.S. - Wisconsin,Whitecap Mountains,455 ,400,200,Independent,Indy,,,,,,,,,,,1,,4,,,,,,,1,6,,,,,,2,,2026,U.S. - Midwest,,,,,,,,,,,,,,,,,,,,,,,,,,,,,,,,,,,,,,,,,,,,,,,,,,,,,,,,,,,,,,,,,,,,,,,,,,,,,,"Europe - Switzerland, Europe - France",Portes du Soleil,"4,353 ","16,018",315,,Indy,2,,9,,,2,35,,8,19,5,,2,,,6,,66,5,5,164,,,,,,2,,2025,Europe - Switzerland,,,Campton,313 ,,,Independent,,,,,,,,,,,,,,1,,,,,,1,,2,,,,,,,,,U.S. - East
,Stoneham,"1,132 ",336,169,Resorts of the Canadian Rockies,Epic,,,,,,,,,1,3,,,,,,,,,,2,6,7S,,,,,,,2017,Canada - East,Public w/Aerial Lifts,,,Powder Ridge,550 ,80,38,Independent,Indy,,,,,,,,,,,1,,2,,,,,,,2,5,,,,,,2B,,2026,U.S. - East,,,,,,,,,,,,,,,,,,,,,,,,,,,,,,,,,,,,,,,,U.S. - Wisconsin,Wilmot,200 ,120,48,Vail Resorts,Epic,,,,,,,,,,3,1,,2,,,,,,2,2,10,U,U,,,,,,2016,U.S. - Midwest,,,,,,,,,,,,,,,,,,,,,,,,,,,,,,,,,,,,,,,,,,,,,,,,,,,,,,,,,,,,,,,,,,,,,,,,,,,,,,Europe - Turkey,Erciyes,"4,127 ",2965,,Independent,Indy,,,2,,,,3,,2,6,,,,,,,,,1,5,19,,,,,,2,,2024,Europe - Turkey,,,Granite Gorge,525 ,25,100,Independent,,,,,,,,,,,,,,1,,,,,,1,1,3,,,,,,,,,U.S. - East
,Val D'Irene,899 ,72,92,Independent,Indy,,,,,,,,,,1,,,,,,1,,,,1,3,,,,,,2,,2025,Canada - East,Public w/Aerial Lifts,,U.S. - Idaho,Brundage,"1,921 ","1,920",297,Independent,Indy,,,,,,,,,2,,3,,,,,,,,,1,6,,,,,,2B,,2019,U.S. - West,,,,,,,,,,,,,,,,,,,,,,,,,,,,,,,,,,,,,,,,,,,,,,,,,,,,,,,,,,,,,,,,,,,,,,,,,,,,,,,,,,,,,,,,,,,,,,,,,,,,,,,,,,,,,,,,,,,,,,,,,,,,,,,,,,,,,,,,,,,,,,,,,,,,,,,,,,,Kaya Palazzo Kartalkaya Dorukkaya (Dorukkaya - Bolu-Kartalkaya),"1,112 ",,,,Indy,,,,,,,,,1,,,,,,,4,2,,1,2,10,,,,,,2,,2025,Europe - Turkey,,,Gunstock,"1,340 ",227,120,Independent,,,,,,,,,,1,2,2,,,,,,,,,3,8,,,,,,,,,U.S. - East
,Vallee Bleue,367 ,50,155,Independent,Indy,,,,,,,,,,1,1,,,,,,,,,1,3,,,,,,2,,2025,Canada - East,Public w/Aerial Lifts,,,Kelly Canyon,"1,200 ",640,250,Independent,Indy,,,,,,,,,,,1,,2,,,,,,,1,4,,,,,,2,,2022,U.S. - West,,,,,,,,,,,,,,,,,,,,,,,,,,,,,,,,,,,,,,,,,,,,,,,,,,,,,,,,,,,,,,,,,,,,,,,,,,,,,,,,,,,,,,,,,,,,,,,,,,,,,,,,,,,,,,,,,,,,,,,,,,,,,,,,,,,,,,,,,,,,,,,,,,,,,,,,,,,Palandoken Ski Resort,"3,255 ",,,Independent,Indy,,,2,,,,,,3,3,1,,3,,,1,,,,3,16,,,,,,2,,2025,Europe - Turkey,,U.S. - New Jersey,Campgaw,270 ,18,45,Independent,,,,,,,,,,,,,,2,,,,,,,3,5,,,,,,,,,U.S. - East
Chile,Corralco,"3,150 ","2,475",354,Independent,Indy,,,,,,,,,1,,,,1,,,,5,,,,7,,,,,,2,,2025,Chile,,,,Little Ski Hill,393 ,40,150,Independent,Indy,,,,,,,,,,,,,,,,1,,,,,1,,,,,,2,,2025,U.S. - West,,,,,,,,,,,,,,,,,,,,,,,,,,,,,,,,,,,,,,,,,,,,,,,,,,,,,,,,,,,,,,,,,,,,,,,,,,,,,,,,,,,,,,,,,,,,,,,,,,,,,,,,,,,,,,,,,,,,,,,,,,,,,,,,,,,,,,,,,,,,,,,,,,,,,,,,,,Europe -Czech Republic,Malá Úpa,870 ,,26,Independent,Indy,,,,,,,,,,,,,,,,5,,1,,1,7,,,,,,2,,2024,Europe -Czech Republic,,U.S. - New Mexico,Angel Fire Resort,"2,077 ",560,210,Independent,,,,,,,,1,,2,1,,,2,,,,,,,2,8,,,,,,,,,U.S. - West
,La Parva,"3,018 ","1,977",300,Mountain Capital Partners,Power,,,,,,,,,,2,2,,1,,,10,,,,,15,,,,,,,,,Chile,,,,Magic Mountain,740 ,120,230,Independent,Indy,,,,,,,,,,,,,1,,,,,,,2,3,,,,,,2,,,U.S. - West,,,,,,,,,,,,,,,,,,,,,,,,,,,,,,,,,,,,,,,,,,,,,,,,,,,,,,,,,,,,,,,,,,,,,,,,,,,,,,,,,,,,,,,,,,,,,,,,,,,,,,,,,,,,,,,,,,,,,,,,,,,,,,,,,,,,,,,,,,,,,,,,,,,,,,,,,,,,,,,,,,,,,,,,,,,,,,,,,,,,,,,,,,,,,,,,,Cloudcroft,700 ,74,120,Independent,,,,,,,,,,,,,,1,,,,,,2,,3,,,,,,,,,U.S. - West
,Valle Nevado,"2,658 ","2,400",240,Mountain Capital Partners,"Ikon, MC, Power",,,1,,,,,,1,1,1,,2,,,1,6,,,3,16,,,"7, 26, 27","5, 26, 27",,,"2, 26","2015, 2018",Chile,,,,Pebble Creek,"2,200 ","1,100",225,Independent,Indy,,,,,,,,,,,3,,,,,,,,,1,4,,,,,,2,,2026,U.S. - West,,,,,,,,,,,,,,,,,,,,,,,,,,,,,,,,,,,,,,,,,,,,,,,,,,,,,,,,,,,,,,,,,,,,,,,,,,,,,,,,,,,,,,,,,,,,,,,,,,,,,,,,,,,,,,,,,,,,,,,,,,,,,,,,,,,,,,,,,,,,,,,,,,,,,,,,,,,,,,,,,,,,,,,,,,,,,,,,,,,,,,,,,,,,,,,,,Red River,"1,600 ",285,214,Independent,,,,,,,,,,,1,4,,,,,,,,2,,7,,,,,,,,,U.S. - West
China - Heibei,Yunding Snow Park (Genting Resort Secret Garden),"1,306 ",257,394,Independent,Ikon,,,,,,,1,1,2,1,,,,,,,,,,3,8,,,7,5,,,,2025,"Asia, China",,,,Pomerelle,"1,002 ",500,325,Independent,Indy,,,,,,,,,,,2,,,,,,,,,1,3,,,,,,2,,2021,U.S. - West,,,,,,,,,,,,,,,,,,,,,,,,,,,,,,,,,,,,,,,,,,,,,,,,,,,,,,,,,,,,,,,,,,,,,,,,,,,,,,,,,,,,,,,,,,,,,,,,,,,,,,,,,,,,,,,,,,,,,,,,,,,,,,,,,,,,,,,,,,,,,,,,,,,,,,,,,,,,,,,,,,,,,,,,,,,,,,,,,,,,,,,,,,,,,,,,,Ski Apache,"1,900 ",750,180,Independent,,,,1,,,,,,,3,5,,,,,,,,2,,11,,,,,,,,,U.S. - West
China - Jilin,Lake Songhua Ski Course (Vanke Songhua Lake),"1,870 ",,,Prince Snow Resorts,Ikon,,,1,,,,,,5,,,,1,,,,,,,,7,,,7,5,,,,2026,"Asia, China",,,,Schweitzer,"2,429 ","2,900",271,Alterra ,Ikon,,,,,,,1,,4,,2,,1,,,1,,,,1,10,,,U,5B,"1-4, B, S",,,2021,U.S. - West,,,,,,,,,,,,,,,,,,,,,,,,,,,,,,,,,,,,,,,,,,,,,,,,,,,,,,,,,,,,,,,,,,,,,,,,,,,,,,,,,,,,,,,,,,,,,,,,,,,,,,,,,,,,,,,,,,,,,,,,,,,,,,,,,,,,,,,,,,,,,,,,,,,,,,,,,,,,,,,,,,,,,,,,,,,,,,,,,,,,,,,,,,,,,,,,,Ski Santa Fe,"1,725 ",660,225,Independent,,,,,,,,,,1,1,2,,1,,,,,,,2,7,,,,,,,,,U.S. - West
,Qiaoshan Beidahu,"2,871 ",,,,Ikon,,,5,,,,,,4,,,,1,,,,,,,7,17,,,7,5,,,,2026,"Asia, China",,,,Silver Mountain,"2,200 ","1,600",328,CMR Lands,Indy,,,1,,,,,,,1,2,,2,,,,,,,,6,,,,,,2B,,2019,U.S. - West,,,,,,,,,,,,,,,,,,,,,,,,,,,,,,,,,,,,,,,,,,,,,,,,,,,,,,,,,,,,,,,,,,,,,,,,,,,,,,,,,,,,,,,,,,,,,,,,,,,,,,,,,,,,,,,,,,,,,,,,,,,,,,,,,,,,,,,,,,,,,,,,,,,,,,,,,,,,,,,,,,,,,,,,,,,,,,,,,,,,,,,,,,,,,,,,U.S. - New York,Bristol,"1,200 ",138,130,Independent,,,,,,,,,,2,1,1,,1,,,,,,,2,7,,,,,,,,,U.S. - East
Europe - Andorra,Grandvalira Resorts,"3,312 ","7,599",,Independent,Ikon,,,,,,,,,,,,,,,,,,,,,123,,,7,5,,,,2022,Europe - Andorra,,,,Soldier Mountain,"1,421 ","1,142",175,Independent,Indy,,,,,,,,,,,,,2,,,,,,,1,3,,,,,,2,,2021,U.S. - West,,,,,,,,,,,,,,,,,,,,,,,,,,,,,,,,,,,,,,,,,,,,,,,,,,,,,,,,,,,,,,,,,,,,,,,,,,,,,,,,,,,,,,,,,,,,,,,,,,,,,,,,,,,,,,,,,,,,,,,,,,,,,,,,,,,,,,,,,,,,,,,,,,,,,,,,,,,,,,,,,,,,,,,,,,,,,,,,,,,,,,,,,,,,,,,,,Holiday Mountain,400 ,37,90,Independent,,,,,,,,,,,1,2,,,,,,,,1,1,5,,,,,,,,,U.S. - East
Europe - Austria,Heiligenblut am Großglockner,"5,253 ",,,,Indy,,,3,1,,,,,1,,,,,,,3,,2,1,1,12,,,,,,2,,2026,Europe - Austria,,,,Sun Valley: Bald ,"3,400 ","2,533",193,Holding Family,"Ikon, MC",,,1,,,,3,,5,,2,,,,,,,,,1,12,,,7S,,,,2S,2022,U.S. - West,,,,,,,,,,,,,,,,,,,,,,,,,,,,,,,,,,,,,,,,,,,,,,,,,,,,,,,,,,,,,,,,,,,,,,,,,,,,,,,,,,,,,,,,,,,,,,,,,,,,,,,,,,,,,,,,,,,,,,,,,,,,,,,,,,,,,,,,,,,,,,,,,,,,,,,,,,,,,,,,,,,,,,,,,,,,,,,,,,,,,,,,,,,,,,,,,Holiday Valley,750 ,290,180,Independent,,,,,,,,1,,3,7,,,,,,,,,,2,13,,,,,,,,,U.S. - East
,Hintertux,"5,742 ",,354,Independent,Epic,,,6,,,,3,,1,,1,,1,,,7,,,,1,20,5CS,,,,,,,2025,Europe - Austria,,,,Sun Valley: Dollar ,628 ,296,,Holding Family,"Ikon, MC",,,,,,,,,2,,1,,1,,,,,,,1,5,,,7S,,,,2S,2022,U.S. - West,,,,,,,,,,,,,,,,,,,,,,,,,,,,,,,,,,,,,,,,,,,,,,,,,,,,,,,,,,,,,,,,,,,,,,,,,,,,,,,,,,,,,,,,,,,,,,,,,,,,,,,,,,,,,,,,,,,,,,,,,,,,,,,,,,,,,,,,,,,,,,,,,,,,,,,,,,,,,,,,,,,,,,,,,,,,,,,,,,,,,,,,,,,,,,,,,Kissing Bridge,550 ,,180,Independent,,,,,,,,,,,2,1,,3,,,,,,2,1,9,,,,,,,,,U.S. - East
,Hochzeiger Bergbahnen Pitztal AG,"3,445 ",,276,,Indy,,,1,,,1,2,,,,,,1,,,1,,3,,7,16,,,,,,2B,,2025,Europe - Austria,,,,Tamarack,"2,800 ","1,100",275,Independent,Ikon,,,,,,,,,3,2,,,,,,,,1,,1,7,,,"2, B",,,,,2026,U.S. - West,,,,,,,,,,,,,,,,,,,,,,,,,,,,,,,,,,,,,,,,,,,,,,,,,,,,,,,,,,,,,,,,,,,,,,,,,,,,,,,,,,,,,,,,,,,,,,,,,,,,,,,,,,,,,,,,,,,,,,,,,,,,,,,,,,,,,,,,,,,,,,,,,,,,,,,,,,,,,,,,,,,,,,,,,,,,,,,,,,,,,,,,,,,,,,,,,Labrador,700 ,250,125,Intermountain Management,,,,,,,,,,,,1,,2,,,1,,,2,,6,,,,,,,,,U.S. - East
,Innsbruck Ski & City Network,"5,282 ","11,614",248,Independent,Indy,,,,,,,,,,,,,,,,,,,,,111,,,,,,2,,2024,Europe - Austria,,,U.S. - Illinois,Chestnut,475 ,220,34,Independent,Indy,,,,,,,,,,2,4,,,,,,,,1,2,9,,,,,,2,,2022,U.S. - Midwest,,,,,,,,,,,,,,,,,,,,,,,,,,,,,,,,,,,,,,,,,,,,,,,,,,,,,,,,,,,,,,,,,,,,,,,,,,,,,,,,,,,,,,,,,,,,,,,,,,,,,,,,,,,,,,,,,,,,,,,,,,,,,,,,,,,,,,,,,,,,,,,,,,,,,,,,,,,,,,,,,,,,,,,,,,,,,,,,,,,,,,,,,,,,,,,,,McCauley,633 ,75,281,Independent,,,,,,,,,,,,1,,,,,2,,,2,,5,,,,,,,,,U.S. - East
,Ischgl,"4,925 ","1,273",244,Independent,Ikon,,,,,,,,,,,,,,,,,,,,,,,,7,5,,,,2025,Europe - Austria,,,,Snowstar,262 ,28,39,Independent,Indy,,,,,,,,,,2,,,2,,,,,,,1,5,,,,,,2,,2023,U.S. - Midwest,,,,,,,,,,,,,,,,,,,,,,,,,,,,,,,,,,,,,,,,,,,,,,,,,,,,,,,,,,,,,,,,,,,,,,,,,,,,,,,,,,,,,,,,,,,,,,,,,,,,,,,,,,,,,,,,,,,,,,,,,,,,,,,,,,,,,,,,,,,,,,,,,,,,,,,,,,,,,,,,,,,,,,,,,,,,,,,,,,,,,,,,,,,,,,,,,Mount Peter,280 ,60,50,Independent,,,,,,,,,,,1,,,2,,,,,,,3,6,,,,,,,,,U.S. - East
,Kaunertaler Glacier,"3,159 ",,394,Independent,Indy,1,,2,,,,,,2,,,,,,,3,,,,1,9,,,,,,2,,2024,Europe - Austria,,,U.S. - Indiana,Paoli Peaks,300 ,65,18,Vail Resorts,Epic,,,,,,,,,,1,3,,1,,,,,,,2,7,U,U,,,,,,2019,U.S. - Midwest,,,,,,,,,,,,,,,,,,,,,,,,,,,,,,,,,,,,,,,,,,,,,,,,,,,,,,,,,,,,,,,,,,,,,,,,,,,,,,,,,,,,,,,,,,,,,,,,,,,,,,,,,,,,,,,,,,,,,,,,,,,,,,,,,,,,,,,,,,,,,,,,,,,,,,,,,,,,,,,,,,,,,,,,,,,,,,,,,,,,,,,,,,,,,,,,,Plattekill,"1,100 ",119,175,Independent,,,,,,,,,,,,1,,1,,,,,,,1,3,,,,,,,,,U.S. - East
,Kitzbühel,"3,950 ","1,421",,Independent,Ikon,,,,,,,,,,,,,,,,,,,,,57,,,7,5,,,,2021,Europe - Austria,,,U.S. - Iowa,Sundown,475 ,85,50,Independent,Indy,,,,,,,,,,1,1,,2,,,,,,,2,6,,,,,,2B,,2021,U.S. - Midwest,,,,,,,,,,,,,,,,,,,,,,,,,,,,,,,,,,,,,,,,,,,,,,,,,,,,,,,,,,,,,,,,,,,,,,,,,,,,,,,,,,,,,,,,,,,,,,,,,,,,,,,,,,,,,,,,,,,,,,,,,,,,,,,,,,,,,,,,,,,,,,,,,,,,,,,,,,,,,,,,,,,,,,,,,,,,,,,,,,,,,,,,,,,,,,,,,Royal Mountain,575 ,60,90,Independent,,,,,,,,,,,,,,3,,,,,,,1,4,,,,,,,,,U.S. - East
,Kitzsteinhorn,"7,412 ",,295,Independent,Epic,1,1,5,,,,3,1,1,,,,1,,,4,5,,,,23,5S,,,,,,,2025,Europe - Austria,,,U.S. - Maine,Big Moose,583 ,,136,Independent,Indy,,,,,,,,,,,1,,,,,,,,,1,2,,,,,,2,,2024,U.S. - East,,,,,,,,,,,,,,,,,,,,,,,,,,,,,,,,,,,,,,,,,,,,,,,,,,,,,,,,,,,,,,,,,,,,,,,,,,,,,,,,,,,,,,,,,,,,,,,,,,,,,,,,,,,,,,,,,,,,,,,,,,,,,,,,,,,,,,,,,,,,,,,,,,,,,,,,,,,,,,,,,,,,,,,,,,,,,,,,,,,,,,,,,,,,,,,,,Song Mountain,700 ,100,125,Intermountain Management,,,,,,,,,,,,2,,2,,,,,,,,4,,,,,,,,,U.S. - East
,Mayrhofen,"6,080 ",,315,Independent,Epic,2,,6,,,3,11,1,3,,,,,,,5,6,,7,16,60,5CS,,,,,,,2025,Europe - Austria,,,,Bigrock,920 ,90,94,Independent,Indy,,,,,,,,,,1,1,,,,,,,,,1,3,,,,,,2,,2022,U.S. - East,,,,,,,,,,,,,,,,,,,,,,,,,,,,,,,,,,,,,,,,,,,,,,,,,,,,,,,,,,,,,,,,,,,,,,,,,,,,,,,,,,,,,,,,,,,,,,,,,,,,,,,,,,,,,,,,,,,,,,,,,,,,,,,,,,,,,,,,,,,,,,,,,,,,,,,,,,,,,,,,,,,,,,,,,,,,,,,,,,,,,,,,,,,,,,,,,Thunder Ridge,600 ,100,60,Independent,,,,,,,,,,,,1,,2,,,,,,,5,8,,,,,,,,,U.S. - East
,Obertauern,"2,241 ",,315,,Indy,,,1,,,1,6,2,5,3,,,2,,,2,3,,,1,26,,,,,,2,,2026,Europe - Austria,,,,Black Mountain of Maine,"1,150 ",300,120,Independent,Indy,,,,,,,,,,,1,,1,,,1,,,1,,4,,,,,,2,,2022,U.S. - East,,,,,,,,,,,,,,,,,,,,,,,,,,,,,,,,,,,,,,,,,,,,,,,,,,,,,,,,,,,,,,,,,,,,,,,,,,,,,,,,,,,,,,,,,,,,,,,,,,,,,,,,,,,,,,,,,,,,,,,,,,,,,,,,,,,,,,,,,,,,,,,,,,,,,,,,,,,,,,,,,,,,,,,,,,,,,,,,,,,,,,,,,,,,,,,,,Val Bialis,400 ,,,Independent,,,,,,,,,,,,,,1,,,,,,1,,2,,,,,,,,,U.S. - East
,Petzen ,"4,101 ",,,,Indy,,,1,,,,,,,1,,,,,,1,,2,1,2,8,,,,,,2,,2026,Europe - Austria,,,,Camden Snow Bowl,850 ,105,50,Independent,Indy,,,,,,,,,,,1,,1,,,,,,,1,3,,,,,,2,,2024,U.S. - East,,,,,,,,,,,,,,,,,,,,,,,,,,,,,,,,,,,,,,,,,,,,,,,,,,,,,,,,,,,,,,,,,,,,,,,,,,,,,,,,,,,,,,,,,,,,,,,,,,,,,,,,,,,,,,,,,,,,,,,,,,,,,,,,,,,,,,,,,,,,,,,,,,,,,,,,,,,,,,,,,,,,,,,,,,,,,,,,,,,,,,,,,,,,,,,,,Victor Constant,475 ,,39,Independent,,,,,,,,,,,,1,,,,,,,,1,,2,,,,,,,,,U.S. - East
,Pitztaler Gletscherbahn,"5,774 ",,394,,Indy,1,,2,,,,1,,,,,,,,,1,1,,,1,7,,,,,,2B,,2025,Europe - Austria,,,,Lost Valley,240 ,45,99,Independent,Indy,,,,,,,,,,,,,3,,,,,,,1,4,,,,,,2,,2024,U.S. - East,,,,,,,,,,,,,,,,,,,,,,,,,,,,,,,,,,,,,,,,,,,,,,,,,,,,,,,,,,,,,,,,,,,,,,,,,,,,,,,,,,,,,,,,,,,,,,,,,,,,,,,,,,,,,,,,,,,,,,,,,,,,,,,,,,,,,,,,,,,,,,,,,,,,,,,,,,,,,,,,,,,,,,,,,,,,,,,,,,,,,,,,,,,,,,,,,Villa Roma,190 ,,,Independent,,,,,,,,,,,,,,1,,,,,,,,1,,,,,,,,,U.S. - East
,Rauriser-Hochalmbahnen,"4,019 ",,177,Independent,Indy,,,3,,,,,,,,,,1,,,3,,1,2,,10,,,,,,2,,2025,Europe - Austria,,,,Mount Abram,"1,050 ",170,115,Independent,Indy,,,,,,,,,,,,,2,,,1,,,,1,4,,,,,,2,,2024,U.S. - East,,,,,,,,,,,,,,,,,,,,,,,,,,,,,,,,,,,,,,,,,,,,,,,,,,,,,,,,,,,,,,,,,,,,,,,,,,,,,,,,,,,,,,,,,,,,,,,,,,,,,,,,,,,,,,,,,,,,,,,,,,,,,,,,,,,,,,,,,,,,,,,,,,,,,,,,,,,,,,,,,,,,,,,,,,,,,,,,,,,,,,,,,,,,,,,,,Willard,505 ,85,80,Independent,,,,,,,,,,,,,,2,,,,,,2,1,5,,,,,,,,,U.S. - East
,Saalbach,"4,282 ",,236,Independent,Epic,,,29,,,6,12,,2,2,,,,,,3,12,,2,1,69,5S,,,,,,,2025,Europe - Austria,,,,Pleasant Mountain,"1,300 ",249,110,Boyne Resorts,Snow Pass,,,,,,,,,1,1,2,,,,,,,,,2,6,,,,,,,,2026,U.S. - East,,,,,,,,,,,,,,,,,,,,,,,,,,,,,,,,,,,,,,,,,,,,,,,,,,,,,,,,,,,,,,,,,,,,,,,,,,,,,,,,,,,,,,,,,,,,,,,,,,,,,,,,,,,,,,,,,,,,,,,,,,,,,,,,,,,,,,,,,,,,,,,,,,,,,,,,,,,,,,,,,,,,,,,,,,,,,,,,,,,,,,,,,,,,,,,,,Windham,"1,600 ",285,105,Independent,,,,,,,,1,,3,,1,,1,,,,,,,5,11,,,,,,,,,U.S. - East
,Silvretta Montafon,"5,675 ",,180,Independent,Epic,2,,8,,,3,5,,,3,,1,6,,,2,2,,1,2,35,5C,,,,,,,2025,Europe - Austria,,,,Saddleback,"1,850 ",600,225,Independent,Indy,,,,,,,,,1,3,,,,,,,1,,,1,6,,,,,,2,,2021,U.S. - East,,,,,,,,,,,,,,,,,,,,,,,,,,,,,,,,,,,,,,,,,,,,,,,,,,,,,,,,,,,,,,,,,,,,,,,,,,,,,,,,,,,,,,,,,,,,,,,,,,,,,,,,,,,,,,,,,,,,,,,,,,,,,,,,,,,,,,,,,,,,,,,,,,,,,,,,,,,,,,,,,,,,,,,,,,,,,,,,,,,,,,,,,,,,,,,,,Woods Valley,500 ,25,74,Independent,,,,,,,,,,,1,,,2,,,,,,,2,5,,,,,,,,,U.S. - East
,Ski Arlberg,"4,944 ",,355,Independent,Epic,5,,12,,,1,17,1,9,4,,,11,,,6,15,,3,1,85,3CLo,,,,,,,2016,Europe - Austria,,,,Sugarloaf,"2,748 ","1,360",200,Boyne Resorts,"Ikon, MC",,,,,,,,,3,3,1,,5,,,2,,,,1,15,,,7,5B,"1-4, B, S",,2,"2018, 2020",U.S. - East,,,,,,,,,,,,,,,,,,,,,,,,,,,,,,,,,,,,,,,,,,,,,,,,,,,,,,,,,,,,,,,,,,,,,,,,,,,,,,,,,,,,,,,,,,,,,,,,,,,,,,,,,,,,,,,,,,,,,,,,,,,,,,,,,,,,,,,,,,,,,,,,,,,,,,,,,,,,,,,,,,,,,,,,,,,,,,,,,,,,,,,,,,,,,,,,U.S. - North Carolina,Appalchian Ski Mountain,365 ,27,27,Independent,,,,,,,,,,,2,,,1,,,,,,1,2,6,,,,,,,,,U.S. - East
,Ski Welt,"4,098 ",,157,Independent,Indy,,,16,,,6,11,1,2,10,1,,2,,,4,,9,8,11,81,,,,,,2,,2023,Europe - Austria,,,,Sunday River,"2,350 ","1,184",167,Boyne Resorts,"Ikon, MC",,,,,,1,1,1,2,5,5,,1,,,1,,,,3,20,,,7,5B,"1-4, B, S",,2,"2018, 2024",U.S. - East,,,,,,,,,,,,,,,,,,,,,,,,,,,,,,,,,,,,,,,,,,,,,,,,,,,,,,,,,,,,,,,,,,,,,,,,,,,,,,,,,,,,,,,,,,,,,,,,,,,,,,,,,,,,,,,,,,,,,,,,,,,,,,,,,,,,,,,,,,,,,,,,,,,,,,,,,,,,,,,,,,,,,,,,,,,,,,,,,,,,,,,,,,,,,,,,,Beech Mountain,831 ,95,84,Independent,,,,,,,,,,,4,,,2,,,,,,1,2,9,,,,,,,,,U.S. - East
,Sölden,"6,529 ",,230,Independent,Epic,,,7,,,3,4,,4,1,,,1,,,6,1,,,2,30,5,,,,,,,2025,Europe - Austria,,,U.S. - Maryland,Wisp,700 ,132,100,Pacific Group Resorts,Indy,,,,,,,,,,2,5,,,,,,,,1,5,13,,,,,,2,,2024,U.S. - East,,,,,,,,,,,,,,,,,,,,,,,,,,,,,,,,,,,,,,,,,,,,,,,,,,,,,,,,,,,,,,,,,,,,,,,,,,,,,,,,,,,,,,,,,,,,,,,,,,,,,,,,,,,,,,,,,,,,,,,,,,,,,,,,,,,,,,,,,,,,,,,,,,,,,,,,,,,,,,,,,,,,,,,,,,,,,,,,,,,,,,,,,,,,,,,,,Sapphire Valley,200 ,8,24,Independent,,,,,,,,,,,1,,,,,,,,,,1,2,,,,,,,,,U.S. - East
,St. Johann (in Tirol/Oberndorf-Harschbichl),"3,100 ",,,,Indy,,,5,,,,1,,1,,,,,,,,,2,,,9,,,,,,2,,2026,Europe - Austria,,,U.S. - Massachusetts,Berkshire East,"1,180 ",180,110,Bear Den Partners,Indy,,,,,,,,,1,2,,,1,,,,,,,2,6,,,,,,2,,2019,U.S. - East,,,,,,,,,,,,,,,,,,,,,,,,,,,,,,,,,,,,,,,,,,,,,,,,,,,,,,,,,,,,,,,,,,,,,,,,,,,,,,,,,,,,,,,,,,,,,,,,,,,,,,,,,,,,,,,,,,,,,,,,,,,,,,,,,,,,,,,,,,,,,,,,,,,,,,,,,,,,,,,,,,,,,,,,,,,,,,,,,,,,,,,,,,,,,,,,,Sugar Mountain,"1,200 ",115,70,Independent,,,,,,,,1,,2,1,,,2,,,,,,,1,7,,,,,,,,,U.S. - East
,Steinplatte Tyrol,"3,674 ",,,,Indy,,,2,,,2,4,,2,1,,,,,,3,,,,,14,,,,,,2,,2025,Europe - Austria,,,,Blue Hills,309 ,60,,Independent,Snow Pass,,,,,,,,,,,,,1,,,,,,2,3,6,,,,,,,,2026,U.S. - East,,,,,,,,,,,,,,,,,,,,,,,,,,,,,,,,,,,,,,,,,,,,,,,,,,,,,,,,,,,,,,,,,,,,,,,,,,,,,,,,,,,,,,,,,,,,,,,,,,,,,,,,,,,,,,,,,,,,,,,,,,,,,,,,,,,,,,,,,,,,,,,,,,,,,,,,,,,,,,,,,,,,,,,,,,,,,,,,,,,,,,,,,,,,,,,,U.S. - Ohio,Snow Trails,301 ,80,52,Independent,,,,,,,,,,,,4,,2,,,,,,2,2,10,,,,,,,,,U.S. - Midwest
Europe - Finland,Levi,"1,099 ",370,50,,Indy,1,,1,,,,6,,,,,,,,,10,,5,,3,26,,,,,,2B,,2025,Europe - Finland,,,,Bousquet,750 ,200,83,Independent,Indy,,,,,,,,,,,1,,1,,,,,,,1,3,,,,,,2,,2024,U.S. - East,,,,,,,,,,,,,,,,,,,,,,,,,,,,,,,,,,,,,,,,,,,,,,,,,,,,,,,,,,,,,,,,,,,,,,,,,,,,,,,,,,,,,,,,,,,,,,,,,,,,,,,,,,,,,,,,,,,,,,,,,,,,,,,,,,,,,,,,,,,,,,,,,,,,,,,,,,,,,,,,,,,,,,,,,,,,,,,,,,,,,,,,,,,,,,,,U.S. - Oregon,Anthony Lakes,900 ,"1,000",250,Independent,,,,,,,,,,,,1,,,,,,,,1,1,3,,,,,,,,,U.S. - West
,Pyhä Ski Resort,974 ,,,,Indy,,,,,,,1,,1,,1,,,,,3,,2,,1,9,,,,,,2,,2026,Europe - Finland,,,,Butternut,"1,000 ",110,110,Murdock Family,"Snow Pass, Ikon",,,,,,,,,,5,,,,,,,,,,4,9,,,2B,,,,,"2024, 2025, 2026",U.S. - East,,,,,,,,,,,,,,,,,,,,,,,,,,,,,,,,,,,,,,,,,,,,,,,,,,,,,,,,,,,,,,,,,,,,,,,,,,,,,,,,,,,,,,,,,,,,,,,,,,,,,,,,,,,,,,,,,,,,,,,,,,,,,,,,,,,,,,,,,,,,,,,,,,,,,,,,,,,,,,,,,,,,,,,,,,,,,,,,,,,,,,,,,,,,,,,,,Mount Ashland,"1,106 ",223,285,Independent,,,,,,,,,,,,3,,2,,,,,,,1,6,,,,,,,,2024,U.S. - West
,Ruka,659 ,,,,Indy,,,,1,,1,2,,1,,1,,,,,7,,2,1,6,22,,,,,,2,,2026,Europe - Finland,,,,Catamount,"1,000 ",133,108,Bear Den Partners,Indy,,,,,,,,,,2,3,,,,,,,,,3,8,,,,,,2,,2019,U.S. - East,,,,,,,,,,,,,,,,,,,,,,,,,,,,,,,,,,,,,,,,,,,,,,,,,,,,,,,,,,,,,,,,,,,,,,,,,,,,,,,,,,,,,,,,,,,,,,,,,,,,,,,,,,,,,,,,,,,,,,,,,,,,,,,,,,,,,,,,,,,,,,,,,,,,,,,,,,,,,,,,,,,,,,,,,,,,,,,,,,,,,,,,,,,,,,,,,Mount Hood Skibowl,"1,377 ",960,250,Independent,,,,,,,,,,,,,,4,,,,,1,2,2,9,,,,,,,,,U.S. - West
Europe - France,Chamonix Mont-Blanc Valley,"8,996 ","29,405",264,Compagnie des Alps,"Ikon, MC",4,,7,1,,,5,,3,11,3,,,,,,,28,3,4,73,,,7,5,,,2,2022,Europe - France,,,,Jiminy Peak,"1,150 ",167.4,100,Fairbank Group,Ikon,,,,,,,1,,,2,3,,1,,,,,,,2,9,,,2B,,,,,2025,U.S. - East,,,,,,,,,,,,,,,,,,,,,,,,,,,,,,,,,,,,,,,,,,,,,,,,,,,,,,,,,,,,,,,,,,,,,,,,,,,,,,,,,,,,,,,,,,,,,,,,,,,,,,,,,,,,,,,,,,,,,,,,,,,,,,,,,,,,,,,,,,,,,,,,,,,,,,,,,,,,,,,,,,,,,,,,,,,,,,,,,,,,,,,,,,,,,,,,,Timberline Lodge ,"4,499 ","1,685",540,Independent,,,,,,,,,,6,,,,2,,,,,,,1,9,,,,,,,,,U.S. - West
,Les 3 Vallées,"6,988 ","29,950",,Compagnie des Alps,Epic,4,4,30,1,2,1,39,,3,,2,,,,,,35,,3,24,149,7C,,,,,,,2016,Europe - France,,,U.S. - Michigan,Big Powderhorn (UP),622 ,253,204,Independent,Indy,,,,,,,,,,,,,9,,,,,,1,,10,,,,,,2,,2019,U.S. - Midwest,,,,,,,,,,,,,,,,,,,,,,,,,,,,,,,,,,,,,,,,,,,,,,,,,,,,,,,,,,,,,,,,,,,,,,,,,,,,,,,,,,,,,,,,,,,,,,,,,,,,,,,,,,,,,,,,,,,,,,,,,,,,,,,,,,,,,,,,,,,,,,,,,,,,,,,,,,,,,,,,,,,,,,,,,,,,,,,,,,,,,,,,,,,,,,,,U.S. - Pennsylvania,Boyce Park,166 ,25,36,Independent,,,,,,,,,,,,,,1,,,,,,,1,2,,,,,,,,,U.S. - East
,Les 7 Laux,"3,445 ",,,,Indy,,,,,,,3,1,2,3,,,,,,3,10,,,2,24,,,,,,2,,2026,Europe - France,,,,Boyne Mountain,420 ,435,140,Boyne Resorts,Ikon,,,,,,1,1,,,4,1,,2,,,,,,,1,10,,,7,5B,"1-4, B, S",,,2018,U.S. - Midwest,,,,,,,,,,,,,,,,,,,,,,,,,,,,,,,,,,,,,,,,,,,,,,,,,,,,,,,,,,,,,,,,,,,,,,,,,,,,,,,,,,,,,,,,,,,,,,,,,,,,,,,,,,,,,,,,,,,,,,,,,,,,,,,,,,,,,,,,,,,,,,,,,,,,,,,,,,,,,,,,,,,,,,,,,,,,,,,,,,,,,,,,,,,,,,,,,Elk Mountain,925 ,180,65,Independent,,,,,,,,,,,1,,,5,,,,,,1,,7,,,,,,,,,U.S. - East
,Les Contamines Montjoie (inc. Hauteluce for lifts),"4,341 ",,,,Indy,,,4,,,,3,,3,2,,,,,,,,12,,,24,,,YES,YES,,2,YES,2026,Europe - France,,,,Caberfae Peaks,485 ,200,120,Independent,Ikon,,,,,,,,,,1,3,,,,,,,,,1,5,,,2B,,,,,2026,U.S. - Midwest,,,,,,,,,,,,,,,,,,,,,,,,,,,,,,,,,,,,,,,,,,,,,,,,,,,,,,,,,,,,,,,,,,,,,,,,,,,,,,,,,,,,,,,,,,,,,,,,,,,,,,,,,,,,,,,,,,,,,,,,,,,,,,,,,,,,,,,,,,,,,,,,,,,,,,,,,,,,,,,,,,,,,,,,,,,,,,,,,,,,,,,,,,,,,,,,,Mount Pleasant,320 ,35,150,Independent,,,,,,,,,,,,1,,,,,,,1,,1,3,,,,,,,,,U.S. - East
,Megève,"2,956 ",,126,Compagnie des Alps,"Ikon, MC",2,,10,,,,12,,6,12,2,,2,,,,,49,5,8,108,,,7,5,,,2,"2024, 2025",Europe - France,,,,Crystal Mountain MI,375 ,103,132,Independent,Indy,,,,,,,,,1,3,2,,,,,,,,,2,8,,,,,,2B,,2020,U.S. - Midwest,,,,,,,,,,,,,,,,,,,,,,,,,,,,,,,,,,,,,,,,,,,,,,,,,,,,,,,,,,,,,,,,,,,,,,,,,,,,,,,,,,,,,,,,,,,,,,,,,,,,,,,,,,,,,,,,,,,,,,,,,,,,,,,,,,,,,,,,,,,,,,,,,,,,,,,,,,,,,,,,,,,,,,,,,,,,,,,,,,,,,,,,,,,,,,,,U.S. - Rhode Island,Yawgoo,240 ,36,39,Independent,,,,,,,,,,,,,,2,,,,,,1,,3,,,,,,,,,U.S. - East
,Orcières Merlette 1850,"2,871 ",,,,Indy,,,,,,,2,3,,2,,,1,,,,,13,1,4,26,,,,,,2,,2026,Europe - France,,,,Marquette Mountain (UP),540 ,330,210,Independent,Indy,,,,,,,,,,,2,,1,,,,,,1,,4,,,,,,2,,2022,U.S. - Midwest,,,,,,,,,,,,,,,,,,,,,,,,,,,,,,,,,,,,,,,,,,,,,,,,,,,,,,,,,,,,,,,,,,,,,,,,,,,,,,,,,,,,,,,,,,,,,,,,,,,,,,,,,,,,,,,,,,,,,,,,,,,,,,,,,,,,,,,,,,,,,,,,,,,,,,,,,,,,,,,,,,,,,,,,,,,,,,,,,,,,,,,,,,,,,,,,U.S. - Utah,Powder Mountain,"1,995 ","5,000",345,Independent,,,,,,,,,,5,7,,,,,,,,1,1,1,15,,,,,,,,,U.S. - West
,Valmorel (Le Grand Domaine),"4,147 ",,,,Indy,,,3,,1,,7,,1,5,,,1,,,,25,,1,2,46,,,,,,2,,2026,Europe - France,,,,Mont Ripley (UP),470 ,115,275,Independent,Indy,,,,,,,,,,,,,2,,,1,,,1,,4,,,,,,Discount,,2023,U.S. - Midwest,,,,,,,,,,,,,,,,,,,,,,,,,,,,,,,,,,,,,,,,,,,,,,,,,,,,,,,,,,,,,,,,,,,,,,,,,,,,,,,,,,,,,,,,,,,,,,,,,,,,,,,,,,,,,,,,,,,,,,,,,,,,,,,,,,,,,,,,,,,,,,,,,,,,,,,,,,,,,,,,,,,,,,,,,,,,,,,,,,,,,,,,,,,,,,,,,Woodward Park City,349 ,,150,Powdr,,,,,,,,,,,1,,,,,,,,,,,1,,,,,,,,,U.S. - West
Europe - Germany,Oberstdorf-Kleinwalsertal,"4,632 ","19,136",120,,Indy,,,,,,,,,,,,,,,,,,,,,48,,,,,,2,,2025,Europe - Germany,,,,Mount Brighton,230 ,130,60,Vail Resorts,Epic,,,,,,,,,,2,3,,,,,,,,5,2,12,U,U,,,,,,2013,U.S. - Midwest,,,,,,,,,,,,,,,,,,,,,,,,,,,,,,,,,,,,,,,,,,,,,,,,,,,,,,,,,,,,,,,,,,,,,,,,,,,,,,,,,,,,,,,,,,,,,,,,,,,,,,,,,,,,,,,,,,,,,,,,,,,,,,,,,,,,,,,,,,,,,,,,,,,,,,,,,,,,,,,,,,,,,,,,,,,,,,,,,,,,,,,,,,,,,,,,U.S. - Vermont,Bromley,"1,334 ",178,145,Fairbank Group,,,,,,,,,,1,1,,,4,,,1,,,,2,9,,,,,,,,,U.S. - East
Europe - Italy,Dolomiti Superski,"5,954 ","29,652",,Independent,Ikon,,,,,,,,,,,,,,,,,,,,,450,,,7,5,,,,2021,Europe - Italy,,,,Mount Holiday,200 ,45,120,Independent,Indy,,,,,,,,,,,,,2,,,,,,,,2,,,,,,2,,2024,U.S. - Midwest,,,,,,,,,,,,,,,,,,,,,,,,,,,,,,,,,,,,,,,,,,,,,,,,,,,,,,,,,,,,,,,,,,,,,,,,,,,,,,,,,,,,,,,,,,,,,,,,,,,,,,,,,,,,,,,,,,,,,,,,,,,,,,,,,,,,,,,,,,,,,,,,,,,,,,,,,,,,,,,,,,,,,,,,,,,,,,,,,,,,,,,,,,,,,,,,,Mad River Glen,"2,037 ",915,228,Independent,,,,,,,,,,,,,,3,,1,,,,1,,5,,,,,,,,,U.S. - East
,Pila,"3,097 ",865,97,Independent,Indy,1,,5,,,,1,,2,1,2,,2,,,,,,,4,18,,,,,,2,,2025,Europe - Italy,,,,Norway Mountain (UP),500 ,160,33,Independent,Indy,,,,,,,,,,,1,,2,,,,,,3,,6,,,,,,2,,2024,U.S. - Midwest,,,,,,,,,,,,,,,,,,,,,,,,,,,,,,,,,,,,,,,,,,,,,,,,,,,,,,,,,,,,,,,,,,,,,,,,,,,,,,,,,,,,,,,,,,,,,,,,,,,,,,,,,,,,,,,,,,,,,,,,,,,,,,,,,,,,,,,,,,,,,,,,,,,,,,,,,,,,,,,,,,,,,,,,,,,,,,,,,,,,,,,,,,,,,,,,,Quechee,650 ,100,70,Independent,,,,,,,,,,,1,,,,,,1,,,1,,3,,,,,,,,,U.S. - East
,Skirama Dolomiti,"5,689 ",,110,Independent,Epic,,,,,,,,,,,,,,,,,,,,,150,7C,,,,,,,2016,Europe - Italy,,,,Nub’s Nob,425 ,248,125,Independent,Indy,,,,,,,,,,4,3,,1,,,,,,1,1,10,,,,,,2B,,2022,U.S. - Midwest,,,,,,,,,,,,,,,,,,,,,,,,,,,,,,,,,,,,,,,,,,,,,,,,,,,,,,,,,,,,,,,,,,,,,,,,,,,,,,,,,,,,,,,,,,,,,,,,,,,,,,,,,,,,,,,,,,,,,,,,,,,,,,,,,,,,,,,,,,,,,,,,,,,,,,,,,,,,,,,,,,,,,,,,,,,,,,,,,,,,,,,,,,,,,,,,U.S. - Virginia,Homestead,700 ,45,50,Omni Hotels,,,,,,,,,,,,,,1,,,,,,1,,2,,,,,,,,,U.S. - East
,Valle d'Aosta,,,,Independent,Ikon,,,,,,,,,,,,,,,,,,,,,147,,,7,5,,,,2025,Europe - Italy,,,,Pine Mountain (UP),364 ,220,30,Independent,Indy,,,,,,,,,,,1,,2,,,,,,3,,6,,,,,,2,,2019,U.S. - Midwest,,,,,,,,,,,,,,,,,,,,,,,,,,,,,,,,,,,,,,,,,,,,,,,,,,,,,,,,,,,,,,,,,,,,,,,,,,,,,,,,,,,,,,,,,,,,,,,,,,,,,,,,,,,,,,,,,,,,,,,,,,,,,,,,,,,,,,,,,,,,,,,,,,,,,,,,,,,,,,,,,,,,,,,,,,,,,,,,,,,,,,,,,,,,,,,,U.S. - Washington,Mission Ridge,"2,250 ","2,000",200,Larry Scrivanich,,,,,,,,,,1,,,,3,,,,,,2,1,7,,,,,,,,,U.S. - West
Europe - Norway,Norejfell,"3,314 ",,71,,Indy,,,,,,,1,,1,,,,1,,,5,4,,1,2,15,,,,,,2,,2025,Europe - Norway,,,,Shanty Creek - Schuss,500 ,81,160,Independent,Indy,,,,,,,,,,5,,,2,,,,,,1,1,9,,,,,,2B,,2019,U.S. - Midwest,,,,,,,,,,,,,,,,,,,,,,,,,,,,,,,,,,,,,,,,,,,,,,,,,,,,,,,,,,,,,,,,,,,,,,,,,,,,,,,,,,,,,,,,,,,,,,,,,,,,,,,,,,,,,,,,,,,,,,,,,,,,,,,,,,,,,,,,,,,,,,,,,,,,,,,,,,,,,,,,,,,,,,,,,,,,,,,,,,,,,,,,,,,,,,,,,Mt. Baker,"1,489 ","1,000",688,Independent,,,,,,,,,,,7,,,,,,,,,2,,9,,,,,,,,,U.S. - West
,Stranda Ski Resort (Strandafjellet?),"2,625 ",,,,Indy,,,,,,,,1,1,,,,,,,2,2,,,1,7,,,,,,2,,2026,Europe - Norway,,,,Snowriver: Black River (UP),490 ,170,204,Midwest Family Ski Resorts,Ikon,,,,,,,,,,,,,4,,,,,,1,,5,,,"7, S","5, B, S","1-4, B, S",,,2026,U.S. - Midwest,,,,,,,,,,,,,,,,,,,,,,,,,,,,,,,,,,,,,,,,,,,,,,,,,,,,,,,,,,,,,,,,,,,,,,,,,,,,,,,,,,,,,,,,,,,,,,,,,,,,,,,,,,,,,,,,,,,,,,,,,,,,,,,,,,,,,,,,,,,,,,,,,,,,,,,,,,,,,,,,,,,,,,,,,,,,,,,,,,,,,,,,,,,,,,,,,Mt. Spokane,"2,071 ","1,704",300,Independent,,,,,,,,,,,,1,,5,,,,,,1,1,8,,,,,,,,2022,U.S. - West
Europe - Scotland,Glencoe,"2,388 ",494,35,Independent,Indy,,,,,,,,,,,,,,,,,,,,,8,,,,,,2,,2024,Europe - Scotland,,,,Snowriver: Jackson Creek (UP),538 ,230,204,Midwest Family Ski Resorts,Ikon,,,,,,,1,,,,,,2,,,1,,,1,1,6,,,"7, S","5, B, S","1-4, B, S",,,2026,U.S. - Midwest,,,,,,,,,,,,,,,,,,,,,,,,,,,,,,,,,,,,,,,,,,,,,,,,,,,,,,,,,,,,,,,,,,,,,,,,,,,,,,,,,,,,,,,,,,,,,,,,,,,,,,,,,,,,,,,,,,,,,,,,,,,,,,,,,,,,,,,,,,,,,,,,,,,,,,,,,,,,,,,,,,,,,,,,,,,,,,,,,,,,,,,,,,,,,,,,U.S. - West Virginia,Oglebay,168 ,,,Independent,,,,,,,,,,,,1,,,,,,,,1,,2,,,,,,,,,U.S. - East
,Glenshee,"1,271 ",,25,,Indy,,,,,,,,,,,1,,2,,,3,15,,,,21,,,,,,2,,2025,Europe - Scotland,,,,The Highlands ,513 ,435,140,Boyne Resorts,Ikon,,,,,,,1,,1,3,1,,,,,,,,1,2,9,,,7,5B,"1-4, B, S",,,2018,U.S. - Midwest,,,,,,,,,,,,,,,,,,,,,,,,,,,,,,,,,,,,,,,,,,,,,,,,,,,,,,,,,,,,,,,,,,,,,,,,,,,,,,,,,,,,,,,,,,,,,,,,,,,,,,,,,,,,,,,,,,,,,,,,,,,,,,,,,,,,,,,,,,,,,,,,,,,,,,,,,,,,,,,,,,,,,,,,,,,,,,,,,,,,,,,,,,,,,,,,,Timberline,"1,000 ",100,170,Perfect Family,,,,,,,,1,,,1,,,,,,,,,,2,4,,,,,,,,,U.S. - East
Europe - Slovenia,Krvavec,"1,710 ",,240,,Indy,,,1,,,,2,,,1,,,3,,1,,3,,,2,13,,,,,,2B,,2025,Europe - Slovenia,,,,Treetops,223 ,80,140,Independent,Indy,,,,,,,,,,,3,,,,,,,,,2,5,,,,,,2B,,2022,U.S. - Midwest,,,,,,,,,,,,,,,,,,,,,,,,,,,,,,,,,,,,,,,,,,,,,,,,,,,,,,,,,,,,,,,,,,,,,,,,,,,,,,,,,,,,,,,,,,,,,,,,,,,,,,,,,,,,,,,,,,,,,,,,,,,,,,,,,,,,,,,,,,,,,,,,,,,,,,,,,,,,,,,,,,,,,,,,,,,,,,,,,,,,,,,,,,,,,,,,U.S. - Wisconsin,Alpine Valley WI,388 ,90,80,Wisconsin Resorts,,,,,,,,,,3,,4,,,,,,,,2,6,15,,,,,,,,,U.S. - Midwest
Europe - Spain,Baqueria Beret,"3,642 ","5,616",50,Independent,Indy,,,1,,,,5,,7,,4,,2,,,2,6,,1,7,35,,,,,,2,,2024,Europe - Spain,,,U.S. - Minnesota,Afton Alps,350 ,300,60,Vail Resorts,Epic,,,,,,,,,,1,2,,12,,,,,,2,2,19,U,U,,,,,,2013,U.S. - Midwest,,,,,,,,,,,,,,,,,,,,,,,,,,,,,,,,,,,,,,,,,,,,,,,,,,,,,,,,,,,,,,,,,,,,,,,,,,,,,,,,,,,,,,,,,,,,,,,,,,,,,,,,,,,,,,,,,,,,,,,,,,,,,,,,,,,,,,,,,,,,,,,,,,,,,,,,,,,,,,,,,,,,,,,,,,,,,,,,,,,,,,,,,,,,,,,,,Cascade,450 ,176,80,Independent,,,,,,,,,,2,3,1,,2,,,,,,1,1,10,,,,,,,,,U.S. - Midwest
Europe - Sweden,Björkliden,"1,640 ",,,,Indy,,,,,,,,,,,,,,,,3,2,,,,5,,,,,,2S,,2025,Europe - Sweden,,,,Andes Tower Hills,290 ,70,50,Independent,Indy,,,,,,,,,,1,2,,,,,,,,1,2,6,,,,,,2,,2023,U.S. - Midwest,,,,,,,,,,,,,,,,,,,,,,,,,,,,,,,,,,,,,,,,,,,,,,,,,,,,,,,,,,,,,,,,,,,,,,,,,,,,,,,,,,,,,,,,,,,,,,,,,,,,,,,,,,,,,,,,,,,,,,,,,,,,,,,,,,,,,,,,,,,,,,,,,,,,,,,,,,,,,,,,,,,,,,,,,,,,,,,,,,,,,,,,,,,,,,,,,Christmas Mountain Village,250 ,40,40,Independent,,,,,,,,,,,1,,,,,,,,,1,,2,,,,,,,,,U.S. - Midwest
,Riksgränsen ,"1,276 ",,,,Indy,,,,,,,,,,,1,1,,,,1,3,,,,6,,,,,,2S,,2025,Europe - Sweden,,,,Buck Hill,306 ,45,60,Independent,Ikon,,,,,,,,,,2,1,,,,,,,,4,2,9,,,2B,,,,,2025,U.S. - Midwest,,,,,,,,,,,,,,,,,,,,,,,,,,,,,,,,,,,,,,,,,,,,,,,,,,,,,,,,,,,,,,,,,,,,,,,,,,,,,,,,,,,,,,,,,,,,,,,,,,,,,,,,,,,,,,,,,,,,,,,,,,,,,,,,,,,,,,,,,,,,,,,,,,,,,,,,,,,,,,,,,,,,,,,,,,,,,,,,,,,,,,,,,,,,,,,,,Crystal Ridge,183 ,50,40,Schmitz Brothers,,,,,,,,,,,,,,1,,,,,,2,2,5,,,,,,,,,U.S. - Midwest
,Stöten i Sälen,"1,286 ",,,,Indy,,,,,,,2,,,,,,,,,6,13,,,3,24,,,,,,2,,2026,Europe - Sweden,,,,Coffee Mill,426 ,40,48,Independent,Indy,,,,,,,,,,,,,2,,,,,,1,,3,,,,,,2,,2026,U.S. - Midwest,,,,,,,,,,,,,,,,,,,,,,,,,,,,,,,,,,,,,,,,,,,,,,,,,,,,,,,,,,,,,,,,,,,,,,,,,,,,,,,,,,,,,,,,,,,,,,,,,,,,,,,,,,,,,,,,,,,,,,,,,,,,,,,,,,,,,,,,,,,,,,,,,,,,,,,,,,,,,,,,,,,,,,,,,,,,,,,,,,,,,,,,,,,,,,,,,Grand Geneva (Mountain Top),115 ,30,34,Independent,,,,,,,,,,,,,,3,,,,,,1,2,6,,,,,,,,,U.S. - Midwest
Europe - Switzerland,Andermatt-Sedrun,"3,625 ",,263,Vail Resorts,Epic,,,2,,,,7,,1,,,,,,,1,,,,4,16,U,5S,,,,,,2022,Europe - Switzerland,,,,Detroit Mountain,210 ,45,21,Independent,Indy,,,,,,,,,,,2,,,,,,,,2,2,6,,,,,,2,,2019,U.S. - Midwest,,,,,,,,,,,,,,,,,,,,,,,,,,,,,,,,,,,,,,,,,,,,,,,,,,,,,,,,,,,,,,,,,,,,,,,,,,,,,,,,,,,,,,,,,,,,,,,,,,,,,,,,,,,,,,,,,,,,,,,,,,,,,,,,,,,,,,,,,,,,,,,,,,,,,,,,,,,,,,,,,,,,,,,,,,,,,,,,,,,,,,,,,,,,,,,,,Little Switzerland,200 ,50,45,Schmitz Brothers,,,,,,,,,,,2,,,2,,,,,,3,2,9,,,,,,,,,U.S. - Midwest
,Crans-Montana,"4,698 ",,117,Vail Resorts,Epic,,1,3,,,,3,,3,,,,,,,1,8,,,4,24,U,5,,,,,,2024,Europe - Switzerland,,,,Elm Creek,56 ,,,Three Rivers Park District,Indy,,,,,,,,,,,,,,,,,,,3,3,6,,,,,,2,,2026,U.S. - Midwest,,,,,,,,,,,,,,,,,,,,,,,,,,,,,,,,,,,,,,,,,,,,,,,,,,,,,,,,,,,,,,,,,,,,,,,,,,,,,,,,,,,,,,,,,,,,,,,,,,,,,,,,,,,,,,,,,,,,,,,,,,,,,,,,,,,,,,,,,,,,,,,,,,,,,,,,,,,,,,,,,,,,,,,,,,,,,,,,,,,,,,,,,,,,,,,,,Mont du Lac ,320 ,20,55,Independent,,,,,,,,,,,,,,1,,,,,,1,1,3,,,,,,,,,U.S. - Midwest
,Disentis,"5,269 ",,263,Independent,Epic,2,,,,,,,,2,,1,,,,,3,2,,1,1,12,U,5S,,,,,,2023,Europe - Switzerland,,,,Giants Ridge,500 ,202,62,Independent,Ikon,,,,,,,,,1,1,1,,2,,,,,,,2,7,,,2B,,,,,2026,U.S. - Midwest,,,,,,,,,,,,,,,,,,,,,,,,,,,,,,,,,,,,,,,,,,,,,,,,,,,,,,,,,,,,,,,,,,,,,,,,,,,,,,,,,,,,,,,,,,,,,,,,,,,,,,,,,,,,,,,,,,,,,,,,,,,,,,,,,,,,,,,,,,,,,,,,,,,,,,,,,,,,,,,,,,,,,,,,,,,,,,,,,,,,,,,,,,,,,,,,,Mount Ashwabay,317 ,65,120,Independent,,,,,,,,,,,,,,1,,,,,,1,,2,,,,,,,,,U.S. - Midwest
,Engstligenalp (-Adelboden),"1,253 ",,,,Indy,2,,,,,,,,,,,,,,,3,,1,2,,8,,,,,,2,,2026,Europe - Switzerland,,,,Hyland Hills,175 ,35,60,Three Rivers Park District,Indy,,,,,,,,,,3,,,,,,,,,4,2,9,,,,,,2B,,2025,U.S. - Midwest,,,,,,,,,,,,,,,,,,,,,,,,,,,,,,,,,,,,,,,,,,,,,,,,,,,,,,,,,,,,,,,,,,,,,,,,,,,,,,,,,,,,,,,,,,,,,,,,,,,,,,,,,,,,,,,,,,,,,,,,,,,,,,,,,,,,,,,,,,,,,,,,,,,,,,,,,,,,,,,,,,,,,,,,,,,,,,,,,,,,,,,,,,,,,,,,,Nordic Mountain,265 ,60,50,Schmitz Brothers,,,,,,,,,,,,1,,1,,,,,,2,2,6,,,,,,,,,U.S. - Midwest
,Hohsaas - Saas-Grund,"5,384 ",,,,Indy,,,2,,,,,,,,,,,,,1,1,,1,2,7,,,,,,2,,2026,Europe - Switzerland,,,,Lutsen Mountains,825 ,"1,000",120,Midwest Family Ski Resorts,Ikon,,,1,,,,2,,,,,,3,,,,,,,1,7,,,7,"5, B","1-4, B, S",,,2026,U.S. - Midwest,,,,,,,,,,,,,,,,,,,,,,,,,,,,,,,,,,,,,,,,,,,,,,,,,,,,,,,,,,,,,,,,,,,,,,,,,,,,,,,,,,,,,,,,,,,,,,,,,,,,,,,,,,,,,,,,,,,,,,,,,,,,,,,,,,,,,,,,,,,,,,,,,,,,,,,,,,,,,,,,,,,,,,,,,,,,,,,,,,,,,,,,,,,,,,,,U.S. - Wyoming,Hogadon Basin,630 ,60,140,Independent,,,,,,,,,,,,,,1,,,,,,,1,2,,,,,,,,,U.S. - West
,Leukerbad Torrent Ski Resort (& Gemmi for Magic only?),"3,934 ","8,000",,,Indy,1,,2,,,,1,,,,,,,,,2,1,,2,4,13,,,,,,2,,2025,Europe - Switzerland,,,,Mount Kato,240 ,55,50,Independent,Indy,,,,,,,,,,5,,,3,,,,,,,1,9,,,,,,2,,2022,U.S. - Midwest,,,,,,,,,,,,,,,,,,,,,,,,,,,,,,,,,,,,,,,,,,,,,,,,,,,,,,,,,,,,,,,,,,,,,,,,,,,,,,,,,,,,,,,,,,,,,,,,,,,,,,,,,,,,,,,,,,,,,,,,,,,,,,,,,,,,,,,,,,,,,,,,,,,,,,,,,,,,,,,,,,,,,,,,,,,,,,,,,,,,,,,,,,,,,,,,,Pine Creek,"1,425 ",640,300,Independent,,,,,,,,,,,1,,,,,,,,,,1,2,,,,,,,,,U.S. - West
,Pizol,"5,712 ",,,,Indy,,,2,,,,1,,3,,,,,,,2,2,,1,,11,,,,,,2,,2026,Europe - Switzerland,,,,Powder Ridge,290 ,60,60,Independent,Indy,,,,,,,,,,2,,,1,,,,1,,3,,7,,,,,,2,,2019,U.S. - Midwest,,,,,,,,,,,,,,,,,,,,,,,,,,,,,,,,,,,,,,,,,,,,,,,,,,,,,,,,,,,,,,,,,,,,,,,,,,,,,,,,,,,,,,,,,,,,,,,,,,,,,,,,,,,,,,,,,,,,,,,,,,,,,,,,,,,,,,,,,,,,,,,,,,,,,,,,,,,,,,,,,,,,,,,,,,,,,,,,,,,,,,,,,,,,,,,,,,,,,,,,,,,,,,,,,,,,,,,,,,,,,,,,,,,,
,St. Moritz,"4,941 ","86,487",369,Independent,Ikon,,,,,,,,,,,,,,,,,,,,,58,,,7,5,,,,2024,Europe - Switzerland,,,,Spirit Mountain,592 ,175,90,City of Duluth,Indy,,,,,,,,,1,2,,,,,,,,,1,2,6,,,,,,2,,2019,U.S. - Midwest,,,,,,,,,,,,,,,,,,,,,,,,,,,,,,,,,,,,,,,,,,,,,,,,,,,,,,,,,,,,,,,,,,,,,,,,,,,,,,,,,,,,,,,,,,,,,,,,,,,,,,,,,,,,,,,,,,,,,,,,,,,,,,,,,,,,,,,,,,,,,,,,,,,,,,,,,,,,,,,,,,,,,,,,,,,,,,,,,,,,,,,,,,,,,,,,,,,,,,,,,,,,,,,,,,,,,,,,,,,,,,,,,,,,
,Tschiertschen,"3,383 ",,,,Indy,,,,,,,,,1,1,,,,,,2,,,,,4,,,,,,2,,2026,Europe - Switzerland,,,,Wild Mountain,300 ,100,50,Independent,Ikon,,,,,,,,,,4,,,,,,,,,4,1,9,,,2B,,,,,2025,U.S. - Midwest,,,,,,,,,,,,,,,,,,,,,,,,,,,,,,,,,,,,,,,,,,,,,,,,,,,,,,,,,,,,,,,,,,,,,,,,,,,,,,,,,,,,,,,,,,,,,,,,,,,,,,,,,,,,,,,,,,,,,,,,,,,,,,,,,,,,,,,,,,,,,,,,,,,,,,,,,,,,,,,,,,,,,,,,,,,,,,,,,,,,,,,,,,,,,,,,,,,,,,,,,,,,,,,,,,,,,,,,,,,,,,,,,,,,
,Verbier 4 Vallées,"6,033 ",,240,Independent,Epic,,,,,,,,,,,,,,,,,,,,,80,5C,5C,,,,,,2016,Europe - Switzerland,,,U.S. - Missouri,Hidden Valley,320 ,65,19,Vail Resorts,Epic,,,,,,,,,,2,2,,1,,,,,,1,1,7,U,U,,,,,,2019,U.S. - Midwest,,,,,,,,,,,,,,,,,,,,,,,,,,,,,,,,,,,,,,,,,,,,,,,,,,,,,,,,,,,,,,,,,,,,,,,,,,,,,,,,,,,,,,,,,,,,,,,,,,,,,,,,,,,,,,,,,,,,,,,,,,,,,,,,,,,,,,,,,,,,,,,,,,,,,,,,,,,,,,,,,,,,,,,,,,,,,,,,,,,,,,,,,,,,,,,,,,,,,,,,,,,,,,,,,,,,,,,,,,,,,,,,,,,,
,Zermatt Matterhorn,"7,425 ","3,500",138,Independent,Ikon,,,,,,,,,,,,,,,,,,,,,,,,7,5,,,,2019,Europe - Switzerland,,,,Snow Creek,300 ,25,20,Vail Resorts,Epic,,,,,,,,,,,2,,1,,,,,,1,1,5,U,U,,,,,,2019,U.S. - Midwest,,,,,,,,,,,,,,,,,,,,,,,,,,,,,,,,,,,,,,,,,,,,,,,,,,,,,,,,,,,,,,,,,,,,,,,,,,,,,,,,,,,,,,,,,,,,,,,,,,,,,,,,,,,,,,,,,,,,,,,,,,,,,,,,,,,,,,,,,,,,,,,,,,,,,,,,,,,,,,,,,,,,,,,,,,,,,,,,,,,,,,,,,,,,,,,,,,,,,,,,,,,,,,,,,,,,,,,,,,,,,,,,,,,,
"Europe - Switzerland, Europe - France",Portes du Soleil,"4,353 ","16,018",315,,Indy,2,,9,,,2,35,,8,19,5,,2,,,6,,66,5,5,164,,,,,,2,,2025,Europe - Switzerland,,,U.S. - Montana,Big Sky,"4,366 ","5,850",291,Boyne Resorts,"Ikon, MC",1,,2,,,2,2,,4,3,9,,4,,,,,3,1,8,39,,,7,5B,"1-4, B, S",,2,2018,U.S. - West,,,,,,,,,,,,,,,,,,,,,,,,,,,,,,,,,,,,,,,,,,,,,,,,,,,,,,,,,,,,,,,,,,,,,,,,,,,,,,,,,,,,,,,,,,,,,,,,,,,,,,,,,,,,,,,,,,,,,,,,,,,,,,,,,,,,,,,,,,,,,,,,,,,,,,,,,,,,,,,,,,,,,,,,,,,,,,,,,,,,,,,,,,,,,,,,,,,,,,,,,,,,,,,,,,,,,,,,,,,,,,,,,,,,
Europe - Turkey,Erciyes,"4,127 ",2965,,Independent,Indy,,,2,,,,3,,2,6,,,,,,,,,1,5,19,,,,,,2,,2024,Europe - Turkey,,,,Lost Trail ,"1,800 ","1,800",325,Independent,Indy,,,,,,,,,,,,,5,,,,,,3,,8,,,,,,2,,2019,U.S. - West,,,,,,,,,,,,,,,,,,,,,,,,,,,,,,,,,,,,,,,,,,,,,,,,,,,,,,,,,,,,,,,,,,,,,,,,,,,,,,,,,,,,,,,,,,,,,,,,,,,,,,,,,,,,,,,,,,,,,,,,,,,,,,,,,,,,,,,,,,,,,,,,,,,,,,,,,,,,,,,,,,,,,,,,,,,,,,,,,,,,,,,,,,,,,,,,,,,,,,,,,,,,,,,,,,,,,,,,,,,,,,,,,,,,
,Kaya Palazzo Kartalkaya Dorukkaya (Dorukkaya - Bolu-Kartalkaya),"1,112 ",,,,Indy,,,,,,,,,1,,,,,,,4,2,,1,2,10,,,,,,2,,2025,Europe - Turkey,,,,Montana Snowbowl,"2,600 ","2,000",250,Independent,Indy,,,,,,,,,,,1,,3,,,1,,,1,,6,,,,,,2B,,2023,U.S. - West,,,,,,,,,,,,,,,,,,,,,,,,,,,,,,,,,,,,,,,,,,,,,,,,,,,,,,,,,,,,,,,,,,,,,,,,,,,,,,,,,,,,,,,,,,,,,,,,,,,,,,,,,,,,,,,,,,,,,,,,,,,,,,,,,,,,,,,,,,,,,,,,,,,,,,,,,,,,,,,,,,,,,,,,,,,,,,,,,,,,,,,,,,,,,,,,,,,,,,,,,,,,,,,,,,,,,,,,,,,,,,,,,,,,
,Palandoken Ski Resort,"3,255 ",,,Independent,Indy,,,2,,,,,,3,3,1,,3,,,1,,,,3,16,,,,,,2,,2025,Europe - Turkey,,,,Red Lodge,"2,400 ","1,635",250,JMA Ventures,Indy,,,,,,,,,2,,1,1,2,,,,,,,2,8,,,,,,2B,,2019,U.S. - West,,,,,,,,,,,,,,,,,,,,,,,,,,,,,,,,,,,,,,,,,,,,,,,,,,,,,,,,,,,,,,,,,,,,,,,,,,,,,,,,,,,,,,,,,,,,,,,,,,,,,,,,,,,,,,,,,,,,,,,,,,,,,,,,,,,,,,,,,,,,,,,,,,,,,,,,,,,,,,,,,,,,,,,,,,,,,,,,,,,,,,,,,,,,,,,,,,,,,,,,,,,,,,,,,,,,,,,,,,,,,,,,,,,,
Europe -Czech Republic,Malá Úpa,870 ,,26,Independent,Indy,,,,,,,,,,,,,,,,5,,1,,1,7,,,,,,2,,2024,Europe -Czech Republic,,,,Showdown,"1,400 ",640,280,Independent,Indy,,,,,,,,,,,1,,2,,,,,,,1,4,,,,,,2,,2026,U.S. - West,,,,,,,,,,,,,,,,,,,,,,,,,,,,,,,,,,,,,,,,,,,,,,,,,,,,,,,,,,,,,,,,,,,,,,,,,,,,,,,,,,,,,,,,,,,,,,,,,,,,,,,,,,,,,,,,,,,,,,,,,,,,,,,,,,,,,,,,,,,,,,,,,,,,,,,,,,,,,,,,,,,,,,,,,,,,,,,,,,,,,,,,,,,,,,,,,,,,,,,,,,,,,,,,,,,,,,,,,,,,,,,,,,,,
Japan (Akita),Ani Ski Resort (Mt. Moriyoshi),"2,175 ",,400,Independent,Indy,,,1,,,,,,,,,,2,,,,,,,,3,,,,,,2,,2023,Japan (Akita),,,U.S. - Nevada,Lee Canyon,860 ,195,129,Mountain Capital Partners,Power,,,,,,,,,,4,1,,,,,,,,1,1,7,,,,,,,,,U.S. - West,,,,,,,,,,,,,,,,,,,,,,,,,,,,,,,,,,,,,,,,,,,,,,,,,,,,,,,,,,,,,,,,,,,,,,,,,,,,,,,,,,,,,,,,,,,,,,,,,,,,,,,,,,,,,,,,,,,,,,,,,,,,,,,,,,,,,,,,,,,,,,,,,,,,,,,,,,,,,,,,,,,,,,,,,,,,,,,,,,,,,,,,,,,,,,,,,,,,,,,,,,,,,,,,,,,,,,,,,,,,,,,,,,,,
,Tazawako,"1,995 ",247,,Independent,Indy,,,,,,,,,2,,,,4,,,,,,,,6,,,,,,2,,2021,Japan (Akita),,,U.S. - New Hampshire,Attitash,"1,750 ",311,120,Vail Resorts,Epic,,,,,,,,,3,2,2,,,,,,,,,1,8,U,U,,,,,,2019,U.S. - East,,,,,,,,,,,,,,,,,,,,,,,,,,,,,,,,,,,,,,,,,,,,,,,,,,,,,,,,,,,,,,,,,,,,,,,,,,,,,,,,,,,,,,,,,,,,,,,,,,,,,,,,,,,,,,,,,,,,,,,,,,,,,,,,,,,,,,,,,,,,,,,,,,,,,,,,,,,,,,,,,,,,,,,,,,,,,,,,,,,,,,,,,,,,,,,,,,,,,,,,,,,,,,,,,,,,,,,,,,,,,,,,,,,,
Japan (Aomori),Aomori Spring,"1,788 ",,320,Independent,Indy,,,1,,,,,,2,,,,2,,,,,,,,5,,,,,,2,,2022,Japan (Aomori),,,,Black Mountain,"1,100 ",140,125,Independent,Indy,,,,,,,,,,,1,,1,,,,1,1,1,,5,,,,,,2,,2019,U.S. - East,,,,,,,,,,,,,,,,,,,,,,,,,,,,,,,,,,,,,,,,,,,,,,,,,,,,,,,,,,,,,,,,,,,,,,,,,,,,,,,,,,,,,,,,,,,,,,,,,,,,,,,,,,,,,,,,,,,,,,,,,,,,,,,,,,,,,,,,,,,,,,,,,,,,,,,,,,,,,,,,,,,,,,,,,,,,,,,,,,,,,,,,,,,,,,,,,,,,,,,,,,,,,,,,,,,,,,,,,,,,,,,,,,,,
Japan (Fukushima),Nekoma Mountain,"2,093 ",467,315,Hoshino Resorts,Ikon,,,1,,,,,,2,,,,11,1,,,,,,1,16,,,7,5,,,,2025,Japan (Fukushima),,,,Cannon,"2,180 ",287,160,Independent,Indy,,,,,,,,,1,2,3,,1,,,1,,,1,,9,,,,,,2,,2020,U.S. - East,,,,,,,,,,,,,,,,,,,,,,,,,,,,,,,,,,,,,,,,,,,,,,,,,,,,,,,,,,,,,,,,,,,,,,,,,,,,,,,,,,,,,,,,,,,,,,,,,,,,,,,,,,,,,,,,,,,,,,,,,,,,,,,,,,,,,,,,,,,,,,,,,,,,,,,,,,,,,,,,,,,,,,,,,,,,,,,,,,,,,,,,,,,,,,,,,,,,,,,,,,,,,,,,,,,,,,,,,,,,,,,,,,,,
Japan (Gifu),Dynaland Ski Resort,"1,693 ",198,,Independent,Indy,,,,,,,,,3,,,,2,,,,,,,1,6,,,,,,2,,2024,Japan (Gifu),,,,Cranmore,"1,200 ",170,120,Fairbank Group,Ikon,,,,,,,,,1,1,2,,1,,,,,,,2,7,,,2B,,,,,2025,U.S. - East,,,,,,,,,,,,,,,,,,,,,,,,,,,,,,,,,,,,,,,,,,,,,,,,,,,,,,,,,,,,,,,,,,,,,,,,,,,,,,,,,,,,,,,,,,,,,,,,,,,,,,,,,,,,,,,,,,,,,,,,,,,,,,,,,,,,,,,,,,,,,,,,,,,,,,,,,,,,,,,,,,,,,,,,,,,,,,,,,,,,,,,,,,,,,,,,,,,,,,,,,,,,,,,,,,,,,,,,,,,,,,,,,,,,
,Hirugano Kogen Ski Resort,492 ,75,165,Independent,Indy,,,,,,,,,1,,,,2,,,,,,,,3,,,,,,2,,2024,Japan (Gifu),,,,Crotched,"1,016 ",100,65,Vail Resorts,Epic,,,,,,,,,1,1,1,,1,,,,,,,1,5,U,U,,,,,,2019,U.S. - East,,,,,,,,,,,,,,,,,,,,,,,,,,,,,,,,,,,,,,,,,,,,,,,,,,,,,,,,,,,,,,,,,,,,,,,,,,,,,,,,,,,,,,,,,,,,,,,,,,,,,,,,,,,,,,,,,,,,,,,,,,,,,,,,,,,,,,,,,,,,,,,,,,,,,,,,,,,,,,,,,,,,,,,,,,,,,,,,,,,,,,,,,,,,,,,,,,,,,,,,,,,,,,,,,,,,,,,,,,,,,,,,,,,,
,Takasu Snow Park,"1,969 ",247,,Independent,Indy,,,1,,,,,,3,,,,,,,,,,,1,5,,,,,,2,,2024,Japan (Gifu),,,,Dartmouth Skiway,968 ,104,100,Independent,Indy,,,,,,,,,,1,,,1,,,,,,,2,4,,,,,,2,,2023,U.S. - East,,,,,,,,,,,,,,,,,,,,,,,,,,,,,,,,,,,,,,,,,,,,,,,,,,,,,,,,,,,,,,,,,,,,,,,,,,,,,,,,,,,,,,,,,,,,,,,,,,,,,,,,,,,,,,,,,,,,,,,,,,,,,,,,,,,,,,,,,,,,,,,,,,,,,,,,,,,,,,,,,,,,,,,,,,,,,,,,,,,,,,,,,,,,,,,,,,,,,,,,,,,,,,,,,,,,,,,,,,,,,,,,,,,,
,Washigatake,"1,444 ",136,,Independent,Indy,,,,,,,,,3,,,,2,,,,,,,1,6,,,,,,2,,2024,Japan (Gifu),,,,King Pine,350 ,45,82,Independent,Indy,,,,,,,,,,,3,,,,,,,,,2,5,,,,,,2,,2026,U.S. - East,,,,,,,,,,,,,,,,,,,,,,,,,,,,,,,,,,,,,,,,,,,,,,,,,,,,,,,,,,,,,,,,,,,,,,,,,,,,,,,,,,,,,,,,,,,,,,,,,,,,,,,,,,,,,,,,,,,,,,,,,,,,,,,,,,,,,,,,,,,,,,,,,,,,,,,,,,,,,,,,,,,,,,,,,,,,,,,,,,,,,,,,,,,,,,,,,,,,,,,,,,,,,,,,,,,,,,,,,,,,,,,,,,,,
,White Pia Takasu,"1,509 ",146,,Independent,Indy,,,,,,,,,2,,,,2,,,,,,,1,5,,,,,,2,,2024,Japan (Gifu),,,,Loon,"2,190 ",403,160,Boyne Resorts,Ikon,,,1,,,1,,,3,2,,,3,,,,,,,3,13,,,"7, R","5, R, B","1-4, B, S",,,2018,U.S. - East,,,,,,,,,,,,,,,,,,,,,,,,,,,,,,,,,,,,,,,,,,,,,,,,,,,,,,,,,,,,,,,,,,,,,,,,,,,,,,,,,,,,,,,,,,,,,,,,,,,,,,,,,,,,,,,,,,,,,,,,,,,,,,,,,,,,,,,,,,,,,,,,,,,,,,,,,,,,,,,,,,,,,,,,,,,,,,,,,,,,,,,,,,,,,,,,,,,,,,,,,,,,,,,,,,,,,,,,,,,,,,,,,,,,
Japan (Gunma),Hodaigi,"1,870 ",,170,Independent,Indy,,,,,,,,,2,,,,5,,,,,,,1,8,,,,,,2,,2025,Japan (Gunma),,,,McIntyre,170 ,26,50,Independent,Indy,,,,,,,,,,,,,2,,,,,,,2,4,,,,,,2,,2025,U.S. - East,,,,,,,,,,,,,,,,,,,,,,,,,,,,,,,,,,,,,,,,,,,,,,,,,,,,,,,,,,,,,,,,,,,,,,,,,,,,,,,,,,,,,,,,,,,,,,,,,,,,,,,,,,,,,,,,,,,,,,,,,,,,,,,,,,,,,,,,,,,,,,,,,,,,,,,,,,,,,,,,,,,,,,,,,,,,,,,,,,,,,,,,,,,,,,,,,,,,,,,,,,,,,,,,,,,,,,,,,,,,,,,,,,,,
,Mt. T,"2,467 ",234,650,Hoshino Resorts,Ikon,,1,,,,,,,,,,,4,,,,,,,,5,,,7,5,,,,2025,Japan (Gunma),,,,Mount Sunapee,"1,510 ",233,130,Vail Resorts,Epic,,,,,,,,,2,1,2,,,,,,,,,3,8,U,U,,,,,,2018,U.S. - East,,,,,,,,,,,,,,,,,,,,,,,,,,,,,,,,,,,,,,,,,,,,,,,,,,,,,,,,,,,,,,,,,,,,,,,,,,,,,,,,,,,,,,,,,,,,,,,,,,,,,,,,,,,,,,,,,,,,,,,,,,,,,,,,,,,,,,,,,,,,,,,,,,,,,,,,,,,,,,,,,,,,,,,,,,,,,,,,,,,,,,,,,,,,,,,,,,,,,,,,,,,,,,,,,,,,,,,,,,,,,,,,,,,,
,Palcall Tsumagoi,"2,395 ",,,Independent,Indy,,,1,,,,,,1,,,,1,1,,,,,,1,5,,,,,,2,,2024,Japan (Gunma),,,,Pats Peak,770 ,115,100,Independent,Indy,,,,,,,,,,1,3,,2,,,,1,,2,2,11,,,,,,2B,,2019,U.S. - East,,,,,,,,,,,,,,,,,,,,,,,,,,,,,,,,,,,,,,,,,,,,,,,,,,,,,,,,,,,,,,,,,,,,,,,,,,,,,,,,,,,,,,,,,,,,,,,,,,,,,,,,,,,,,,,,,,,,,,,,,,,,,,,,,,,,,,,,,,,,,,,,,,,,,,,,,,,,,,,,,,,,,,,,,,,,,,,,,,,,,,,,,,,,,,,,,,,,,,,,,,,,,,,,,,,,,,,,,,,,,,,,,,,,
Japan (Hokkaido),Canmore Ski Village,807 ,,180,Independent,Indy,,,,,,,,,1,,,,1,,,,,,,,2,,,,,,2,,2025,Japan (Hokkaido),,,,Ragged,"1,250 ",250,100,Independent,Indy,,,,,,,1,,1,,1,,,,,,,,,,3,,,,,,2B,,2024,U.S. - East,,,,,,,,,,,,,,,,,,,,,,,,,,,,,,,,,,,,,,,,,,,,,,,,,,,,,,,,,,,,,,,,,,,,,,,,,,,,,,,,,,,,,,,,,,,,,,,,,,,,,,,,,,,,,,,,,,,,,,,,,,,,,,,,,,,,,,,,,,,,,,,,,,,,,,,,,,,,,,,,,,,,,,,,,,,,,,,,,,,,,,,,,,,,,,,,,,,,,,,,,,,,,,,,,,,,,,,,,,,,,,,,,,,,
,Furano,"2,753 ",479,354,Prince Snow Resorts,Ikon,1,,1,,,,,,2,,,,5,,,,,,,2,11,,,7,5,,,,2025,Japan (Hokkaido),,,,Tenney,"1,400 ",130,140,Independent,Indy,,,,,,,,,,,1,,1,,,,,1,,2,5,,,,,,2B,,2025,U.S. - East,,,,,,,,,,,,,,,,,,,,,,,,,,,,,,,,,,,,,,,,,,,,,,,,,,,,,,,,,,,,,,,,,,,,,,,,,,,,,,,,,,,,,,,,,,,,,,,,,,,,,,,,,,,,,,,,,,,,,,,,,,,,,,,,,,,,,,,,,,,,,,,,,,,,,,,,,,,,,,,,,,,,,,,,,,,,,,,,,,,,,,,,,,,,,,,,,,,,,,,,,,,,,,,,,,,,,,,,,,,,,,,,,,,,
,Kamui Ski Links,"1,972 ",247,315,Independent,Indy,,,1,,,,,,,,,,5,,,,,,,,6,,,,,,2,,2023,Japan (Hokkaido),,,,Veterans Memorial,236 ,50,,Independent,Indy,,,,,,,,,,,,,,,,1,,,1,1,3,,,,,,2,,2026,U.S. - East,,,,,,,,,,,,,,,,,,,,,,,,,,,,,,,,,,,,,,,,,,,,,,,,,,,,,,,,,,,,,,,,,,,,,,,,,,,,,,,,,,,,,,,,,,,,,,,,,,,,,,,,,,,,,,,,,,,,,,,,,,,,,,,,,,,,,,,,,,,,,,,,,,,,,,,,,,,,,,,,,,,,,,,,,,,,,,,,,,,,,,,,,,,,,,,,,,,,,,,,,,,,,,,,,,,,,,,,,,,,,,,,,,,,
,Kiroro,"2,001 ",297,709,Independent,Indy,,,1,,,,,1,4,,,,3,1,,,,,,,10,,,,,,2,,2023,Japan (Hokkaido),,,,Waterville Valley,"2,020 ",265,148,Independent,Indy,,,,,,,1,,1,,2,,2,,,2,,,,2,10,,,,,,2,,2021,U.S. - East,,,,,,,,,,,,,,,,,,,,,,,,,,,,,,,,,,,,,,,,,,,,,,,,,,,,,,,,,,,,,,,,,,,,,,,,,,,,,,,,,,,,,,,,,,,,,,,,,,,,,,,,,,,,,,,,,,,,,,,,,,,,,,,,,,,,,,,,,,,,,,,,,,,,,,,,,,,,,,,,,,,,,,,,,,,,,,,,,,,,,,,,,,,,,,,,,,,,,,,,,,,,,,,,,,,,,,,,,,,,,,,,,,,,
,Nayoro Piyashiri,"1,575 ",,,Independent,Indy,,,,,,,,,,,,,4,,,,,,,,4,,,,,,2,,2024,Japan (Hokkaido),,,,Whaleback Mountain,700 ,85,110,Independent,Indy,,,,,,,,,,,,,1,,,1,,,1,1,4,,,,,,2,,2023,U.S. - East,,,,,,,,,,,,,,,,,,,,,,,,,,,,,,,,,,,,,,,,,,,,,,,,,,,,,,,,,,,,,,,,,,,,,,,,,,,,,,,,,,,,,,,,,,,,,,,,,,,,,,,,,,,,,,,,,,,,,,,,,,,,,,,,,,,,,,,,,,,,,,,,,,,,,,,,,,,,,,,,,,,,,,,,,,,,,,,,,,,,,,,,,,,,,,,,,,,,,,,,,,,,,,,,,,,,,,,,,,,,,,,,,,,,
,Niseko United,"3,084 ","2,150",669,Independent,"Ikon, MC",,,6,,,,2,1,5,1,,,12,,3,,,,,7,37,,,7,5B,"1-4, B, S",,2,2018,Japan (Hokkaido),,,,Wildcat,"2,112 ",225,200,Vail Resorts,Epic,,,,,,,,,1,,3,,,,,,,,,1,5,U,U,,,,,,2019,U.S. - East,,,,,,,,,,,,,,,,,,,,,,,,,,,,,,,,,,,,,,,,,,,,,,,,,,,,,,,,,,,,,,,,,,,,,,,,,,,,,,,,,,,,,,,,,,,,,,,,,,,,,,,,,,,,,,,,,,,,,,,,,,,,,,,,,,,,,,,,,,,,,,,,,,,,,,,,,,,,,,,,,,,,,,,,,,,,,,,,,,,,,,,,,,,,,,,,,,,,,,,,,,,,,,,,,,,,,,,,,,,,,,,,,,,,
,Pippu,984 ,,,Independent,Indy,,,,,,,,,,,,,5,,1,,,,1,,7,,,,,,2,,2023,Japan (Hokkaido),,,U.S. - New Jersey,Big Snow American Dream,160 ,4,0,Snow Partners,Snow Pass,,,,,,,,,,1,,,,,,,,1,,2,4,,,,,,,,2026,U.S. - East,,,,,,,,,,,,,,,,,,,,,,,,,,,,,,,,,,,,,,,,,,,,,,,,,,,,,,,,,,,,,,,,,,,,,,,,,,,,,,,,,,,,,,,,,,,,,,,,,,,,,,,,,,,,,,,,,,,,,,,,,,,,,,,,,,,,,,,,,,,,,,,,,,,,,,,,,,,,,,,,,,,,,,,,,,,,,,,,,,,,,,,,,,,,,,,,,,,,,,,,,,,,,,,,,,,,,,,,,,,,,,,,,,,,
,Rusutsu,"1,949 ","2,026",,Kamori Kankō ,Epic,,,4,,,,,,7,,,,6,1,,,,,,4,22,5C,5C,,,,,,2018,Japan (Hokkaido),,,,Mountain Creek,"1,040 ",167,65,Snow Partners,Snow Pass,,,,,1,,,,2,2,1,,1,,,,,,,2,9,,,,,,,,2026,U.S. - East,,,,,,,,,,,,,,,,,,,,,,,,,,,,,,,,,,,,,,,,,,,,,,,,,,,,,,,,,,,,,,,,,,,,,,,,,,,,,,,,,,,,,,,,,,,,,,,,,,,,,,,,,,,,,,,,,,,,,,,,,,,,,,,,,,,,,,,,,,,,,,,,,,,,,,,,,,,,,,,,,,,,,,,,,,,,,,,,,,,,,,,,,,,,,,,,,,,,,,,,,,,,,,,,,,,,,,,,,,,,,,,,,,,,
,Yubari (Mount Racey),"1,325 ",,315,Independent,Indy,,,1,,,,,,2,,,,,2,,,,,,,5,,,,,,2,,2023,Japan (Hokkaido),,,,National Winter Activity Center,620 ,36,65,Independent,Indy,,,,,,,,,,1,1,,,,,,,,,1,3,,,,,,2,,2026,U.S. - East,,,,,,,,,,,,,,,,,,,,,,,,,,,,,,,,,,,,,,,,,,,,,,,,,,,,,,,,,,,,,,,,,,,,,,,,,,,,,,,,,,,,,,,,,,,,,,,,,,,,,,,,,,,,,,,,,,,,,,,,,,,,,,,,,,,,,,,,,,,,,,,,,,,,,,,,,,,,,,,,,,,,,,,,,,,,,,,,,,,,,,,,,,,,,,,,,,,,,,,,,,,,,,,,,,,,,,,,,,,,,,,,,,,,
Japan (Iwate),Amihari,"2,329 ",143,,Independent,Indy,,,,,,,,,,,,,4,,,,,,,,4,,,,,,2,,2024,Japan (Iwate),,,U.S. - New Mexico,Pajarito,"1,440 ",280,125,Mountain Capital Partners,Power,,,,,,,,,,1,1,,3,,,,,,,1,6,,,,,,,,,U.S. - West,,,,,,,,,,,,,,,,,,,,,,,,,,,,,,,,,,,,,,,,,,,,,,,,,,,,,,,,,,,,,,,,,,,,,,,,,,,,,,,,,,,,,,,,,,,,,,,,,,,,,,,,,,,,,,,,,,,,,,,,,,,,,,,,,,,,,,,,,,,,,,,,,,,,,,,,,,,,,,,,,,,,,,,,,,,,,,,,,,,,,,,,,,,,,,,,,,,,,,,,,,,,,,,,,,,,,,,,,,,,,,,,,,,,
,Appi Kogen Resort,"2,244 ",848,315,,Ikon,,,1,,,,,,3,,,,4,,,,,,,,8,,,7,5,,,,2025,Japan (Iwate),,,,Sandia Peak,"1,700 ",300,117,Mountain Capital Partners,Power,1,,,,,,,,,,,,3,,,,,,1,,5,,,,,,,,,U.S. - West,,,,,,,,,,,,,,,,,,,,,,,,,,,,,,,,,,,,,,,,,,,,,,,,,,,,,,,,,,,,,,,,,,,,,,,,,,,,,,,,,,,,,,,,,,,,,,,,,,,,,,,,,,,,,,,,,,,,,,,,,,,,,,,,,,,,,,,,,,,,,,,,,,,,,,,,,,,,,,,,,,,,,,,,,,,,,,,,,,,,,,,,,,,,,,,,,,,,,,,,,,,,,,,,,,,,,,,,,,,,,,,,,,,,
,Geto Kogen,"1,411 ",,591,,Indy,,,2,,,,,,1,,,,2,,,,,,,,5,,,,,,2,,2021,Japan (Iwate),,,,Sipapu,"1,055 ",215,185,Mountain Capital Partners,Power,,,,,,,,,,1,2,,1,,,,,,,2,6,,,,,,,,,U.S. - West,,,,,,,,,,,,,,,,,,,,,,,,,,,,,,,,,,,,,,,,,,,,,,,,,,,,,,,,,,,,,,,,,,,,,,,,,,,,,,,,,,,,,,,,,,,,,,,,,,,,,,,,,,,,,,,,,,,,,,,,,,,,,,,,,,,,,,,,,,,,,,,,,,,,,,,,,,,,,,,,,,,,,,,,,,,,,,,,,,,,,,,,,,,,,,,,,,,,,,,,,,,,,,,,,,,,,,,,,,,,,,,,,,,,
,Okunakayama Kogen,"1,207 ",,,Independent,Indy,,,,,,,,,,,,,5,,,,,,,,5,,,,,,2,,2021,Japan (Iwate),,,,Taos Ski Valley,"3,100 ","1,294",300,Independent,"Ikon, MC",,,,1,,,,,2,2,4,,1,,,,,,,3,13,,,7,5B,"1-4, B, S",,2,"2015, 2018",U.S. - West,,,,,,,,,,,,,,,,,,,,,,,,,,,,,,,,,,,,,,,,,,,,,,,,,,,,,,,,,,,,,,,,,,,,,,,,,,,,,,,,,,,,,,,,,,,,,,,,,,,,,,,,,,,,,,,,,,,,,,,,,,,,,,,,,,,,,,,,,,,,,,,,,,,,,,,,,,,,,,,,,,,,,,,,,,,,,,,,,,,,,,,,,,,,,,,,,,,,,,,,,,,,,,,,,,,,,,,,,,,,,,,,,,,,
,Shimokura-Panorama (Hachimantai Resort),"1,805 ",,320,Nippon Cable,Indy,,,,,,,,,1,,1,,5,,,,,,,,7,,,,,,2,,2021,Japan (Iwate),,,U.S. - New York,Belleayre,"1,404 ",171,141,New York State,Snow Pass,,,1,,,,,,1,3,,,,,,,,,,4,9,,,,,,,,2026,U.S. - East,,,,,,,,,,,,,,,,,,,,,,,,,,,,,,,,,,,,,,,,,,,,,,,,,,,,,,,,,,,,,,,,,,,,,,,,,,,,,,,,,,,,,,,,,,,,,,,,,,,,,,,,,,,,,,,,,,,,,,,,,,,,,,,,,,,,,,,,,,,,,,,,,,,,,,,,,,,,,,,,,,,,,,,,,,,,,,,,,,,,,,,,,,,,,,,,,,,,,,,,,,,,,,,,,,,,,,,,,,,,,,,,,,,,
Japan (Miyagi),Onikoube,"2,346 ",150,80,Independent,Indy,,,,,,,,,,,,,6,,,,,,,,6,,,,,,2,,2026,Japan (Miyagi),,,,Buffalo Ski Center,463 ,175,180,Independent,Indy,,,,,,,,,,,,,2,,,2,,,1,1,6,,,,,,2B,,2025,U.S. - East,,,,,,,,,,,,,,,,,,,,,,,,,,,,,,,,,,,,,,,,,,,,,,,,,,,,,,,,,,,,,,,,,,,,,,,,,,,,,,,,,,,,,,,,,,,,,,,,,,,,,,,,,,,,,,,,,,,,,,,,,,,,,,,,,,,,,,,,,,,,,,,,,,,,,,,,,,,,,,,,,,,,,,,,,,,,,,,,,,,,,,,,,,,,,,,,,,,,,,,,,,,,,,,,,,,,,,,,,,,,,,,,,,,,
Japan (Nagano),Able Hakuba Goryu Snow Resort,"3,038 ",297,472,Independent,Epic,,,1,,,,,,3,1,,,7,1,,,,,,,13,5CS,5CS,,,,,,2017,Japan (Nagano),,,,Cazenovia Ski Club,460 ,25,99,Independent,Indy,,,,,,,,,,,,,,,,1,,,1,,2,,,,,,2,,2024,U.S. - East,,,,,,,,,,,,,,,,,,,,,,,,,,,,,,,,,,,,,,,,,,,,,,,,,,,,,,,,,,,,,,,,,,,,,,,,,,,,,,,,,,,,,,,,,,,,,,,,,,,,,,,,,,,,,,,,,,,,,,,,,,,,,,,,,,,,,,,,,,,,,,,,,,,,,,,,,,,,,,,,,,,,,,,,,,,,,,,,,,,,,,,,,,,,,,,,,,,,,,,,,,,,,,,,,,,,,,,,,,,,,,,,,,,,
,Hakuba 47 Winter Sports Park,"2,605 ",79,472,Independent,Epic,,,1,,,,,,1,,,,4,,,,,,,1,7,5CS,5CS,,,,,,2017,Japan (Nagano),,,,Dry Hill,300 ,42,125,Independent,Indy,,,,,,,,,,,,,1,,,1,,,,1,3,,,,,,2,,2025,U.S. - East,,,,,,,,,,,,,,,,,,,,,,,,,,,,,,,,,,,,,,,,,,,,,,,,,,,,,,,,,,,,,,,,,,,,,,,,,,,,,,,,,,,,,,,,,,,,,,,,,,,,,,,,,,,,,,,,,,,,,,,,,,,,,,,,,,,,,,,,,,,,,,,,,,,,,,,,,,,,,,,,,,,,,,,,,,,,,,,,,,,,,,,,,,,,,,,,,,,,,,,,,,,,,,,,,,,,,,,,,,,,,,,,,,,,
,Hakuba Cortina Snow Resort,"1,739 ",124,512,Independent,Epic,,,,,,,,,2,,,,4,,,,,,,,6,5CS,5CS,,,,,,2017,Japan (Nagano),,,,Gore,"2,562 ",453,125,New York State,Snow Pass,,,1,,,,,,3,6,1,,,,,,1,,,2,14,,,,,,,,2026,U.S. - East,,,,,,,,,,,,,,,,,,,,,,,,,,,,,,,,,,,,,,,,,,,,,,,,,,,,,,,,,,,,,,,,,,,,,,,,,,,,,,,,,,,,,,,,,,,,,,,,,,,,,,,,,,,,,,,,,,,,,,,,,,,,,,,,,,,,,,,,,,,,,,,,,,,,,,,,,,,,,,,,,,,,,,,,,,,,,,,,,,,,,,,,,,,,,,,,,,,,,,,,,,,,,,,,,,,,,,,,,,,,,,,,,,,,
,Hakuba Happo-One Snow Resort,"3,514 ",544,461,Nippon Ski Resort Development,Epic,,,1,,,,,,5,,3,,11,,,,,,,1,21,5CS,5CS,,,,,,2017,Japan (Nagano),,,,Greek Peak,952 ,300,120,Independent,Indy,,,,,,,,,,1,2,,3,,,,,,,2,8,,,,,,2,,2019,U.S. - East,,,,,,,,,,,,,,,,,,,,,,,,,,,,,,,,,,,,,,,,,,,,,,,,,,,,,,,,,,,,,,,,,,,,,,,,,,,,,,,,,,,,,,,,,,,,,,,,,,,,,,,,,,,,,,,,,,,,,,,,,,,,,,,,,,,,,,,,,,,,,,,,,,,,,,,,,,,,,,,,,,,,,,,,,,,,,,,,,,,,,,,,,,,,,,,,,,,,,,,,,,,,,,,,,,,,,,,,,,,,,,,,,,,,
,Hakuba Iwatake Snow Field,"1,768 ",309,433,Nippon Ski Resort Development,Epic,,,1,,,,,,1,,1,,7,1,1,,,,,,12,5CS,5CS,,,,,,2017,Japan (Nagano),,,,Holimont,700 ,135,180,Independent,Snow Pass,,,,,,,,,1,1,2,,2,,,,,,,2,8,,,,,,,,,U.S. - East,,,,,,,,,,,,,,,,,,,,,,,,,,,,,,,,,,,,,,,,,,,,,,,,,,,,,,,,,,,,,,,,,,,,,,,,,,,,,,,,,,,,,,,,,,,,,,,,,,,,,,,,,,,,,,,,,,,,,,,,,,,,,,,,,,,,,,,,,,,,,,,,,,,,,,,,,,,,,,,,,,,,,,,,,,,,,,,,,,,,,,,,,,,,,,,,,,,,,,,,,,,,,,,,,,,,,,,,,,,,,,,,,,,,
,Hakuba Norikura Onsen Snow Resort,"2,618 ",124,433,Independent,Epic,,,,,,,,,,,,,6,3,,,,,,,9,5CS,5CS,,,,,,2017,Japan (Nagano),,,,Hunt Hollow,815 ,80,46,Independent,Indy,,,,,,,,,,,1,,1,,,1,,,,1,4,,,,,,2B,,2024,U.S. - East,,,,,,,,,,,,,,,,,,,,,,,,,,,,,,,,,,,,,,,,,,,,,,,,,,,,,,,,,,,,,,,,,,,,,,,,,,,,,,,,,,,,,,,,,,,,,,,,,,,,,,,,,,,,,,,,,,,,,,,,,,,,,,,,,,,,,,,,,,,,,,,,,,,,,,,,,,,,,,,,,,,,,,,,,,,,,,,,,,,,,,,,,,,,,,,,,,,,,,,,,,,,,,,,,,,,,,,,,,,,,,,,,,,,
,Jiigatake Snow Resort,853 ,74,,Independent,Epic,,,,,,,,,,,,,4,,,,,,,1,5,5CS,5CS,,,,,,2017,Japan (Nagano),,,,Hunter,"1,600 ",320,70,Vail Resorts,Epic,,,,,,,3,,1,2,1,,1,,,,,1,,3,12,U,U,,,,,,2019,U.S. - East,,,,,,,,,,,,,,,,,,,,,,,,,,,,,,,,,,,,,,,,,,,,,,,,,,,,,,,,,,,,,,,,,,,,,,,,,,,,,,,,,,,,,,,,,,,,,,,,,,,,,,,,,,,,,,,,,,,,,,,,,,,,,,,,,,,,,,,,,,,,,,,,,,,,,,,,,,,,,,,,,,,,,,,,,,,,,,,,,,,,,,,,,,,,,,,,,,,,,,,,,,,,,,,,,,,,,,,,,,,,,,,,,,,,
,Kashimayari Ski Resort Family Park,"2,362 ",193,374,Nippon Ski Resort Development,Epic,,,,,,,,,,3,,,5,,,,,,,,8,5CS,5CS,,,,,,2017,Japan (Nagano),,,,Maple Ski Ridge,270 ,60,60,Independent,Indy,,,,,,,,,,,1,,1,,,,,,2,,4,,,,,,2,,2023,U.S. - East,,,,,,,,,,,,,,,,,,,,,,,,,,,,,,,,,,,,,,,,,,,,,,,,,,,,,,,,,,,,,,,,,,,,,,,,,,,,,,,,,,,,,,,,,,,,,,,,,,,,,,,,,,,,,,,,,,,,,,,,,,,,,,,,,,,,,,,,,,,,,,,,,,,,,,,,,,,,,,,,,,,,,,,,,,,,,,,,,,,,,,,,,,,,,,,,,,,,,,,,,,,,,,,,,,,,,,,,,,,,,,,,,,,,
,Kurohime Kogen Snow Park,"1,411 ",,251,Independent,Indy,,,,,,,,,,1,,,5,,,,,,,2,8,,,,,,2,,2025,Japan (Nagano),,,,Mount Pisgah,329 ,15,60,Independent,Indy,,,,,,,,,,,,,,,,1,,,1,,2,,,,,,2,,2026,U.S. - East,,,,,,,,,,,,,,,,,,,,,,,,,,,,,,,,,,,,,,,,,,,,,,,,,,,,,,,,,,,,,,,,,,,,,,,,,,,,,,,,,,,,,,,,,,,,,,,,,,,,,,,,,,,,,,,,,,,,,,,,,,,,,,,,,,,,,,,,,,,,,,,,,,,,,,,,,,,,,,,,,,,,,,,,,,,,,,,,,,,,,,,,,,,,,,,,,,,,,,,,,,,,,,,,,,,,,,,,,,,,,,,,,,,,
,Madarao Kogen ,"1,444 ",,512,Tokyo Land Company,Ikon,,,,,,,,,2,,3,,5,,1,,,,,1,12,,,7,5,,,,2026,Japan (Nagano),,,,Oak Mountain,650 ,100,120,Independent,Snow Pass,,,,,,,,,,1,,,,,,1,,,,2,4,,,,,,,,2026,U.S. - East,,,,,,,,,,,,,,,,,,,,,,,,,,,,,,,,,,,,,,,,,,,,,,,,,,,,,,,,,,,,,,,,,,,,,,,,,,,,,,,,,,,,,,,,,,,,,,,,,,,,,,,,,,,,,,,,,,,,,,,,,,,,,,,,,,,,,,,,,,,,,,,,,,,,,,,,,,,,,,,,,,,,,,,,,,,,,,,,,,,,,,,,,,,,,,,,,,,,,,,,,,,,,,,,,,,,,,,,,,,,,,,,,,,,
,Shiga Kogen (18 Combined Ski Areas),"3,205 ","1,500",487,Independent,Ikon,,,5,,,,,,11,1,3,,19,,2,,,,,,41,,,7,5,,,,2025,Japan (Nagano),,,,Peek’n Peak,400 ,130,200,Independent,Indy,,,,,,,,,,,6,,2,,,,,,,3,11,,,,,,2B,,2022,U.S. - East,,,,,,,,,,,,,,,,,,,,,,,,,,,,,,,,,,,,,,,,,,,,,,,,,,,,,,,,,,,,,,,,,,,,,,,,,,,,,,,,,,,,,,,,,,,,,,,,,,,,,,,,,,,,,,,,,,,,,,,,,,,,,,,,,,,,,,,,,,,,,,,,,,,,,,,,,,,,,,,,,,,,,,,,,,,,,,,,,,,,,,,,,,,,,,,,,,,,,,,,,,,,,,,,,,,,,,,,,,,,,,,,,,,,
,Snow Resort the Cupid of Romance,"2,612 ",,,,Indy,,,,,,,,,,1,1,,3,,,,,,,3,8,,,,,,2,,2026,Japan (Nagano),,,,Skaneateles,400 ,33,100,Independent,Indy,,,,,,,,,,,,,,,,1,,,2,,3,,,,,,2,,2024,U.S. - East,,,,,,,,,,,,,,,,,,,,,,,,,,,,,,,,,,,,,,,,,,,,,,,,,,,,,,,,,,,,,,,,,,,,,,,,,,,,,,,,,,,,,,,,,,,,,,,,,,,,,,,,,,,,,,,,,,,,,,,,,,,,,,,,,,,,,,,,,,,,,,,,,,,,,,,,,,,,,,,,,,,,,,,,,,,,,,,,,,,,,,,,,,,,,,,,,,,,,,,,,,,,,,,,,,,,,,,,,,,,,,,,,,,,
,Tangram Ski Circus (Tangram Madarao),"1,706 ",124,,Independent,Indy,,,,,,,,,,2,,,3,,,,,,,2,7,,,,,,2,,2024,Japan (Nagano),,,,Snow Ridge,500 ,150,230,Independent,Indy,,,,,,,,,,,,,3,,,1,,,,1,5,,,,,,2,,2020,U.S. - East,,,,,,,,,,,,,,,,,,,,,,,,,,,,,,,,,,,,,,,,,,,,,,,,,,,,,,,,,,,,,,,,,,,,,,,,,,,,,,,,,,,,,,,,,,,,,,,,,,,,,,,,,,,,,,,,,,,,,,,,,,,,,,,,,,,,,,,,,,,,,,,,,,,,,,,,,,,,,,,,,,,,,,,,,,,,,,,,,,,,,,,,,,,,,,,,,,,,,,,,,,,,,,,,,,,,,,,,,,,,,,,,,,,,
,Togakushi,"1,804 ",146,299,Independent,Indy,,,,,,,,,2,,,,2,3,,,,,,,7,,,,,,2,,2023,Japan (Nagano),,,,Swain,650 ,120,130,Schoonover Family,Indy,,,,,,,,,,3,,,1,,,,,,,1,5,,,,,,2,,2020,U.S. - East,,,,,,,,,,,,,,,,,,,,,,,,,,,,,,,,,,,,,,,,,,,,,,,,,,,,,,,,,,,,,,,,,,,,,,,,,,,,,,,,,,,,,,,,,,,,,,,,,,,,,,,,,,,,,,,,,,,,,,,,,,,,,,,,,,,,,,,,,,,,,,,,,,,,,,,,,,,,,,,,,,,,,,,,,,,,,,,,,,,,,,,,,,,,,,,,,,,,,,,,,,,,,,,,,,,,,,,,,,,,,,,,,,,,
,Togari Onsen Ski Area,"1,522 ",,,,Indy,,,,,,,,,3,,,,1,,,,,,,,4,,,,,,2,,2026,Japan (Nagano),,,,Titus,"1,200 ",380,150,Independent,Indy,,,,,,,,,,,2,,5,,,,,,,1,8,,,,,,2,,2021,U.S. - East,,,,,,,,,,,,,,,,,,,,,,,,,,,,,,,,,,,,,,,,,,,,,,,,,,,,,,,,,,,,,,,,,,,,,,,,,,,,,,,,,,,,,,,,,,,,,,,,,,,,,,,,,,,,,,,,,,,,,,,,,,,,,,,,,,,,,,,,,,,,,,,,,,,,,,,,,,,,,,,,,,,,,,,,,,,,,,,,,,,,,,,,,,,,,,,,,,,,,,,,,,,,,,,,,,,,,,,,,,,,,,,,,,,,
,Tsugaike Mountain Resort,"2,966 ",484,512,Nippon Ski Resort Development,Epic,1,,1,,,,,,9,,,1,5,2,,,,,,1,20,5CS,5CS,,,,,,2017,Japan (Nagano),,,,West Mountain,"1,010 ",130,80,Independent,Indy,,,,,,,,,,1,2,,,,,,,,1,1,5,,,,,,2,,2021,U.S. - East,,,,,,,,,,,,,,,,,,,,,,,,,,,,,,,,,,,,,,,,,,,,,,,,,,,,,,,,,,,,,,,,,,,,,,,,,,,,,,,,,,,,,,,,,,,,,,,,,,,,,,,,,,,,,,,,,,,,,,,,,,,,,,,,,,,,,,,,,,,,,,,,,,,,,,,,,,,,,,,,,,,,,,,,,,,,,,,,,,,,,,,,,,,,,,,,,,,,,,,,,,,,,,,,,,,,,,,,,,,,,,,,,,,,
,White Resort Hakuba Sanosaka (Sun Alpina Sanosaka),"1,509 ",99,394,Independent,Epic,,,,,,,,,2,,1,,2,,,,,,,,5,5CS,5CS,,,,,,2024,Japan (Nagano),,,,Whiteface,"3,166 ",299,181,New York State,"MC, Snow Pass",,,1,,,,,,2,3,1,,2,,,,,,,2,11,,,,,,,2,"2025, 2026",U.S. - East,,,,,,,,,,,,,,,,,,,,,,,,,,,,,,,,,,,,,,,,,,,,,,,,,,,,,,,,,,,,,,,,,,,,,,,,,,,,,,,,,,,,,,,,,,,,,,,,,,,,,,,,,,,,,,,,,,,,,,,,,,,,,,,,,,,,,,,,,,,,,,,,,,,,,,,,,,,,,,,,,,,,,,,,,,,,,,,,,,,,,,,,,,,,,,,,,,,,,,,,,,,,,,,,,,,,,,,,,,,,,,,,,,,,
Japan (Niigata),Arai Snow Resort,"3,120 ",520,826,Independent,Ikon,,,1,,,,,,2,,,,2,,,,,,,,5,,,7,5,,,,2022,Japan (Niigata),,,U.S. - North Carolina,Cataloochee,740 ,50,24,Independent,Indy,,,,,,,,,,2,1,,,,,,,,,2,5,,,,,,2,,2019,U.S. - East,,,,,,,,,,,,,,,,,,,,,,,,,,,,,,,,,,,,,,,,,,,,,,,,,,,,,,,,,,,,,,,,,,,,,,,,,,,,,,,,,,,,,,,,,,,,,,,,,,,,,,,,,,,,,,,,,,,,,,,,,,,,,,,,,,,,,,,,,,,,,,,,,,,,,,,,,,,,,,,,,,,,,,,,,,,,,,,,,,,,,,,,,,,,,,,,,,,,,,,,,,,,,,,,,,,,,,,,,,,,,,,,,,,,
,Cupid Valley Ski Resort,"1,739 ",77,,Independent,Indy,,,,,,,,,,2,,,1,,,,,,,,3,,,,,,2,,2024,Japan (Niigata),,,,Hatley Pointe,700 ,54,65,Independent,Indy,,,,,,,,,,2,,,1,,,,,,1,2,6,,,,,,2,,2024,U.S. - East,,,,,,,,,,,,,,,,,,,,,,,,,,,,,,,,,,,,,,,,,,,,,,,,,,,,,,,,,,,,,,,,,,,,,,,,,,,,,,,,,,,,,,,,,,,,,,,,,,,,,,,,,,,,,,,,,,,,,,,,,,,,,,,,,,,,,,,,,,,,,,,,,,,,,,,,,,,,,,,,,,,,,,,,,,,,,,,,,,,,,,,,,,,,,,,,,,,,,,,,,,,,,,,,,,,,,,,,,,,,,,,,,,,,
,Kandatsu Snow Resort,"1,772 ",,433,,Indy,,,,,,,,,,3,,,3,,,,,,,,6,,,,,,2,,2026,Japan (Niigata),,,U.S. - North Dakota,Bottineau Winter Park,200 ,17,70,Independent,Indy,,,,,,,,,,,1,,,,,1,,,2,2,6,,,,,,2,,2023,U.S. - Midwest,,,,,,,,,,,,,,,,,,,,,,,,,,,,,,,,,,,,,,,,,,,,,,,,,,,,,,,,,,,,,,,,,,,,,,,,,,,,,,,,,,,,,,,,,,,,,,,,,,,,,,,,,,,,,,,,,,,,,,,,,,,,,,,,,,,,,,,,,,,,,,,,,,,,,,,,,,,,,,,,,,,,,,,,,,,,,,,,,,,,,,,,,,,,,,,,,,,,,,,,,,,,,,,,,,,,,,,,,,,,,,,,,,,,
,Maiko Snow Resort,"2,165 ",,350,Independent,Indy,,,1,,,,,,4,,,1,4,,2,,,,,,12,,,,,,2,,2024,Japan (Niigata),,,,Frost Fire,338 ,30,35,Independent,Indy,,,,,,,,,,1,,,,,,,,,,1,2,,,,,,2,,2026,U.S. - Midwest,,,,,,,,,,,,,,,,,,,,,,,,,,,,,,,,,,,,,,,,,,,,,,,,,,,,,,,,,,,,,,,,,,,,,,,,,,,,,,,,,,,,,,,,,,,,,,,,,,,,,,,,,,,,,,,,,,,,,,,,,,,,,,,,,,,,,,,,,,,,,,,,,,,,,,,,,,,,,,,,,,,,,,,,,,,,,,,,,,,,,,,,,,,,,,,,,,,,,,,,,,,,,,,,,,,,,,,,,,,,,,,,,,,,
,Muica Snow Resort,"1,312 ",244,394,Independent,Indy,,,,,,,,,,1,,,3,,,,,,,1,5,,,,,,2,,2024,Japan (Niigata),,,,Huff Hills,382 ,70,55,Independent,Indy,,,,,,,,,,,,,2,,,,,,2,,4,,,,,,2,,2023,U.S. - Midwest,,,,,,,,,,,,,,,,,,,,,,,,,,,,,,,,,,,,,,,,,,,,,,,,,,,,,,,,,,,,,,,,,,,,,,,,,,,,,,,,,,,,,,,,,,,,,,,,,,,,,,,,,,,,,,,,,,,,,,,,,,,,,,,,,,,,,,,,,,,,,,,,,,,,,,,,,,,,,,,,,,,,,,,,,,,,,,,,,,,,,,,,,,,,,,,,,,,,,,,,,,,,,,,,,,,,,,,,,,,,,,,,,,,,
,Myoko Suginohara Ski Resort,"3,688 ",222,512,Prince Snow Resorts,Ikon,,,1,,,,,,,2,,,2,,,,,,,,5,,,7,5,,,,2025,Japan (Niigata),,,,Thrill Hills,259 ,30,35,Independent,Indy,,,,,,,,,,,,,1,,,,,,1,,2,,,,,,2,,2026,U.S. - Midwest,,,,,,,,,,,,,,,,,,,,,,,,,,,,,,,,,,,,,,,,,,,,,,,,,,,,,,,,,,,,,,,,,,,,,,,,,,,,,,,,,,,,,,,,,,,,,,,,,,,,,,,,,,,,,,,,,,,,,,,,,,,,,,,,,,,,,,,,,,,,,,,,,,,,,,,,,,,,,,,,,,,,,,,,,,,,,,,,,,,,,,,,,,,,,,,,,,,,,,,,,,,,,,,,,,,,,,,,,,,,,,,,,,,,
,Ninox Snow Park,708 ,49,,Independent,Indy,,,,,,,,,,1,,,1,,,,,,,,2,,,,,,2,,2024,Japan (Niigata),,,U.S. - Ohio,Alpine Valley OH,240 ,72,120,Vail Resorts,Epic,,,,,,,,,,1,1,,1,,,,,,1,1,5,U,U,,,,,,2019,U.S. - Midwest,,,,,,,,,,,,,,,,,,,,,,,,,,,,,,,,,,,,,,,,,,,,,,,,,,,,,,,,,,,,,,,,,,,,,,,,,,,,,,,,,,,,,,,,,,,,,,,,,,,,,,,,,,,,,,,,,,,,,,,,,,,,,,,,,,,,,,,,,,,,,,,,,,,,,,,,,,,,,,,,,,,,,,,,,,,,,,,,,,,,,,,,,,,,,,,,,,,,,,,,,,,,,,,,,,,,,,,,,,,,,,,,,,,,
,Yuzawa Nakazato,801 ,326,531,Independent,Indy,,,,,,,,,1,,,,5,,,,,,,1,7,,,,,,2,,2024,Japan (Niigata),,,,Boston Mills,230 ,40,54,Vail Resorts,Epic,,,,,,,,,,1,4,,1,,,,,,,1,7,U,U,,,,,,2019,U.S. - Midwest,,,,,,,,,,,,,,,,,,,,,,,,,,,,,,,,,,,,,,,,,,,,,,,,,,,,,,,,,,,,,,,,,,,,,,,,,,,,,,,,,,,,,,,,,,,,,,,,,,,,,,,,,,,,,,,,,,,,,,,,,,,,,,,,,,,,,,,,,,,,,,,,,,,,,,,,,,,,,,,,,,,,,,,,,,,,,,,,,,,,,,,,,,,,,,,,,,,,,,,,,,,,,,,,,,,,,,,,,,,,,,,,,,,,
Japan (Yamagata),Zao Onsen,"2,890 ",754,632,Independent,Ikon,2,1,1,,,,,,4,,2,,25,,,,,,,,35,,,7,5,,,,2025,Japan (Yamagata),,,,Brandywine,262 ,40,54,Vail Resorts,Epic,,,,,,,,,,3,2,,,,,,,,2,1,8,U,U,,,,,,2019,U.S. - Midwest,,,,,,,,,,,,,,,,,,,,,,,,,,,,,,,,,,,,,,,,,,,,,,,,,,,,,,,,,,,,,,,,,,,,,,,,,,,,,,,,,,,,,,,,,,,,,,,,,,,,,,,,,,,,,,,,,,,,,,,,,,,,,,,,,,,,,,,,,,,,,,,,,,,,,,,,,,,,,,,,,,,,,,,,,,,,,,,,,,,,,,,,,,,,,,,,,,,,,,,,,,,,,,,,,,,,,,,,,,,,,,,,,,,,
New Zealand,Coronet Peak,"1,516 ",692,79,Independent,"Ikon, MC",,,,,,,1,1,1,,,,,,,1,,,,4,8,,,"7, S, 26, 27","5, S, 26, 27",,,"2, S, 26","2016, 2018",New Zealand,,,,Mad River,300 ,144,36,Vail Resorts,Epic,,,,,,,,,,1,2,,2,,,,,,3,1,9,U,U,,,,,,2019,U.S. - Midwest,,,,,,,,,,,,,,,,,,,,,,,,,,,,,,,,,,,,,,,,,,,,,,,,,,,,,,,,,,,,,,,,,,,,,,,,,,,,,,,,,,,,,,,,,,,,,,,,,,,,,,,,,,,,,,,,,,,,,,,,,,,,,,,,,,,,,,,,,,,,,,,,,,,,,,,,,,,,,,,,,,,,,,,,,,,,,,,,,,,,,,,,,,,,,,,,,,,,,,,,,,,,,,,,,,,,,,,,,,,,,,,,,,,,
,Mt. Hutt,"2,126 ",902,157,Independent,Ikon,,,,,,1,1,,,,1,,,,,,,,,2,5,,,"7, S, 26, 27","5, S, 26, 27",,,,2018,New Zealand,,,U.S. - Oregon,Cooper Spur,431 ,50,250,Drake Family,Indy,,,,,,,,,,,,,1,,,,,,1,,2,,,,,,2,,2023,U.S. - West,,,,,,,,,,,,,,,,,,,,,,,,,,,,,,,,,,,,,,,,,,,,,,,,,,,,,,,,,,,,,,,,,,,,,,,,,,,,,,,,,,,,,,,,,,,,,,,,,,,,,,,,,,,,,,,,,,,,,,,,,,,,,,,,,,,,,,,,,,,,,,,,,,,,,,,,,,,,,,,,,,,,,,,,,,,,,,,,,,,,,,,,,,,,,,,,,,,,,,,,,,,,,,,,,,,,,,,,,,,,,,,,,,,,
,The Remarkables,"1,093 ",951,146,Independent,"Ikon, MC",,,,,,,3,,,1,,,,,,,,,,3,7,,,"7, S, 26, 27","5, S, 26, 27",,,"2, S, 26","2016, 2018",New Zealand,,,,Hoodoo,"1,035 ",800,350,Independent,Indy,,,,,,,,,,3,1,,1,,,,,,,1,6,,,,,,2B,,2019,U.S. - West,,,,,,,,,,,,,,,,,,,,,,,,,,,,,,,,,,,,,,,,,,,,,,,,,,,,,,,,,,,,,,,,,,,,,,,,,,,,,,,,,,,,,,,,,,,,,,,,,,,,,,,,,,,,,,,,,,,,,,,,,,,,,,,,,,,,,,,,,,,,,,,,,,,,,,,,,,,,,,,,,,,,,,,,,,,,,,,,,,,,,,,,,,,,,,,,,,,,,,,,,,,,,,,,,,,,,,,,,,,,,,,,,,,,
South Korea,Mona Yongpyong,"2,339 ",,81,Independent,Ikon,,,1,,,,2,,3,4,2,,2,,,,,,,1,15,,,7,5,,,,2025,Asia,,,,Mount Bachelor,"3,365 ","4,323",387,Powdr,Ikon,,,,,,,1,,7,1,3,,,,,,,,,3,15,,,7,5B,"1-4, B, S",,,2020,U.S. - West,,,,,,,,,,,,,,,,,,,,,,,,,,,,,,,,,,,,,,,,,,,,,,,,,,,,,,,,,,,,,,,,,,,,,,,,,,,,,,,,,,,,,,,,,,,,,,,,,,,,,,,,,,,,,,,,,,,,,,,,,,,,,,,,,,,,,,,,,,,,,,,,,,,,,,,,,,,,,,,,,,,,,,,,,,,,,,,,,,,,,,,,,,,,,,,,,,,,,,,,,,,,,,,,,,,,,,,,,,,,,,,,,,,,
U.S. - Alaska,Alyeska,"2,487 ","1,610",669,Independent,Ikon,1,,,,,,,,2,2,,,,,,,,,,2,7,,,7,5,"1-4, B, S",,,2023,U.S. - West,Public w/Aerial Lifts,,,Mount Hood Meadows,"2,777 ","2,150",439,Drake Family,Indy,,,,,,,1,,5,1,,,3,,,,,,,1,11,,,,,,2B,,2022,U.S. - West,,,,,,,,,,,,,,,,,,,,,,,,,,,,,,,,,,,,,,,,,,,,,,,,,,,,,,,,,,,,,,,,,,,,,,,,,,,,,,,,,,,,,,,,,,,,,,,,,,,,,,,,,,,,,,,,,,,,,,,,,,,,,,,,,,,,,,,,,,,,,,,,,,,,,,,,,,,,,,,,,,,,,,,,,,,,,,,,,,,,,,,,,,,,,,,,,,,,,,,,,,,,,,,,,,,,,,,,,,,,,,,,,,,,
,Arctic Valley,"1,373 ",320,250,Independent,Indy,,,,,,,,,,,,,2,,,1,,,1,,4,,,,,,2,,2022,U.S. - West,Public w/Aerial Lifts,,,Willamette Pass,"1,563 ",555,375,Mountain Capital Partners,Power,,,,,,,1,,,,4,,,,,,,,,1,6,,,,,,,,,U.S. - West,,,,,,,,,,,,,,,,,,,,,,,,,,,,,,,,,,,,,,,,,,,,,,,,,,,,,,,,,,,,,,,,,,,,,,,,,,,,,,,,,,,,,,,,,,,,,,,,,,,,,,,,,,,,,,,,,,,,,,,,,,,,,,,,,,,,,,,,,,,,,,,,,,,,,,,,,,,,,,,,,,,,,,,,,,,,,,,,,,,,,,,,,,,,,,,,,,,,,,,,,,,,,,,,,,,,,,,,,,,,,,,,,,,,
,Eaglecrest,"1,401 ",640,350,Independent,Indy,,,,,,,,,,,,,4,,,,,,,,4,,,,,,2,,"2019, 2022",U.S. - West,Public w/Aerial Lifts,,U.S. - Pennsylvania,Bear Creek,510 ,86,30,Independent,Indy,,,,,,,,,,3,1,,,,,,,,,1,5,,,,,,2,,2024,U.S. - East,,,,,,,,,,,,,,,,,,,,,,,,,,,,,,,,,,,,,,,,,,,,,,,,,,,,,,,,,,,,,,,,,,,,,,,,,,,,,,,,,,,,,,,,,,,,,,,,,,,,,,,,,,,,,,,,,,,,,,,,,,,,,,,,,,,,,,,,,,,,,,,,,,,,,,,,,,,,,,,,,,,,,,,,,,,,,,,,,,,,,,,,,,,,,,,,,,,,,,,,,,,,,,,,,,,,,,,,,,,,,,,,,,,,
,Hilltop,294 ,35,76,Independent,Indy,,,,,,,,,,,1,,,,,,,1,,1,3,,,,,,2,,2025,U.S. - West,Public w/Aerial Lifts,,,Big Boulder,475 ,55,50,Vail Resorts,Epic,,,,,,,,,,2,1,,1,,,,,,,1,5,U,U,,,,,,2019,U.S. - East,,,,,,,,,,,,,,,,,,,,,,,,,,,,,,,,,,,,,,,,,,,,,,,,,,,,,,,,,,,,,,,,,,,,,,,,,,,,,,,,,,,,,,,,,,,,,,,,,,,,,,,,,,,,,,,,,,,,,,,,,,,,,,,,,,,,,,,,,,,,,,,,,,,,,,,,,,,,,,,,,,,,,,,,,,,,,,,,,,,,,,,,,,,,,,,,,,,,,,,,,,,,,,,,,,,,,,,,,,,,,,,,,,,,
,Moose Mountain,"1,300 ",750,100,Independent,Indy,,,,,,,,,,,,,,,,,,,1,,1,,,,,,2,,2023,U.S. - West,Public - Surface Lifts Only,,,Blue Knob,"1,072 ",100,120,Independent,Indy,,,,,,,,,,,2,,2,,,,,,,1,5,,,,,,2,,2019,U.S. - East,,,,,,,,,,,,,,,,,,,,,,,,,,,,,,,,,,,,,,,,,,,,,,,,,,,,,,,,,,,,,,,,,,,,,,,,,,,,,,,,,,,,,,,,,,,,,,,,,,,,,,,,,,,,,,,,,,,,,,,,,,,,,,,,,,,,,,,,,,,,,,,,,,,,,,,,,,,,,,,,,,,,,,,,,,,,,,,,,,,,,,,,,,,,,,,,,,,,,,,,,,,,,,,,,,,,,,,,,,,,,,,,,,,,
,Mount Eyak,800 ,100,350,Independent,Indy,,,,,,,,,,,,,,,1,,,,1,,2,,,,,,2,,2024,U.S. - West,Public w/Aerial Lifts,,,Blue Mountain PA,"1,082 ",171,33,Peregrine Hospitality,Ikon,,,,,,,2,,1,,1,,1,,,,,,,7,12,,,7,5B,"1-4, B, S",,,2023,U.S. - East,,,,,,,,,,,,,,,,,,,,,,,,,,,,,,,,,,,,,,,,,,,,,,,,,,,,,,,,,,,,,,,,,,,,,,,,,,,,,,,,,,,,,,,,,,,,,,,,,,,,,,,,,,,,,,,,,,,,,,,,,,,,,,,,,,,,,,,,,,,,,,,,,,,,,,,,,,,,,,,,,,,,,,,,,,,,,,,,,,,,,,,,,,,,,,,,,,,,,,,,,,,,,,,,,,,,,,,,,,,,,,,,,,,,
,Skeetawk,254 ,30,,Independent,Indy,,,,,,,,,,,1,,,,,,,,,1,2,,,,,,2,,2026,U.S. - West,Public w/Aerial Lifts,,,Camelback,827 ,166,50,Peregrine Hospitality,Ikon,,,,,,,1,,1,1,3,,3,,,,,,,4,13,,,7,5B,"1-4, B, S",,,2023,U.S. - East,,,,,,,,,,,,,,,,,,,,,,,,,,,,,,,,,,,,,,,,,,,,,,,,,,,,,,,,,,,,,,,,,,,,,,,,,,,,,,,,,,,,,,,,,,,,,,,,,,,,,,,,,,,,,,,,,,,,,,,,,,,,,,,,,,,,,,,,,,,,,,,,,,,,,,,,,,,,,,,,,,,,,,,,,,,,,,,,,,,,,,,,,,,,,,,,,,,,,,,,,,,,,,,,,,,,,,,,,,,,,,,,,,,,
,Ski Land,"1,014 ",100,200,Independent,Indy,,,,,,,,,,,,,1,,,,,,,1,2,,,,,,2,,2026,U.S. - West,Public w/Aerial Lifts,,,Hidden Valley PA,470 ,110,140,Vail Resorts,Epic,,,,,,,,,,2,2,,,,,,,,2,2,8,U,U,,,,,,2022,U.S. - East,,,,,,,,,,,,,,,,,,,,,,,,,,,,,,,,,,,,,,,,,,,,,,,,,,,,,,,,,,,,,,,,,,,,,,,,,,,,,,,,,,,,,,,,,,,,,,,,,,,,,,,,,,,,,,,,,,,,,,,,,,,,,,,,,,,,,,,,,,,,,,,,,,,,,,,,,,,,,,,,,,,,,,,,,,,,,,,,,,,,,,,,,,,,,,,,,,,,,,,,,,,,,,,,,,,,,,,,,,,,,,,,,,,,
U.S. - Arizona,Arizona Snowbowl,"2,300 ",777,242,Mountain Capital Partners,Power,,,,,,,1,1,,3,1,,,,,,,,,2,8,,,,,,,,,U.S. - West,Public w/Aerial Lifts,,,Jack Frost,600 ,100,50,Vail Resorts,Epic,,,,,,,,,,4,,,2,,,,,,,,6,U,U,,,,,,2019,U.S. - East,,,,,,,,,,,,,,,,,,,,,,,,,,,,,,,,,,,,,,,,,,,,,,,,,,,,,,,,,,,,,,,,,,,,,,,,,,,,,,,,,,,,,,,,,,,,,,,,,,,,,,,,,,,,,,,,,,,,,,,,,,,,,,,,,,,,,,,,,,,,,,,,,,,,,,,,,,,,,,,,,,,,,,,,,,,,,,,,,,,,,,,,,,,,,,,,,,,,,,,,,,,,,,,,,,,,,,,,,,,,,,,,,,,,
U.S. - California,Bear Mountain (Big Bear),"1,665 ",198,114,Alterra ,Ikon,,,,,,,1,,2,,2,,2,,,,,,,4,11,,,U,U,"1-4, B, S",,,2018,U.S. - West,Public w/Aerial Lifts,,,Laurel,761 ,70,41,Vail Resorts,Epic,,,,,,,,,,1,,,,,,,,,1,,2,U,U,,,,,,2022,U.S. - East,,,,,,,,,,,,,,,,,,,,,,,,,,,,,,,,,,,,,,,,,,,,,,,,,,,,,,,,,,,,,,,,,,,,,,,,,,,,,,,,,,,,,,,,,,,,,,,,,,,,,,,,,,,,,,,,,,,,,,,,,,,,,,,,,,,,,,,,,,,,,,,,,,,,,,,,,,,,,,,,,,,,,,,,,,,,,,,,,,,,,,,,,,,,,,,,,,,,,,,,,,,,,,,,,,,,,,,,,,,,,,,,,,,,
,Bear Valley,"1,900 ","1,680",352,California Mountain Resort Company,Indy,,,,,,,1,,1,1,2,,2,,,,,,,2,9,,,,,,2B,,2024,U.S. - West,Public w/Aerial Lifts,,,Liberty,620 ,100,31,Vail Resorts,Epic,,,,,,,,,,5,,,,,,,,,,2,7,U,U,,,,,,2019,U.S. - East,,,,,,,,,,,,,,,,,,,,,,,,,,,,,,,,,,,,,,,,,,,,,,,,,,,,,,,,,,,,,,,,,,,,,,,,,,,,,,,,,,,,,,,,,,,,,,,,,,,,,,,,,,,,,,,,,,,,,,,,,,,,,,,,,,,,,,,,,,,,,,,,,,,,,,,,,,,,,,,,,,,,,,,,,,,,,,,,,,,,,,,,,,,,,,,,,,,,,,,,,,,,,,,,,,,,,,,,,,,,,,,,,,,,
,China Peak,"1,679 ","1,200",300,California Mountain Resort Company,Indy,,,,,,,,,,2,4,,,,,1,,,,4,11,,,,,,2,,2020,U.S. - West,Public w/Aerial Lifts,,,Montage,991 ,140,47,Independent,Indy,,,,,,,,,,1,3,,1,,,,,,1,2,8,,,,,,2,,2021,U.S. - East,,,,,,,,,,,,,,,,,,,,,,,,,,,,,,,,,,,,,,,,,,,,,,,,,,,,,,,,,,,,,,,,,,,,,,,,,,,,,,,,,,,,,,,,,,,,,,,,,,,,,,,,,,,,,,,,,,,,,,,,,,,,,,,,,,,,,,,,,,,,,,,,,,,,,,,,,,,,,,,,,,,,,,,,,,,,,,,,,,,,,,,,,,,,,,,,,,,,,,,,,,,,,,,,,,,,,,,,,,,,,,,,,,,,
,Dodge Ridge,"1,600 ",862,300,California Mountain Resort Company,Indy,,,,,,,,,,1,3,,3,,,1,,,1,2,11,,,,,,2B,,2022,U.S. - West,Public w/Aerial Lifts,,,Roundtop,591 ,103,30,Vail Resorts,Epic,,,,,,,,,,3,2,,,,,,1,,,3,9,U,U,,,,,,2019,U.S. - East,,,,,,,,,,,,,,,,,,,,,,,,,,,,,,,,,,,,,,,,,,,,,,,,,,,,,,,,,,,,,,,,,,,,,,,,,,,,,,,,,,,,,,,,,,,,,,,,,,,,,,,,,,,,,,,,,,,,,,,,,,,,,,,,,,,,,,,,,,,,,,,,,,,,,,,,,,,,,,,,,,,,,,,,,,,,,,,,,,,,,,,,,,,,,,,,,,,,,,,,,,,,,,,,,,,,,,,,,,,,,,,,,,,,
,Donner Ski Ranch,800 ,500,389,Independent,Indy,,,,,,,,,,,1,,5,,,,,,,2,8,,,,,,2,,,U.S. - West,Public w/Aerial Lifts,,,Seven Springs,754 ,285,135,Vail Resorts,Epic,,,,,,,2,,,5,3,,,,,,,,1,3,14,U,U,,,,,,2022,U.S. - East,,,,,,,,,,,,,,,,,,,,,,,,,,,,,,,,,,,,,,,,,,,,,,,,,,,,,,,,,,,,,,,,,,,,,,,,,,,,,,,,,,,,,,,,,,,,,,,,,,,,,,,,,,,,,,,,,,,,,,,,,,,,,,,,,,,,,,,,,,,,,,,,,,,,,,,,,,,,,,,,,,,,,,,,,,,,,,,,,,,,,,,,,,,,,,,,,,,,,,,,,,,,,,,,,,,,,,,,,,,,,,,,,,,,
,Heavenly,"3,475 ","4,800",251,Vail Resorts,Epic,1,,1,,,,2,,8,1,5,,2,,,,,,2,4,26,U,UB,,,,,,2008,U.S. - West,Public w/Aerial Lifts,,,Shawnee Mountain,700 ,120,50,Independent,Indy,,,,,,,,,1,1,,,4,,,,,,,3,9,,,,,,2B,,2019,U.S. - East,,,,,,,,,,,,,,,,,,,,,,,,,,,,,,,,,,,,,,,,,,,,,,,,,,,,,,,,,,,,,,,,,,,,,,,,,,,,,,,,,,,,,,,,,,,,,,,,,,,,,,,,,,,,,,,,,,,,,,,,,,,,,,,,,,,,,,,,,,,,,,,,,,,,,,,,,,,,,,,,,,,,,,,,,,,,,,,,,,,,,,,,,,,,,,,,,,,,,,,,,,,,,,,,,,,,,,,,,,,,,,,,,,,,
,June Mountain,"2,545 ","1,500",276,Alterra ,Ikon,,,,,,,,,2,,,,4,,,,,,,1,7,,,U,UB,"1-4, B, S",,,2018,U.S. - West,Public w/Aerial Lifts,,,Ski Big Bear,650 ,26,50,Independent,Indy,,,,,,,,,,,,,4,,,,,,,3,7,,,,,,2B,,2023,U.S. - East,,,,,,,,,,,,,,,,,,,,,,,,,,,,,,,,,,,,,,,,,,,,,,,,,,,,,,,,,,,,,,,,,,,,,,,,,,,,,,,,,,,,,,,,,,,,,,,,,,,,,,,,,,,,,,,,,,,,,,,,,,,,,,,,,,,,,,,,,,,,,,,,,,,,,,,,,,,,,,,,,,,,,,,,,,,,,,,,,,,,,,,,,,,,,,,,,,,,,,,,,,,,,,,,,,,,,,,,,,,,,,,,,,,,
,Kirkwood,"2,000 ","2,300",354,Vail Resorts,Epic,,,,,,,,,2,1,6,,1,,,1,,,,2,13,U,UB,,,,,,2012,U.S. - West,Public w/Aerial Lifts,,,Ski Sawmill,515 ,15,24,Independent,Indy,,,,,,,,,,,1,,1,,,2,,,,,4,,,,,,2,,2022,U.S. - East,,,,,,,,,,,,,,,,,,,,,,,,,,,,,,,,,,,,,,,,,,,,,,,,,,,,,,,,,,,,,,,,,,,,,,,,,,,,,,,,,,,,,,,,,,,,,,,,,,,,,,,,,,,,,,,,,,,,,,,,,,,,,,,,,,,,,,,,,,,,,,,,,,,,,,,,,,,,,,,,,,,,,,,,,,,,,,,,,,,,,,,,,,,,,,,,,,,,,,,,,,,,,,,,,,,,,,,,,,,,,,,,,,,,
,Mammoth,"3,100 ","3,500",357,Alterra ,Ikon,,,2,,,,4,,8,1,6,,3,,,,,1,,2,27,,,U,UB,"1-4, B, S",,,2018,U.S. - West,Public w/Aerial Lifts,,,Spring Mountain,420 ,45,27,Independent,Indy,,,,,,,,,,,1,,3,,,,,,1,1,6,,,,,,2,,2026,U.S. - East,,,,,,,,,,,,,,,,,,,,,,,,,,,,,,,,,,,,,,,,,,,,,,,,,,,,,,,,,,,,,,,,,,,,,,,,,,,,,,,,,,,,,,,,,,,,,,,,,,,,,,,,,,,,,,,,,,,,,,,,,,,,,,,,,,,,,,,,,,,,,,,,,,,,,,,,,,,,,,,,,,,,,,,,,,,,,,,,,,,,,,,,,,,,,,,,,,,,,,,,,,,,,,,,,,,,,,,,,,,,,,,,,,,,
,Mountain  High: West,"1,000 ",145,117,California Mountain Resort Company,Indy,,,,,,,,,1,,3,,2,,,,,,,2,8,,,,,,2SB,,2022,U.S. - West,Public w/Aerial Lifts,,,Tussey,500 ,38,41,Independent,Indy,,,,,,,,,,1,,,1,,,1,,,,,3,,,,,,2B,,2022,U.S. - East,,,,,,,,,,,,,,,,,,,,,,,,,,,,,,,,,,,,,,,,,,,,,,,,,,,,,,,,,,,,,,,,,,,,,,,,,,,,,,,,,,,,,,,,,,,,,,,,,,,,,,,,,,,,,,,,,,,,,,,,,,,,,,,,,,,,,,,,,,,,,,,,,,,,,,,,,,,,,,,,,,,,,,,,,,,,,,,,,,,,,,,,,,,,,,,,,,,,,,,,,,,,,,,,,,,,,,,,,,,,,,,,,,,,
,Mountain High: East,"1,600 ",145,117,California Mountain Resort Company,Indy,,,,,,,,,1,1,,,2,,,,,,,1,5,,,,,,2SB,,2022,U.S. - West,Public w/Aerial Lifts,,,Whitetail,935 ,109,40,Vail Resorts,Epic,,,,,,,,,1,3,,,1,,,,,,,2,7,U,U,,,,,,2019,U.S. - East,,,,,,,,,,,,,,,,,,,,,,,,,,,,,,,,,,,,,,,,,,,,,,,,,,,,,,,,,,,,,,,,,,,,,,,,,,,,,,,,,,,,,,,,,,,,,,,,,,,,,,,,,,,,,,,,,,,,,,,,,,,,,,,,,,,,,,,,,,,,,,,,,,,,,,,,,,,,,,,,,,,,,,,,,,,,,,,,,,,,,,,,,,,,,,,,,,,,,,,,,,,,,,,,,,,,,,,,,,,,,,,,,,,,
,Mt. Shasta,"2,036 ",635,157,Independent,Indy,,,,,,,,,,1,3,,,,,,,,,2,6,,,,,,2B,,2019,U.S. - West,Public w/Aerial Lifts,,U.S. - South Dakota,Great Bear,182 ,21,41,Independent,Indy,,,,,,,,,,1,,,,,,,,,1,1,3,,,,,,2,,2023,U.S. - Midwest,,,,,,,,,,,,,,,,,,,,,,,,,,,,,,,,,,,,,,,,,,,,,,,,,,,,,,,,,,,,,,,,,,,,,,,,,,,,,,,,,,,,,,,,,,,,,,,,,,,,,,,,,,,,,,,,,,,,,,,,,,,,,,,,,,,,,,,,,,,,,,,,,,,,,,,,,,,,,,,,,,,,,,,,,,,,,,,,,,,,,,,,,,,,,,,,,,,,,,,,,,,,,,,,,,,,,,,,,,,,,,,,,,,,
,Northstar,"2,280 ","3,170",350,Vail Resorts,Epic,,,1,1,,,1,1,6,1,2,,,,,,,1,1,5,20,U,UB,,,,,,2010,U.S. - West,Public w/Aerial Lifts,,,Terry Peak,"1,200 ",450,150,Independent,Indy,,,,,,,,,3,,1,,,,,,,,,1,5,,,,,,2B,,2019,U.S. - Midwest,,,,,,,,,,,,,,,,,,,,,,,,,,,,,,,,,,,,,,,,,,,,,,,,,,,,,,,,,,,,,,,,,,,,,,,,,,,,,,,,,,,,,,,,,,,,,,,,,,,,,,,,,,,,,,,,,,,,,,,,,,,,,,,,,,,,,,,,,,,,,,,,,,,,,,,,,,,,,,,,,,,,,,,,,,,,,,,,,,,,,,,,,,,,,,,,,,,,,,,,,,,,,,,,,,,,,,,,,,,,,,,,,,,,
,Palisades Tahoe: Alpine Meadows,"1,802 ","2,400",364,Alterra ,Ikon,,,,,,,1,,3,,2,,5,,,,,,,2,13,,,U,UB,"1-4, B, S",,,2018,U.S. - West,Public w/Aerial Lifts,,U.S. - Tennessee,Ober Mountain,526 ,38,35,Independent,Indy,1,,,,,,,,,3,,,,,,,,,,2,6,,,,,,2,,2019,U.S. - East,,,,,,,,,,,,,,,,,,,,,,,,,,,,,,,,,,,,,,,,,,,,,,,,,,,,,,,,,,,,,,,,,,,,,,,,,,,,,,,,,,,,,,,,,,,,,,,,,,,,,,,,,,,,,,,,,,,,,,,,,,,,,,,,,,,,,,,,,,,,,,,,,,,,,,,,,,,,,,,,,,,,,,,,,,,,,,,,,,,,,,,,,,,,,,,,,,,,,,,,,,,,,,,,,,,,,,,,,,,,,,,,,,,,
,Palisades Tahoe: Olympic ,"2,850 ","3,600",364,Alterra ,Ikon,1,,2,,,,7,,2,1,8,,3,,,,,,,7,31,,,U,UB,"1-4, B, S",,,2018,U.S. - West,Public w/Aerial Lifts,,U.S. - Utah,Alta,"2,538 ","2,614",526,Independent,"Ikon, MC",,,,,,,1,,3,1,1,,1,,,,,1,1,2,11,,,7S,,,,2,"2012, 2018",U.S. - West,,,,,,,,,,,,,,,,,,,,,,,,,,,,,,,,,,,,,,,,,,,,,,,,,,,,,,,,,,,,,,,,,,,,,,,,,,,,,,,,,,,,,,,,,,,,,,,,,,,,,,,,,,,,,,,,,,,,,,,,,,,,,,,,,,,,,,,,,,,,,,,,,,,,,,,,,,,,,,,,,,,,,,,,,,,,,,,,,,,,,,,,,,,,,,,,,,,,,,,,,,,,,,,,,,,,,,,,,,,,,,,,,,,,
,Sierra-at-Tahoe,"2,212 ","2,000",401,Independent,Ikon,,,,,,,,,3,,1,,5,,,,,,,5,14,,,7,5B,"1-4, B, S",,,2024,U.S. - West,Public w/Aerial Lifts,,,Beaver Mountain,"1,700 ",880,300,Independent,Indy,,,,,,,,,,,3,,1,,,,,,,2,6,,,,,,2B,,2019,U.S. - West,,,,,,,,,,,,,,,,,,,,,,,,,,,,,,,,,,,,,,,,,,,,,,,,,,,,,,,,,,,,,,,,,,,,,,,,,,,,,,,,,,,,,,,,,,,,,,,,,,,,,,,,,,,,,,,,,,,,,,,,,,,,,,,,,,,,,,,,,,,,,,,,,,,,,,,,,,,,,,,,,,,,,,,,,,,,,,,,,,,,,,,,,,,,,,,,,,,,,,,,,,,,,,,,,,,,,,,,,,,,,,,,,,,,
,Snow Summit (Big Bear),"1,200 ",240,114,Alterra ,Ikon,,,,,,,,,2,2,2,,4,,,,,,,5,15,,,U,U,"1-4, B, S",,,2018,U.S. - West,Public w/Aerial Lifts,,,Brian Head,"1,320 ",650,301,Mountain Capital Partners,Power,,,,,,,,,2,,5,,1,,,,,,,2,10,,,,,,,,,U.S. - West,,,,,,,,,,,,,,,,,,,,,,,,,,,,,,,,,,,,,,,,,,,,,,,,,,,,,,,,,,,,,,,,,,,,,,,,,,,,,,,,,,,,,,,,,,,,,,,,,,,,,,,,,,,,,,,,,,,,,,,,,,,,,,,,,,,,,,,,,,,,,,,,,,,,,,,,,,,,,,,,,,,,,,,,,,,,,,,,,,,,,,,,,,,,,,,,,,,,,,,,,,,,,,,,,,,,,,,,,,,,,,,,,,,,
,Snow Valley,"1,041 ",240,150,Alterra ,Ikon,,,,,,,1,,,,4,,4,,,,,,,2,11,,,U,U,"1-4, B, S",,,2023,U.S. - West,Public w/Aerial Lifts,,,Brighton,"1,745 ","1,050",502,Boyne Resorts,Ikon,,,,,,,1,,3,1,1,,,,,,,,,2,8,,,7,5B,"1-4, B, S",,,2018,U.S. - West,,,,,,,,,,,,,,,,,,,,,,,,,,,,,,,,,,,,,,,,,,,,,,,,,,,,,,,,,,,,,,,,,,,,,,,,,,,,,,,,,,,,,,,,,,,,,,,,,,,,,,,,,,,,,,,,,,,,,,,,,,,,,,,,,,,,,,,,,,,,,,,,,,,,,,,,,,,,,,,,,,,,,,,,,,,,,,,,,,,,,,,,,,,,,,,,,,,,,,,,,,,,,,,,,,,,,,,,,,,,,,,,,,,,
,Sugar Bowl,"1,500 ","1,650",429,Independent,MC,,,1,,,,,,5,3,1,,,,,,,1,,1,12,,,,,,,2,2022,U.S. - West,Public w/Aerial Lifts,,,Cherry Peak,"1,275 ",400,300,Independent,Indy,,,,,,,,,,,3,,,,,,,,,1,4,,,,,,Discount,,2022,U.S. - West,,,,,,,,,,,,,,,,,,,,,,,,,,,,,,,,,,,,,,,,,,,,,,,,,,,,,,,,,,,,,,,,,,,,,,,,,,,,,,,,,,,,,,,,,,,,,,,,,,,,,,,,,,,,,,,,,,,,,,,,,,,,,,,,,,,,,,,,,,,,,,,,,,,,,,,,,,,,,,,,,,,,,,,,,,,,,,,,,,,,,,,,,,,,,,,,,,,,,,,,,,,,,,,,,,,,,,,,,,,,,,,,,,,,
U.S. - Colorado,Arapahoe Basin,"1,698 ","1,428",350,Alterra ,Ikon,,,,,,,1,,1,3,,,1,,,,,,1,2,9,,,U,U,"1-4, B, S",,,2019,U.S. - West,Public w/Aerial Lifts,,,Deer Valley,"3,040 ","4,500",294,Alterra ,Ikon,,,2,,,,2,,21,1,5,,1,,,,,1,,8,41,,,7,,,,,2018,U.S. - West,,,,,,,,,,,,,,,,,,,,,,,,,,,,,,,,,,,,,,,,,,,,,,,,,,,,,,,,,,,,,,,,,,,,,,,,,,,,,,,,,,,,,,,,,,,,,,,,,,,,,,,,,,,,,,,,,,,,,,,,,,,,,,,,,,,,,,,,,,,,,,,,,,,,,,,,,,,,,,,,,,,,,,,,,,,,,,,,,,,,,,,,,,,,,,,,,,,,,,,,,,,,,,,,,,,,,,,,,,,,,,,,,,,,
,Aspen Highlands,"3,635 ","1,010",260,Aspen Skiing Company,"Ikon, MC",,,,,,,,,3,,2,,1,,,,,,,,6,,,7S,,,,2S,"2012, 2018",U.S. - West,Public w/Aerial Lifts,,,Eagle Point,"1,500 ",650,350,Independent,Indy,,,,,,,,,,1,1,,2,,,,,1,,,5,,,,,,2,,2021,U.S. - West,,,,,,,,,,,,,,,,,,,,,,,,,,,,,,,,,,,,,,,,,,,,,,,,,,,,,,,,,,,,,,,,,,,,,,,,,,,,,,,,,,,,,,,,,,,,,,,,,,,,,,,,,,,,,,,,,,,,,,,,,,,,,,,,,,,,,,,,,,,,,,,,,,,,,,,,,,,,,,,,,,,,,,,,,,,,,,,,,,,,,,,,,,,,,,,,,,,,,,,,,,,,,,,,,,,,,,,,,,,,,,,,,,,,
,Aspen Mountain,"3,317 ",826,248,Aspen Skiing Company,"Ikon, MC",,,1,,,,,,3,,,1,1,,,,,,,,6,,,7S,,,,2S,"2012, 2018",U.S. - West,Public w/Aerial Lifts,,,Nordic Valley,"1,695 ",500,275,Mountain Capital Partners,Power,,,,,,,1,,,,1,,2,,,,,,,1,5,,,,,,,,,U.S. - West,,,,,,,,,,,,,,,,,,,,,,,,,,,,,,,,,,,,,,,,,,,,,,,,,,,,,,,,,,,,,,,,,,,,,,,,,,,,,,,,,,,,,,,,,,,,,,,,,,,,,,,,,,,,,,,,,,,,,,,,,,,,,,,,,,,,,,,,,,,,,,,,,,,,,,,,,,,,,,,,,,,,,,,,,,,,,,,,,,,,,,,,,,,,,,,,,,,,,,,,,,,,,,,,,,,,,,,,,,,,,,,,,,,,
,Beaver Creek,"3,340 ","2,082",323,Vail Resorts,Epic,,,2,,,,,1,12,1,1,,1,,,,,,,7,25,U,10SB,,,,,,2008,U.S. - West,Public w/Aerial Lifts,,,Park City,"3,226 ","7,300",355,Vail Resorts,Epic,,,3,1,1,,6,,10,5,7,,3,,,,,,2,3,41,U,UB,,,,,,2013,U.S. - West,,,,,,,,,,,,,,,,,,,,,,,,,,,,,,,,,,,,,,,,,,,,,,,,,,,,,,,,,,,,,,,,,,,,,,,,,,,,,,,,,,,,,,,,,,,,,,,,,,,,,,,,,,,,,,,,,,,,,,,,,,,,,,,,,,,,,,,,,,,,,,,,,,,,,,,,,,,,,,,,,,,,,,,,,,,,,,,,,,,,,,,,,,,,,,,,,,,,,,,,,,,,,,,,,,,,,,,,,,,,,,,,,,,,
,Breckenridge,"3,240 ","2,908",355,Vail Resorts,Epic,,,1,,,,5,,8,1,1,,4,,,1,,3,,11,35,U,U,,,,,,2008,U.S. - West,Public w/Aerial Lifts,,,Snowbasin,"3,002 ","3,000",324,Holding Family,"Ikon, MC",1,,2,,,,3,,3,,1,,,,,,,,1,2,13,,,7,,,,2,2022,U.S. - West,,,,,,,,,,,,,,,,,,,,,,,,,,,,,,,,,,,,,,,,,,,,,,,,,,,,,,,,,,,,,,,,,,,,,,,,,,,,,,,,,,,,,,,,,,,,,,,,,,,,,,,,,,,,,,,,,,,,,,,,,,,,,,,,,,,,,,,,,,,,,,,,,,,,,,,,,,,,,,,,,,,,,,,,,,,,,,,,,,,,,,,,,,,,,,,,,,,,,,,,,,,,,,,,,,,,,,,,,,,,,,,,,,,,
,Buttermilk,"2,030 ",435,200,Aspen Skiing Company,"Ikon, MC",,,,,,,,,3,,,,1,,,,,,1,1,6,,,7S,,,,2S,"2012, 2018",U.S. - West,Public w/Aerial Lifts,,,Snowbird,"3,240 ","2,500",498,Powdr,"Ikon, MC",1,,,,,,,,6,2,,,2,,,,,,,3,14,,,7S,5B,,,2,"2013, 2018",U.S. - West,,,,,,,,,,,,,,,,,,,,,,,,,,,,,,,,,,,,,,,,,,,,,,,,,,,,,,,,,,,,,,,,,,,,,,,,,,,,,,,,,,,,,,,,,,,,,,,,,,,,,,,,,,,,,,,,,,,,,,,,,,,,,,,,,,,,,,,,,,,,,,,,,,,,,,,,,,,,,,,,,,,,,,,,,,,,,,,,,,,,,,,,,,,,,,,,,,,,,,,,,,,,,,,,,,,,,,,,,,,,,,,,,,,,
,Copper Mountain,"2,729 ","2,538",278,Powdr,Ikon,,,,,,,3,1,3,,5,,4,,,1,,2,1,5,25,,,U,U,"1-4, B, S",,,2018,U.S. - West,Public w/Aerial Lifts,,,Solitude,"2,041 ","1,200",438,Alterra ,Ikon,,,,,,,1,,3,2,1,,1,,,,,,,1,9,,,U,U,"1-4, B, S",,,2018,U.S. - West,,,,,,,,,,,,,,,,,,,,,,,,,,,,,,,,,,,,,,,,,,,,,,,,,,,,,,,,,,,,,,,,,,,,,,,,,,,,,,,,,,,,,,,,,,,,,,,,,,,,,,,,,,,,,,,,,,,,,,,,,,,,,,,,,,,,,,,,,,,,,,,,,,,,,,,,,,,,,,,,,,,,,,,,,,,,,,,,,,,,,,,,,,,,,,,,,,,,,,,,,,,,,,,,,,,,,,,,,,,,,,,,,,,,
,Crested Butte,"2,502 ","1,547",236,Vail Resorts,Epic,,,,,,,,,4,3,3,,,,,2,,,,3,15,U,U,,,,,,2018,U.S. - West,Public w/Aerial Lifts,,,Sundance,"2,150 ",520,275,Independent,Power,,,,,,,,,2,4,1,,,,,,,,,3,10,,,,,,,,,U.S. - West,,,,,,,,,,,,,,,,,,,,,,,,,,,,,,,,,,,,,,,,,,,,,,,,,,,,,,,,,,,,,,,,,,,,,,,,,,,,,,,,,,,,,,,,,,,,,,,,,,,,,,,,,,,,,,,,,,,,,,,,,,,,,,,,,,,,,,,,,,,,,,,,,,,,,,,,,,,,,,,,,,,,,,,,,,,,,,,,,,,,,,,,,,,,,,,,,,,,,,,,,,,,,,,,,,,,,,,,,,,,,,,,,,,,
,Cuchara,266 ,43,200,Independent,Indy,,,,,,,,,,,,,1,,,,,,,,1,,,,,,2,,2025,U.S. - West,Public w/Aerial Lifts,,U.S. - Vermont,Bolton Valley,"1,704 ",300,312,Independent,Indy,,,,,,,,,,2,,,3,,,,,,1,,6,,,,,,2,,2019,U.S. - East,,,,,,,,,,,,,,,,,,,,,,,,,,,,,,,,,,,,,,,,,,,,,,,,,,,,,,,,,,,,,,,,,,,,,,,,,,,,,,,,,,,,,,,,,,,,,,,,,,,,,,,,,,,,,,,,,,,,,,,,,,,,,,,,,,,,,,,,,,,,,,,,,,,,,,,,,,,,,,,,,,,,,,,,,,,,,,,,,,,,,,,,,,,,,,,,,,,,,,,,,,,,,,,,,,,,,,,,,,,,,,,,,,,,
,Echo Mountain,600 ,60,150,Independent,Indy,,,,,,,,,,,1,,,,,,,,,1,2,,,,,,2,,2022,U.S. - West,Public w/Aerial Lifts,,,Burke,"2,057 ",270,217,Bear Den Partners,Indy,,,,,,,,,2,,,,,,,1,1,,,1,5,,,,,,2,,2025,U.S. - East,,,,,,,,,,,,,,,,,,,,,,,,,,,,,,,,,,,,,,,,,,,,,,,,,,,,,,,,,,,,,,,,,,,,,,,,,,,,,,,,,,,,,,,,,,,,,,,,,,,,,,,,,,,,,,,,,,,,,,,,,,,,,,,,,,,,,,,,,,,,,,,,,,,,,,,,,,,,,,,,,,,,,,,,,,,,,,,,,,,,,,,,,,,,,,,,,,,,,,,,,,,,,,,,,,,,,,,,,,,,,,,,,,,,
,Eldora,"1,400 ",680,225,Independent,Ikon,,,,,,,1,,,2,1,,3,,,,,1,1,1,10,,,U,U,"1-4, B, S",,,2018,U.S. - West,Public w/Aerial Lifts,,,Jay Peak,"2,112 ",485,349,Pacific Group Resorts,Indy,1,,,,,,,,1,3,1,,1,,,,,,,2,9,,,,,,2,,2020,U.S. - East,,,,,,,,,,,,,,,,,,,,,,,,,,,,,,,,,,,,,,,,,,,,,,,,,,,,,,,,,,,,,,,,,,,,,,,,,,,,,,,,,,,,,,,,,,,,,,,,,,,,,,,,,,,,,,,,,,,,,,,,,,,,,,,,,,,,,,,,,,,,,,,,,,,,,,,,,,,,,,,,,,,,,,,,,,,,,,,,,,,,,,,,,,,,,,,,,,,,,,,,,,,,,,,,,,,,,,,,,,,,,,,,,,,,
,Granby Ranch,"1,000 ",406,200,Independent,Indy,,,,,,,,,1,1,1,,1,,,,,,,2,6,,,,,,2B,,2022,U.S. - West,Public w/Aerial Lifts,,,Killington,"2,977 ","1,509",230,Phill Gross,Ikon,,,2,,,,2,,4,6,1,,1,,,,,1,,3,20,,,7S,5SB,"1-4, B, S",,,2018,U.S. - East,,,,,,,,,,,,,,,,,,,,,,,,,,,,,,,,,,,,,,,,,,,,,,,,,,,,,,,,,,,,,,,,,,,,,,,,,,,,,,,,,,,,,,,,,,,,,,,,,,,,,,,,,,,,,,,,,,,,,,,,,,,,,,,,,,,,,,,,,,,,,,,,,,,,,,,,,,,,,,,,,,,,,,,,,,,,,,,,,,,,,,,,,,,,,,,,,,,,,,,,,,,,,,,,,,,,,,,,,,,,,,,,,,,,
,Hoedown Hill,130 ,12,24,Independent,Indy,,,,,,,,,,,,,,,,,,,,4,4,,,,,,2,,2024,U.S. - West,Public - Surface Lifts Only,,,Magic Mountain,"1,500 ",405,130,Independent,Indy,,,,,,,,,,1,,,2,,,,,,1,1,5,,,,,,2,,2019,U.S. - East,,,,,,,,,,,,,,,,,,,,,,,,,,,,,,,,,,,,,,,,,,,,,,,,,,,,,,,,,,,,,,,,,,,,,,,,,,,,,,,,,,,,,,,,,,,,,,,,,,,,,,,,,,,,,,,,,,,,,,,,,,,,,,,,,,,,,,,,,,,,,,,,,,,,,,,,,,,,,,,,,,,,,,,,,,,,,,,,,,,,,,,,,,,,,,,,,,,,,,,,,,,,,,,,,,,,,,,,,,,,,,,,,,,,
,Howelsen Hill,440 ,50,170,Independent,Indy,,,,,,,,,,,1,,,,,,,1,,2,4,,,,,,2,,2023,U.S. - West,Public w/Aerial Lifts,,,Middlebury Snowbowl,920 ,200,200,Independent,Indy,,,,,,,,,,1,2,,,,,,,,,1,4,,,,,,2,,2024,U.S. - East,,,,,,,,,,,,,,,,,,,,,,,,,,,,,,,,,,,,,,,,,,,,,,,,,,,,,,,,,,,,,,,,,,,,,,,,,,,,,,,,,,,,,,,,,,,,,,,,,,,,,,,,,,,,,,,,,,,,,,,,,,,,,,,,,,,,,,,,,,,,,,,,,,,,,,,,,,,,,,,,,,,,,,,,,,,,,,,,,,,,,,,,,,,,,,,,,,,,,,,,,,,,,,,,,,,,,,,,,,,,,,,,,,,,
,Kendall Mountain,283 ,16,200,Independent,Indy,,,,,,,,,,,,,1,,,,,,,,1,,,,,,2,,2026,U.S. - West,Public w/Aerial Lifts,,,Mount Snow,"1,700 ",601,150,Vail Resorts,Epic,,,,,,,2,,4,,5,,2,,,,,,1,5,19,U,U,,,,,,2019,U.S. - East,,,,,,,,,,,,,,,,,,,,,,,,,,,,,,,,,,,,,,,,,,,,,,,,,,,,,,,,,,,,,,,,,,,,,,,,,,,,,,,,,,,,,,,,,,,,,,,,,,,,,,,,,,,,,,,,,,,,,,,,,,,,,,,,,,,,,,,,,,,,,,,,,,,,,,,,,,,,,,,,,,,,,,,,,,,,,,,,,,,,,,,,,,,,,,,,,,,,,,,,,,,,,,,,,,,,,,,,,,,,,,,,,,,,
,Keystone,"2,920 ","3,149",235,Vail Resorts,Epic,,,2,,,,4,,3,1,1,,2,,,,,,,7,20,U,U,,,,,,2008,U.S. - West,Public w/Aerial Lifts,,,Okemo,"2,200 ",667,120,Vail Resorts,Epic,,,,,,,2,,4,5,2,,,,,,,1,,6,20,U,U,,,,,,2018,U.S. - East,,,,,,,,,,,,,,,,,,,,,,,,,,,,,,,,,,,,,,,,,,,,,,,,,,,,,,,,,,,,,,,,,,,,,,,,,,,,,,,,,,,,,,,,,,,,,,,,,,,,,,,,,,,,,,,,,,,,,,,,,,,,,,,,,,,,,,,,,,,,,,,,,,,,,,,,,,,,,,,,,,,,,,,,,,,,,,,,,,,,,,,,,,,,,,,,,,,,,,,,,,,,,,,,,,,,,,,,,,,,,,,,,,,,
,Loveland Basin,"1,890 ","1,800",337,Independent,"Indy, Power",,,,,,,,,1,2,4,,,,,,,,,,7,,,,,,2S,,2024,U.S. - West,Public w/Aerial Lifts,,,Pico,"1,967 ",468,230,Phill Gross,Ikon,,,,,,,,,2,,2,,,,,,,,1,2,7,,,7S,5SB,"1-4, B, S",,,2018,U.S. - East,,,,,,,,,,,,,,,,,,,,,,,,,,,,,,,,,,,,,,,,,,,,,,,,,,,,,,,,,,,,,,,,,,,,,,,,,,,,,,,,,,,,,,,,,,,,,,,,,,,,,,,,,,,,,,,,,,,,,,,,,,,,,,,,,,,,,,,,,,,,,,,,,,,,,,,,,,,,,,,,,,,,,,,,,,,,,,,,,,,,,,,,,,,,,,,,,,,,,,,,,,,,,,,,,,,,,,,,,,,,,,,,,,,,
,Loveland Valley,810 ,,,Independent,"Indy, Power",,,,,,,,,,2,,,,,,,,,,2,4,,,,,,2S,,2024,U.S. - West,Public w/Aerial Lifts,,,Saskadena Six,650 ,100,90,Independent,Indy,,,,,,,,,,1,,,1,,,,,,,1,3,,,,,,2,,2019,U.S. - East,,,,,,,,,,,,,,,,,,,,,,,,,,,,,,,,,,,,,,,,,,,,,,,,,,,,,,,,,,,,,,,,,,,,,,,,,,,,,,,,,,,,,,,,,,,,,,,,,,,,,,,,,,,,,,,,,,,,,,,,,,,,,,,,,,,,,,,,,,,,,,,,,,,,,,,,,,,,,,,,,,,,,,,,,,,,,,,,,,,,,,,,,,,,,,,,,,,,,,,,,,,,,,,,,,,,,,,,,,,,,,,,,,,,
,Monarch,"1,097 ","1,017",308,Independent,"Snow Pass, Power",,,,,,,,,,1,1,,4,,,,,,,2,8,,,,,,,,2026,U.S. - West,Public w/Aerial Lifts,,,Smugglers' Notch,"2,610 ","1,060",322,Bear Den Partners,Indy,,,,,,,,,,,,,6,,,1,,,,2,9,,,,,,2,,2026,U.S. - East,,,,,,,,,,,,,,,,,,,,,,,,,,,,,,,,,,,,,,,,,,,,,,,,,,,,,,,,,,,,,,,,,,,,,,,,,,,,,,,,,,,,,,,,,,,,,,,,,,,,,,,,,,,,,,,,,,,,,,,,,,,,,,,,,,,,,,,,,,,,,,,,,,,,,,,,,,,,,,,,,,,,,,,,,,,,,,,,,,,,,,,,,,,,,,,,,,,,,,,,,,,,,,,,,,,,,,,,,,,,,,,,,,,,
,Powderhorn,"1,650 ","1,600",225,Pacific Group Resorts,Indy,,,,,,,,,2,,,,1,,,,,,,2,5,,,,,,2,,2024,U.S. - West,Public w/Aerial Lifts,,,Stowe,"2,360 ",485,314,Vail Resorts,Epic,,,2,,,,1,,3,1,1,,2,,,,,,,2,12,U,UB,,,,,,2017,U.S. - East,,,,,,,,,,,,,,,,,,,,,,,,,,,,,,,,,,,,,,,,,,,,,,,,,,,,,,,,,,,,,,,,,,,,,,,,,,,,,,,,,,,,,,,,,,,,,,,,,,,,,,,,,,,,,,,,,,,,,,,,,,,,,,,,,,,,,,,,,,,,,,,,,,,,,,,,,,,,,,,,,,,,,,,,,,,,,,,,,,,,,,,,,,,,,,,,,,,,,,,,,,,,,,,,,,,,,,,,,,,,,,,,,,,,
,Purgatory,"2,072 ","1,635",261,Mountain Capital Partners,Power,,,,,,,1,,2,,4,,3,,,,,,,2,12,,,,,,,,,U.S. - West,Public w/Aerial Lifts,,,Stratton,"2,003 ",670,180,Alterra ,Ikon,,,1,,,,4,,1,2,1,,1,,,,,,,4,14,,,U,UB,"1-4, B, S",,,2018,U.S. - East,,,,,,,,,,,,,,,,,,,,,,,,,,,,,,,,,,,,,,,,,,,,,,,,,,,,,,,,,,,,,,,,,,,,,,,,,,,,,,,,,,,,,,,,,,,,,,,,,,,,,,,,,,,,,,,,,,,,,,,,,,,,,,,,,,,,,,,,,,,,,,,,,,,,,,,,,,,,,,,,,,,,,,,,,,,,,,,,,,,,,,,,,,,,,,,,,,,,,,,,,,,,,,,,,,,,,,,,,,,,,,,,,,,,
,Snowmass,"4,400 ","3,342",301,Aspen Skiing Company,"Ikon, MC",,,1,1,,,3,,6,2,,,1,,,1,,3,,2,20,,,7S,"5, B",,,2S,"2012, 2018",U.S. - West,Public w/Aerial Lifts,,,Sugarbush,"2,600 ",581,267,Alterra ,Ikon,,,,,,,,,5,6,1,,1,,,1,,,,3,17,,,U,UB,"1-4, B, S",,,2018,U.S. - East,,,,,,,,,,,,,,,,,,,,,,,,,,,,,,,,,,,,,,,,,,,,,,,,,,,,,,,,,,,,,,,,,,,,,,,,,,,,,,,,,,,,,,,,,,,,,,,,,,,,,,,,,,,,,,,,,,,,,,,,,,,,,,,,,,,,,,,,,,,,,,,,,,,,,,,,,,,,,,,,,,,,,,,,,,,,,,,,,,,,,,,,,,,,,,,,,,,,,,,,,,,,,,,,,,,,,,,,,,,,,,,,,,,,
,Steamboat,"3,668 ","3,741",370,Alterra ,Ikon,,,2,1,,,1,,8,,4,,2,,,,,,1,6,25,,,U,5B,"1-4, B, S",,,2018,U.S. - West,Public w/Aerial Lifts,,U.S. - Virginia,Bryce,500 ,50,30,Independent,Indy,,,,,,,,,,3,,,,,,,,,,2,5,,,,,,2,,2019,U.S. - East,,,,,,,,,,,,,,,,,,,,,,,,,,,,,,,,,,,,,,,,,,,,,,,,,,,,,,,,,,,,,,,,,,,,,,,,,,,,,,,,,,,,,,,,,,,,,,,,,,,,,,,,,,,,,,,,,,,,,,,,,,,,,,,,,,,,,,,,,,,,,,,,,,,,,,,,,,,,,,,,,,,,,,,,,,,,,,,,,,,,,,,,,,,,,,,,,,,,,,,,,,,,,,,,,,,,,,,,,,,,,,,,,,,,
,Sunlight,"1,753 ",730,227,Independent,Indy,,,,,,,,,,1,2,,,,,,,,,7,10,,,,,,2,,2022,U.S. - West,Public w/Aerial Lifts,,,Massanutten,"1,155 ",70,35,Independent,Indy,,,,,,,,,1,2,1,,,,,,,,,3,7,,,,,,2B,,2019,U.S. - East,,,,,,,,,,,,,,,,,,,,,,,,,,,,,,,,,,,,,,,,,,,,,,,,,,,,,,,,,,,,,,,,,,,,,,,,,,,,,,,,,,,,,,,,,,,,,,,,,,,,,,,,,,,,,,,,,,,,,,,,,,,,,,,,,,,,,,,,,,,,,,,,,,,,,,,,,,,,,,,,,,,,,,,,,,,,,,,,,,,,,,,,,,,,,,,,,,,,,,,,,,,,,,,,,,,,,,,,,,,,,,,,,,,,
,Telluride,"3,790 ","2,000",280,Independent,Epic,,,2,,,,,1,7,1,1,,2,,,,,2,,3,19,7,,,,,,,2018,U.S. - West,Public w/Aerial Lifts,,,Wintergreen,"1,003 ",129,40,Pacific Group Resorts,Indy,,,,,,,2,,,1,1,,1,,,,,,,3,8,,,,,,2,,2024,U.S. - East,,,,,,,,,,,,,,,,,,,,,,,,,,,,,,,,,,,,,,,,,,,,,,,,,,,,,,,,,,,,,,,,,,,,,,,,,,,,,,,,,,,,,,,,,,,,,,,,,,,,,,,,,,,,,,,,,,,,,,,,,,,,,,,,,,,,,,,,,,,,,,,,,,,,,,,,,,,,,,,,,,,,,,,,,,,,,,,,,,,,,,,,,,,,,,,,,,,,,,,,,,,,,,,,,,,,,,,,,,,,,,,,,,,,
,Vail Mountain    ,"3,450 ","5,317",354,Vail Resorts,Epic,,,2,,,,4,,14,1,2,,,,,1,,3,,5,32,U,10SB,,,,,,2008,U.S. - West,Public w/Aerial Lifts,,U.S. - Washington,49° North,"1,851 ","2,325",301,CMR Lands,Indy,,,,,,,,,1,2,,,3,,,,,,,1,7,,,,,,2B,,2019,U.S. - West,,,,,,,,,,,,,,,,,,,,,,,,,,,,,,,,,,,,,,,,,,,,,,,,,,,,,,,,,,,,,,,,,,,,,,,,,,,,,,,,,,,,,,,,,,,,,,,,,,,,,,,,,,,,,,,,,,,,,,,,,,,,,,,,,,,,,,,,,,,,,,,,,,,,,,,,,,,,,,,,,,,,,,,,,,,,,,,,,,,,,,,,,,,,,,,,,,,,,,,,,,,,,,,,,,,,,,,,,,,,,,,,,,,,
,Winter Park,"3,060 ","3,081",344.6,Alterra ,Ikon,,,1,,1,,4,,5,,3,,6,,,,,1,,3,24,,,U,U,"1-4, B, S",,,2018,U.S. - West,Public w/Aerial Lifts,,,Bluewood,"1,125 ",355,300,Independent,Indy,,,,,,,,,,,2,,,,,,,,,2,4,,,,,,2,,2022,U.S. - West,,,,,,,,,,,,,,,,,,,,,,,,,,,,,,,,,,,,,,,,,,,,,,,,,,,,,,,,,,,,,,,,,,,,,,,,,,,,,,,,,,,,,,,,,,,,,,,,,,,,,,,,,,,,,,,,,,,,,,,,,,,,,,,,,,,,,,,,,,,,,,,,,,,,,,,,,,,,,,,,,,,,,,,,,,,,,,,,,,,,,,,,,,,,,,,,,,,,,,,,,,,,,,,,,,,,,,,,,,,,,,,,,,,,
U.S. - Connecticut,Mohawk Mountain,640 ,112,92,Independent,Indy,,,,,,,,,,,5,,,,,,,,,4,9,,,,,,2B,,2019,U.S. - East,Public w/Aerial Lifts,,,Crystal Mountain WA,"2,602 ","2,300",348,Alterra ,Ikon,,,1,,,,2,,2,1,2,,2,,,,,,,1,11,,,U,5B,"1-4, B, S",,,2018,U.S. - West,,,,,,,,,,,,,,,,,,,,,,,,,,,,,,,,,,,,,,,,,,,,,,,,,,,,,,,,,,,,,,,,,,,,,,,,,,,,,,,,,,,,,,,,,,,,,,,,,,,,,,,,,,,,,,,,,,,,,,,,,,,,,,,,,,,,,,,,,,,,,,,,,,,,,,,,,,,,,,,,,,,,,,,,,,,,,,,,,,,,,,,,,,,,,,,,,,,,,,,,,,,,,,,,,,,,,,,,,,,,,,,,,,,,
,Mount Southington,354 ,51,40,Independent,Snow Pass,,,,,,,,,,,3,,1,,,,,,,3,7,,,,,,,,"2023, 2026",U.S. - East,Public w/Aerial Lifts,,,Hurricane Ridge,574 ,250,400,Independent,Indy,,,,,,,,,,,,,,,,,,1,2,,3,,,,,,2,,2019,U.S. - West,,,,,,,,,,,,,,,,,,,,,,,,,,,,,,,,,,,,,,,,,,,,,,,,,,,,,,,,,,,,,,,,,,,,,,,,,,,,,,,,,,,,,,,,,,,,,,,,,,,,,,,,,,,,,,,,,,,,,,,,,,,,,,,,,,,,,,,,,,,,,,,,,,,,,,,,,,,,,,,,,,,,,,,,,,,,,,,,,,,,,,,,,,,,,,,,,,,,,,,,,,,,,,,,,,,,,,,,,,,,,,,,,,,,
,Powder Ridge,550 ,80,38,Independent,Indy,,,,,,,,,,,1,,2,,,,,,,2,5,,,,,,2B,,2026,U.S. - East,Public w/Aerial Lifts,,,Leavenworth Ski Hill,284 ,20,89,Independent,Indy,,,,,,,,,,,,,,,,,,,2,1,3,,,,,,2,,2019,U.S. - West,,,,,,,,,,,,,,,,,,,,,,,,,,,,,,,,,,,,,,,,,,,,,,,,,,,,,,,,,,,,,,,,,,,,,,,,,,,,,,,,,,,,,,,,,,,,,,,,,,,,,,,,,,,,,,,,,,,,,,,,,,,,,,,,,,,,,,,,,,,,,,,,,,,,,,,,,,,,,,,,,,,,,,,,,,,,,,,,,,,,,,,,,,,,,,,,,,,,,,,,,,,,,,,,,,,,,,,,,,,,,,,,,,,,
U.S. - Idaho,Brundage,"1,921 ","1,920",297,Independent,Indy,,,,,,,,,2,,3,,,,,,,,,1,6,,,,,,2B,,2019,U.S. - West,Public w/Aerial Lifts,,,Loup Loup,"1,240 ",300,86,Independent,Indy,,,,,,,,,,1,,,,,,,,1,1,,3,,,,,,2B,,2023,U.S. - West,,,,,,,,,,,,,,,,,,,,,,,,,,,,,,,,,,,,,,,,,,,,,,,,,,,,,,,,,,,,,,,,,,,,,,,,,,,,,,,,,,,,,,,,,,,,,,,,,,,,,,,,,,,,,,,,,,,,,,,,,,,,,,,,,,,,,,,,,,,,,,,,,,,,,,,,,,,,,,,,,,,,,,,,,,,,,,,,,,,,,,,,,,,,,,,,,,,,,,,,,,,,,,,,,,,,,,,,,,,,,,,,,,,,
,Kelly Canyon,"1,200 ",640,250,Independent,Indy,,,,,,,,,,,1,,2,,,,,,,1,4,,,,,,2,,2022,U.S. - West,Public w/Aerial Lifts,,,Snoqualmie: Alpental,"2,280 ",875,428,Boyne Resorts,Ikon,,,,,,,,,1,,3,,1,,,,,,,1,6,,,"7, S, R","5, S, R, B","1-4, B, S",,,2018,U.S. - West,,,,,,,,,,,,,,,,,,,,,,,,,,,,,,,,,,,,,,,,,,,,,,,,,,,,,,,,,,,,,,,,,,,,,,,,,,,,,,,,,,,,,,,,,,,,,,,,,,,,,,,,,,,,,,,,,,,,,,,,,,,,,,,,,,,,,,,,,,,,,,,,,,,,,,,,,,,,,,,,,,,,,,,,,,,,,,,,,,,,,,,,,,,,,,,,,,,,,,,,,,,,,,,,,,,,,,,,,,,,,,,,,,,,
,Little Ski Hill,393 ,40,150,Independent,Indy,,,,,,,,,,,,,,,,1,,,,,1,,,,,,2,,2025,U.S. - West,Public - Surface Lifts Only,,,Snoqualmie: Summit,"1,255 ","1,119",,Boyne Resorts,Ikon,,,,,,,,,2,5,3,,5,,,,,,,4,19,,,"7, S, R","5, S, R, B","1-4, B, S",,,2018,U.S. - West,,,,,,,,,,,,,,,,,,,,,,,,,,,,,,,,,,,,,,,,,,,,,,,,,,,,,,,,,,,,,,,,,,,,,,,,,,,,,,,,,,,,,,,,,,,,,,,,,,,,,,,,,,,,,,,,,,,,,,,,,,,,,,,,,,,,,,,,,,,,,,,,,,,,,,,,,,,,,,,,,,,,,,,,,,,,,,,,,,,,,,,,,,,,,,,,,,,,,,,,,,,,,,,,,,,,,,,,,,,,,,,,,,,,
,Pebble Creek,"2,200 ","1,100",225,Independent,Indy,,,,,,,,,,,3,,,,,,,,,1,4,,,,,,2,,2026,U.S. - West,Public w/Aerial Lifts,,,Stevens Pass,"1,784 ","1,125",460,Vail Resorts,Epic,,,,,,,,,4,2,3,,1,,,,,,,2,12,U,U,,,,,,2018,U.S. - West,,,,,,,,,,,,,,,,,,,,,,,,,,,,,,,,,,,,,,,,,,,,,,,,,,,,,,,,,,,,,,,,,,,,,,,,,,,,,,,,,,,,,,,,,,,,,,,,,,,,,,,,,,,,,,,,,,,,,,,,,,,,,,,,,,,,,,,,,,,,,,,,,,,,,,,,,,,,,,,,,,,,,,,,,,,,,,,,,,,,,,,,,,,,,,,,,,,,,,,,,,,,,,,,,,,,,,,,,,,,,,,,,,,,
,Pomerelle,"1,002 ",500,325,Independent,Indy,,,,,,,,,,,2,,,,,,,,,1,3,,,,,,2,,2021,U.S. - West,Public w/Aerial Lifts,,,White Pass,"2,000 ","1,402",400,Independent,Indy,,,,,,,,,2,2,1,,,,,,,,,3,8,,,,,,2B,,2019,U.S. - West,,,,,,,,,,,,,,,,,,,,,,,,,,,,,,,,,,,,,,,,,,,,,,,,,,,,,,,,,,,,,,,,,,,,,,,,,,,,,,,,,,,,,,,,,,,,,,,,,,,,,,,,,,,,,,,,,,,,,,,,,,,,,,,,,,,,,,,,,,,,,,,,,,,,,,,,,,,,,,,,,,,,,,,,,,,,,,,,,,,,,,,,,,,,,,,,,,,,,,,,,,,,,,,,,,,,,,,,,,,,,,,,,,,,
,Schweitzer,"2,429 ","2,900",271,Alterra ,Ikon,,,,,,,1,,4,,2,,1,,,1,,,,1,10,,,U,5B,"1-4, B, S",,,2021,U.S. - West,Public w/Aerial Lifts,,U.S. - West Virginia,Canaan Valley,850 ,95,117,Independent,Indy,,,,,,,,,,1,2,,,,,,,,,3,6,,,,,,2,,2019,U.S. - East,,,,,,,,,,,,,,,,,,,,,,,,,,,,,,,,,,,,,,,,,,,,,,,,,,,,,,,,,,,,,,,,,,,,,,,,,,,,,,,,,,,,,,,,,,,,,,,,,,,,,,,,,,,,,,,,,,,,,,,,,,,,,,,,,,,,,,,,,,,,,,,,,,,,,,,,,,,,,,,,,,,,,,,,,,,,,,,,,,,,,,,,,,,,,,,,,,,,,,,,,,,,,,,,,,,,,,,,,,,,,,,,,,,,
,Silver Mountain,"2,200 ","1,600",328,CMR Lands,Indy,,,1,,,,,,,1,2,,2,,,,,,,,6,,,,,,2B,,2019,U.S. - West,Public w/Aerial Lifts,,,Silver Creek (Snowshoe),703 ,,150,Alterra ,Ikon,,,,,,,,,,2,2,,,,,,,,1,1,6,,,U,U,"1-4, B, S",,,2018,U.S. - East,,,,,,,,,,,,,,,,,,,,,,,,,,,,,,,,,,,,,,,,,,,,,,,,,,,,,,,,,,,,,,,,,,,,,,,,,,,,,,,,,,,,,,,,,,,,,,,,,,,,,,,,,,,,,,,,,,,,,,,,,,,,,,,,,,,,,,,,,,,,,,,,,,,,,,,,,,,,,,,,,,,,,,,,,,,,,,,,,,,,,,,,,,,,,,,,,,,,,,,,,,,,,,,,,,,,,,,,,,,,,,,,,,,,
,Soldier Mountain,"1,421 ","1,142",175,Independent,Indy,,,,,,,,,,,,,2,,,,,,,1,3,,,,,,2,,2021,U.S. - West,Public w/Aerial Lifts,,,Snowshoe/Western Territory,"1,500 ",257,150,Alterra ,Ikon,,,,,,,,,3,1,3,,,,,,,,,,7,,,U,U,"1-4, B, S",,,2018,U.S. - East,,,,,,,,,,,,,,,,,,,,,,,,,,,,,,,,,,,,,,,,,,,,,,,,,,,,,,,,,,,,,,,,,,,,,,,,,,,,,,,,,,,,,,,,,,,,,,,,,,,,,,,,,,,,,,,,,,,,,,,,,,,,,,,,,,,,,,,,,,,,,,,,,,,,,,,,,,,,,,,,,,,,,,,,,,,,,,,,,,,,,,,,,,,,,,,,,,,,,,,,,,,,,,,,,,,,,,,,,,,,,,,,,,,,
,Sun Valley: Bald ,"3,400 ","2,533",193,Holding Family,"Ikon, MC",,,1,,,,3,,5,,2,,,,,,,,,1,12,,,7S,,,,2S,2022,U.S. - West,Public w/Aerial Lifts,,,Winterplace,603 ,90,100,Independent,Indy,,,,,,,,,,2,3,,2,,,,,,,2,9,,,,,,2,,2020,U.S. - East,,,,,,,,,,,,,,,,,,,,,,,,,,,,,,,,,,,,,,,,,,,,,,,,,,,,,,,,,,,,,,,,,,,,,,,,,,,,,,,,,,,,,,,,,,,,,,,,,,,,,,,,,,,,,,,,,,,,,,,,,,,,,,,,,,,,,,,,,,,,,,,,,,,,,,,,,,,,,,,,,,,,,,,,,,,,,,,,,,,,,,,,,,,,,,,,,,,,,,,,,,,,,,,,,,,,,,,,,,,,,,,,,,,,
,Sun Valley: Dollar ,628 ,296,,Holding Family,"Ikon, MC",,,,,,,,,2,,1,,1,,,,,,,1,5,,,7S,,,,2S,2022,U.S. - West,Public w/Aerial Lifts,,U.S. - Wisconsin,Bruce Mound,375 ,40,12,Independent,Indy,,,,,,,,,,,1,,,,,2,,,3,,6,,,,,,2,,2024,U.S. - Midwest,,,,,,,,,,,,,,,,,,,,,,,,,,,,,,,,,,,,,,,,,,,,,,,,,,,,,,,,,,,,,,,,,,,,,,,,,,,,,,,,,,,,,,,,,,,,,,,,,,,,,,,,,,,,,,,,,,,,,,,,,,,,,,,,,,,,,,,,,,,,,,,,,,,,,,,,,,,,,,,,,,,,,,,,,,,,,,,,,,,,,,,,,,,,,,,,,,,,,,,,,,,,,,,,,,,,,,,,,,,,,,,,,,,,
,Tamarack,"2,800 ","1,100",275,Independent,Ikon,,,,,,,,,3,2,,,,,,,,1,,1,7,,,"2, B",,,,,2026,U.S. - West,Public w/Aerial Lifts,,,Camp 10,230 ,120,60,Independent,Indy,,,,,,,,,,,,,1,,,2,,,1,,4,,,,,,,,2026,U.S. - Midwest,,,,,,,,,,,,,,,,,,,,,,,,,,,,,,,,,,,,,,,,,,,,,,,,,,,,,,,,,,,,,,,,,,,,,,,,,,,,,,,,,,,,,,,,,,,,,,,,,,,,,,,,,,,,,,,,,,,,,,,,,,,,,,,,,,,,,,,,,,,,,,,,,,,,,,,,,,,,,,,,,,,,,,,,,,,,,,,,,,,,,,,,,,,,,,,,,,,,,,,,,,,,,,,,,,,,,,,,,,,,,,,,,,,,
U.S. - Illinois,Chestnut,475 ,220,34,Independent,Indy,,,,,,,,,,2,4,,,,,,,,1,2,9,,,,,,2,,2022,U.S. - Midwest,Public w/Aerial Lifts,,,Christie Mountain,350 ,100,33,Independent,Indy,,,,,,,,,,,,,1,,,1,,,3,,5,,,,,,2,,2024,U.S. - Midwest,,,,,,,,,,,,,,,,,,,,,,,,,,,,,,,,,,,,,,,,,,,,,,,,,,,,,,,,,,,,,,,,,,,,,,,,,,,,,,,,,,,,,,,,,,,,,,,,,,,,,,,,,,,,,,,,,,,,,,,,,,,,,,,,,,,,,,,,,,,,,,,,,,,,,,,,,,,,,,,,,,,,,,,,,,,,,,,,,,,,,,,,,,,,,,,,,,,,,,,,,,,,,,,,,,,,,,,,,,,,,,,,,,,,
,Snowstar,262 ,28,39,Independent,Indy,,,,,,,,,,2,,,2,,,,,,,1,5,,,,,,2,,2023,U.S. - Midwest,Public w/Aerial Lifts,,,Devil’s Head,500 ,300,70,Independent,Ikon,,,,,,,,,,6,,,,,,,,,2,,8,,,"2, B",,,,,2026,U.S. - Midwest,,,,,,,,,,,,,,,,,,,,,,,,,,,,,,,,,,,,,,,,,,,,,,,,,,,,,,,,,,,,,,,,,,,,,,,,,,,,,,,,,,,,,,,,,,,,,,,,,,,,,,,,,,,,,,,,,,,,,,,,,,,,,,,,,,,,,,,,,,,,,,,,,,,,,,,,,,,,,,,,,,,,,,,,,,,,,,,,,,,,,,,,,,,,,,,,,,,,,,,,,,,,,,,,,,,,,,,,,,,,,,,,,,,,
U.S. - Indiana,Paoli Peaks,300 ,65,18,Vail Resorts,Epic,,,,,,,,,,1,3,,1,,,,,,,2,7,U,U,,,,,,2019,U.S. - Midwest,Public w/Aerial Lifts,,,Granite Peak,658 ,400,60,Midwest Family Ski Resorts,Ikon,,,,,,,1,,2,,2,,,,,,,,,2,7,,,7,"5, B","1-4, B, S",,,2026,U.S. - Midwest,,,,,,,,,,,,,,,,,,,,,,,,,,,,,,,,,,,,,,,,,,,,,,,,,,,,,,,,,,,,,,,,,,,,,,,,,,,,,,,,,,,,,,,,,,,,,,,,,,,,,,,,,,,,,,,,,,,,,,,,,,,,,,,,,,,,,,,,,,,,,,,,,,,,,,,,,,,,,,,,,,,,,,,,,,,,,,,,,,,,,,,,,,,,,,,,,,,,,,,,,,,,,,,,,,,,,,,,,,,,,,,,,,,,
U.S. - Iowa,Sundown,475 ,85,50,Independent,Indy,,,,,,,,,,1,1,,2,,,,,,,2,6,,,,,,2B,,2021,U.S. - Midwest,Public w/Aerial Lifts,,,Mount La Crosse,516 ,100,41,Independent,Indy,,,,,,,,,,,,,3,,,,,,,1,4,,,,,,2,,2025,U.S. - Midwest,,,,,,,,,,,,,,,,,,,,,,,,,,,,,,,,,,,,,,,,,,,,,,,,,,,,,,,,,,,,,,,,,,,,,,,,,,,,,,,,,,,,,,,,,,,,,,,,,,,,,,,,,,,,,,,,,,,,,,,,,,,,,,,,,,,,,,,,,,,,,,,,,,,,,,,,,,,,,,,,,,,,,,,,,,,,,,,,,,,,,,,,,,,,,,,,,,,,,,,,,,,,,,,,,,,,,,,,,,,,,,,,,,,,
U.S. - Maine,Big Moose,583 ,,136,Independent,Indy,,,,,,,,,,,1,,,,,,,,,1,2,,,,,,2,,2024,U.S. - East,Public w/Aerial Lifts,,,Nutt Hill,120 ,7,,Independent,Indy,,,,,,,,,,,,,,,,,,,,1,1,,,,,,2,,2026,U.S. - Midwest,,,,,,,,,,,,,,,,,,,,,,,,,,,,,,,,,,,,,,,,,,,,,,,,,,,,,,,,,,,,,,,,,,,,,,,,,,,,,,,,,,,,,,,,,,,,,,,,,,,,,,,,,,,,,,,,,,,,,,,,,,,,,,,,,,,,,,,,,,,,,,,,,,,,,,,,,,,,,,,,,,,,,,,,,,,,,,,,,,,,,,,,,,,,,,,,,,,,,,,,,,,,,,,,,,,,,,,,,,,,,,,,,,,,
,Bigrock,920 ,90,94,Independent,Indy,,,,,,,,,,1,1,,,,,,,,,1,3,,,,,,2,,2022,U.S. - East,Public w/Aerial Lifts,,,Paul Bunyan,115 ,30,65,Independent,Indy,,,,,,,,,,,,,,,,1,,,4,1,6,,,,,,2,,2026,U.S. - Midwest,,,,,,,,,,,,,,,,,,,,,,,,,,,,,,,,,,,,,,,,,,,,,,,,,,,,,,,,,,,,,,,,,,,,,,,,,,,,,,,,,,,,,,,,,,,,,,,,,,,,,,,,,,,,,,,,,,,,,,,,,,,,,,,,,,,,,,,,,,,,,,,,,,,,,,,,,,,,,,,,,,,,,,,,,,,,,,,,,,,,,,,,,,,,,,,,,,,,,,,,,,,,,,,,,,,,,,,,,,,,,,,,,,,,
,Black Mountain of Maine,"1,150 ",300,120,Independent,Indy,,,,,,,,,,,1,,1,,,1,,,1,,4,,,,,,2,,2022,U.S. - East,Public w/Aerial Lifts,,,Sunburst,197 ,30,11,Independent,Indy,,,,,,,,,,,,,3,,,,,,4,2,9,,,,,,2,,2025,U.S. - Midwest,,,,,,,,,,,,,,,,,,,,,,,,,,,,,,,,,,,,,,,,,,,,,,,,,,,,,,,,,,,,,,,,,,,,,,,,,,,,,,,,,,,,,,,,,,,,,,,,,,,,,,,,,,,,,,,,,,,,,,,,,,,,,,,,,,,,,,,,,,,,,,,,,,,,,,,,,,,,,,,,,,,,,,,,,,,,,,,,,,,,,,,,,,,,,,,,,,,,,,,,,,,,,,,,,,,,,,,,,,,,,,,,,,,,
,Camden Snow Bowl,850 ,105,50,Independent,Indy,,,,,,,,,,,1,,1,,,,,,,1,3,,,,,,2,,2024,U.S. - East,Public w/Aerial Lifts,,,Trollhaugen,272 ,86,50,Independent,Indy,,,,,,,,,,4,,,,,,,,,5,,9,,,,,,2,,2019,U.S. - Midwest,,,,,,,,,,,,,,,,,,,,,,,,,,,,,,,,,,,,,,,,,,,,,,,,,,,,,,,,,,,,,,,,,,,,,,,,,,,,,,,,,,,,,,,,,,,,,,,,,,,,,,,,,,,,,,,,,,,,,,,,,,,,,,,,,,,,,,,,,,,,,,,,,,,,,,,,,,,,,,,,,,,,,,,,,,,,,,,,,,,,,,,,,,,,,,,,,,,,,,,,,,,,,,,,,,,,,,,,,,,,,,,,,,,,
,Lost Valley,240 ,45,99,Independent,Indy,,,,,,,,,,,,,3,,,,,,,1,4,,,,,,2,,2024,U.S. - East,Public w/Aerial Lifts,,,Tyrol Basin,300 ,40,51,Independent,Indy,,,,,,,,,,,3,,,,,,,,2,2,7,,,,,,2,,2019,U.S. - Midwest,,,,,,,,,,,,,,,,,,,,,,,,,,,,,,,,,,,,,,,,,,,,,,,,,,,,,,,,,,,,,,,,,,,,,,,,,,,,,,,,,,,,,,,,,,,,,,,,,,,,,,,,,,,,,,,,,,,,,,,,,,,,,,,,,,,,,,,,,,,,,,,,,,,,,,,,,,,,,,,,,,,,,,,,,,,,,,,,,,,,,,,,,,,,,,,,,,,,,,,,,,,,,,,,,,,,,,,,,,,,,,,,,,,,
,Mount Abram,"1,050 ",170,115,Independent,Indy,,,,,,,,,,,,,2,,,1,,,,1,4,,,,,,2,,2024,U.S. - East,Public w/Aerial Lifts,,,Whitecap Mountains,455 ,400,200,Independent,Indy,,,,,,,,,,,1,,4,,,,,,,1,6,,,,,,2,,2026,U.S. - Midwest,,,,,,,,,,,,,,,,,,,,,,,,,,,,,,,,,,,,,,,,,,,,,,,,,,,,,,,,,,,,,,,,,,,,,,,,,,,,,,,,,,,,,,,,,,,,,,,,,,,,,,,,,,,,,,,,,,,,,,,,,,,,,,,,,,,,,,,,,,,,,,,,,,,,,,,,,,,,,,,,,,,,,,,,,,,,,,,,,,,,,,,,,,,,,,,,,,,,,,,,,,,,,,,,,,,,,,,,,,,,,,,,,,,,
,Pleasant Mountain,"1,300 ",249,110,Boyne Resorts,Snow Pass,,,,,,,,,1,1,2,,,,,,,,,2,6,,,,,,,,2026,U.S. - East,Public w/Aerial Lifts,,,Wilmot,200 ,120,48,Vail Resorts,Epic,,,,,,,,,,3,1,,2,,,,,,2,2,10,U,U,,,,,,2016,U.S. - Midwest,,,,,,,,,,,,,,,,,,,,,,,,,,,,,,,,,,,,,,,,,,,,,,,,,,,,,,,,,,,,,,,,,,,,,,,,,,,,,,,,,,,,,,,,,,,,,,,,,,,,,,,,,,,,,,,,,,,,,,,,,,,,,,,,,,,,,,,,,,,,,,,,,,,,,,,,,,,,,,,,,,,,,,,,,,,,,,,,,,,,,,,,,,,,,,,,,,,,,,,,,,,,,,,,,,,,,,,,,,,,,,,,,,,,
,Saddleback,"1,850 ",600,225,Independent,Indy,,,,,,,,,1,3,,,,,,,1,,,1,6,,,,,,2,,2021,U.S. - East,Public w/Aerial Lifts,,U.S. - Wyoming,Antelope Butte,"1,000 ",225,200,Independent,Indy,,,,,,,,,,,,,2,,,,,,,1,3,,,,,,2,,2020,U.S. - West,,,,,,,,,,,,,,,,,,,,,,,,,,,,,,,,,,,,,,,,,,,,,,,,,,,,,,,,,,,,,,,,,,,,,,,,,,,,,,,,,,,,,,,,,,,,,,,,,,,,,,,,,,,,,,,,,,,,,,,,,,,,,,,,,,,,,,,,,,,,,,,,,,,,,,,,,,,,,,,,,,,,,,,,,,,,,,,,,,,,,,,,,,,,,,,,,,,,,,,,,,,,,,,,,,,,,,,,,,,,,,,,,,,,
,Sugarloaf,"2,748 ","1,360",200,Boyne Resorts,"Ikon, MC",,,,,,,,,3,3,1,,5,,,2,,,,1,15,,,7,5B,"1-4, B, S",,2,"2018, 2020",U.S. - East,Public w/Aerial Lifts,,,Grand Targhee,"2,212 ","2,602",465,Independent,MC,,,,,,,1,,2,2,,,,,,,,,,1,6,,,,,,,2,2020,U.S. - West,,,,,,,,,,,,,,,,,,,,,,,,,,,,,,,,,,,,,,,,,,,,,,,,,,,,,,,,,,,,,,,,,,,,,,,,,,,,,,,,,,,,,,,,,,,,,,,,,,,,,,,,,,,,,,,,,,,,,,,,,,,,,,,,,,,,,,,,,,,,,,,,,,,,,,,,,,,,,,,,,,,,,,,,,,,,,,,,,,,,,,,,,,,,,,,,,,,,,,,,,,,,,,,,,,,,,,,,,,,,,,,,,,,,
,Sunday River,"2,350 ","1,184",167,Boyne Resorts,"Ikon, MC",,,,,,1,1,1,2,5,5,,1,,,1,,,,3,20,,,7,5B,"1-4, B, S",,2,"2018, 2024",U.S. - East,Public w/Aerial Lifts,,,Jackson Hole,"4,139 ","2,500",369,Independent,"Ikon, MC",1,,2,,,,,,6,3,,,1,,,,,,1,2,16,,,"7, R",,,,2,"2012, 2018",U.S. - West,,,,,,,,,,,,,,,,,,,,,,,,,,,,,,,,,,,,,,,,,,,,,,,,,,,,,,,,,,,,,,,,,,,,,,,,,,,,,,,,,,,,,,,,,,,,,,,,,,,,,,,,,,,,,,,,,,,,,,,,,,,,,,,,,,,,,,,,,,,,,,,,,,,,,,,,,,,,,,,,,,,,,,,,,,,,,,,,,,,,,,,,,,,,,,,,,,,,,,,,,,,,,,,,,,,,,,,,,,,,,,,,,,,,
U.S. - Maryland,Wisp,700 ,132,100,Pacific Group Resorts,Indy,,,,,,,,,,2,5,,,,,,,,1,5,13,,,,,,2,,2024,U.S. - East,Public w/Aerial Lifts,,,Meadowlark,735 ,300,160,Independent,Indy,,,,,,,,,,,1,,1,,,,,,,,2,,,,,,2B,,2022,U.S. - West,,,,,,,,,,,,,,,,,,,,,,,,,,,,,,,,,,,,,,,,,,,,,,,,,,,,,,,,,,,,,,,,,,,,,,,,,,,,,,,,,,,,,,,,,,,,,,,,,,,,,,,,,,,,,,,,,,,,,,,,,,,,,,,,,,,,,,,,,,,,,,,,,,,,,,,,,,,,,,,,,,,,,,,,,,,,,,,,,,,,,,,,,,,,,,,,,,,,,,,,,,,,,,,,,,,,,,,,,,,,,,,,,,,,
U.S. - Massachusetts,Berkshire East,"1,180 ",180,110,Bear Den Partners,Indy,,,,,,,,,1,2,,,1,,,,,,,2,6,,,,,,2,,2019,U.S. - East,Public w/Aerial Lifts,,,Snow King,"1,571 ",500,225,Independent,"Snow Pass, Indy",,,1,,,,,,,1,2,,,,,,,,2,3,9,,,,,,2B,,"2020, 2026",U.S. - West,,,,,,,,,,,,,,,,,,,,,,,,,,,,,,,,,,,,,,,,,,,,,,,,,,,,,,,,,,,,,,,,,,,,,,,,,,,,,,,,,,,,,,,,,,,,,,,,,,,,,,,,,,,,,,,,,,,,,,,,,,,,,,,,,,,,,,,,,,,,,,,,,,,,,,,,,,,,,,,,,,,,,,,,,,,,,,,,,,,,,,,,,,,,,,,,,,,,,,,,,,,,,,,,,,,,,,,,,,,,,,,,,,,,
,Blue Hills,309 ,60,,Independent,Snow Pass,,,,,,,,,,,,,1,,,,,,2,3,6,,,,,,,,2026,U.S. - East,Public w/Aerial Lifts,,,Snowy Range,865 ,250,245,Independent,Ikon,,,,,,,,,,,1,,3,,,,,,,1,5,,,2B,,,,,2026,U.S. - West,,,,,,,,,,,,,,,,,,,,,,,,,,,,,,,,,,,,,,,,,,,,,,,,,,,,,,,,,,,,,,,,,,,,,,,,,,,,,,,,,,,,,,,,,,,,,,,,,,,,,,,,,,,,,,,,,,,,,,,,,,,,,,,,,,,,,,,,,,,,,,,,,,,,,,,,,,,,,,,,,,,,,,,,,,,,,,,,,,,,,,,,,,,,,,,,,,,,,,,,,,,,,,,,,,,,,,,,,,,,,,,,,,,,
,Bousquet,750 ,200,83,Independent,Indy,,,,,,,,,,,1,,1,,,,,,,1,3,,,,,,2,,2024,U.S. - East,Public w/Aerial Lifts,,,White Pine,"1,100 ",363,180,Independent,Indy,,,,,,,,,,,2,,,,,,,,,,2,,,,,,2,,2020,U.S. - West,,,,,,,,,,,,,,,,,,,,,,,,,,,,,,,,,,,,,,,,,,,,,,,,,,,,,,,,,,,,,,,,,,,,,,,,,,,,,,,,,,,,,,,,,,,,,,,,,,,,,,,,,,,,,,,,,,,,,,,,,,,,,,,,,,,,,,,,,,,,,,,,,,,,,,,,,,,,,,,,,,,,,,,,,,,,,,,,,,,,,,,,,,,,,,,,,,,,,,,,,,,,,,,,,,,,,,,,,,,,,,,,,,,,
,Butternut,"1,000 ",110,110,Murdock Family,"Snow Pass, Ikon",,,,,,,,,,5,,,,,,,,,,4,9,,,2B,,,,,"2024, 2025, 2026",U.S. - East,Public w/Aerial Lifts,,,,,,,,,,,,,,,,,,,,,,,,,,,,,,,,,,,,,,,,,,,,,,,,,,,,,,,,,,,,,,,,,,,,,,,,,,,,,,,,,,,,,,,,,,,,,,,,,,,,,,,,,,,,,,,,,,,,,,,,,,,,,,,,,,,,,,,,,,,,,,,,,,,,,,,,,,,,,,,,,,,,,,,,,,,,,,,,,,,,,,,,,,,,,,,,,,,,,,,,,,,,,,,,,,,,,,,,,,,,,,,,,,,,,,,,,,,,,,,,,,,,,,,,,,,,,,,,,,,,,,,,,,
,Catamount,"1,000 ",133,108,Bear Den Partners,Indy,,,,,,,,,,2,3,,,,,,,,,3,8,,,,,,2,,2019,U.S. - East,Public w/Aerial Lifts,,,,,,,,,,,,,,,,,,,,,,,,,,,,,,,,,,,,,,,,,,,,,,,,,,,,,,,,,,,,,,,,,,,,,,,,,,,,,,,,,,,,,,,,,,,,,,,,,,,,,,,,,,,,,,,,,,,,,,,,,,,,,,,,,,,,,,,,,,,,,,,,,,,,,,,,,,,,,,,,,,,,,,,,,,,,,,,,,,,,,,,,,,,,,,,,,,,,,,,,,,,,,,,,,,,,,,,,,,,,,,,,,,,,,,,,,,,,,,,,,,,,,,,,,,,,,,,,,,,,,,,,,,
,Jiminy Peak,"1,150 ",167.4,100,Fairbank Group,Ikon,,,,,,,1,,,2,3,,1,,,,,,,2,9,,,2B,,,,,2025,U.S. - East,Public w/Aerial Lifts,,,,,,,,,,,,,,,,,,,,,,,,,,,,,,,,,,,,,,,,,,,,,,,,,,,,,,,,,,,,,,,,,,,,,,,,,,,,,,,,,,,,,,,,,,,,,,,,,,,,,,,,,,,,,,,,,,,,,,,,,,,,,,,,,,,,,,,,,,,,,,,,,,,,,,,,,,,,,,,,,,,,,,,,,,,,,,,,,,,,,,,,,,,,,,,,,,,,,,,,,,,,,,,,,,,,,,,,,,,,,,,,,,,,,,,,,,,,,,,,,,,,,,,,,,,,,,,,,,,,,,,,,,
U.S. - Michigan,Big Powderhorn (UP),622 ,253,204,Independent,Indy,,,,,,,,,,,,,9,,,,,,1,,10,,,,,,2,,2019,U.S. - Midwest,Public w/Aerial Lifts,,,,,,,,,,,,,,,,,,,,,,,,,,,,,,,,,,,,,,,,,,,,,,,,,,,,,,,,,,,,,,,,,,,,,,,,,,,,,,,,,,,,,,,,,,,,,,,,,,,,,,,,,,,,,,,,,,,,,,,,,,,,,,,,,,,,,,,,,,,,,,,,,,,,,,,,,,,,,,,,,,,,,,,,,,,,,,,,,,,,,,,,,,,,,,,,,,,,,,,,,,,,,,,,,,,,,,,,,,,,,,,,,,,,,,,,,,,,,,,,,,,,,,,,,,,,,,,,,,,,,,,,,,
,Boyne Mountain,420 ,435,140,Boyne Resorts,Ikon,,,,,,1,1,,,4,1,,2,,,,,,,1,10,,,7,5B,"1-4, B, S",,,2018,U.S. - Midwest,Public w/Aerial Lifts,,,,,,,,,,,,,,,,,,,,,,,,,,,,,,,,,,,,,,,,,,,,,,,,,,,,,,,,,,,,,,,,,,,,,,,,,,,,,,,,,,,,,,,,,,,,,,,,,,,,,,,,,,,,,,,,,,,,,,,,,,,,,,,,,,,,,,,,,,,,,,,,,,,,,,,,,,,,,,,,,,,,,,,,,,,,,,,,,,,,,,,,,,,,,,,,,,,,,,,,,,,,,,,,,,,,,,,,,,,,,,,,,,,,,,,,,,,,,,,,,,,,,,,,,,,,,,,,,,,,,,,,,,
,Caberfae Peaks,485 ,200,120,Independent,Ikon,,,,,,,,,,1,3,,,,,,,,,1,5,,,2B,,,,,2026,U.S. - Midwest,Public w/Aerial Lifts,,,,,,,,,,,,,,,,,,,,,,,,,,,,,,,,,,,,,,,,,,,,,,,,,,,,,,,,,,,,,,,,,,,,,,,,,,,,,,,,,,,,,,,,,,,,,,,,,,,,,,,,,,,,,,,,,,,,,,,,,,,,,,,,,,,,,,,,,,,,,,,,,,,,,,,,,,,,,,,,,,,,,,,,,,,,,,,,,,,,,,,,,,,,,,,,,,,,,,,,,,,,,,,,,,,,,,,,,,,,,,,,,,,,,,,,,,,,,,,,,,,,,,,,,,,,,,,,,,,,,,,,,,
,Crystal Mountain MI,375 ,103,132,Independent,Indy,,,,,,,,,1,3,2,,,,,,,,,2,8,,,,,,2B,,2020,U.S. - Midwest,Public w/Aerial Lifts,,,,,,,,,,,,,,,,,,,,,,,,,,,,,,,,,,,,,,,,,,,,,,,,,,,,,,,,,,,,,,,,,,,,,,,,,,,,,,,,,,,,,,,,,,,,,,,,,,,,,,,,,,,,,,,,,,,,,,,,,,,,,,,,,,,,,,,,,,,,,,,,,,,,,,,,,,,,,,,,,,,,,,,,,,,,,,,,,,,,,,,,,,,,,,,,,,,,,,,,,,,,,,,,,,,,,,,,,,,,,,,,,,,,,,,,,,,,,,,,,,,,,,,,,,,,,,,,,,,,,,,,,,
,Marquette Mountain (UP),540 ,330,210,Independent,Indy,,,,,,,,,,,2,,1,,,,,,1,,4,,,,,,2,,2022,U.S. - Midwest,Public w/Aerial Lifts,,,,,,,,,,,,,,,,,,,,,,,,,,,,,,,,,,,,,,,,,,,,,,,,,,,,,,,,,,,,,,,,,,,,,,,,,,,,,,,,,,,,,,,,,,,,,,,,,,,,,,,,,,,,,,,,,,,,,,,,,,,,,,,,,,,,,,,,,,,,,,,,,,,,,,,,,,,,,,,,,,,,,,,,,,,,,,,,,,,,,,,,,,,,,,,,,,,,,,,,,,,,,,,,,,,,,,,,,,,,,,,,,,,,,,,,,,,,,,,,,,,,,,,,,,,,,,,,,,,,,,,,,,
,Mont Ripley (UP),470 ,115,275,Independent,Indy,,,,,,,,,,,,,2,,,1,,,1,,4,,,,,,Discount,,2023,U.S. - Midwest,Public w/Aerial Lifts,,,,,,,,,,,,,,,,,,,,,,,,,,,,,,,,,,,,,,,,,,,,,,,,,,,,,,,,,,,,,,,,,,,,,,,,,,,,,,,,,,,,,,,,,,,,,,,,,,,,,,,,,,,,,,,,,,,,,,,,,,,,,,,,,,,,,,,,,,,,,,,,,,,,,,,,,,,,,,,,,,,,,,,,,,,,,,,,,,,,,,,,,,,,,,,,,,,,,,,,,,,,,,,,,,,,,,,,,,,,,,,,,,,,,,,,,,,,,,,,,,,,,,,,,,,,,,,,,,,,,,,,,,
,Mount Brighton,230 ,130,60,Vail Resorts,Epic,,,,,,,,,,2,3,,,,,,,,5,2,12,U,U,,,,,,2013,U.S. - Midwest,Public w/Aerial Lifts,,,,,,,,,,,,,,,,,,,,,,,,,,,,,,,,,,,,,,,,,,,,,,,,,,,,,,,,,,,,,,,,,,,,,,,,,,,,,,,,,,,,,,,,,,,,,,,,,,,,,,,,,,,,,,,,,,,,,,,,,,,,,,,,,,,,,,,,,,,,,,,,,,,,,,,,,,,,,,,,,,,,,,,,,,,,,,,,,,,,,,,,,,,,,,,,,,,,,,,,,,,,,,,,,,,,,,,,,,,,,,,,,,,,,,,,,,,,,,,,,,,,,,,,,,,,,,,,,,,,,,,,,,
,Mount Holiday,200 ,45,120,Independent,Indy,,,,,,,,,,,,,2,,,,,,,,2,,,,,,2,,2024,U.S. - Midwest,Public w/Aerial Lifts,,,,,,,,,,,,,,,,,,,,,,,,,,,,,,,,,,,,,,,,,,,,,,,,,,,,,,,,,,,,,,,,,,,,,,,,,,,,,,,,,,,,,,,,,,,,,,,,,,,,,,,,,,,,,,,,,,,,,,,,,,,,,,,,,,,,,,,,,,,,,,,,,,,,,,,,,,,,,,,,,,,,,,,,,,,,,,,,,,,,,,,,,,,,,,,,,,,,,,,,,,,,,,,,,,,,,,,,,,,,,,,,,,,,,,,,,,,,,,,,,,,,,,,,,,,,,,,,,,,,,,,,,,
,Norway Mountain (UP),500 ,160,33,Independent,Indy,,,,,,,,,,,1,,2,,,,,,3,,6,,,,,,2,,2024,U.S. - Midwest,Public w/Aerial Lifts,,,,,,,,,,,,,,,,,,,,,,,,,,,,,,,,,,,,,,,,,,,,,,,,,,,,,,,,,,,,,,,,,,,,,,,,,,,,,,,,,,,,,,,,,,,,,,,,,,,,,,,,,,,,,,,,,,,,,,,,,,,,,,,,,,,,,,,,,,,,,,,,,,,,,,,,,,,,,,,,,,,,,,,,,,,,,,,,,,,,,,,,,,,,,,,,,,,,,,,,,,,,,,,,,,,,,,,,,,,,,,,,,,,,,,,,,,,,,,,,,,,,,,,,,,,,,,,,,,,,,,,,,,
,Nub’s Nob,425 ,248,125,Independent,Indy,,,,,,,,,,4,3,,1,,,,,,1,1,10,,,,,,2B,,2022,U.S. - Midwest,Public w/Aerial Lifts,,,,,,,,,,,,,,,,,,,,,,,,,,,,,,,,,,,,,,,,,,,,,,,,,,,,,,,,,,,,,,,,,,,,,,,,,,,,,,,,,,,,,,,,,,,,,,,,,,,,,,,,,,,,,,,,,,,,,,,,,,,,,,,,,,,,,,,,,,,,,,,,,,,,,,,,,,,,,,,,,,,,,,,,,,,,,,,,,,,,,,,,,,,,,,,,,,,,,,,,,,,,,,,,,,,,,,,,,,,,,,,,,,,,,,,,,,,,,,,,,,,,,,,,,,,,,,,,,,,,,,,,,,
,Pine Mountain (UP),364 ,220,30,Independent,Indy,,,,,,,,,,,1,,2,,,,,,3,,6,,,,,,2,,2019,U.S. - Midwest,Public w/Aerial Lifts,,,,,,,,,,,,,,,,,,,,,,,,,,,,,,,,,,,,,,,,,,,,,,,,,,,,,,,,,,,,,,,,,,,,,,,,,,,,,,,,,,,,,,,,,,,,,,,,,,,,,,,,,,,,,,,,,,,,,,,,,,,,,,,,,,,,,,,,,,,,,,,,,,,,,,,,,,,,,,,,,,,,,,,,,,,,,,,,,,,,,,,,,,,,,,,,,,,,,,,,,,,,,,,,,,,,,,,,,,,,,,,,,,,,,,,,,,,,,,,,,,,,,,,,,,,,,,,,,,,,,,,,,,
,Shanty Creek - Schuss,500 ,81,160,Independent,Indy,,,,,,,,,,5,,,2,,,,,,1,1,9,,,,,,2B,,2019,U.S. - Midwest,Public w/Aerial Lifts,,,,,,,,,,,,,,,,,,,,,,,,,,,,,,,,,,,,,,,,,,,,,,,,,,,,,,,,,,,,,,,,,,,,,,,,,,,,,,,,,,,,,,,,,,,,,,,,,,,,,,,,,,,,,,,,,,,,,,,,,,,,,,,,,,,,,,,,,,,,,,,,,,,,,,,,,,,,,,,,,,,,,,,,,,,,,,,,,,,,,,,,,,,,,,,,,,,,,,,,,,,,,,,,,,,,,,,,,,,,,,,,,,,,,,,,,,,,,,,,,,,,,,,,,,,,,,,,,,,,,,,,,,
,Snowriver: Black River (UP),490 ,170,204,Midwest Family Ski Resorts,Ikon,,,,,,,,,,,,,4,,,,,,1,,5,,,"7, S","5, B, S","1-4, B, S",,,2026,U.S. - Midwest,Public w/Aerial Lifts,,,,,,,,,,,,,,,,,,,,,,,,,,,,,,,,,,,,,,,,,,,,,,,,,,,,,,,,,,,,,,,,,,,,,,,,,,,,,,,,,,,,,,,,,,,,,,,,,,,,,,,,,,,,,,,,,,,,,,,,,,,,,,,,,,,,,,,,,,,,,,,,,,,,,,,,,,,,,,,,,,,,,,,,,,,,,,,,,,,,,,,,,,,,,,,,,,,,,,,,,,,,,,,,,,,,,,,,,,,,,,,,,,,,,,,,,,,,,,,,,,,,,,,,,,,,,,,,,,,,,,,,,,
,Snowriver: Jackson Creek (UP),538 ,230,204,Midwest Family Ski Resorts,Ikon,,,,,,,1,,,,,,2,,,1,,,1,1,6,,,"7, S","5, B, S","1-4, B, S",,,2026,U.S. - Midwest,Public w/Aerial Lifts,,,,,,,,,,,,,,,,,,,,,,,,,,,,,,,,,,,,,,,,,,,,,,,,,,,,,,,,,,,,,,,,,,,,,,,,,,,,,,,,,,,,,,,,,,,,,,,,,,,,,,,,,,,,,,,,,,,,,,,,,,,,,,,,,,,,,,,,,,,,,,,,,,,,,,,,,,,,,,,,,,,,,,,,,,,,,,,,,,,,,,,,,,,,,,,,,,,,,,,,,,,,,,,,,,,,,,,,,,,,,,,,,,,,,,,,,,,,,,,,,,,,,,,,,,,,,,,,,,,,,,,,,,
,The Highlands ,513 ,435,140,Boyne Resorts,Ikon,,,,,,,1,,1,3,1,,,,,,,,1,2,9,,,7,5B,"1-4, B, S",,,2018,U.S. - Midwest,Public w/Aerial Lifts,,,,,,,,,,,,,,,,,,,,,,,,,,,,,,,,,,,,,,,,,,,,,,,,,,,,,,,,,,,,,,,,,,,,,,,,,,,,,,,,,,,,,,,,,,,,,,,,,,,,,,,,,,,,,,,,,,,,,,,,,,,,,,,,,,,,,,,,,,,,,,,,,,,,,,,,,,,,,,,,,,,,,,,,,,,,,,,,,,,,,,,,,,,,,,,,,,,,,,,,,,,,,,,,,,,,,,,,,,,,,,,,,,,,,,,,,,,,,,,,,,,,,,,,,,,,,,,,,,,,,,,,,,
,Treetops,223 ,80,140,Independent,Indy,,,,,,,,,,,3,,,,,,,,,2,5,,,,,,2B,,2022,U.S. - Midwest,Public w/Aerial Lifts,,,,,,,,,,,,,,,,,,,,,,,,,,,,,,,,,,,,,,,,,,,,,,,,,,,,,,,,,,,,,,,,,,,,,,,,,,,,,,,,,,,,,,,,,,,,,,,,,,,,,,,,,,,,,,,,,,,,,,,,,,,,,,,,,,,,,,,,,,,,,,,,,,,,,,,,,,,,,,,,,,,,,,,,,,,,,,,,,,,,,,,,,,,,,,,,,,,,,,,,,,,,,,,,,,,,,,,,,,,,,,,,,,,,,,,,,,,,,,,,,,,,,,,,,,,,,,,,,,,,,,,,,,
U.S. - Minnesota,Afton Alps,350 ,300,60,Vail Resorts,Epic,,,,,,,,,,1,2,,12,,,,,,2,2,19,U,U,,,,,,2013,U.S. - Midwest,Public w/Aerial Lifts,,,,,,,,,,,,,,,,,,,,,,,,,,,,,,,,,,,,,,,,,,,,,,,,,,,,,,,,,,,,,,,,,,,,,,,,,,,,,,,,,,,,,,,,,,,,,,,,,,,,,,,,,,,,,,,,,,,,,,,,,,,,,,,,,,,,,,,,,,,,,,,,,,,,,,,,,,,,,,,,,,,,,,,,,,,,,,,,,,,,,,,,,,,,,,,,,,,,,,,,,,,,,,,,,,,,,,,,,,,,,,,,,,,,,,,,,,,,,,,,,,,,,,,,,,,,,,,,,,,,,,,,,,
,Andes Tower Hills,290 ,70,50,Independent,Indy,,,,,,,,,,1,2,,,,,,,,1,2,6,,,,,,2,,2023,U.S. - Midwest,Public w/Aerial Lifts,,,,,,,,,,,,,,,,,,,,,,,,,,,,,,,,,,,,,,,,,,,,,,,,,,,,,,,,,,,,,,,,,,,,,,,,,,,,,,,,,,,,,,,,,,,,,,,,,,,,,,,,,,,,,,,,,,,,,,,,,,,,,,,,,,,,,,,,,,,,,,,,,,,,,,,,,,,,,,,,,,,,,,,,,,,,,,,,,,,,,,,,,,,,,,,,,,,,,,,,,,,,,,,,,,,,,,,,,,,,,,,,,,,,,,,,,,,,,,,,,,,,,,,,,,,,,,,,,,,,,,,,,,
,Buck Hill,306 ,45,60,Independent,Ikon,,,,,,,,,,2,1,,,,,,,,4,2,9,,,2B,,,,,2025,U.S. - Midwest,Public w/Aerial Lifts,,,,,,,,,,,,,,,,,,,,,,,,,,,,,,,,,,,,,,,,,,,,,,,,,,,,,,,,,,,,,,,,,,,,,,,,,,,,,,,,,,,,,,,,,,,,,,,,,,,,,,,,,,,,,,,,,,,,,,,,,,,,,,,,,,,,,,,,,,,,,,,,,,,,,,,,,,,,,,,,,,,,,,,,,,,,,,,,,,,,,,,,,,,,,,,,,,,,,,,,,,,,,,,,,,,,,,,,,,,,,,,,,,,,,,,,,,,,,,,,,,,,,,,,,,,,,,,,,,,,,,,,,,
,Coffee Mill,426 ,40,48,Independent,Indy,,,,,,,,,,,,,2,,,,,,1,,3,,,,,,2,,2026,U.S. - Midwest,Public w/Aerial Lifts,,,,,,,,,,,,,,,,,,,,,,,,,,,,,,,,,,,,,,,,,,,,,,,,,,,,,,,,,,,,,,,,,,,,,,,,,,,,,,,,,,,,,,,,,,,,,,,,,,,,,,,,,,,,,,,,,,,,,,,,,,,,,,,,,,,,,,,,,,,,,,,,,,,,,,,,,,,,,,,,,,,,,,,,,,,,,,,,,,,,,,,,,,,,,,,,,,,,,,,,,,,,,,,,,,,,,,,,,,,,,,,,,,,,,,,,,,,,,,,,,,,,,,,,,,,,,,,,,,,,,,,,,,
,Detroit Mountain,210 ,45,21,Independent,Indy,,,,,,,,,,,2,,,,,,,,2,2,6,,,,,,2,,2019,U.S. - Midwest,Public w/Aerial Lifts,,,,,,,,,,,,,,,,,,,,,,,,,,,,,,,,,,,,,,,,,,,,,,,,,,,,,,,,,,,,,,,,,,,,,,,,,,,,,,,,,,,,,,,,,,,,,,,,,,,,,,,,,,,,,,,,,,,,,,,,,,,,,,,,,,,,,,,,,,,,,,,,,,,,,,,,,,,,,,,,,,,,,,,,,,,,,,,,,,,,,,,,,,,,,,,,,,,,,,,,,,,,,,,,,,,,,,,,,,,,,,,,,,,,,,,,,,,,,,,,,,,,,,,,,,,,,,,,,,,,,,,,,,
,Elm Creek,56 ,,,Three Rivers Park District,Indy,,,,,,,,,,,,,,,,,,,3,3,6,,,,,,2,,2026,U.S. - Midwest,Public - Surface Lifts Only,,,,,,,,,,,,,,,,,,,,,,,,,,,,,,,,,,,,,,,,,,,,,,,,,,,,,,,,,,,,,,,,,,,,,,,,,,,,,,,,,,,,,,,,,,,,,,,,,,,,,,,,,,,,,,,,,,,,,,,,,,,,,,,,,,,,,,,,,,,,,,,,,,,,,,,,,,,,,,,,,,,,,,,,,,,,,,,,,,,,,,,,,,,,,,,,,,,,,,,,,,,,,,,,,,,,,,,,,,,,,,,,,,,,,,,,,,,,,,,,,,,,,,,,,,,,,,,,,,,,,,,,,,
,Giants Ridge,500 ,202,62,Independent,Ikon,,,,,,,,,1,1,1,,2,,,,,,,2,7,,,2B,,,,,2026,U.S. - Midwest,Public w/Aerial Lifts,,,,,,,,,,,,,,,,,,,,,,,,,,,,,,,,,,,,,,,,,,,,,,,,,,,,,,,,,,,,,,,,,,,,,,,,,,,,,,,,,,,,,,,,,,,,,,,,,,,,,,,,,,,,,,,,,,,,,,,,,,,,,,,,,,,,,,,,,,,,,,,,,,,,,,,,,,,,,,,,,,,,,,,,,,,,,,,,,,,,,,,,,,,,,,,,,,,,,,,,,,,,,,,,,,,,,,,,,,,,,,,,,,,,,,,,,,,,,,,,,,,,,,,,,,,,,,,,,,,,,,,,,,
,Hyland Hills,175 ,35,60,Three Rivers Park District,Indy,,,,,,,,,,3,,,,,,,,,4,2,9,,,,,,2B,,2025,U.S. - Midwest,Public w/Aerial Lifts,,,,,,,,,,,,,,,,,,,,,,,,,,,,,,,,,,,,,,,,,,,,,,,,,,,,,,,,,,,,,,,,,,,,,,,,,,,,,,,,,,,,,,,,,,,,,,,,,,,,,,,,,,,,,,,,,,,,,,,,,,,,,,,,,,,,,,,,,,,,,,,,,,,,,,,,,,,,,,,,,,,,,,,,,,,,,,,,,,,,,,,,,,,,,,,,,,,,,,,,,,,,,,,,,,,,,,,,,,,,,,,,,,,,,,,,,,,,,,,,,,,,,,,,,,,,,,,,,,,,,,,,,,
,Lutsen Mountains,825 ,"1,000",120,Midwest Family Ski Resorts,Ikon,,,1,,,,2,,,,,,3,,,,,,,1,7,,,7,"5, B","1-4, B, S",,,2026,U.S. - Midwest,Public w/Aerial Lifts,,,,,,,,,,,,,,,,,,,,,,,,,,,,,,,,,,,,,,,,,,,,,,,,,,,,,,,,,,,,,,,,,,,,,,,,,,,,,,,,,,,,,,,,,,,,,,,,,,,,,,,,,,,,,,,,,,,,,,,,,,,,,,,,,,,,,,,,,,,,,,,,,,,,,,,,,,,,,,,,,,,,,,,,,,,,,,,,,,,,,,,,,,,,,,,,,,,,,,,,,,,,,,,,,,,,,,,,,,,,,,,,,,,,,,,,,,,,,,,,,,,,,,,,,,,,,,,,,,,,,,,,,,
,Mount Kato,240 ,55,50,Independent,Indy,,,,,,,,,,5,,,3,,,,,,,1,9,,,,,,2,,2022,U.S. - Midwest,Public w/Aerial Lifts,,,,,,,,,,,,,,,,,,,,,,,,,,,,,,,,,,,,,,,,,,,,,,,,,,,,,,,,,,,,,,,,,,,,,,,,,,,,,,,,,,,,,,,,,,,,,,,,,,,,,,,,,,,,,,,,,,,,,,,,,,,,,,,,,,,,,,,,,,,,,,,,,,,,,,,,,,,,,,,,,,,,,,,,,,,,,,,,,,,,,,,,,,,,,,,,,,,,,,,,,,,,,,,,,,,,,,,,,,,,,,,,,,,,,,,,,,,,,,,,,,,,,,,,,,,,,,,,,,,,,,,,,,
,Powder Ridge,290 ,60,60,Independent,Indy,,,,,,,,,,2,,,1,,,,1,,3,,7,,,,,,2,,2019,U.S. - Midwest,Public w/Aerial Lifts,,,,,,,,,,,,,,,,,,,,,,,,,,,,,,,,,,,,,,,,,,,,,,,,,,,,,,,,,,,,,,,,,,,,,,,,,,,,,,,,,,,,,,,,,,,,,,,,,,,,,,,,,,,,,,,,,,,,,,,,,,,,,,,,,,,,,,,,,,,,,,,,,,,,,,,,,,,,,,,,,,,,,,,,,,,,,,,,,,,,,,,,,,,,,,,,,,,,,,,,,,,,,,,,,,,,,,,,,,,,,,,,,,,,,,,,,,,,,,,,,,,,,,,,,,,,,,,,,,,,,,,,,,
,Spirit Mountain,592 ,175,90,City of Duluth,Indy,,,,,,,,,1,2,,,,,,,,,1,2,6,,,,,,2,,2019,U.S. - Midwest,Public w/Aerial Lifts,,,,,,,,,,,,,,,,,,,,,,,,,,,,,,,,,,,,,,,,,,,,,,,,,,,,,,,,,,,,,,,,,,,,,,,,,,,,,,,,,,,,,,,,,,,,,,,,,,,,,,,,,,,,,,,,,,,,,,,,,,,,,,,,,,,,,,,,,,,,,,,,,,,,,,,,,,,,,,,,,,,,,,,,,,,,,,,,,,,,,,,,,,,,,,,,,,,,,,,,,,,,,,,,,,,,,,,,,,,,,,,,,,,,,,,,,,,,,,,,,,,,,,,,,,,,,,,,,,,,,,,,,,
,Wild Mountain,300 ,100,50,Independent,Ikon,,,,,,,,,,4,,,,,,,,,4,1,9,,,2B,,,,,2025,U.S. - Midwest,Public w/Aerial Lifts,,,,,,,,,,,,,,,,,,,,,,,,,,,,,,,,,,,,,,,,,,,,,,,,,,,,,,,,,,,,,,,,,,,,,,,,,,,,,,,,,,,,,,,,,,,,,,,,,,,,,,,,,,,,,,,,,,,,,,,,,,,,,,,,,,,,,,,,,,,,,,,,,,,,,,,,,,,,,,,,,,,,,,,,,,,,,,,,,,,,,,,,,,,,,,,,,,,,,,,,,,,,,,,,,,,,,,,,,,,,,,,,,,,,,,,,,,,,,,,,,,,,,,,,,,,,,,,,,,,,,,,,,,
U.S. - Missouri,Hidden Valley,320 ,65,19,Vail Resorts,Epic,,,,,,,,,,2,2,,1,,,,,,1,1,7,U,U,,,,,,2019,U.S. - Midwest,Public w/Aerial Lifts,,,,,,,,,,,,,,,,,,,,,,,,,,,,,,,,,,,,,,,,,,,,,,,,,,,,,,,,,,,,,,,,,,,,,,,,,,,,,,,,,,,,,,,,,,,,,,,,,,,,,,,,,,,,,,,,,,,,,,,,,,,,,,,,,,,,,,,,,,,,,,,,,,,,,,,,,,,,,,,,,,,,,,,,,,,,,,,,,,,,,,,,,,,,,,,,,,,,,,,,,,,,,,,,,,,,,,,,,,,,,,,,,,,,,,,,,,,,,,,,,,,,,,,,,,,,,,,,,,,,,,,,,,
,Snow Creek,300 ,25,20,Vail Resorts,Epic,,,,,,,,,,,2,,1,,,,,,1,1,5,U,U,,,,,,2019,U.S. - Midwest,Public w/Aerial Lifts,,,,,,,,,,,,,,,,,,,,,,,,,,,,,,,,,,,,,,,,,,,,,,,,,,,,,,,,,,,,,,,,,,,,,,,,,,,,,,,,,,,,,,,,,,,,,,,,,,,,,,,,,,,,,,,,,,,,,,,,,,,,,,,,,,,,,,,,,,,,,,,,,,,,,,,,,,,,,,,,,,,,,,,,,,,,,,,,,,,,,,,,,,,,,,,,,,,,,,,,,,,,,,,,,,,,,,,,,,,,,,,,,,,,,,,,,,,,,,,,,,,,,,,,,,,,,,,,,,,,,,,,,,
U.S. - Montana,Big Sky,"4,366 ","5,850",291,Boyne Resorts,"Ikon, MC",1,,2,,,2,2,,4,3,9,,4,,,,,3,1,8,39,,,7,5B,"1-4, B, S",,2,2018,U.S. - West,Public w/Aerial Lifts,,,,,,,,,,,,,,,,,,,,,,,,,,,,,,,,,,,,,,,,,,,,,,,,,,,,,,,,,,,,,,,,,,,,,,,,,,,,,,,,,,,,,,,,,,,,,,,,,,,,,,,,,,,,,,,,,,,,,,,,,,,,,,,,,,,,,,,,,,,,,,,,,,,,,,,,,,,,,,,,,,,,,,,,,,,,,,,,,,,,,,,,,,,,,,,,,,,,,,,,,,,,,,,,,,,,,,,,,,,,,,,,,,,,,,,,,,,,,,,,,,,,,,,,,,,,,,,,,,,,,,,,,,
,Lost Trail ,"1,800 ","1,800",325,Independent,Indy,,,,,,,,,,,,,5,,,,,,3,,8,,,,,,2,,2019,U.S. - West,Public w/Aerial Lifts,,,,,,,,,,,,,,,,,,,,,,,,,,,,,,,,,,,,,,,,,,,,,,,,,,,,,,,,,,,,,,,,,,,,,,,,,,,,,,,,,,,,,,,,,,,,,,,,,,,,,,,,,,,,,,,,,,,,,,,,,,,,,,,,,,,,,,,,,,,,,,,,,,,,,,,,,,,,,,,,,,,,,,,,,,,,,,,,,,,,,,,,,,,,,,,,,,,,,,,,,,,,,,,,,,,,,,,,,,,,,,,,,,,,,,,,,,,,,,,,,,,,,,,,,,,,,,,,,,,,,,,,,,
,Montana Snowbowl,"2,600 ","2,000",250,Independent,Indy,,,,,,,,,,,1,,3,,,1,,,1,,6,,,,,,2B,,2023,U.S. - West,Public w/Aerial Lifts,,,,,,,,,,,,,,,,,,,,,,,,,,,,,,,,,,,,,,,,,,,,,,,,,,,,,,,,,,,,,,,,,,,,,,,,,,,,,,,,,,,,,,,,,,,,,,,,,,,,,,,,,,,,,,,,,,,,,,,,,,,,,,,,,,,,,,,,,,,,,,,,,,,,,,,,,,,,,,,,,,,,,,,,,,,,,,,,,,,,,,,,,,,,,,,,,,,,,,,,,,,,,,,,,,,,,,,,,,,,,,,,,,,,,,,,,,,,,,,,,,,,,,,,,,,,,,,,,,,,,,,,,,
,Red Lodge,"2,400 ","1,635",250,JMA Ventures,Indy,,,,,,,,,2,,1,1,2,,,,,,,2,8,,,,,,2B,,2019,U.S. - West,Public w/Aerial Lifts,,,,,,,,,,,,,,,,,,,,,,,,,,,,,,,,,,,,,,,,,,,,,,,,,,,,,,,,,,,,,,,,,,,,,,,,,,,,,,,,,,,,,,,,,,,,,,,,,,,,,,,,,,,,,,,,,,,,,,,,,,,,,,,,,,,,,,,,,,,,,,,,,,,,,,,,,,,,,,,,,,,,,,,,,,,,,,,,,,,,,,,,,,,,,,,,,,,,,,,,,,,,,,,,,,,,,,,,,,,,,,,,,,,,,,,,,,,,,,,,,,,,,,,,,,,,,,,,,,,,,,,,,,
,Showdown,"1,400 ",640,280,Independent,Indy,,,,,,,,,,,1,,2,,,,,,,1,4,,,,,,2,,2026,U.S. - West,Public w/Aerial Lifts,,,,,,,,,,,,,,,,,,,,,,,,,,,,,,,,,,,,,,,,,,,,,,,,,,,,,,,,,,,,,,,,,,,,,,,,,,,,,,,,,,,,,,,,,,,,,,,,,,,,,,,,,,,,,,,,,,,,,,,,,,,,,,,,,,,,,,,,,,,,,,,,,,,,,,,,,,,,,,,,,,,,,,,,,,,,,,,,,,,,,,,,,,,,,,,,,,,,,,,,,,,,,,,,,,,,,,,,,,,,,,,,,,,,,,,,,,,,,,,,,,,,,,,,,,,,,,,,,,,,,,,,,,
U.S. - Nevada,Lee Canyon,860 ,195,129,Mountain Capital Partners,Power,,,,,,,,,,4,1,,,,,,,,1,1,7,,,,,,,,,U.S. - West,Public w/Aerial Lifts,,,,,,,,,,,,,,,,,,,,,,,,,,,,,,,,,,,,,,,,,,,,,,,,,,,,,,,,,,,,,,,,,,,,,,,,,,,,,,,,,,,,,,,,,,,,,,,,,,,,,,,,,,,,,,,,,,,,,,,,,,,,,,,,,,,,,,,,,,,,,,,,,,,,,,,,,,,,,,,,,,,,,,,,,,,,,,,,,,,,,,,,,,,,,,,,,,,,,,,,,,,,,,,,,,,,,,,,,,,,,,,,,,,,,,,,,,,,,,,,,,,,,,,,,,,,,,,,,,,,,,,,,,
U.S. - New Hampshire,Attitash,"1,750 ",311,120,Vail Resorts,Epic,,,,,,,,,3,2,2,,,,,,,,,1,8,U,U,,,,,,2019,U.S. - East,Public w/Aerial Lifts,,,,,,,,,,,,,,,,,,,,,,,,,,,,,,,,,,,,,,,,,,,,,,,,,,,,,,,,,,,,,,,,,,,,,,,,,,,,,,,,,,,,,,,,,,,,,,,,,,,,,,,,,,,,,,,,,,,,,,,,,,,,,,,,,,,,,,,,,,,,,,,,,,,,,,,,,,,,,,,,,,,,,,,,,,,,,,,,,,,,,,,,,,,,,,,,,,,,,,,,,,,,,,,,,,,,,,,,,,,,,,,,,,,,,,,,,,,,,,,,,,,,,,,,,,,,,,,,,,,,,,,,,,
,Black Mountain,"1,100 ",140,125,Independent,Indy,,,,,,,,,,,1,,1,,,,1,1,1,,5,,,,,,2,,2019,U.S. - East,Public w/Aerial Lifts,,,,,,,,,,,,,,,,,,,,,,,,,,,,,,,,,,,,,,,,,,,,,,,,,,,,,,,,,,,,,,,,,,,,,,,,,,,,,,,,,,,,,,,,,,,,,,,,,,,,,,,,,,,,,,,,,,,,,,,,,,,,,,,,,,,,,,,,,,,,,,,,,,,,,,,,,,,,,,,,,,,,,,,,,,,,,,,,,,,,,,,,,,,,,,,,,,,,,,,,,,,,,,,,,,,,,,,,,,,,,,,,,,,,,,,,,,,,,,,,,,,,,,,,,,,,,,,,,,,,,,,,,,
,Cannon,"2,180 ",287,160,Independent,Indy,,,,,,,,,1,2,3,,1,,,1,,,1,,9,,,,,,2,,2020,U.S. - East,Public w/Aerial Lifts,,,,,,,,,,,,,,,,,,,,,,,,,,,,,,,,,,,,,,,,,,,,,,,,,,,,,,,,,,,,,,,,,,,,,,,,,,,,,,,,,,,,,,,,,,,,,,,,,,,,,,,,,,,,,,,,,,,,,,,,,,,,,,,,,,,,,,,,,,,,,,,,,,,,,,,,,,,,,,,,,,,,,,,,,,,,,,,,,,,,,,,,,,,,,,,,,,,,,,,,,,,,,,,,,,,,,,,,,,,,,,,,,,,,,,,,,,,,,,,,,,,,,,,,,,,,,,,,,,,,,,,,,,
,Cranmore,"1,200 ",170,120,Fairbank Group,Ikon,,,,,,,,,1,1,2,,1,,,,,,,2,7,,,2B,,,,,2025,U.S. - East,Public w/Aerial Lifts,,,,,,,,,,,,,,,,,,,,,,,,,,,,,,,,,,,,,,,,,,,,,,,,,,,,,,,,,,,,,,,,,,,,,,,,,,,,,,,,,,,,,,,,,,,,,,,,,,,,,,,,,,,,,,,,,,,,,,,,,,,,,,,,,,,,,,,,,,,,,,,,,,,,,,,,,,,,,,,,,,,,,,,,,,,,,,,,,,,,,,,,,,,,,,,,,,,,,,,,,,,,,,,,,,,,,,,,,,,,,,,,,,,,,,,,,,,,,,,,,,,,,,,,,,,,,,,,,,,,,,,,,,
,Crotched,"1,016 ",100,65,Vail Resorts,Epic,,,,,,,,,1,1,1,,1,,,,,,,1,5,U,U,,,,,,2019,U.S. - East,Public w/Aerial Lifts,,,,,,,,,,,,,,,,,,,,,,,,,,,,,,,,,,,,,,,,,,,,,,,,,,,,,,,,,,,,,,,,,,,,,,,,,,,,,,,,,,,,,,,,,,,,,,,,,,,,,,,,,,,,,,,,,,,,,,,,,,,,,,,,,,,,,,,,,,,,,,,,,,,,,,,,,,,,,,,,,,,,,,,,,,,,,,,,,,,,,,,,,,,,,,,,,,,,,,,,,,,,,,,,,,,,,,,,,,,,,,,,,,,,,,,,,,,,,,,,,,,,,,,,,,,,,,,,,,,,,,,,,,
,Dartmouth Skiway,968 ,104,100,Independent,Indy,,,,,,,,,,1,,,1,,,,,,,2,4,,,,,,2,,2023,U.S. - East,Public w/Aerial Lifts,,,,,,,,,,,,,,,,,,,,,,,,,,,,,,,,,,,,,,,,,,,,,,,,,,,,,,,,,,,,,,,,,,,,,,,,,,,,,,,,,,,,,,,,,,,,,,,,,,,,,,,,,,,,,,,,,,,,,,,,,,,,,,,,,,,,,,,,,,,,,,,,,,,,,,,,,,,,,,,,,,,,,,,,,,,,,,,,,,,,,,,,,,,,,,,,,,,,,,,,,,,,,,,,,,,,,,,,,,,,,,,,,,,,,,,,,,,,,,,,,,,,,,,,,,,,,,,,,,,,,,,,,,
,King Pine,350 ,45,82,Independent,Indy,,,,,,,,,,,3,,,,,,,,,2,5,,,,,,2,,2026,U.S. - East,Public w/Aerial Lifts,,,,,,,,,,,,,,,,,,,,,,,,,,,,,,,,,,,,,,,,,,,,,,,,,,,,,,,,,,,,,,,,,,,,,,,,,,,,,,,,,,,,,,,,,,,,,,,,,,,,,,,,,,,,,,,,,,,,,,,,,,,,,,,,,,,,,,,,,,,,,,,,,,,,,,,,,,,,,,,,,,,,,,,,,,,,,,,,,,,,,,,,,,,,,,,,,,,,,,,,,,,,,,,,,,,,,,,,,,,,,,,,,,,,,,,,,,,,,,,,,,,,,,,,,,,,,,,,,,,,,,,,,,
,Loon,"2,190 ",403,160,Boyne Resorts,Ikon,,,1,,,1,,,3,2,,,3,,,,,,,3,13,,,"7, R","5, R, B","1-4, B, S",,,2018,U.S. - East,Public w/Aerial Lifts,,,,,,,,,,,,,,,,,,,,,,,,,,,,,,,,,,,,,,,,,,,,,,,,,,,,,,,,,,,,,,,,,,,,,,,,,,,,,,,,,,,,,,,,,,,,,,,,,,,,,,,,,,,,,,,,,,,,,,,,,,,,,,,,,,,,,,,,,,,,,,,,,,,,,,,,,,,,,,,,,,,,,,,,,,,,,,,,,,,,,,,,,,,,,,,,,,,,,,,,,,,,,,,,,,,,,,,,,,,,,,,,,,,,,,,,,,,,,,,,,,,,,,,,,,,,,,,,,,,,,,,,,,
,McIntyre,170 ,26,50,Independent,Indy,,,,,,,,,,,,,2,,,,,,,2,4,,,,,,2,,2025,U.S. - East,Public w/Aerial Lifts,,,,,,,,,,,,,,,,,,,,,,,,,,,,,,,,,,,,,,,,,,,,,,,,,,,,,,,,,,,,,,,,,,,,,,,,,,,,,,,,,,,,,,,,,,,,,,,,,,,,,,,,,,,,,,,,,,,,,,,,,,,,,,,,,,,,,,,,,,,,,,,,,,,,,,,,,,,,,,,,,,,,,,,,,,,,,,,,,,,,,,,,,,,,,,,,,,,,,,,,,,,,,,,,,,,,,,,,,,,,,,,,,,,,,,,,,,,,,,,,,,,,,,,,,,,,,,,,,,,,,,,,,,
,Mount Sunapee,"1,510 ",233,130,Vail Resorts,Epic,,,,,,,,,2,1,2,,,,,,,,,3,8,U,U,,,,,,2018,U.S. - East,Public w/Aerial Lifts,,,,,,,,,,,,,,,,,,,,,,,,,,,,,,,,,,,,,,,,,,,,,,,,,,,,,,,,,,,,,,,,,,,,,,,,,,,,,,,,,,,,,,,,,,,,,,,,,,,,,,,,,,,,,,,,,,,,,,,,,,,,,,,,,,,,,,,,,,,,,,,,,,,,,,,,,,,,,,,,,,,,,,,,,,,,,,,,,,,,,,,,,,,,,,,,,,,,,,,,,,,,,,,,,,,,,,,,,,,,,,,,,,,,,,,,,,,,,,,,,,,,,,,,,,,,,,,,,,,,,,,,,,
,Pats Peak,770 ,115,100,Independent,Indy,,,,,,,,,,1,3,,2,,,,1,,2,2,11,,,,,,2B,,2019,U.S. - East,Public w/Aerial Lifts,,,,,,,,,,,,,,,,,,,,,,,,,,,,,,,,,,,,,,,,,,,,,,,,,,,,,,,,,,,,,,,,,,,,,,,,,,,,,,,,,,,,,,,,,,,,,,,,,,,,,,,,,,,,,,,,,,,,,,,,,,,,,,,,,,,,,,,,,,,,,,,,,,,,,,,,,,,,,,,,,,,,,,,,,,,,,,,,,,,,,,,,,,,,,,,,,,,,,,,,,,,,,,,,,,,,,,,,,,,,,,,,,,,,,,,,,,,,,,,,,,,,,,,,,,,,,,,,,,,,,,,,,,
,Ragged,"1,250 ",250,100,Independent,Indy,,,,,,,1,,1,,1,,,,,,,,,,3,,,,,,2B,,2024,U.S. - East,Public w/Aerial Lifts,,,,,,,,,,,,,,,,,,,,,,,,,,,,,,,,,,,,,,,,,,,,,,,,,,,,,,,,,,,,,,,,,,,,,,,,,,,,,,,,,,,,,,,,,,,,,,,,,,,,,,,,,,,,,,,,,,,,,,,,,,,,,,,,,,,,,,,,,,,,,,,,,,,,,,,,,,,,,,,,,,,,,,,,,,,,,,,,,,,,,,,,,,,,,,,,,,,,,,,,,,,,,,,,,,,,,,,,,,,,,,,,,,,,,,,,,,,,,,,,,,,,,,,,,,,,,,,,,,,,,,,,,,
,Tenney,"1,400 ",130,140,Independent,Indy,,,,,,,,,,,1,,1,,,,,1,,2,5,,,,,,2B,,2025,U.S. - East,Public w/Aerial Lifts,,,,,,,,,,,,,,,,,,,,,,,,,,,,,,,,,,,,,,,,,,,,,,,,,,,,,,,,,,,,,,,,,,,,,,,,,,,,,,,,,,,,,,,,,,,,,,,,,,,,,,,,,,,,,,,,,,,,,,,,,,,,,,,,,,,,,,,,,,,,,,,,,,,,,,,,,,,,,,,,,,,,,,,,,,,,,,,,,,,,,,,,,,,,,,,,,,,,,,,,,,,,,,,,,,,,,,,,,,,,,,,,,,,,,,,,,,,,,,,,,,,,,,,,,,,,,,,,,,,,,,,,,,
,Veterans Memorial,236 ,50,,Independent,Indy,,,,,,,,,,,,,,,,1,,,1,1,3,,,,,,2,,2026,U.S. - East,Public - Surface Lifts Only,,,,,,,,,,,,,,,,,,,,,,,,,,,,,,,,,,,,,,,,,,,,,,,,,,,,,,,,,,,,,,,,,,,,,,,,,,,,,,,,,,,,,,,,,,,,,,,,,,,,,,,,,,,,,,,,,,,,,,,,,,,,,,,,,,,,,,,,,,,,,,,,,,,,,,,,,,,,,,,,,,,,,,,,,,,,,,,,,,,,,,,,,,,,,,,,,,,,,,,,,,,,,,,,,,,,,,,,,,,,,,,,,,,,,,,,,,,,,,,,,,,,,,,,,,,,,,,,,,,,,,,,,,
,Waterville Valley,"2,020 ",265,148,Independent,Indy,,,,,,,1,,1,,2,,2,,,2,,,,2,10,,,,,,2,,2021,U.S. - East,Public w/Aerial Lifts,,,,,,,,,,,,,,,,,,,,,,,,,,,,,,,,,,,,,,,,,,,,,,,,,,,,,,,,,,,,,,,,,,,,,,,,,,,,,,,,,,,,,,,,,,,,,,,,,,,,,,,,,,,,,,,,,,,,,,,,,,,,,,,,,,,,,,,,,,,,,,,,,,,,,,,,,,,,,,,,,,,,,,,,,,,,,,,,,,,,,,,,,,,,,,,,,,,,,,,,,,,,,,,,,,,,,,,,,,,,,,,,,,,,,,,,,,,,,,,,,,,,,,,,,,,,,,,,,,,,,,,,,,
,Whaleback Mountain,700 ,85,110,Independent,Indy,,,,,,,,,,,,,1,,,1,,,1,1,4,,,,,,2,,2023,U.S. - East,Public w/Aerial Lifts,,,,,,,,,,,,,,,,,,,,,,,,,,,,,,,,,,,,,,,,,,,,,,,,,,,,,,,,,,,,,,,,,,,,,,,,,,,,,,,,,,,,,,,,,,,,,,,,,,,,,,,,,,,,,,,,,,,,,,,,,,,,,,,,,,,,,,,,,,,,,,,,,,,,,,,,,,,,,,,,,,,,,,,,,,,,,,,,,,,,,,,,,,,,,,,,,,,,,,,,,,,,,,,,,,,,,,,,,,,,,,,,,,,,,,,,,,,,,,,,,,,,,,,,,,,,,,,,,,,,,,,,,,
,Wildcat,"2,112 ",225,200,Vail Resorts,Epic,,,,,,,,,1,,3,,,,,,,,,1,5,U,U,,,,,,2019,U.S. - East,Public w/Aerial Lifts,,,,,,,,,,,,,,,,,,,,,,,,,,,,,,,,,,,,,,,,,,,,,,,,,,,,,,,,,,,,,,,,,,,,,,,,,,,,,,,,,,,,,,,,,,,,,,,,,,,,,,,,,,,,,,,,,,,,,,,,,,,,,,,,,,,,,,,,,,,,,,,,,,,,,,,,,,,,,,,,,,,,,,,,,,,,,,,,,,,,,,,,,,,,,,,,,,,,,,,,,,,,,,,,,,,,,,,,,,,,,,,,,,,,,,,,,,,,,,,,,,,,,,,,,,,,,,,,,,,,,,,,,,
U.S. - New Jersey,Big Snow American Dream,160 ,4,0,Snow Partners,Snow Pass,,,,,,,,,,1,,,,,,,,1,,2,4,,,,,,,,2026,U.S. - East,Public w/Aerial Lifts,,,,,,,,,,,,,,,,,,,,,,,,,,,,,,,,,,,,,,,,,,,,,,,,,,,,,,,,,,,,,,,,,,,,,,,,,,,,,,,,,,,,,,,,,,,,,,,,,,,,,,,,,,,,,,,,,,,,,,,,,,,,,,,,,,,,,,,,,,,,,,,,,,,,,,,,,,,,,,,,,,,,,,,,,,,,,,,,,,,,,,,,,,,,,,,,,,,,,,,,,,,,,,,,,,,,,,,,,,,,,,,,,,,,,,,,,,,,,,,,,,,,,,,,,,,,,,,,,,,,,,,,,,
,Mountain Creek,"1,040 ",167,65,Snow Partners,Snow Pass,,,,,1,,,,2,2,1,,1,,,,,,,2,9,,,,,,,,2026,U.S. - East,Public w/Aerial Lifts,,,,,,,,,,,,,,,,,,,,,,,,,,,,,,,,,,,,,,,,,,,,,,,,,,,,,,,,,,,,,,,,,,,,,,,,,,,,,,,,,,,,,,,,,,,,,,,,,,,,,,,,,,,,,,,,,,,,,,,,,,,,,,,,,,,,,,,,,,,,,,,,,,,,,,,,,,,,,,,,,,,,,,,,,,,,,,,,,,,,,,,,,,,,,,,,,,,,,,,,,,,,,,,,,,,,,,,,,,,,,,,,,,,,,,,,,,,,,,,,,,,,,,,,,,,,,,,,,,,,,,,,,,
,National Winter Activity Center,620 ,36,65,Independent,Indy,,,,,,,,,,1,1,,,,,,,,,1,3,,,,,,2,,2026,U.S. - East,Private w/Aerial Lifts,,,,,,,,,,,,,,,,,,,,,,,,,,,,,,,,,,,,,,,,,,,,,,,,,,,,,,,,,,,,,,,,,,,,,,,,,,,,,,,,,,,,,,,,,,,,,,,,,,,,,,,,,,,,,,,,,,,,,,,,,,,,,,,,,,,,,,,,,,,,,,,,,,,,,,,,,,,,,,,,,,,,,,,,,,,,,,,,,,,,,,,,,,,,,,,,,,,,,,,,,,,,,,,,,,,,,,,,,,,,,,,,,,,,,,,,,,,,,,,,,,,,,,,,,,,,,,,,,,,,,,,,,,
U.S. - New Mexico,Pajarito,"1,440 ",280,125,Mountain Capital Partners,Power,,,,,,,,,,1,1,,3,,,,,,,1,6,,,,,,,,,U.S. - West,Public w/Aerial Lifts,,,,,,,,,,,,,,,,,,,,,,,,,,,,,,,,,,,,,,,,,,,,,,,,,,,,,,,,,,,,,,,,,,,,,,,,,,,,,,,,,,,,,,,,,,,,,,,,,,,,,,,,,,,,,,,,,,,,,,,,,,,,,,,,,,,,,,,,,,,,,,,,,,,,,,,,,,,,,,,,,,,,,,,,,,,,,,,,,,,,,,,,,,,,,,,,,,,,,,,,,,,,,,,,,,,,,,,,,,,,,,,,,,,,,,,,,,,,,,,,,,,,,,,,,,,,,,,,,,,,,,,,,,
,Sandia Peak,"1,700 ",300,117,Mountain Capital Partners,Power,1,,,,,,,,,,,,3,,,,,,1,,5,,,,,,,,,U.S. - West,Public w/Aerial Lifts,,,,,,,,,,,,,,,,,,,,,,,,,,,,,,,,,,,,,,,,,,,,,,,,,,,,,,,,,,,,,,,,,,,,,,,,,,,,,,,,,,,,,,,,,,,,,,,,,,,,,,,,,,,,,,,,,,,,,,,,,,,,,,,,,,,,,,,,,,,,,,,,,,,,,,,,,,,,,,,,,,,,,,,,,,,,,,,,,,,,,,,,,,,,,,,,,,,,,,,,,,,,,,,,,,,,,,,,,,,,,,,,,,,,,,,,,,,,,,,,,,,,,,,,,,,,,,,,,,,,,,,,,,
,Sipapu,"1,055 ",215,185,Mountain Capital Partners,Power,,,,,,,,,,1,2,,1,,,,,,,2,6,,,,,,,,,U.S. - West,Public w/Aerial Lifts,,,,,,,,,,,,,,,,,,,,,,,,,,,,,,,,,,,,,,,,,,,,,,,,,,,,,,,,,,,,,,,,,,,,,,,,,,,,,,,,,,,,,,,,,,,,,,,,,,,,,,,,,,,,,,,,,,,,,,,,,,,,,,,,,,,,,,,,,,,,,,,,,,,,,,,,,,,,,,,,,,,,,,,,,,,,,,,,,,,,,,,,,,,,,,,,,,,,,,,,,,,,,,,,,,,,,,,,,,,,,,,,,,,,,,,,,,,,,,,,,,,,,,,,,,,,,,,,,,,,,,,,,,
,Taos Ski Valley,"3,100 ","1,294",300,Independent,"Ikon, MC",,,,1,,,,,2,2,4,,1,,,,,,,3,13,,,7,5B,"1-4, B, S",,2,"2015, 2018",U.S. - West,Public w/Aerial Lifts,,,,,,,,,,,,,,,,,,,,,,,,,,,,,,,,,,,,,,,,,,,,,,,,,,,,,,,,,,,,,,,,,,,,,,,,,,,,,,,,,,,,,,,,,,,,,,,,,,,,,,,,,,,,,,,,,,,,,,,,,,,,,,,,,,,,,,,,,,,,,,,,,,,,,,,,,,,,,,,,,,,,,,,,,,,,,,,,,,,,,,,,,,,,,,,,,,,,,,,,,,,,,,,,,,,,,,,,,,,,,,,,,,,,,,,,,,,,,,,,,,,,,,,,,,,,,,,,,,,,,,,,,,
U.S. - New York,Belleayre,"1,404 ",171,141,New York State,Snow Pass,,,1,,,,,,1,3,,,,,,,,,,4,9,,,,,,,,2026,U.S. - East,Public w/Aerial Lifts,,,,,,,,,,,,,,,,,,,,,,,,,,,,,,,,,,,,,,,,,,,,,,,,,,,,,,,,,,,,,,,,,,,,,,,,,,,,,,,,,,,,,,,,,,,,,,,,,,,,,,,,,,,,,,,,,,,,,,,,,,,,,,,,,,,,,,,,,,,,,,,,,,,,,,,,,,,,,,,,,,,,,,,,,,,,,,,,,,,,,,,,,,,,,,,,,,,,,,,,,,,,,,,,,,,,,,,,,,,,,,,,,,,,,,,,,,,,,,,,,,,,,,,,,,,,,,,,,,,,,,,,,,
,Buffalo Ski Center,463 ,175,180,Independent,Indy,,,,,,,,,,,,,2,,,2,,,1,1,6,,,,,,2B,,2025,U.S. - East,Public w/Aerial Lifts,,,,,,,,,,,,,,,,,,,,,,,,,,,,,,,,,,,,,,,,,,,,,,,,,,,,,,,,,,,,,,,,,,,,,,,,,,,,,,,,,,,,,,,,,,,,,,,,,,,,,,,,,,,,,,,,,,,,,,,,,,,,,,,,,,,,,,,,,,,,,,,,,,,,,,,,,,,,,,,,,,,,,,,,,,,,,,,,,,,,,,,,,,,,,,,,,,,,,,,,,,,,,,,,,,,,,,,,,,,,,,,,,,,,,,,,,,,,,,,,,,,,,,,,,,,,,,,,,,,,,,,,,,
,Cazenovia Ski Club,460 ,25,99,Independent,Indy,,,,,,,,,,,,,,,,1,,,1,,2,,,,,,2,,2024,U.S. - East,Private - Surface Lifts Only,,,,,,,,,,,,,,,,,,,,,,,,,,,,,,,,,,,,,,,,,,,,,,,,,,,,,,,,,,,,,,,,,,,,,,,,,,,,,,,,,,,,,,,,,,,,,,,,,,,,,,,,,,,,,,,,,,,,,,,,,,,,,,,,,,,,,,,,,,,,,,,,,,,,,,,,,,,,,,,,,,,,,,,,,,,,,,,,,,,,,,,,,,,,,,,,,,,,,,,,,,,,,,,,,,,,,,,,,,,,,,,,,,,,,,,,,,,,,,,,,,,,,,,,,,,,,,,,,,,,,,,,,,
,Dry Hill,300 ,42,125,Independent,Indy,,,,,,,,,,,,,1,,,1,,,,1,3,,,,,,2,,2025,U.S. - East,Public w/Aerial Lifts,,,,,,,,,,,,,,,,,,,,,,,,,,,,,,,,,,,,,,,,,,,,,,,,,,,,,,,,,,,,,,,,,,,,,,,,,,,,,,,,,,,,,,,,,,,,,,,,,,,,,,,,,,,,,,,,,,,,,,,,,,,,,,,,,,,,,,,,,,,,,,,,,,,,,,,,,,,,,,,,,,,,,,,,,,,,,,,,,,,,,,,,,,,,,,,,,,,,,,,,,,,,,,,,,,,,,,,,,,,,,,,,,,,,,,,,,,,,,,,,,,,,,,,,,,,,,,,,,,,,,,,,,,
,Gore,"2,562 ",453,125,New York State,Snow Pass,,,1,,,,,,3,6,1,,,,,,1,,,2,14,,,,,,,,2026,U.S. - East,Public w/Aerial Lifts,,,,,,,,,,,,,,,,,,,,,,,,,,,,,,,,,,,,,,,,,,,,,,,,,,,,,,,,,,,,,,,,,,,,,,,,,,,,,,,,,,,,,,,,,,,,,,,,,,,,,,,,,,,,,,,,,,,,,,,,,,,,,,,,,,,,,,,,,,,,,,,,,,,,,,,,,,,,,,,,,,,,,,,,,,,,,,,,,,,,,,,,,,,,,,,,,,,,,,,,,,,,,,,,,,,,,,,,,,,,,,,,,,,,,,,,,,,,,,,,,,,,,,,,,,,,,,,,,,,,,,,,,,
,Greek Peak,952 ,300,120,Independent,Indy,,,,,,,,,,1,2,,3,,,,,,,2,8,,,,,,2,,2019,U.S. - East,Public w/Aerial Lifts,,,,,,,,,,,,,,,,,,,,,,,,,,,,,,,,,,,,,,,,,,,,,,,,,,,,,,,,,,,,,,,,,,,,,,,,,,,,,,,,,,,,,,,,,,,,,,,,,,,,,,,,,,,,,,,,,,,,,,,,,,,,,,,,,,,,,,,,,,,,,,,,,,,,,,,,,,,,,,,,,,,,,,,,,,,,,,,,,,,,,,,,,,,,,,,,,,,,,,,,,,,,,,,,,,,,,,,,,,,,,,,,,,,,,,,,,,,,,,,,,,,,,,,,,,,,,,,,,,,,,,,,,,
,Holimont,700 ,135,180,Independent,Snow Pass,,,,,,,,,1,1,2,,2,,,,,,,2,8,,,,,,,,,U.S. - East,Private w/Aerial Lifts,,,,,,,,,,,,,,,,,,,,,,,,,,,,,,,,,,,,,,,,,,,,,,,,,,,,,,,,,,,,,,,,,,,,,,,,,,,,,,,,,,,,,,,,,,,,,,,,,,,,,,,,,,,,,,,,,,,,,,,,,,,,,,,,,,,,,,,,,,,,,,,,,,,,,,,,,,,,,,,,,,,,,,,,,,,,,,,,,,,,,,,,,,,,,,,,,,,,,,,,,,,,,,,,,,,,,,,,,,,,,,,,,,,,,,,,,,,,,,,,,,,,,,,,,,,,,,,,,,,,,,,,,,
,Hunt Hollow,815 ,80,46,Independent,Indy,,,,,,,,,,,1,,1,,,1,,,,1,4,,,,,,2B,,2024,U.S. - East,Private w/Aerial Lifts,,,,,,,,,,,,,,,,,,,,,,,,,,,,,,,,,,,,,,,,,,,,,,,,,,,,,,,,,,,,,,,,,,,,,,,,,,,,,,,,,,,,,,,,,,,,,,,,,,,,,,,,,,,,,,,,,,,,,,,,,,,,,,,,,,,,,,,,,,,,,,,,,,,,,,,,,,,,,,,,,,,,,,,,,,,,,,,,,,,,,,,,,,,,,,,,,,,,,,,,,,,,,,,,,,,,,,,,,,,,,,,,,,,,,,,,,,,,,,,,,,,,,,,,,,,,,,,,,,,,,,,,,,
,Hunter,"1,600 ",320,70,Vail Resorts,Epic,,,,,,,3,,1,2,1,,1,,,,,1,,3,12,U,U,,,,,,2019,U.S. - East,Public w/Aerial Lifts,,,,,,,,,,,,,,,,,,,,,,,,,,,,,,,,,,,,,,,,,,,,,,,,,,,,,,,,,,,,,,,,,,,,,,,,,,,,,,,,,,,,,,,,,,,,,,,,,,,,,,,,,,,,,,,,,,,,,,,,,,,,,,,,,,,,,,,,,,,,,,,,,,,,,,,,,,,,,,,,,,,,,,,,,,,,,,,,,,,,,,,,,,,,,,,,,,,,,,,,,,,,,,,,,,,,,,,,,,,,,,,,,,,,,,,,,,,,,,,,,,,,,,,,,,,,,,,,,,,,,,,,,,
,Maple Ski Ridge,270 ,60,60,Independent,Indy,,,,,,,,,,,1,,1,,,,,,2,,4,,,,,,2,,2023,U.S. - East,Public w/Aerial Lifts,,,,,,,,,,,,,,,,,,,,,,,,,,,,,,,,,,,,,,,,,,,,,,,,,,,,,,,,,,,,,,,,,,,,,,,,,,,,,,,,,,,,,,,,,,,,,,,,,,,,,,,,,,,,,,,,,,,,,,,,,,,,,,,,,,,,,,,,,,,,,,,,,,,,,,,,,,,,,,,,,,,,,,,,,,,,,,,,,,,,,,,,,,,,,,,,,,,,,,,,,,,,,,,,,,,,,,,,,,,,,,,,,,,,,,,,,,,,,,,,,,,,,,,,,,,,,,,,,,,,,,,,,,
,Mount Pisgah,329 ,15,60,Independent,Indy,,,,,,,,,,,,,,,,1,,,1,,2,,,,,,2,,2026,U.S. - East,Public - Surface Lifts Only,,,,,,,,,,,,,,,,,,,,,,,,,,,,,,,,,,,,,,,,,,,,,,,,,,,,,,,,,,,,,,,,,,,,,,,,,,,,,,,,,,,,,,,,,,,,,,,,,,,,,,,,,,,,,,,,,,,,,,,,,,,,,,,,,,,,,,,,,,,,,,,,,,,,,,,,,,,,,,,,,,,,,,,,,,,,,,,,,,,,,,,,,,,,,,,,,,,,,,,,,,,,,,,,,,,,,,,,,,,,,,,,,,,,,,,,,,,,,,,,,,,,,,,,,,,,,,,,,,,,,,,,,,
,Oak Mountain,650 ,100,120,Independent,Snow Pass,,,,,,,,,,1,,,,,,1,,,,2,4,,,,,,,,2026,U.S. - East,Public w/Aerial Lifts,,,,,,,,,,,,,,,,,,,,,,,,,,,,,,,,,,,,,,,,,,,,,,,,,,,,,,,,,,,,,,,,,,,,,,,,,,,,,,,,,,,,,,,,,,,,,,,,,,,,,,,,,,,,,,,,,,,,,,,,,,,,,,,,,,,,,,,,,,,,,,,,,,,,,,,,,,,,,,,,,,,,,,,,,,,,,,,,,,,,,,,,,,,,,,,,,,,,,,,,,,,,,,,,,,,,,,,,,,,,,,,,,,,,,,,,,,,,,,,,,,,,,,,,,,,,,,,,,,,,,,,,,,
,Peek’n Peak,400 ,130,200,Independent,Indy,,,,,,,,,,,6,,2,,,,,,,3,11,,,,,,2B,,2022,U.S. - East,Public w/Aerial Lifts,,,,,,,,,,,,,,,,,,,,,,,,,,,,,,,,,,,,,,,,,,,,,,,,,,,,,,,,,,,,,,,,,,,,,,,,,,,,,,,,,,,,,,,,,,,,,,,,,,,,,,,,,,,,,,,,,,,,,,,,,,,,,,,,,,,,,,,,,,,,,,,,,,,,,,,,,,,,,,,,,,,,,,,,,,,,,,,,,,,,,,,,,,,,,,,,,,,,,,,,,,,,,,,,,,,,,,,,,,,,,,,,,,,,,,,,,,,,,,,,,,,,,,,,,,,,,,,,,,,,,,,,,,
,Skaneateles,400 ,33,100,Independent,Indy,,,,,,,,,,,,,,,,1,,,2,,3,,,,,,2,,2024,U.S. - East,Public - Surface Lifts Only,,,,,,,,,,,,,,,,,,,,,,,,,,,,,,,,,,,,,,,,,,,,,,,,,,,,,,,,,,,,,,,,,,,,,,,,,,,,,,,,,,,,,,,,,,,,,,,,,,,,,,,,,,,,,,,,,,,,,,,,,,,,,,,,,,,,,,,,,,,,,,,,,,,,,,,,,,,,,,,,,,,,,,,,,,,,,,,,,,,,,,,,,,,,,,,,,,,,,,,,,,,,,,,,,,,,,,,,,,,,,,,,,,,,,,,,,,,,,,,,,,,,,,,,,,,,,,,,,,,,,,,,,,
,Snow Ridge,500 ,150,230,Independent,Indy,,,,,,,,,,,,,3,,,1,,,,1,5,,,,,,2,,2020,U.S. - East,Public w/Aerial Lifts,,,,,,,,,,,,,,,,,,,,,,,,,,,,,,,,,,,,,,,,,,,,,,,,,,,,,,,,,,,,,,,,,,,,,,,,,,,,,,,,,,,,,,,,,,,,,,,,,,,,,,,,,,,,,,,,,,,,,,,,,,,,,,,,,,,,,,,,,,,,,,,,,,,,,,,,,,,,,,,,,,,,,,,,,,,,,,,,,,,,,,,,,,,,,,,,,,,,,,,,,,,,,,,,,,,,,,,,,,,,,,,,,,,,,,,,,,,,,,,,,,,,,,,,,,,,,,,,,,,,,,,,,,
,Swain,650 ,120,130,Schoonover Family,Indy,,,,,,,,,,3,,,1,,,,,,,1,5,,,,,,2,,2020,U.S. - East,Public w/Aerial Lifts,,,,,,,,,,,,,,,,,,,,,,,,,,,,,,,,,,,,,,,,,,,,,,,,,,,,,,,,,,,,,,,,,,,,,,,,,,,,,,,,,,,,,,,,,,,,,,,,,,,,,,,,,,,,,,,,,,,,,,,,,,,,,,,,,,,,,,,,,,,,,,,,,,,,,,,,,,,,,,,,,,,,,,,,,,,,,,,,,,,,,,,,,,,,,,,,,,,,,,,,,,,,,,,,,,,,,,,,,,,,,,,,,,,,,,,,,,,,,,,,,,,,,,,,,,,,,,,,,,,,,,,,,,
,Titus,"1,200 ",380,150,Independent,Indy,,,,,,,,,,,2,,5,,,,,,,1,8,,,,,,2,,2021,U.S. - East,Public w/Aerial Lifts,,,,,,,,,,,,,,,,,,,,,,,,,,,,,,,,,,,,,,,,,,,,,,,,,,,,,,,,,,,,,,,,,,,,,,,,,,,,,,,,,,,,,,,,,,,,,,,,,,,,,,,,,,,,,,,,,,,,,,,,,,,,,,,,,,,,,,,,,,,,,,,,,,,,,,,,,,,,,,,,,,,,,,,,,,,,,,,,,,,,,,,,,,,,,,,,,,,,,,,,,,,,,,,,,,,,,,,,,,,,,,,,,,,,,,,,,,,,,,,,,,,,,,,,,,,,,,,,,,,,,,,,,,
,West Mountain,"1,010 ",130,80,Independent,Indy,,,,,,,,,,1,2,,,,,,,,1,1,5,,,,,,2,,2021,U.S. - East,Public w/Aerial Lifts,,,,,,,,,,,,,,,,,,,,,,,,,,,,,,,,,,,,,,,,,,,,,,,,,,,,,,,,,,,,,,,,,,,,,,,,,,,,,,,,,,,,,,,,,,,,,,,,,,,,,,,,,,,,,,,,,,,,,,,,,,,,,,,,,,,,,,,,,,,,,,,,,,,,,,,,,,,,,,,,,,,,,,,,,,,,,,,,,,,,,,,,,,,,,,,,,,,,,,,,,,,,,,,,,,,,,,,,,,,,,,,,,,,,,,,,,,,,,,,,,,,,,,,,,,,,,,,,,,,,,,,,,,
,Whiteface,"3,166 ",299,181,New York State,"MC, Snow Pass",,,1,,,,,,2,3,1,,2,,,,,,,2,11,,,,,,,2,"2025, 2026",U.S. - East,Public w/Aerial Lifts,,,,,,,,,,,,,,,,,,,,,,,,,,,,,,,,,,,,,,,,,,,,,,,,,,,,,,,,,,,,,,,,,,,,,,,,,,,,,,,,,,,,,,,,,,,,,,,,,,,,,,,,,,,,,,,,,,,,,,,,,,,,,,,,,,,,,,,,,,,,,,,,,,,,,,,,,,,,,,,,,,,,,,,,,,,,,,,,,,,,,,,,,,,,,,,,,,,,,,,,,,,,,,,,,,,,,,,,,,,,,,,,,,,,,,,,,,,,,,,,,,,,,,,,,,,,,,,,,,,,,,,,,,
U.S. - North Carolina,Cataloochee,740 ,50,24,Independent,Indy,,,,,,,,,,2,1,,,,,,,,,2,5,,,,,,2,,2019,U.S. - East,Public w/Aerial Lifts,,,,,,,,,,,,,,,,,,,,,,,,,,,,,,,,,,,,,,,,,,,,,,,,,,,,,,,,,,,,,,,,,,,,,,,,,,,,,,,,,,,,,,,,,,,,,,,,,,,,,,,,,,,,,,,,,,,,,,,,,,,,,,,,,,,,,,,,,,,,,,,,,,,,,,,,,,,,,,,,,,,,,,,,,,,,,,,,,,,,,,,,,,,,,,,,,,,,,,,,,,,,,,,,,,,,,,,,,,,,,,,,,,,,,,,,,,,,,,,,,,,,,,,,,,,,,,,,,,,,,,,,,,
,Hatley Pointe,700 ,54,65,Independent,Indy,,,,,,,,,,2,,,1,,,,,,1,2,6,,,,,,2,,2024,U.S. - East,Public w/Aerial Lifts,,,,,,,,,,,,,,,,,,,,,,,,,,,,,,,,,,,,,,,,,,,,,,,,,,,,,,,,,,,,,,,,,,,,,,,,,,,,,,,,,,,,,,,,,,,,,,,,,,,,,,,,,,,,,,,,,,,,,,,,,,,,,,,,,,,,,,,,,,,,,,,,,,,,,,,,,,,,,,,,,,,,,,,,,,,,,,,,,,,,,,,,,,,,,,,,,,,,,,,,,,,,,,,,,,,,,,,,,,,,,,,,,,,,,,,,,,,,,,,,,,,,,,,,,,,,,,,,,,,,,,,,,,
U.S. - North Dakota,Bottineau Winter Park,200 ,17,70,Independent,Indy,,,,,,,,,,,1,,,,,1,,,2,2,6,,,,,,2,,2023,U.S. - Midwest,Public w/Aerial Lifts,,,,,,,,,,,,,,,,,,,,,,,,,,,,,,,,,,,,,,,,,,,,,,,,,,,,,,,,,,,,,,,,,,,,,,,,,,,,,,,,,,,,,,,,,,,,,,,,,,,,,,,,,,,,,,,,,,,,,,,,,,,,,,,,,,,,,,,,,,,,,,,,,,,,,,,,,,,,,,,,,,,,,,,,,,,,,,,,,,,,,,,,,,,,,,,,,,,,,,,,,,,,,,,,,,,,,,,,,,,,,,,,,,,,,,,,,,,,,,,,,,,,,,,,,,,,,,,,,,,,,,,,,,
,Frost Fire,338 ,30,35,Independent,Indy,,,,,,,,,,1,,,,,,,,,,1,2,,,,,,2,,2026,U.S. - Midwest,Public w/Aerial Lifts,,,,,,,,,,,,,,,,,,,,,,,,,,,,,,,,,,,,,,,,,,,,,,,,,,,,,,,,,,,,,,,,,,,,,,,,,,,,,,,,,,,,,,,,,,,,,,,,,,,,,,,,,,,,,,,,,,,,,,,,,,,,,,,,,,,,,,,,,,,,,,,,,,,,,,,,,,,,,,,,,,,,,,,,,,,,,,,,,,,,,,,,,,,,,,,,,,,,,,,,,,,,,,,,,,,,,,,,,,,,,,,,,,,,,,,,,,,,,,,,,,,,,,,,,,,,,,,,,,,,,,,,,,
,Huff Hills,382 ,70,55,Independent,Indy,,,,,,,,,,,,,2,,,,,,2,,4,,,,,,2,,2023,U.S. - Midwest,Public w/Aerial Lifts,,,,,,,,,,,,,,,,,,,,,,,,,,,,,,,,,,,,,,,,,,,,,,,,,,,,,,,,,,,,,,,,,,,,,,,,,,,,,,,,,,,,,,,,,,,,,,,,,,,,,,,,,,,,,,,,,,,,,,,,,,,,,,,,,,,,,,,,,,,,,,,,,,,,,,,,,,,,,,,,,,,,,,,,,,,,,,,,,,,,,,,,,,,,,,,,,,,,,,,,,,,,,,,,,,,,,,,,,,,,,,,,,,,,,,,,,,,,,,,,,,,,,,,,,,,,,,,,,,,,,,,,,,
,Thrill Hills,259 ,30,35,Independent,Indy,,,,,,,,,,,,,1,,,,,,1,,2,,,,,,2,,2026,U.S. - Midwest,Public w/Aerial Lifts,,,,,,,,,,,,,,,,,,,,,,,,,,,,,,,,,,,,,,,,,,,,,,,,,,,,,,,,,,,,,,,,,,,,,,,,,,,,,,,,,,,,,,,,,,,,,,,,,,,,,,,,,,,,,,,,,,,,,,,,,,,,,,,,,,,,,,,,,,,,,,,,,,,,,,,,,,,,,,,,,,,,,,,,,,,,,,,,,,,,,,,,,,,,,,,,,,,,,,,,,,,,,,,,,,,,,,,,,,,,,,,,,,,,,,,,,,,,,,,,,,,,,,,,,,,,,,,,,,,,,,,,,,
U.S. - Ohio,Alpine Valley OH,240 ,72,120,Vail Resorts,Epic,,,,,,,,,,1,1,,1,,,,,,1,1,5,U,U,,,,,,2019,U.S. - Midwest,Public w/Aerial Lifts,,,,,,,,,,,,,,,,,,,,,,,,,,,,,,,,,,,,,,,,,,,,,,,,,,,,,,,,,,,,,,,,,,,,,,,,,,,,,,,,,,,,,,,,,,,,,,,,,,,,,,,,,,,,,,,,,,,,,,,,,,,,,,,,,,,,,,,,,,,,,,,,,,,,,,,,,,,,,,,,,,,,,,,,,,,,,,,,,,,,,,,,,,,,,,,,,,,,,,,,,,,,,,,,,,,,,,,,,,,,,,,,,,,,,,,,,,,,,,,,,,,,,,,,,,,,,,,,,,,,,,,,,,
,Boston Mills,230 ,40,54,Vail Resorts,Epic,,,,,,,,,,1,4,,1,,,,,,,1,7,U,U,,,,,,2019,U.S. - Midwest,Public w/Aerial Lifts,,,,,,,,,,,,,,,,,,,,,,,,,,,,,,,,,,,,,,,,,,,,,,,,,,,,,,,,,,,,,,,,,,,,,,,,,,,,,,,,,,,,,,,,,,,,,,,,,,,,,,,,,,,,,,,,,,,,,,,,,,,,,,,,,,,,,,,,,,,,,,,,,,,,,,,,,,,,,,,,,,,,,,,,,,,,,,,,,,,,,,,,,,,,,,,,,,,,,,,,,,,,,,,,,,,,,,,,,,,,,,,,,,,,,,,,,,,,,,,,,,,,,,,,,,,,,,,,,,,,,,,,,,
,Brandywine,262 ,40,54,Vail Resorts,Epic,,,,,,,,,,3,2,,,,,,,,2,1,8,U,U,,,,,,2019,U.S. - Midwest,Public w/Aerial Lifts,,,,,,,,,,,,,,,,,,,,,,,,,,,,,,,,,,,,,,,,,,,,,,,,,,,,,,,,,,,,,,,,,,,,,,,,,,,,,,,,,,,,,,,,,,,,,,,,,,,,,,,,,,,,,,,,,,,,,,,,,,,,,,,,,,,,,,,,,,,,,,,,,,,,,,,,,,,,,,,,,,,,,,,,,,,,,,,,,,,,,,,,,,,,,,,,,,,,,,,,,,,,,,,,,,,,,,,,,,,,,,,,,,,,,,,,,,,,,,,,,,,,,,,,,,,,,,,,,,,,,,,,,,
,Mad River,300 ,144,36,Vail Resorts,Epic,,,,,,,,,,1,2,,2,,,,,,3,1,9,U,U,,,,,,2019,U.S. - Midwest,Public w/Aerial Lifts,,,,,,,,,,,,,,,,,,,,,,,,,,,,,,,,,,,,,,,,,,,,,,,,,,,,,,,,,,,,,,,,,,,,,,,,,,,,,,,,,,,,,,,,,,,,,,,,,,,,,,,,,,,,,,,,,,,,,,,,,,,,,,,,,,,,,,,,,,,,,,,,,,,,,,,,,,,,,,,,,,,,,,,,,,,,,,,,,,,,,,,,,,,,,,,,,,,,,,,,,,,,,,,,,,,,,,,,,,,,,,,,,,,,,,,,,,,,,,,,,,,,,,,,,,,,,,,,,,,,,,,,,,
U.S. - Oregon,Hoodoo,"1,035 ",800,350,Independent,Indy,,,,,,,,,,3,1,,1,,,,,,,1,6,,,,,,2B,,2019,U.S. - West,Public w/Aerial Lifts,,,,,,,,,,,,,,,,,,,,,,,,,,,,,,,,,,,,,,,,,,,,,,,,,,,,,,,,,,,,,,,,,,,,,,,,,,,,,,,,,,,,,,,,,,,,,,,,,,,,,,,,,,,,,,,,,,,,,,,,,,,,,,,,,,,,,,,,,,,,,,,,,,,,,,,,,,,,,,,,,,,,,,,,,,,,,,,,,,,,,,,,,,,,,,,,,,,,,,,,,,,,,,,,,,,,,,,,,,,,,,,,,,,,,,,,,,,,,,,,,,,,,,,,,,,,,,,,,,,,,,,,,,
,Mount Bachelor,"3,365 ","4,323",387,Powdr,Ikon,,,,,,,1,,7,1,3,,,,,,,,,3,15,,,7,5B,"1-4, B, S",,,2020,U.S. - West,Public w/Aerial Lifts,,,,,,,,,,,,,,,,,,,,,,,,,,,,,,,,,,,,,,,,,,,,,,,,,,,,,,,,,,,,,,,,,,,,,,,,,,,,,,,,,,,,,,,,,,,,,,,,,,,,,,,,,,,,,,,,,,,,,,,,,,,,,,,,,,,,,,,,,,,,,,,,,,,,,,,,,,,,,,,,,,,,,,,,,,,,,,,,,,,,,,,,,,,,,,,,,,,,,,,,,,,,,,,,,,,,,,,,,,,,,,,,,,,,,,,,,,,,,,,,,,,,,,,,,,,,,,,,,,,,,,,,,,
,Mount Hood Meadows,"2,777 ","2,150",439,Drake Family,Indy,,,,,,,1,,5,1,,,3,,,,,,,1,11,,,,,,2B,,2022,U.S. - West,Public w/Aerial Lifts,,,,,,,,,,,,,,,,,,,,,,,,,,,,,,,,,,,,,,,,,,,,,,,,,,,,,,,,,,,,,,,,,,,,,,,,,,,,,,,,,,,,,,,,,,,,,,,,,,,,,,,,,,,,,,,,,,,,,,,,,,,,,,,,,,,,,,,,,,,,,,,,,,,,,,,,,,,,,,,,,,,,,,,,,,,,,,,,,,,,,,,,,,,,,,,,,,,,,,,,,,,,,,,,,,,,,,,,,,,,,,,,,,,,,,,,,,,,,,,,,,,,,,,,,,,,,,,,,,,,,,,,,,
,Willamette Pass,"1,563 ",555,375,Mountain Capital Partners,Power,,,,,,,1,,,,4,,,,,,,,,1,6,,,,,,,,,U.S. - West,Public w/Aerial Lifts,,,,,,,,,,,,,,,,,,,,,,,,,,,,,,,,,,,,,,,,,,,,,,,,,,,,,,,,,,,,,,,,,,,,,,,,,,,,,,,,,,,,,,,,,,,,,,,,,,,,,,,,,,,,,,,,,,,,,,,,,,,,,,,,,,,,,,,,,,,,,,,,,,,,,,,,,,,,,,,,,,,,,,,,,,,,,,,,,,,,,,,,,,,,,,,,,,,,,,,,,,,,,,,,,,,,,,,,,,,,,,,,,,,,,,,,,,,,,,,,,,,,,,,,,,,,,,,,,,,,,,,,,,
U.S. - Pennsylvania,Bear Creek,510 ,86,30,Independent,Indy,,,,,,,,,,3,1,,,,,,,,,1,5,,,,,,2,,2024,U.S. - East,Public w/Aerial Lifts,,,,,,,,,,,,,,,,,,,,,,,,,,,,,,,,,,,,,,,,,,,,,,,,,,,,,,,,,,,,,,,,,,,,,,,,,,,,,,,,,,,,,,,,,,,,,,,,,,,,,,,,,,,,,,,,,,,,,,,,,,,,,,,,,,,,,,,,,,,,,,,,,,,,,,,,,,,,,,,,,,,,,,,,,,,,,,,,,,,,,,,,,,,,,,,,,,,,,,,,,,,,,,,,,,,,,,,,,,,,,,,,,,,,,,,,,,,,,,,,,,,,,,,,,,,,,,,,,,,,,,,,,,
,Big Boulder,475 ,55,50,Vail Resorts,Epic,,,,,,,,,,2,1,,1,,,,,,,1,5,U,U,,,,,,2019,U.S. - East,Public w/Aerial Lifts,,,,,,,,,,,,,,,,,,,,,,,,,,,,,,,,,,,,,,,,,,,,,,,,,,,,,,,,,,,,,,,,,,,,,,,,,,,,,,,,,,,,,,,,,,,,,,,,,,,,,,,,,,,,,,,,,,,,,,,,,,,,,,,,,,,,,,,,,,,,,,,,,,,,,,,,,,,,,,,,,,,,,,,,,,,,,,,,,,,,,,,,,,,,,,,,,,,,,,,,,,,,,,,,,,,,,,,,,,,,,,,,,,,,,,,,,,,,,,,,,,,,,,,,,,,,,,,,,,,,,,,,,,
,Blue Knob,"1,072 ",100,120,Independent,Indy,,,,,,,,,,,2,,2,,,,,,,1,5,,,,,,2,,2019,U.S. - East,Public w/Aerial Lifts,,,,,,,,,,,,,,,,,,,,,,,,,,,,,,,,,,,,,,,,,,,,,,,,,,,,,,,,,,,,,,,,,,,,,,,,,,,,,,,,,,,,,,,,,,,,,,,,,,,,,,,,,,,,,,,,,,,,,,,,,,,,,,,,,,,,,,,,,,,,,,,,,,,,,,,,,,,,,,,,,,,,,,,,,,,,,,,,,,,,,,,,,,,,,,,,,,,,,,,,,,,,,,,,,,,,,,,,,,,,,,,,,,,,,,,,,,,,,,,,,,,,,,,,,,,,,,,,,,,,,,,,,,
,Blue Mountain PA,"1,082 ",171,33,Peregrine Hospitality,Ikon,,,,,,,2,,1,,1,,1,,,,,,,7,12,,,7,5B,"1-4, B, S",,,2023,U.S. - East,Public w/Aerial Lifts,,,,,,,,,,,,,,,,,,,,,,,,,,,,,,,,,,,,,,,,,,,,,,,,,,,,,,,,,,,,,,,,,,,,,,,,,,,,,,,,,,,,,,,,,,,,,,,,,,,,,,,,,,,,,,,,,,,,,,,,,,,,,,,,,,,,,,,,,,,,,,,,,,,,,,,,,,,,,,,,,,,,,,,,,,,,,,,,,,,,,,,,,,,,,,,,,,,,,,,,,,,,,,,,,,,,,,,,,,,,,,,,,,,,,,,,,,,,,,,,,,,,,,,,,,,,,,,,,,,,,,,,,,
,Camelback,827 ,166,50,Peregrine Hospitality,Ikon,,,,,,,1,,1,1,3,,3,,,,,,,4,13,,,7,5B,"1-4, B, S",,,2023,U.S. - East,Public w/Aerial Lifts,,,,,,,,,,,,,,,,,,,,,,,,,,,,,,,,,,,,,,,,,,,,,,,,,,,,,,,,,,,,,,,,,,,,,,,,,,,,,,,,,,,,,,,,,,,,,,,,,,,,,,,,,,,,,,,,,,,,,,,,,,,,,,,,,,,,,,,,,,,,,,,,,,,,,,,,,,,,,,,,,,,,,,,,,,,,,,,,,,,,,,,,,,,,,,,,,,,,,,,,,,,,,,,,,,,,,,,,,,,,,,,,,,,,,,,,,,,,,,,,,,,,,,,,,,,,,,,,,,,,,,,,,,
,Hidden Valley PA,470 ,110,140,Vail Resorts,Epic,,,,,,,,,,2,2,,,,,,,,2,2,8,U,U,,,,,,2022,U.S. - East,Public w/Aerial Lifts,,,,,,,,,,,,,,,,,,,,,,,,,,,,,,,,,,,,,,,,,,,,,,,,,,,,,,,,,,,,,,,,,,,,,,,,,,,,,,,,,,,,,,,,,,,,,,,,,,,,,,,,,,,,,,,,,,,,,,,,,,,,,,,,,,,,,,,,,,,,,,,,,,,,,,,,,,,,,,,,,,,,,,,,,,,,,,,,,,,,,,,,,,,,,,,,,,,,,,,,,,,,,,,,,,,,,,,,,,,,,,,,,,,,,,,,,,,,,,,,,,,,,,,,,,,,,,,,,,,,,,,,,,
,Jack Frost,600 ,100,50,Vail Resorts,Epic,,,,,,,,,,4,,,2,,,,,,,,6,U,U,,,,,,2019,U.S. - East,Public w/Aerial Lifts,,,,,,,,,,,,,,,,,,,,,,,,,,,,,,,,,,,,,,,,,,,,,,,,,,,,,,,,,,,,,,,,,,,,,,,,,,,,,,,,,,,,,,,,,,,,,,,,,,,,,,,,,,,,,,,,,,,,,,,,,,,,,,,,,,,,,,,,,,,,,,,,,,,,,,,,,,,,,,,,,,,,,,,,,,,,,,,,,,,,,,,,,,,,,,,,,,,,,,,,,,,,,,,,,,,,,,,,,,,,,,,,,,,,,,,,,,,,,,,,,,,,,,,,,,,,,,,,,,,,,,,,,,
,Laurel,761 ,70,41,Vail Resorts,Epic,,,,,,,,,,1,,,,,,,,,1,,2,U,U,,,,,,2022,U.S. - East,Public w/Aerial Lifts,,,,,,,,,,,,,,,,,,,,,,,,,,,,,,,,,,,,,,,,,,,,,,,,,,,,,,,,,,,,,,,,,,,,,,,,,,,,,,,,,,,,,,,,,,,,,,,,,,,,,,,,,,,,,,,,,,,,,,,,,,,,,,,,,,,,,,,,,,,,,,,,,,,,,,,,,,,,,,,,,,,,,,,,,,,,,,,,,,,,,,,,,,,,,,,,,,,,,,,,,,,,,,,,,,,,,,,,,,,,,,,,,,,,,,,,,,,,,,,,,,,,,,,,,,,,,,,,,,,,,,,,,,
,Liberty,620 ,100,31,Vail Resorts,Epic,,,,,,,,,,5,,,,,,,,,,2,7,U,U,,,,,,2019,U.S. - East,Public w/Aerial Lifts,,,,,,,,,,,,,,,,,,,,,,,,,,,,,,,,,,,,,,,,,,,,,,,,,,,,,,,,,,,,,,,,,,,,,,,,,,,,,,,,,,,,,,,,,,,,,,,,,,,,,,,,,,,,,,,,,,,,,,,,,,,,,,,,,,,,,,,,,,,,,,,,,,,,,,,,,,,,,,,,,,,,,,,,,,,,,,,,,,,,,,,,,,,,,,,,,,,,,,,,,,,,,,,,,,,,,,,,,,,,,,,,,,,,,,,,,,,,,,,,,,,,,,,,,,,,,,,,,,,,,,,,,,
,Montage,991 ,140,47,Independent,Indy,,,,,,,,,,1,3,,1,,,,,,1,2,8,,,,,,2,,2021,U.S. - East,Public w/Aerial Lifts,,,,,,,,,,,,,,,,,,,,,,,,,,,,,,,,,,,,,,,,,,,,,,,,,,,,,,,,,,,,,,,,,,,,,,,,,,,,,,,,,,,,,,,,,,,,,,,,,,,,,,,,,,,,,,,,,,,,,,,,,,,,,,,,,,,,,,,,,,,,,,,,,,,,,,,,,,,,,,,,,,,,,,,,,,,,,,,,,,,,,,,,,,,,,,,,,,,,,,,,,,,,,,,,,,,,,,,,,,,,,,,,,,,,,,,,,,,,,,,,,,,,,,,,,,,,,,,,,,,,,,,,,,
,Roundtop,591 ,103,30,Vail Resorts,Epic,,,,,,,,,,3,2,,,,,,1,,,3,9,U,U,,,,,,2019,U.S. - East,Public w/Aerial Lifts,,,,,,,,,,,,,,,,,,,,,,,,,,,,,,,,,,,,,,,,,,,,,,,,,,,,,,,,,,,,,,,,,,,,,,,,,,,,,,,,,,,,,,,,,,,,,,,,,,,,,,,,,,,,,,,,,,,,,,,,,,,,,,,,,,,,,,,,,,,,,,,,,,,,,,,,,,,,,,,,,,,,,,,,,,,,,,,,,,,,,,,,,,,,,,,,,,,,,,,,,,,,,,,,,,,,,,,,,,,,,,,,,,,,,,,,,,,,,,,,,,,,,,,,,,,,,,,,,,,,,,,,,,
,Seven Springs,754 ,285,135,Vail Resorts,Epic,,,,,,,2,,,5,3,,,,,,,,1,3,14,U,U,,,,,,2022,U.S. - East,Public w/Aerial Lifts,,,,,,,,,,,,,,,,,,,,,,,,,,,,,,,,,,,,,,,,,,,,,,,,,,,,,,,,,,,,,,,,,,,,,,,,,,,,,,,,,,,,,,,,,,,,,,,,,,,,,,,,,,,,,,,,,,,,,,,,,,,,,,,,,,,,,,,,,,,,,,,,,,,,,,,,,,,,,,,,,,,,,,,,,,,,,,,,,,,,,,,,,,,,,,,,,,,,,,,,,,,,,,,,,,,,,,,,,,,,,,,,,,,,,,,,,,,,,,,,,,,,,,,,,,,,,,,,,,,,,,,,,,
,Shawnee Mountain,700 ,120,50,Independent,Indy,,,,,,,,,1,1,,,4,,,,,,,3,9,,,,,,2B,,2019,U.S. - East,Public w/Aerial Lifts,,,,,,,,,,,,,,,,,,,,,,,,,,,,,,,,,,,,,,,,,,,,,,,,,,,,,,,,,,,,,,,,,,,,,,,,,,,,,,,,,,,,,,,,,,,,,,,,,,,,,,,,,,,,,,,,,,,,,,,,,,,,,,,,,,,,,,,,,,,,,,,,,,,,,,,,,,,,,,,,,,,,,,,,,,,,,,,,,,,,,,,,,,,,,,,,,,,,,,,,,,,,,,,,,,,,,,,,,,,,,,,,,,,,,,,,,,,,,,,,,,,,,,,,,,,,,,,,,,,,,,,,,,
,Ski Big Bear,650 ,26,50,Independent,Indy,,,,,,,,,,,,,4,,,,,,,3,7,,,,,,2B,,2023,U.S. - East,Public w/Aerial Lifts,,,,,,,,,,,,,,,,,,,,,,,,,,,,,,,,,,,,,,,,,,,,,,,,,,,,,,,,,,,,,,,,,,,,,,,,,,,,,,,,,,,,,,,,,,,,,,,,,,,,,,,,,,,,,,,,,,,,,,,,,,,,,,,,,,,,,,,,,,,,,,,,,,,,,,,,,,,,,,,,,,,,,,,,,,,,,,,,,,,,,,,,,,,,,,,,,,,,,,,,,,,,,,,,,,,,,,,,,,,,,,,,,,,,,,,,,,,,,,,,,,,,,,,,,,,,,,,,,,,,,,,,,,
,Ski Sawmill,515 ,15,24,Independent,Indy,,,,,,,,,,,1,,1,,,2,,,,,4,,,,,,2,,2022,U.S. - East,Public w/Aerial Lifts,,,,,,,,,,,,,,,,,,,,,,,,,,,,,,,,,,,,,,,,,,,,,,,,,,,,,,,,,,,,,,,,,,,,,,,,,,,,,,,,,,,,,,,,,,,,,,,,,,,,,,,,,,,,,,,,,,,,,,,,,,,,,,,,,,,,,,,,,,,,,,,,,,,,,,,,,,,,,,,,,,,,,,,,,,,,,,,,,,,,,,,,,,,,,,,,,,,,,,,,,,,,,,,,,,,,,,,,,,,,,,,,,,,,,,,,,,,,,,,,,,,,,,,,,,,,,,,,,,,,,,,,,,
,Spring Mountain,420 ,45,27,Independent,Indy,,,,,,,,,,,1,,3,,,,,,1,1,6,,,,,,2,,2026,U.S. - East,Public w/Aerial Lifts,,,,,,,,,,,,,,,,,,,,,,,,,,,,,,,,,,,,,,,,,,,,,,,,,,,,,,,,,,,,,,,,,,,,,,,,,,,,,,,,,,,,,,,,,,,,,,,,,,,,,,,,,,,,,,,,,,,,,,,,,,,,,,,,,,,,,,,,,,,,,,,,,,,,,,,,,,,,,,,,,,,,,,,,,,,,,,,,,,,,,,,,,,,,,,,,,,,,,,,,,,,,,,,,,,,,,,,,,,,,,,,,,,,,,,,,,,,,,,,,,,,,,,,,,,,,,,,,,,,,,,,,,,
,Tussey,500 ,38,41,Independent,Indy,,,,,,,,,,1,,,1,,,1,,,,,3,,,,,,2B,,2022,U.S. - East,Public w/Aerial Lifts,,,,,,,,,,,,,,,,,,,,,,,,,,,,,,,,,,,,,,,,,,,,,,,,,,,,,,,,,,,,,,,,,,,,,,,,,,,,,,,,,,,,,,,,,,,,,,,,,,,,,,,,,,,,,,,,,,,,,,,,,,,,,,,,,,,,,,,,,,,,,,,,,,,,,,,,,,,,,,,,,,,,,,,,,,,,,,,,,,,,,,,,,,,,,,,,,,,,,,,,,,,,,,,,,,,,,,,,,,,,,,,,,,,,,,,,,,,,,,,,,,,,,,,,,,,,,,,,,,,,,,,,,,
,Whitetail,935 ,109,40,Vail Resorts,Epic,,,,,,,,,1,3,,,1,,,,,,,2,7,U,U,,,,,,2019,U.S. - East,Public w/Aerial Lifts,,,,,,,,,,,,,,,,,,,,,,,,,,,,,,,,,,,,,,,,,,,,,,,,,,,,,,,,,,,,,,,,,,,,,,,,,,,,,,,,,,,,,,,,,,,,,,,,,,,,,,,,,,,,,,,,,,,,,,,,,,,,,,,,,,,,,,,,,,,,,,,,,,,,,,,,,,,,,,,,,,,,,,,,,,,,,,,,,,,,,,,,,,,,,,,,,,,,,,,,,,,,,,,,,,,,,,,,,,,,,,,,,,,,,,,,,,,,,,,,,,,,,,,,,,,,,,,,,,,,,,,,,,
U.S. - South Dakota,Great Bear,182 ,21,41,Independent,Indy,,,,,,,,,,1,,,,,,,,,1,1,3,,,,,,2,,2023,U.S. - Midwest,Public w/Aerial Lifts,,,,,,,,,,,,,,,,,,,,,,,,,,,,,,,,,,,,,,,,,,,,,,,,,,,,,,,,,,,,,,,,,,,,,,,,,,,,,,,,,,,,,,,,,,,,,,,,,,,,,,,,,,,,,,,,,,,,,,,,,,,,,,,,,,,,,,,,,,,,,,,,,,,,,,,,,,,,,,,,,,,,,,,,,,,,,,,,,,,,,,,,,,,,,,,,,,,,,,,,,,,,,,,,,,,,,,,,,,,,,,,,,,,,,,,,,,,,,,,,,,,,,,,,,,,,,,,,,,,,,,,,,,
,Terry Peak,"1,200 ",450,150,Independent,Indy,,,,,,,,,3,,1,,,,,,,,,1,5,,,,,,2B,,2019,U.S. - Midwest,Public w/Aerial Lifts,,,,,,,,,,,,,,,,,,,,,,,,,,,,,,,,,,,,,,,,,,,,,,,,,,,,,,,,,,,,,,,,,,,,,,,,,,,,,,,,,,,,,,,,,,,,,,,,,,,,,,,,,,,,,,,,,,,,,,,,,,,,,,,,,,,,,,,,,,,,,,,,,,,,,,,,,,,,,,,,,,,,,,,,,,,,,,,,,,,,,,,,,,,,,,,,,,,,,,,,,,,,,,,,,,,,,,,,,,,,,,,,,,,,,,,,,,,,,,,,,,,,,,,,,,,,,,,,,,,,,,,,,,
U.S. - Tennessee,Ober Mountain,526 ,38,35,Independent,Indy,1,,,,,,,,,3,,,,,,,,,,2,6,,,,,,2,,2019,U.S. - East,Public w/Aerial Lifts,,,,,,,,,,,,,,,,,,,,,,,,,,,,,,,,,,,,,,,,,,,,,,,,,,,,,,,,,,,,,,,,,,,,,,,,,,,,,,,,,,,,,,,,,,,,,,,,,,,,,,,,,,,,,,,,,,,,,,,,,,,,,,,,,,,,,,,,,,,,,,,,,,,,,,,,,,,,,,,,,,,,,,,,,,,,,,,,,,,,,,,,,,,,,,,,,,,,,,,,,,,,,,,,,,,,,,,,,,,,,,,,,,,,,,,,,,,,,,,,,,,,,,,,,,,,,,,,,,,,,,,,,,
U.S. - Utah,Alta,"2,538 ","2,614",526,Independent,"Ikon, MC",,,,,,,1,,3,1,1,,1,,,,,1,1,2,11,,,7S,,,,2,"2012, 2018",U.S. - West,Public w/Aerial Lifts,,,,,,,,,,,,,,,,,,,,,,,,,,,,,,,,,,,,,,,,,,,,,,,,,,,,,,,,,,,,,,,,,,,,,,,,,,,,,,,,,,,,,,,,,,,,,,,,,,,,,,,,,,,,,,,,,,,,,,,,,,,,,,,,,,,,,,,,,,,,,,,,,,,,,,,,,,,,,,,,,,,,,,,,,,,,,,,,,,,,,,,,,,,,,,,,,,,,,,,,,,,,,,,,,,,,,,,,,,,,,,,,,,,,,,,,,,,,,,,,,,,,,,,,,,,,,,,,,,,,,,,,,,
,Beaver Mountain,"1,700 ",880,300,Independent,Indy,,,,,,,,,,,3,,1,,,,,,,2,6,,,,,,2B,,2019,U.S. - West,Public w/Aerial Lifts,,,,,,,,,,,,,,,,,,,,,,,,,,,,,,,,,,,,,,,,,,,,,,,,,,,,,,,,,,,,,,,,,,,,,,,,,,,,,,,,,,,,,,,,,,,,,,,,,,,,,,,,,,,,,,,,,,,,,,,,,,,,,,,,,,,,,,,,,,,,,,,,,,,,,,,,,,,,,,,,,,,,,,,,,,,,,,,,,,,,,,,,,,,,,,,,,,,,,,,,,,,,,,,,,,,,,,,,,,,,,,,,,,,,,,,,,,,,,,,,,,,,,,,,,,,,,,,,,,,,,,,,,,
,Brian Head,"1,320 ",650,301,Mountain Capital Partners,Power,,,,,,,,,2,,5,,1,,,,,,,2,10,,,,,,,,,U.S. - West,Public w/Aerial Lifts,,,,,,,,,,,,,,,,,,,,,,,,,,,,,,,,,,,,,,,,,,,,,,,,,,,,,,,,,,,,,,,,,,,,,,,,,,,,,,,,,,,,,,,,,,,,,,,,,,,,,,,,,,,,,,,,,,,,,,,,,,,,,,,,,,,,,,,,,,,,,,,,,,,,,,,,,,,,,,,,,,,,,,,,,,,,,,,,,,,,,,,,,,,,,,,,,,,,,,,,,,,,,,,,,,,,,,,,,,,,,,,,,,,,,,,,,,,,,,,,,,,,,,,,,,,,,,,,,,,,,,,,,,
,Brighton,"1,745 ","1,050",502,Boyne Resorts,Ikon,,,,,,,1,,3,1,1,,,,,,,,,2,8,,,7,5B,"1-4, B, S",,,2018,U.S. - West,Public w/Aerial Lifts,,,,,,,,,,,,,,,,,,,,,,,,,,,,,,,,,,,,,,,,,,,,,,,,,,,,,,,,,,,,,,,,,,,,,,,,,,,,,,,,,,,,,,,,,,,,,,,,,,,,,,,,,,,,,,,,,,,,,,,,,,,,,,,,,,,,,,,,,,,,,,,,,,,,,,,,,,,,,,,,,,,,,,,,,,,,,,,,,,,,,,,,,,,,,,,,,,,,,,,,,,,,,,,,,,,,,,,,,,,,,,,,,,,,,,,,,,,,,,,,,,,,,,,,,,,,,,,,,,,,,,,,,,
,Cherry Peak,"1,275 ",400,300,Independent,Indy,,,,,,,,,,,3,,,,,,,,,1,4,,,,,,Discount,,2022,U.S. - West,Public w/Aerial Lifts,,,,,,,,,,,,,,,,,,,,,,,,,,,,,,,,,,,,,,,,,,,,,,,,,,,,,,,,,,,,,,,,,,,,,,,,,,,,,,,,,,,,,,,,,,,,,,,,,,,,,,,,,,,,,,,,,,,,,,,,,,,,,,,,,,,,,,,,,,,,,,,,,,,,,,,,,,,,,,,,,,,,,,,,,,,,,,,,,,,,,,,,,,,,,,,,,,,,,,,,,,,,,,,,,,,,,,,,,,,,,,,,,,,,,,,,,,,,,,,,,,,,,,,,,,,,,,,,,,,,,,,,,,
,Deer Valley,"3,040 ","4,500",294,Alterra ,Ikon,,,2,,,,2,,21,1,5,,1,,,,,1,,8,41,,,7,,,,,2018,U.S. - West,Public w/Aerial Lifts,,,,,,,,,,,,,,,,,,,,,,,,,,,,,,,,,,,,,,,,,,,,,,,,,,,,,,,,,,,,,,,,,,,,,,,,,,,,,,,,,,,,,,,,,,,,,,,,,,,,,,,,,,,,,,,,,,,,,,,,,,,,,,,,,,,,,,,,,,,,,,,,,,,,,,,,,,,,,,,,,,,,,,,,,,,,,,,,,,,,,,,,,,,,,,,,,,,,,,,,,,,,,,,,,,,,,,,,,,,,,,,,,,,,,,,,,,,,,,,,,,,,,,,,,,,,,,,,,,,,,,,,,,
,Nordic Valley,"1,695 ",500,275,Mountain Capital Partners,Power,,,,,,,1,,,,1,,2,,,,,,,1,5,,,,,,,,,U.S. - West,Public w/Aerial Lifts,,,,,,,,,,,,,,,,,,,,,,,,,,,,,,,,,,,,,,,,,,,,,,,,,,,,,,,,,,,,,,,,,,,,,,,,,,,,,,,,,,,,,,,,,,,,,,,,,,,,,,,,,,,,,,,,,,,,,,,,,,,,,,,,,,,,,,,,,,,,,,,,,,,,,,,,,,,,,,,,,,,,,,,,,,,,,,,,,,,,,,,,,,,,,,,,,,,,,,,,,,,,,,,,,,,,,,,,,,,,,,,,,,,,,,,,,,,,,,,,,,,,,,,,,,,,,,,,,,,,,,,,,,
,Park City,"3,226 ","7,300",355,Vail Resorts,Epic,,,3,1,1,,6,,10,5,7,,3,,,,,,2,3,41,U,UB,,,,,,2013,U.S. - West,Public w/Aerial Lifts,,,,,,,,,,,,,,,,,,,,,,,,,,,,,,,,,,,,,,,,,,,,,,,,,,,,,,,,,,,,,,,,,,,,,,,,,,,,,,,,,,,,,,,,,,,,,,,,,,,,,,,,,,,,,,,,,,,,,,,,,,,,,,,,,,,,,,,,,,,,,,,,,,,,,,,,,,,,,,,,,,,,,,,,,,,,,,,,,,,,,,,,,,,,,,,,,,,,,,,,,,,,,,,,,,,,,,,,,,,,,,,,,,,,,,,,,,,,,,,,,,,,,,,,,,,,,,,,,,,,,,,,,,
,Snowbasin,"3,002 ","3,000",324,Holding Family,"Ikon, MC",1,,2,,,,3,,3,,1,,,,,,,,1,2,13,,,7,,,,2,2022,U.S. - West,Public w/Aerial Lifts,,,,,,,,,,,,,,,,,,,,,,,,,,,,,,,,,,,,,,,,,,,,,,,,,,,,,,,,,,,,,,,,,,,,,,,,,,,,,,,,,,,,,,,,,,,,,,,,,,,,,,,,,,,,,,,,,,,,,,,,,,,,,,,,,,,,,,,,,,,,,,,,,,,,,,,,,,,,,,,,,,,,,,,,,,,,,,,,,,,,,,,,,,,,,,,,,,,,,,,,,,,,,,,,,,,,,,,,,,,,,,,,,,,,,,,,,,,,,,,,,,,,,,,,,,,,,,,,,,,,,,,,,,
,Snowbird,"3,240 ","2,500",498,Powdr,"Ikon, MC",1,,,,,,,,6,2,,,2,,,,,,,3,14,,,7S,5B,,,2,"2013, 2018",U.S. - West,Public w/Aerial Lifts,,,,,,,,,,,,,,,,,,,,,,,,,,,,,,,,,,,,,,,,,,,,,,,,,,,,,,,,,,,,,,,,,,,,,,,,,,,,,,,,,,,,,,,,,,,,,,,,,,,,,,,,,,,,,,,,,,,,,,,,,,,,,,,,,,,,,,,,,,,,,,,,,,,,,,,,,,,,,,,,,,,,,,,,,,,,,,,,,,,,,,,,,,,,,,,,,,,,,,,,,,,,,,,,,,,,,,,,,,,,,,,,,,,,,,,,,,,,,,,,,,,,,,,,,,,,,,,,,,,,,,,,,,
,Solitude,"2,041 ","1,200",438,Alterra ,Ikon,,,,,,,1,,3,2,1,,1,,,,,,,1,9,,,U,U,"1-4, B, S",,,2018,U.S. - West,Public w/Aerial Lifts,,,,,,,,,,,,,,,,,,,,,,,,,,,,,,,,,,,,,,,,,,,,,,,,,,,,,,,,,,,,,,,,,,,,,,,,,,,,,,,,,,,,,,,,,,,,,,,,,,,,,,,,,,,,,,,,,,,,,,,,,,,,,,,,,,,,,,,,,,,,,,,,,,,,,,,,,,,,,,,,,,,,,,,,,,,,,,,,,,,,,,,,,,,,,,,,,,,,,,,,,,,,,,,,,,,,,,,,,,,,,,,,,,,,,,,,,,,,,,,,,,,,,,,,,,,,,,,,,,,,,,,,,,
,Sundance,"2,150 ",520,275,Independent,Power,,,,,,,,,2,4,1,,,,,,,,,3,10,,,,,,,,,U.S. - West,Public w/Aerial Lifts,,,,,,,,,,,,,,,,,,,,,,,,,,,,,,,,,,,,,,,,,,,,,,,,,,,,,,,,,,,,,,,,,,,,,,,,,,,,,,,,,,,,,,,,,,,,,,,,,,,,,,,,,,,,,,,,,,,,,,,,,,,,,,,,,,,,,,,,,,,,,,,,,,,,,,,,,,,,,,,,,,,,,,,,,,,,,,,,,,,,,,,,,,,,,,,,,,,,,,,,,,,,,,,,,,,,,,,,,,,,,,,,,,,,,,,,,,,,,,,,,,,,,,,,,,,,,,,,,,,,,,,,,,
U.S. - Vermont,Bolton Valley,"1,704 ",300,312,Independent,Indy,,,,,,,,,,2,,,3,,,,,,1,,6,,,,,,2,,2019,U.S. - East,Public w/Aerial Lifts,,,,,,,,,,,,,,,,,,,,,,,,,,,,,,,,,,,,,,,,,,,,,,,,,,,,,,,,,,,,,,,,,,,,,,,,,,,,,,,,,,,,,,,,,,,,,,,,,,,,,,,,,,,,,,,,,,,,,,,,,,,,,,,,,,,,,,,,,,,,,,,,,,,,,,,,,,,,,,,,,,,,,,,,,,,,,,,,,,,,,,,,,,,,,,,,,,,,,,,,,,,,,,,,,,,,,,,,,,,,,,,,,,,,,,,,,,,,,,,,,,,,,,,,,,,,,,,,,,,,,,,,,,
,Burke,"2,057 ",270,217,Bear Den Partners,Indy,,,,,,,,,2,,,,,,,1,1,,,1,5,,,,,,2,,2025,U.S. - East,Public w/Aerial Lifts,,,,,,,,,,,,,,,,,,,,,,,,,,,,,,,,,,,,,,,,,,,,,,,,,,,,,,,,,,,,,,,,,,,,,,,,,,,,,,,,,,,,,,,,,,,,,,,,,,,,,,,,,,,,,,,,,,,,,,,,,,,,,,,,,,,,,,,,,,,,,,,,,,,,,,,,,,,,,,,,,,,,,,,,,,,,,,,,,,,,,,,,,,,,,,,,,,,,,,,,,,,,,,,,,,,,,,,,,,,,,,,,,,,,,,,,,,,,,,,,,,,,,,,,,,,,,,,,,,,,,,,,,,
,Jay Peak,"2,112 ",485,349,Pacific Group Resorts,Indy,1,,,,,,,,1,3,1,,1,,,,,,,2,9,,,,,,2,,2020,U.S. - East,Public w/Aerial Lifts,,,,,,,,,,,,,,,,,,,,,,,,,,,,,,,,,,,,,,,,,,,,,,,,,,,,,,,,,,,,,,,,,,,,,,,,,,,,,,,,,,,,,,,,,,,,,,,,,,,,,,,,,,,,,,,,,,,,,,,,,,,,,,,,,,,,,,,,,,,,,,,,,,,,,,,,,,,,,,,,,,,,,,,,,,,,,,,,,,,,,,,,,,,,,,,,,,,,,,,,,,,,,,,,,,,,,,,,,,,,,,,,,,,,,,,,,,,,,,,,,,,,,,,,,,,,,,,,,,,,,,,,,,
,Killington,"2,977 ","1,509",230,Phill Gross,Ikon,,,2,,,,2,,4,6,1,,1,,,,,1,,3,20,,,7S,5SB,"1-4, B, S",,,2018,U.S. - East,Public w/Aerial Lifts,,,,,,,,,,,,,,,,,,,,,,,,,,,,,,,,,,,,,,,,,,,,,,,,,,,,,,,,,,,,,,,,,,,,,,,,,,,,,,,,,,,,,,,,,,,,,,,,,,,,,,,,,,,,,,,,,,,,,,,,,,,,,,,,,,,,,,,,,,,,,,,,,,,,,,,,,,,,,,,,,,,,,,,,,,,,,,,,,,,,,,,,,,,,,,,,,,,,,,,,,,,,,,,,,,,,,,,,,,,,,,,,,,,,,,,,,,,,,,,,,,,,,,,,,,,,,,,,,,,,,,,,,,
,Magic Mountain,"1,500 ",405,130,Independent,Indy,,,,,,,,,,1,,,2,,,,,,1,1,5,,,,,,2,,2019,U.S. - East,Public w/Aerial Lifts,,,,,,,,,,,,,,,,,,,,,,,,,,,,,,,,,,,,,,,,,,,,,,,,,,,,,,,,,,,,,,,,,,,,,,,,,,,,,,,,,,,,,,,,,,,,,,,,,,,,,,,,,,,,,,,,,,,,,,,,,,,,,,,,,,,,,,,,,,,,,,,,,,,,,,,,,,,,,,,,,,,,,,,,,,,,,,,,,,,,,,,,,,,,,,,,,,,,,,,,,,,,,,,,,,,,,,,,,,,,,,,,,,,,,,,,,,,,,,,,,,,,,,,,,,,,,,,,,,,,,,,,,,
,Middlebury Snowbowl,920 ,200,200,Independent,Indy,,,,,,,,,,1,2,,,,,,,,,1,4,,,,,,2,,2024,U.S. - East,Public w/Aerial Lifts,,,,,,,,,,,,,,,,,,,,,,,,,,,,,,,,,,,,,,,,,,,,,,,,,,,,,,,,,,,,,,,,,,,,,,,,,,,,,,,,,,,,,,,,,,,,,,,,,,,,,,,,,,,,,,,,,,,,,,,,,,,,,,,,,,,,,,,,,,,,,,,,,,,,,,,,,,,,,,,,,,,,,,,,,,,,,,,,,,,,,,,,,,,,,,,,,,,,,,,,,,,,,,,,,,,,,,,,,,,,,,,,,,,,,,,,,,,,,,,,,,,,,,,,,,,,,,,,,,,,,,,,,,
,Mount Snow,"1,700 ",601,150,Vail Resorts,Epic,,,,,,,2,,4,,5,,2,,,,,,1,5,19,U,U,,,,,,2019,U.S. - East,Public w/Aerial Lifts,,,,,,,,,,,,,,,,,,,,,,,,,,,,,,,,,,,,,,,,,,,,,,,,,,,,,,,,,,,,,,,,,,,,,,,,,,,,,,,,,,,,,,,,,,,,,,,,,,,,,,,,,,,,,,,,,,,,,,,,,,,,,,,,,,,,,,,,,,,,,,,,,,,,,,,,,,,,,,,,,,,,,,,,,,,,,,,,,,,,,,,,,,,,,,,,,,,,,,,,,,,,,,,,,,,,,,,,,,,,,,,,,,,,,,,,,,,,,,,,,,,,,,,,,,,,,,,,,,,,,,,,,,
,Okemo,"2,200 ",667,120,Vail Resorts,Epic,,,,,,,2,,4,5,2,,,,,,,1,,6,20,U,U,,,,,,2018,U.S. - East,Public w/Aerial Lifts,,,,,,,,,,,,,,,,,,,,,,,,,,,,,,,,,,,,,,,,,,,,,,,,,,,,,,,,,,,,,,,,,,,,,,,,,,,,,,,,,,,,,,,,,,,,,,,,,,,,,,,,,,,,,,,,,,,,,,,,,,,,,,,,,,,,,,,,,,,,,,,,,,,,,,,,,,,,,,,,,,,,,,,,,,,,,,,,,,,,,,,,,,,,,,,,,,,,,,,,,,,,,,,,,,,,,,,,,,,,,,,,,,,,,,,,,,,,,,,,,,,,,,,,,,,,,,,,,,,,,,,,,,
,Pico,"1,967 ",468,230,Phill Gross,Ikon,,,,,,,,,2,,2,,,,,,,,1,2,7,,,7S,5SB,"1-4, B, S",,,2018,U.S. - East,Public w/Aerial Lifts,,,,,,,,,,,,,,,,,,,,,,,,,,,,,,,,,,,,,,,,,,,,,,,,,,,,,,,,,,,,,,,,,,,,,,,,,,,,,,,,,,,,,,,,,,,,,,,,,,,,,,,,,,,,,,,,,,,,,,,,,,,,,,,,,,,,,,,,,,,,,,,,,,,,,,,,,,,,,,,,,,,,,,,,,,,,,,,,,,,,,,,,,,,,,,,,,,,,,,,,,,,,,,,,,,,,,,,,,,,,,,,,,,,,,,,,,,,,,,,,,,,,,,,,,,,,,,,,,,,,,,,,,,
,Saskadena Six,650 ,100,90,Independent,Indy,,,,,,,,,,1,,,1,,,,,,,1,3,,,,,,2,,2019,U.S. - East,Public w/Aerial Lifts,,,,,,,,,,,,,,,,,,,,,,,,,,,,,,,,,,,,,,,,,,,,,,,,,,,,,,,,,,,,,,,,,,,,,,,,,,,,,,,,,,,,,,,,,,,,,,,,,,,,,,,,,,,,,,,,,,,,,,,,,,,,,,,,,,,,,,,,,,,,,,,,,,,,,,,,,,,,,,,,,,,,,,,,,,,,,,,,,,,,,,,,,,,,,,,,,,,,,,,,,,,,,,,,,,,,,,,,,,,,,,,,,,,,,,,,,,,,,,,,,,,,,,,,,,,,,,,,,,,,,,,,,,
,Smugglers' Notch,"2,610 ","1,060",322,Bear Den Partners,Indy,,,,,,,,,,,,,6,,,1,,,,2,9,,,,,,2,,2026,U.S. - East,Public w/Aerial Lifts,,,,,,,,,,,,,,,,,,,,,,,,,,,,,,,,,,,,,,,,,,,,,,,,,,,,,,,,,,,,,,,,,,,,,,,,,,,,,,,,,,,,,,,,,,,,,,,,,,,,,,,,,,,,,,,,,,,,,,,,,,,,,,,,,,,,,,,,,,,,,,,,,,,,,,,,,,,,,,,,,,,,,,,,,,,,,,,,,,,,,,,,,,,,,,,,,,,,,,,,,,,,,,,,,,,,,,,,,,,,,,,,,,,,,,,,,,,,,,,,,,,,,,,,,,,,,,,,,,,,,,,,,,
,Stowe,"2,360 ",485,314,Vail Resorts,Epic,,,2,,,,1,,3,1,1,,2,,,,,,,2,12,U,UB,,,,,,2017,U.S. - East,Public w/Aerial Lifts,,,,,,,,,,,,,,,,,,,,,,,,,,,,,,,,,,,,,,,,,,,,,,,,,,,,,,,,,,,,,,,,,,,,,,,,,,,,,,,,,,,,,,,,,,,,,,,,,,,,,,,,,,,,,,,,,,,,,,,,,,,,,,,,,,,,,,,,,,,,,,,,,,,,,,,,,,,,,,,,,,,,,,,,,,,,,,,,,,,,,,,,,,,,,,,,,,,,,,,,,,,,,,,,,,,,,,,,,,,,,,,,,,,,,,,,,,,,,,,,,,,,,,,,,,,,,,,,,,,,,,,,,,
,Stratton,"2,003 ",670,180,Alterra ,Ikon,,,1,,,,4,,1,2,1,,1,,,,,,,4,14,,,U,UB,"1-4, B, S",,,2018,U.S. - East,Public w/Aerial Lifts,,,,,,,,,,,,,,,,,,,,,,,,,,,,,,,,,,,,,,,,,,,,,,,,,,,,,,,,,,,,,,,,,,,,,,,,,,,,,,,,,,,,,,,,,,,,,,,,,,,,,,,,,,,,,,,,,,,,,,,,,,,,,,,,,,,,,,,,,,,,,,,,,,,,,,,,,,,,,,,,,,,,,,,,,,,,,,,,,,,,,,,,,,,,,,,,,,,,,,,,,,,,,,,,,,,,,,,,,,,,,,,,,,,,,,,,,,,,,,,,,,,,,,,,,,,,,,,,,,,,,,,,,,
,Sugarbush,"2,600 ",581,267,Alterra ,Ikon,,,,,,,,,5,6,1,,1,,,1,,,,3,17,,,U,UB,"1-4, B, S",,,2018,U.S. - East,Public w/Aerial Lifts,,,,,,,,,,,,,,,,,,,,,,,,,,,,,,,,,,,,,,,,,,,,,,,,,,,,,,,,,,,,,,,,,,,,,,,,,,,,,,,,,,,,,,,,,,,,,,,,,,,,,,,,,,,,,,,,,,,,,,,,,,,,,,,,,,,,,,,,,,,,,,,,,,,,,,,,,,,,,,,,,,,,,,,,,,,,,,,,,,,,,,,,,,,,,,,,,,,,,,,,,,,,,,,,,,,,,,,,,,,,,,,,,,,,,,,,,,,,,,,,,,,,,,,,,,,,,,,,,,,,,,,,,,
U.S. - Virginia,Bryce,500 ,50,30,Independent,Indy,,,,,,,,,,3,,,,,,,,,,2,5,,,,,,2,,2019,U.S. - East,Public w/Aerial Lifts,,,,,,,,,,,,,,,,,,,,,,,,,,,,,,,,,,,,,,,,,,,,,,,,,,,,,,,,,,,,,,,,,,,,,,,,,,,,,,,,,,,,,,,,,,,,,,,,,,,,,,,,,,,,,,,,,,,,,,,,,,,,,,,,,,,,,,,,,,,,,,,,,,,,,,,,,,,,,,,,,,,,,,,,,,,,,,,,,,,,,,,,,,,,,,,,,,,,,,,,,,,,,,,,,,,,,,,,,,,,,,,,,,,,,,,,,,,,,,,,,,,,,,,,,,,,,,,,,,,,,,,,,,
,Massanutten,"1,155 ",70,35,Independent,Indy,,,,,,,,,1,2,1,,,,,,,,,3,7,,,,,,2B,,2019,U.S. - East,Public w/Aerial Lifts,,,,,,,,,,,,,,,,,,,,,,,,,,,,,,,,,,,,,,,,,,,,,,,,,,,,,,,,,,,,,,,,,,,,,,,,,,,,,,,,,,,,,,,,,,,,,,,,,,,,,,,,,,,,,,,,,,,,,,,,,,,,,,,,,,,,,,,,,,,,,,,,,,,,,,,,,,,,,,,,,,,,,,,,,,,,,,,,,,,,,,,,,,,,,,,,,,,,,,,,,,,,,,,,,,,,,,,,,,,,,,,,,,,,,,,,,,,,,,,,,,,,,,,,,,,,,,,,,,,,,,,,,,
,Wintergreen,"1,003 ",129,40,Pacific Group Resorts,Indy,,,,,,,2,,,1,1,,1,,,,,,,3,8,,,,,,2,,2024,U.S. - East,Public w/Aerial Lifts,,,,,,,,,,,,,,,,,,,,,,,,,,,,,,,,,,,,,,,,,,,,,,,,,,,,,,,,,,,,,,,,,,,,,,,,,,,,,,,,,,,,,,,,,,,,,,,,,,,,,,,,,,,,,,,,,,,,,,,,,,,,,,,,,,,,,,,,,,,,,,,,,,,,,,,,,,,,,,,,,,,,,,,,,,,,,,,,,,,,,,,,,,,,,,,,,,,,,,,,,,,,,,,,,,,,,,,,,,,,,,,,,,,,,,,,,,,,,,,,,,,,,,,,,,,,,,,,,,,,,,,,,,
U.S. - Washington,49° North,"1,851 ","2,325",301,CMR Lands,Indy,,,,,,,,,1,2,,,3,,,,,,,1,7,,,,,,2B,,2019,U.S. - West,Public w/Aerial Lifts,,,,,,,,,,,,,,,,,,,,,,,,,,,,,,,,,,,,,,,,,,,,,,,,,,,,,,,,,,,,,,,,,,,,,,,,,,,,,,,,,,,,,,,,,,,,,,,,,,,,,,,,,,,,,,,,,,,,,,,,,,,,,,,,,,,,,,,,,,,,,,,,,,,,,,,,,,,,,,,,,,,,,,,,,,,,,,,,,,,,,,,,,,,,,,,,,,,,,,,,,,,,,,,,,,,,,,,,,,,,,,,,,,,,,,,,,,,,,,,,,,,,,,,,,,,,,,,,,,,,,,,,,,
,Bluewood,"1,125 ",355,300,Independent,Indy,,,,,,,,,,,2,,,,,,,,,2,4,,,,,,2,,2022,U.S. - West,Public w/Aerial Lifts,,,,,,,,,,,,,,,,,,,,,,,,,,,,,,,,,,,,,,,,,,,,,,,,,,,,,,,,,,,,,,,,,,,,,,,,,,,,,,,,,,,,,,,,,,,,,,,,,,,,,,,,,,,,,,,,,,,,,,,,,,,,,,,,,,,,,,,,,,,,,,,,,,,,,,,,,,,,,,,,,,,,,,,,,,,,,,,,,,,,,,,,,,,,,,,,,,,,,,,,,,,,,,,,,,,,,,,,,,,,,,,,,,,,,,,,,,,,,,,,,,,,,,,,,,,,,,,,,,,,,,,,,,
,Crystal Mountain WA,"2,602 ","2,300",348,Alterra ,Ikon,,,1,,,,2,,2,1,2,,2,,,,,,,1,11,,,U,5B,"1-4, B, S",,,2018,U.S. - West,Public w/Aerial Lifts,,,,,,,,,,,,,,,,,,,,,,,,,,,,,,,,,,,,,,,,,,,,,,,,,,,,,,,,,,,,,,,,,,,,,,,,,,,,,,,,,,,,,,,,,,,,,,,,,,,,,,,,,,,,,,,,,,,,,,,,,,,,,,,,,,,,,,,,,,,,,,,,,,,,,,,,,,,,,,,,,,,,,,,,,,,,,,,,,,,,,,,,,,,,,,,,,,,,,,,,,,,,,,,,,,,,,,,,,,,,,,,,,,,,,,,,,,,,,,,,,,,,,,,,,,,,,,,,,,,,,,,,,,
,Hurricane Ridge,574 ,250,400,Independent,Indy,,,,,,,,,,,,,,,,,,1,2,,3,,,,,,2,,2019,U.S. - West,Public - Surface Lifts Only,,,,,,,,,,,,,,,,,,,,,,,,,,,,,,,,,,,,,,,,,,,,,,,,,,,,,,,,,,,,,,,,,,,,,,,,,,,,,,,,,,,,,,,,,,,,,,,,,,,,,,,,,,,,,,,,,,,,,,,,,,,,,,,,,,,,,,,,,,,,,,,,,,,,,,,,,,,,,,,,,,,,,,,,,,,,,,,,,,,,,,,,,,,,,,,,,,,,,,,,,,,,,,,,,,,,,,,,,,,,,,,,,,,,,,,,,,,,,,,,,,,,,,,,,,,,,,,,,,,,,,,,,,
,Leavenworth Ski Hill,284 ,20,89,Independent,Indy,,,,,,,,,,,,,,,,,,,2,1,3,,,,,,2,,2019,U.S. - West,Public - Surface Lifts Only,,,,,,,,,,,,,,,,,,,,,,,,,,,,,,,,,,,,,,,,,,,,,,,,,,,,,,,,,,,,,,,,,,,,,,,,,,,,,,,,,,,,,,,,,,,,,,,,,,,,,,,,,,,,,,,,,,,,,,,,,,,,,,,,,,,,,,,,,,,,,,,,,,,,,,,,,,,,,,,,,,,,,,,,,,,,,,,,,,,,,,,,,,,,,,,,,,,,,,,,,,,,,,,,,,,,,,,,,,,,,,,,,,,,,,,,,,,,,,,,,,,,,,,,,,,,,,,,,,,,,,,,,,
,Snoqualmie: Alpental,"2,280 ",875,428,Boyne Resorts,Ikon,,,,,,,,,1,,3,,1,,,,,,,1,6,,,"7, S, R","5, S, R, B","1-4, B, S",,,2018,U.S. - West,Public w/Aerial Lifts,,,,,,,,,,,,,,,,,,,,,,,,,,,,,,,,,,,,,,,,,,,,,,,,,,,,,,,,,,,,,,,,,,,,,,,,,,,,,,,,,,,,,,,,,,,,,,,,,,,,,,,,,,,,,,,,,,,,,,,,,,,,,,,,,,,,,,,,,,,,,,,,,,,,,,,,,,,,,,,,,,,,,,,,,,,,,,,,,,,,,,,,,,,,,,,,,,,,,,,,,,,,,,,,,,,,,,,,,,,,,,,,,,,,,,,,,,,,,,,,,,,,,,,,,,,,,,,,,,,,,,,,,,
,Snoqualmie: Summit,"1,255 ","1,119",,Boyne Resorts,Ikon,,,,,,,,,2,5,3,,5,,,,,,,4,19,,,"7, S, R","5, S, R, B","1-4, B, S",,,2018,U.S. - West,Public w/Aerial Lifts,,,,,,,,,,,,,,,,,,,,,,,,,,,,,,,,,,,,,,,,,,,,,,,,,,,,,,,,,,,,,,,,,,,,,,,,,,,,,,,,,,,,,,,,,,,,,,,,,,,,,,,,,,,,,,,,,,,,,,,,,,,,,,,,,,,,,,,,,,,,,,,,,,,,,,,,,,,,,,,,,,,,,,,,,,,,,,,,,,,,,,,,,,,,,,,,,,,,,,,,,,,,,,,,,,,,,,,,,,,,,,,,,,,,,,,,,,,,,,,,,,,,,,,,,,,,,,,,,,,,,,,,,,
,Stevens Pass,"1,784 ","1,125",460,Vail Resorts,Epic,,,,,,,,,4,2,3,,1,,,,,,,2,12,U,U,,,,,,2018,U.S. - West,Public w/Aerial Lifts,,,,,,,,,,,,,,,,,,,,,,,,,,,,,,,,,,,,,,,,,,,,,,,,,,,,,,,,,,,,,,,,,,,,,,,,,,,,,,,,,,,,,,,,,,,,,,,,,,,,,,,,,,,,,,,,,,,,,,,,,,,,,,,,,,,,,,,,,,,,,,,,,,,,,,,,,,,,,,,,,,,,,,,,,,,,,,,,,,,,,,,,,,,,,,,,,,,,,,,,,,,,,,,,,,,,,,,,,,,,,,,,,,,,,,,,,,,,,,,,,,,,,,,,,,,,,,,,,,,,,,,,,,
,White Pass,"2,000 ","1,402",400,Independent,Indy,,,,,,,,,2,2,1,,,,,,,,,3,8,,,,,,2B,,2019,U.S. - West,Public w/Aerial Lifts,,,,,,,,,,,,,,,,,,,,,,,,,,,,,,,,,,,,,,,,,,,,,,,,,,,,,,,,,,,,,,,,,,,,,,,,,,,,,,,,,,,,,,,,,,,,,,,,,,,,,,,,,,,,,,,,,,,,,,,,,,,,,,,,,,,,,,,,,,,,,,,,,,,,,,,,,,,,,,,,,,,,,,,,,,,,,,,,,,,,,,,,,,,,,,,,,,,,,,,,,,,,,,,,,,,,,,,,,,,,,,,,,,,,,,,,,,,,,,,,,,,,,,,,,,,,,,,,,,,,,,,,,,
U.S. - West Virginia,Canaan Valley,850 ,95,117,Independent,Indy,,,,,,,,,,1,2,,,,,,,,,3,6,,,,,,2,,2019,U.S. - East,Public w/Aerial Lifts,,,,,,,,,,,,,,,,,,,,,,,,,,,,,,,,,,,,,,,,,,,,,,,,,,,,,,,,,,,,,,,,,,,,,,,,,,,,,,,,,,,,,,,,,,,,,,,,,,,,,,,,,,,,,,,,,,,,,,,,,,,,,,,,,,,,,,,,,,,,,,,,,,,,,,,,,,,,,,,,,,,,,,,,,,,,,,,,,,,,,,,,,,,,,,,,,,,,,,,,,,,,,,,,,,,,,,,,,,,,,,,,,,,,,,,,,,,,,,,,,,,,,,,,,,,,,,,,,,,,,,,,,,
,Silver Creek (Snowshoe),703 ,,150,Alterra ,Ikon,,,,,,,,,,2,2,,,,,,,,1,1,6,,,U,U,"1-4, B, S",,,2018,U.S. - East,Public w/Aerial Lifts,,,,,,,,,,,,,,,,,,,,,,,,,,,,,,,,,,,,,,,,,,,,,,,,,,,,,,,,,,,,,,,,,,,,,,,,,,,,,,,,,,,,,,,,,,,,,,,,,,,,,,,,,,,,,,,,,,,,,,,,,,,,,,,,,,,,,,,,,,,,,,,,,,,,,,,,,,,,,,,,,,,,,,,,,,,,,,,,,,,,,,,,,,,,,,,,,,,,,,,,,,,,,,,,,,,,,,,,,,,,,,,,,,,,,,,,,,,,,,,,,,,,,,,,,,,,,,,,,,,,,,,,,,
,Snowshoe/Western Territory,"1,500 ",257,150,Alterra ,Ikon,,,,,,,,,3,1,3,,,,,,,,,,7,,,U,U,"1-4, B, S",,,2018,U.S. - East,Public w/Aerial Lifts,,,,,,,,,,,,,,,,,,,,,,,,,,,,,,,,,,,,,,,,,,,,,,,,,,,,,,,,,,,,,,,,,,,,,,,,,,,,,,,,,,,,,,,,,,,,,,,,,,,,,,,,,,,,,,,,,,,,,,,,,,,,,,,,,,,,,,,,,,,,,,,,,,,,,,,,,,,,,,,,,,,,,,,,,,,,,,,,,,,,,,,,,,,,,,,,,,,,,,,,,,,,,,,,,,,,,,,,,,,,,,,,,,,,,,,,,,,,,,,,,,,,,,,,,,,,,,,,,,,,,,,,,,
,Winterplace,603 ,90,100,Independent,Indy,,,,,,,,,,2,3,,2,,,,,,,2,9,,,,,,2,,2020,U.S. - East,Public w/Aerial Lifts,,,,,,,,,,,,,,,,,,,,,,,,,,,,,,,,,,,,,,,,,,,,,,,,,,,,,,,,,,,,,,,,,,,,,,,,,,,,,,,,,,,,,,,,,,,,,,,,,,,,,,,,,,,,,,,,,,,,,,,,,,,,,,,,,,,,,,,,,,,,,,,,,,,,,,,,,,,,,,,,,,,,,,,,,,,,,,,,,,,,,,,,,,,,,,,,,,,,,,,,,,,,,,,,,,,,,,,,,,,,,,,,,,,,,,,,,,,,,,,,,,,,,,,,,,,,,,,,,,,,,,,,,,
U.S. - Wisconsin,Bruce Mound,375 ,40,12,Independent,Indy,,,,,,,,,,,1,,,,,2,,,3,,6,,,,,,2,,2024,U.S. - Midwest,Public w/Aerial Lifts,,,,,,,,,,,,,,,,,,,,,,,,,,,,,,,,,,,,,,,,,,,,,,,,,,,,,,,,,,,,,,,,,,,,,,,,,,,,,,,,,,,,,,,,,,,,,,,,,,,,,,,,,,,,,,,,,,,,,,,,,,,,,,,,,,,,,,,,,,,,,,,,,,,,,,,,,,,,,,,,,,,,,,,,,,,,,,,,,,,,,,,,,,,,,,,,,,,,,,,,,,,,,,,,,,,,,,,,,,,,,,,,,,,,,,,,,,,,,,,,,,,,,,,,,,,,,,,,,,,,,,,,,,
,Camp 10,230 ,120,60,Independent,Indy,,,,,,,,,,,,,1,,,2,,,1,,4,,,,,,,,2026,U.S. - Midwest,Public w/Aerial Lifts,,,,,,,,,,,,,,,,,,,,,,,,,,,,,,,,,,,,,,,,,,,,,,,,,,,,,,,,,,,,,,,,,,,,,,,,,,,,,,,,,,,,,,,,,,,,,,,,,,,,,,,,,,,,,,,,,,,,,,,,,,,,,,,,,,,,,,,,,,,,,,,,,,,,,,,,,,,,,,,,,,,,,,,,,,,,,,,,,,,,,,,,,,,,,,,,,,,,,,,,,,,,,,,,,,,,,,,,,,,,,,,,,,,,,,,,,,,,,,,,,,,,,,,,,,,,,,,,,,,,,,,,,,
,Christie Mountain,350 ,100,33,Independent,Indy,,,,,,,,,,,,,1,,,1,,,3,,5,,,,,,2,,2024,U.S. - Midwest,Public w/Aerial Lifts,,,,,,,,,,,,,,,,,,,,,,,,,,,,,,,,,,,,,,,,,,,,,,,,,,,,,,,,,,,,,,,,,,,,,,,,,,,,,,,,,,,,,,,,,,,,,,,,,,,,,,,,,,,,,,,,,,,,,,,,,,,,,,,,,,,,,,,,,,,,,,,,,,,,,,,,,,,,,,,,,,,,,,,,,,,,,,,,,,,,,,,,,,,,,,,,,,,,,,,,,,,,,,,,,,,,,,,,,,,,,,,,,,,,,,,,,,,,,,,,,,,,,,,,,,,,,,,,,,,,,,,,,,
,Devil’s Head,500 ,300,70,Independent,Ikon,,,,,,,,,,6,,,,,,,,,2,,8,,,"2, B",,,,,2026,U.S. - Midwest,Public w/Aerial Lifts,,,,,,,,,,,,,,,,,,,,,,,,,,,,,,,,,,,,,,,,,,,,,,,,,,,,,,,,,,,,,,,,,,,,,,,,,,,,,,,,,,,,,,,,,,,,,,,,,,,,,,,,,,,,,,,,,,,,,,,,,,,,,,,,,,,,,,,,,,,,,,,,,,,,,,,,,,,,,,,,,,,,,,,,,,,,,,,,,,,,,,,,,,,,,,,,,,,,,,,,,,,,,,,,,,,,,,,,,,,,,,,,,,,,,,,,,,,,,,,,,,,,,,,,,,,,,,,,,,,,,,,,,,
,Granite Peak,658 ,400,60,Midwest Family Ski Resorts,Ikon,,,,,,,1,,2,,2,,,,,,,,,2,7,,,7,"5, B","1-4, B, S",,,2026,U.S. - Midwest,Public w/Aerial Lifts,,,,,,,,,,,,,,,,,,,,,,,,,,,,,,,,,,,,,,,,,,,,,,,,,,,,,,,,,,,,,,,,,,,,,,,,,,,,,,,,,,,,,,,,,,,,,,,,,,,,,,,,,,,,,,,,,,,,,,,,,,,,,,,,,,,,,,,,,,,,,,,,,,,,,,,,,,,,,,,,,,,,,,,,,,,,,,,,,,,,,,,,,,,,,,,,,,,,,,,,,,,,,,,,,,,,,,,,,,,,,,,,,,,,,,,,,,,,,,,,,,,,,,,,,,,,,,,,,,,,,,,,,,
,Mount La Crosse,516 ,100,41,Independent,Indy,,,,,,,,,,,,,3,,,,,,,1,4,,,,,,2,,2025,U.S. - Midwest,Public w/Aerial Lifts,,,,,,,,,,,,,,,,,,,,,,,,,,,,,,,,,,,,,,,,,,,,,,,,,,,,,,,,,,,,,,,,,,,,,,,,,,,,,,,,,,,,,,,,,,,,,,,,,,,,,,,,,,,,,,,,,,,,,,,,,,,,,,,,,,,,,,,,,,,,,,,,,,,,,,,,,,,,,,,,,,,,,,,,,,,,,,,,,,,,,,,,,,,,,,,,,,,,,,,,,,,,,,,,,,,,,,,,,,,,,,,,,,,,,,,,,,,,,,,,,,,,,,,,,,,,,,,,,,,,,,,,,,
,Nutt Hill,120 ,7,,Independent,Indy,,,,,,,,,,,,,,,,,,,,1,1,,,,,,2,,2026,U.S. - Midwest,Public - Surface Lifts Only,,,,,,,,,,,,,,,,,,,,,,,,,,,,,,,,,,,,,,,,,,,,,,,,,,,,,,,,,,,,,,,,,,,,,,,,,,,,,,,,,,,,,,,,,,,,,,,,,,,,,,,,,,,,,,,,,,,,,,,,,,,,,,,,,,,,,,,,,,,,,,,,,,,,,,,,,,,,,,,,,,,,,,,,,,,,,,,,,,,,,,,,,,,,,,,,,,,,,,,,,,,,,,,,,,,,,,,,,,,,,,,,,,,,,,,,,,,,,,,,,,,,,,,,,,,,,,,,,,,,,,,,,,
,Paul Bunyan,115 ,30,65,Independent,Indy,,,,,,,,,,,,,,,,1,,,4,1,6,,,,,,2,,2026,U.S. - Midwest,Public - Surface Lifts Only,,,,,,,,,,,,,,,,,,,,,,,,,,,,,,,,,,,,,,,,,,,,,,,,,,,,,,,,,,,,,,,,,,,,,,,,,,,,,,,,,,,,,,,,,,,,,,,,,,,,,,,,,,,,,,,,,,,,,,,,,,,,,,,,,,,,,,,,,,,,,,,,,,,,,,,,,,,,,,,,,,,,,,,,,,,,,,,,,,,,,,,,,,,,,,,,,,,,,,,,,,,,,,,,,,,,,,,,,,,,,,,,,,,,,,,,,,,,,,,,,,,,,,,,,,,,,,,,,,,,,,,,,,
,Sunburst,197 ,30,11,Independent,Indy,,,,,,,,,,,,,3,,,,,,4,2,9,,,,,,2,,2025,U.S. - Midwest,Public w/Aerial Lifts,,,,,,,,,,,,,,,,,,,,,,,,,,,,,,,,,,,,,,,,,,,,,,,,,,,,,,,,,,,,,,,,,,,,,,,,,,,,,,,,,,,,,,,,,,,,,,,,,,,,,,,,,,,,,,,,,,,,,,,,,,,,,,,,,,,,,,,,,,,,,,,,,,,,,,,,,,,,,,,,,,,,,,,,,,,,,,,,,,,,,,,,,,,,,,,,,,,,,,,,,,,,,,,,,,,,,,,,,,,,,,,,,,,,,,,,,,,,,,,,,,,,,,,,,,,,,,,,,,,,,,,,,,
,Trollhaugen,272 ,86,50,Independent,Indy,,,,,,,,,,4,,,,,,,,,5,,9,,,,,,2,,2019,U.S. - Midwest,Public w/Aerial Lifts,,,,,,,,,,,,,,,,,,,,,,,,,,,,,,,,,,,,,,,,,,,,,,,,,,,,,,,,,,,,,,,,,,,,,,,,,,,,,,,,,,,,,,,,,,,,,,,,,,,,,,,,,,,,,,,,,,,,,,,,,,,,,,,,,,,,,,,,,,,,,,,,,,,,,,,,,,,,,,,,,,,,,,,,,,,,,,,,,,,,,,,,,,,,,,,,,,,,,,,,,,,,,,,,,,,,,,,,,,,,,,,,,,,,,,,,,,,,,,,,,,,,,,,,,,,,,,,,,,,,,,,,,,
,Tyrol Basin,300 ,40,51,Independent,Indy,,,,,,,,,,,3,,,,,,,,2,2,7,,,,,,2,,2019,U.S. - Midwest,Public w/Aerial Lifts,,,,,,,,,,,,,,,,,,,,,,,,,,,,,,,,,,,,,,,,,,,,,,,,,,,,,,,,,,,,,,,,,,,,,,,,,,,,,,,,,,,,,,,,,,,,,,,,,,,,,,,,,,,,,,,,,,,,,,,,,,,,,,,,,,,,,,,,,,,,,,,,,,,,,,,,,,,,,,,,,,,,,,,,,,,,,,,,,,,,,,,,,,,,,,,,,,,,,,,,,,,,,,,,,,,,,,,,,,,,,,,,,,,,,,,,,,,,,,,,,,,,,,,,,,,,,,,,,,,,,,,,,,
,Whitecap Mountains,455 ,400,200,Independent,Indy,,,,,,,,,,,1,,4,,,,,,,1,6,,,,,,2,,2026,U.S. - Midwest,Public w/Aerial Lifts,,,,,,,,,,,,,,,,,,,,,,,,,,,,,,,,,,,,,,,,,,,,,,,,,,,,,,,,,,,,,,,,,,,,,,,,,,,,,,,,,,,,,,,,,,,,,,,,,,,,,,,,,,,,,,,,,,,,,,,,,,,,,,,,,,,,,,,,,,,,,,,,,,,,,,,,,,,,,,,,,,,,,,,,,,,,,,,,,,,,,,,,,,,,,,,,,,,,,,,,,,,,,,,,,,,,,,,,,,,,,,,,,,,,,,,,,,,,,,,,,,,,,,,,,,,,,,,,,,,,,,,,,,
,Wilmot,200 ,120,48,Vail Resorts,Epic,,,,,,,,,,3,1,,2,,,,,,2,2,10,U,U,,,,,,2016,U.S. - Midwest,Public w/Aerial Lifts,,,,,,,,,,,,,,,,,,,,,,,,,,,,,,,,,,,,,,,,,,,,,,,,,,,,,,,,,,,,,,,,,,,,,,,,,,,,,,,,,,,,,,,,,,,,,,,,,,,,,,,,,,,,,,,,,,,,,,,,,,,,,,,,,,,,,,,,,,,,,,,,,,,,,,,,,,,,,,,,,,,,,,,,,,,,,,,,,,,,,,,,,,,,,,,,,,,,,,,,,,,,,,,,,,,,,,,,,,,,,,,,,,,,,,,,,,,,,,,,,,,,,,,,,,,,,,,,,,,,,,,,,,
U.S. - Wyoming,Antelope Butte,"1,000 ",225,200,Independent,Indy,,,,,,,,,,,,,2,,,,,,,1,3,,,,,,2,,2020,U.S. - West,Public w/Aerial Lifts,,,,,,,,,,,,,,,,,,,,,,,,,,,,,,,,,,,,,,,,,,,,,,,,,,,,,,,,,,,,,,,,,,,,,,,,,,,,,,,,,,,,,,,,,,,,,,,,,,,,,,,,,,,,,,,,,,,,,,,,,,,,,,,,,,,,,,,,,,,,,,,,,,,,,,,,,,,,,,,,,,,,,,,,,,,,,,,,,,,,,,,,,,,,,,,,,,,,,,,,,,,,,,,,,,,,,,,,,,,,,,,,,,,,,,,,,,,,,,,,,,,,,,,,,,,,,,,,,,,,,,,,,,
,Grand Targhee,"2,212 ","2,602",465,Independent,MC,,,,,,,1,,2,2,,,,,,,,,,1,6,,,,,,,2,2020,U.S. - West,Public w/Aerial Lifts,,,,,,,,,,,,,,,,,,,,,,,,,,,,,,,,,,,,,,,,,,,,,,,,,,,,,,,,,,,,,,,,,,,,,,,,,,,,,,,,,,,,,,,,,,,,,,,,,,,,,,,,,,,,,,,,,,,,,,,,,,,,,,,,,,,,,,,,,,,,,,,,,,,,,,,,,,,,,,,,,,,,,,,,,,,,,,,,,,,,,,,,,,,,,,,,,,,,,,,,,,,,,,,,,,,,,,,,,,,,,,,,,,,,,,,,,,,,,,,,,,,,,,,,,,,,,,,,,,,,,,,,,,
,Jackson Hole,"4,139 ","2,500",369,Independent,"Ikon, MC",1,,2,,,,,,6,3,,,1,,,,,,1,2,16,,,"7, R",,,,2,"2012, 2018",U.S. - West,Public w/Aerial Lifts,,,,,,,,,,,,,,,,,,,,,,,,,,,,,,,,,,,,,,,,,,,,,,,,,,,,,,,,,,,,,,,,,,,,,,,,,,,,,,,,,,,,,,,,,,,,,,,,,,,,,,,,,,,,,,,,,,,,,,,,,,,,,,,,,,,,,,,,,,,,,,,,,,,,,,,,,,,,,,,,,,,,,,,,,,,,,,,,,,,,,,,,,,,,,,,,,,,,,,,,,,,,,,,,,,,,,,,,,,,,,,,,,,,,,,,,,,,,,,,,,,,,,,,,,,,,,,,,,,,,,,,,,,
,Meadowlark,735 ,300,160,Independent,Indy,,,,,,,,,,,1,,1,,,,,,,,2,,,,,,2B,,2022,U.S. - West,Public w/Aerial Lifts,,,,,,,,,,,,,,,,,,,,,,,,,,,,,,,,,,,,,,,,,,,,,,,,,,,,,,,,,,,,,,,,,,,,,,,,,,,,,,,,,,,,,,,,,,,,,,,,,,,,,,,,,,,,,,,,,,,,,,,,,,,,,,,,,,,,,,,,,,,,,,,,,,,,,,,,,,,,,,,,,,,,,,,,,,,,,,,,,,,,,,,,,,,,,,,,,,,,,,,,,,,,,,,,,,,,,,,,,,,,,,,,,,,,,,,,,,,,,,,,,,,,,,,,,,,,,,,,,,,,,,,,,,
,Snow King,"1,571 ",500,225,Independent,"Snow Pass, Indy",,,1,,,,,,,1,2,,,,,,,,2,3,9,,,,,,2B,,"2020, 2026",U.S. - West,Public w/Aerial Lifts,,,,,,,,,,,,,,,,,,,,,,,,,,,,,,,,,,,,,,,,,,,,,,,,,,,,,,,,,,,,,,,,,,,,,,,,,,,,,,,,,,,,,,,,,,,,,,,,,,,,,,,,,,,,,,,,,,,,,,,,,,,,,,,,,,,,,,,,,,,,,,,,,,,,,,,,,,,,,,,,,,,,,,,,,,,,,,,,,,,,,,,,,,,,,,,,,,,,,,,,,,,,,,,,,,,,,,,,,,,,,,,,,,,,,,,,,,,,,,,,,,,,,,,,,,,,,,,,,,,,,,,,,,
,Snowy Range,865 ,250,245,Independent,Ikon,,,,,,,,,,,1,,3,,,,,,,1,5,,,2B,,,,,2026,U.S. - West,Public w/Aerial Lifts,,,,,,,,,,,,,,,,,,,,,,,,,,,,,,,,,,,,,,,,,,,,,,,,,,,,,,,,,,,,,,,,,,,,,,,,,,,,,,,,,,,,,,,,,,,,,,,,,,,,,,,,,,,,,,,,,,,,,,,,,,,,,,,,,,,,,,,,,,,,,,,,,,,,,,,,,,,,,,,,,,,,,,,,,,,,,,,,,,,,,,,,,,,,,,,,,,,,,,,,,,,,,,,,,,,,,,,,,,,,,,,,,,,,,,,,,,,,,,,,,,,,,,,,,,,,,,,,,,,,,,,,,,
,White Pine,"1,100 ",363,180,Independent,Indy,,,,,,,,,,,2,,,,,,,,,,2,,,,,,2,,2020,U.S. - West,Public w/Aerial Lifts,,,,,,,,,,,,,,,,,,,,,,,,,,,,,,,,,,,,,,,,,,,,,,,,,,,,,,,,,,,,,,,,,,,,,,,,,,,,,,,,,,,,,,,,,,,,,,,,,,,,,,,,,,,,,,,,,,,,,,,,,,,,,,,,,,,,,,,,,,,,,,,,,,,,,,,,,,,,,,,,,,,,,,,,,,,,,,,,,,,,,,,,,,,,,,,,,,,,,,,,,,,,,,,,,,,,,,,,,,,,,,,,,,,,,,,,,,,,,,,,,,,,,,,,,,,,,,,,,,,,,,,,,,